id,text,label,prediction
9,"В связи с этим в подпрограмму включены следующие мероприятия, в том числе определенные Федеральной целевой программой развития образования:",0,1
78,Мигрантов будут обучать русскому языку прямо на стройках.,0,1
149,"Присутствовали (из авторов): Лихайчев, Петруччи и Мазуркевич, а еще — художник Риццио Лагори.",1,0
154,Ограничения в развитии связаны с недостаточным финансированием библиотек.,0,1
167,В настоящее время злоумышленника разыскивает полиция.,0,1
168,"Он быстро собрал преподавательский состав школы и передал им новость о том, что он едет в Америку.",0,1
218,Сразу несколько человек заявили на нее в милицию.,0,1
297,противовоспалительное действие играет важную роль в механизме действия простаглананов.,1,0
311,После суда Майкл Джексон уединился от журналистов в Бахрейне и приступил к подготовке записи благотворительного сингла памяти жертв урагана «Катрина».,0,1
329,В 1881 году почти не осталось следа уже от завода.,1,0
336,В то время я знал Python.,0,1
427,"Муссолини - юрист: как можно защищать права меньших, как могут защищать права подобным образом.",1,0
473,Большинство мест перестали использовать свинец для питьевой воды после Второй мировой войны из-за опасности отравления свинцом.,0,1
522,В Москве завершилась встреча Путина с Керри.,0,1
585,"У меня нет времени, чтобы смотреть телевизор.",0,1
638,этапе реализации программы важным моментом является широкая демонстрация Программы на этапе реализации и широкое размещение по мере завершения программных проектов.,1,0
666,Будь возле меня друг - пусть будет всегда начеку.,1,0
686,"Комета, вращающаяся вокруг пульсара?«»",1,0
706,Правдивая ложь новости колл-центр это что один из лучших за последнее время выпусков.,1,0
769,"Конституционный суд Германии отклонил иск с требованием пересмотреть соглашение о свободной торговле между Евросоюзом и Канадой, которое истцы называли недемократическим. Заявители иска выступали против планов ввести некоторые параметры договора в действие еще до одобрения национальных парламентов всех стран-членов Евросоюза.",1,0
862,В противном случае мы получим под свой контроль полностью разорённое государство.,0,1
872,"Если сознание **отражает** мир, то мы знаем его **отражение**, и вопрос о том, как соотносится отражаемое к отраженному остается открытым. Даже аналогия с зеркалом показывает, что отраженное обладает некоторыми отличными от отражаемого свойствами («левизна» и «правизна»).",0,1
918,"мне скоро надоело жить, а я Ирка Юркина удочкой ловила язей.",1,0
1095,Я пользуюсь им каждый день.,0,1
1201,"Что представляет собой качественное и количественного улучшение организаций, занятых в сопутствующей туризму сфере обслуживания (общественное питание, гостиницы, торговля и прочее)",1,0
1208,"Министр внутренних дел Украины Арсен Аваков заявил, что посол Японии передал полиции Украины зимние комплекты формы для участковых. По его словам, в 2017 году Украина закупит в Японии автомобили марок Toyota Prius и Mitsubishi Outlander для нужды полиции.",1,0
1220,"Специалисты Департамента экономического развития собираются принять участие в тендере, объявленном Минэкономразвития по новой программе ""Электронная Россия"".",0,1
1238,Когда массовое прибытие раненых прекратилось (до 11-12.12.) и хирургическая активность снизилась (до 15-17.12.Терапевты все еще работают.,1,0
1292,"Запись с переломом руки к травматологу через 2,5 недели.",1,0
1296,"котельной АО «Курганхиммаш» – 47,6 Гкал/ч;",1,0
1362,"SPb., 2002; и mn. d. (2002, ред.",1,0
1390,"Исследования показали, что регулярное употребление вареного кофе повышает уровень холестерина на 8% у мужчин и на 10% у женщин.",1,0
1416,", но милиция задержала 20 человека, пришедшего поддержать Михаила Саакашвили и Плато Грызунова, которым сегодня, 27 марта, начали читать приговор.",1,0
1454,В 2018 году компания заключила соглашение с Apple и создала мобильное приложение для доставки еды и товаров со складов.,0,1
1491,Оставайтесь на своих местах и не вставайте.,0,1
1552,"В 1845 году на Науру проживали только два европейцев, включая Уильяма Харриса, которые прибыли на остров в 1842 году.",1,0
1721,В Крыму ответили на слова Эрдогана о непризнании полуострова частью России.,0,1
1755,Что такое правово регулирование в сфере реализации,1,0
1776,"Заставьте публику поверить, что это действительно случилось: в этом все и ничего другого не нужно.",0,1
1778,"Древнеегипетский писец — это человек, специально обученный искусству письма на языке иероглифов, а также иератическому и, начиная со второй половины первого тысячелетия, демотическому письму, а также арифметике. Писцами почти всегда были мужчины, принадлежащие той части общества, которую сейчас мы бы назвали зажиточным средним классом. Основой их деятельности была бюрократия при дворе фараонов, ведение дел в армии и храмах. Работа писцов передавалась по наследству, сыновья изначально воспитывались с расчетом на то, что после нескольких лет обучения в школах займут место отца.",0,1
1796,"Максимилиано и польский король сделали его рыцарем и благородным в 1515 году, присвоив ему звание ""первый орган императора.""",1,0
1836,"Руководитель программы несет ответственность за реализацию и конечные результаты деятельности программы, за рациональное использование выделенных регионом средств.",1,0
1842,"Рост доходов домашних хозяйств также способствует увеличению налогов, что способствует проведению многочисленных реформ, которые проводятся в течение отчетного периода.",1,0
1855,Бодрые Патроклы снова умирают.,1,0
1918,"Японские власти прорабатывают визит главы МИД страны Фумио Кисиды в Москву, ожидаемый в начале декабря. Отмечается, что эта поездка станет частью подготовки к намеченному на середину декабря визиту президента России Владимира Путина в Японию и его встрече с японским премьер-министром Синдзо Абэ.",1,0
1955,Зарин и VX-газы использовались в нескольких убийствах (и попытках убийства) в 1994—1995 годах.,1,0
2016,Обезьяны могут выучить много фокусов.,0,1
2034,"Петр однажды в Саардаме оттолкнул мальчика, который бросил в него гнилым яблоком, что Петр перенес терпеливо.",0,1
2067,Перемещения членов группы во время гастролей в городах проходили под усиленной охраной или в бронированном автомобиле.,0,1
2071,"Члены AZMU помогли создать шесть больниц в Палестине, которые были переданы затем муниципальным властям.",0,1
2074,Однажды твоя мечта станет реальностью.,0,1
2096,"И произносят не звезды, а друзья.",1,0
2160,"Но не только его старая мечта не исчезла, но, напротив, он в день успокоился.",1,0
2177,"В основе лежит идея о том, что наш мозг может обрабатывать зрительную информацию в 80 000 раз быстрее, чем текстовую.",0,1
2191,Скажи о чуть-чуть новогоднего настроения Haru Nonaka,1,0
2209,"мужчина подшутихается над своими собаками и делает вид, будто разговаривает по телефонному аппарату об их",1,0
2260,Часы Джеймса Монро являются одним из подлинных экспонатов Белого дома.,0,1
2303,"В России общественный цинизм может рассматриваться как реакция на идеологические утопии и иллюзии, связанные с изменениям властных отношений, с идеей правовой, поддерживающейся без насилия и злоупотребления организацией коллективного существования. Для российского цинизма, как реакции на расхождение между надеждами на государство и неудовлетворённостью результатами его деятельности характерны: нигилистические оценки действий властей и государственных институтов, влиятельных в обществе групп; упреждающая враждебность к любым авторитетным фигурам; неверие в благие мотивы людей в целом, негативное отношение к массовому энтузиазму в общественной и политической сфере. При этом цинизм свойственен самым разным группам общества, включая сюда и властные группы.",0,1
2338,Увеличение объема стимулов в течение слишком длительного времени создает инфляционные риски.,1,0
2350,"Как все видели, это был действительно большой вызов.",1,0
2372,"Название «Fiesta» принадлежало General Motors в то время, но было безвозмездно отдано для Ford.",0,1
2399,"Прежде всего прошу прощения за некоторое фамильярное обращение, вероятно, у Вас в Варшаве так начинать писать не принято.",1,0
2412,"Его первая жена, от которой у него есть двое детей, трагически погибла в Лондоне в 70-х.",0,1
2533,"Существуют версии, объясняющие происхождение лавины, спровоцированной техногенным фактором (например, взрывом).",1,0
2545,"Тихонов начал с введения двухразовых тренировок и дополнительных упражнений, а в игровом плане начал осваивать с командой переход на игры в четыре звена.",0,1
2571,"Его истинная судьба будет показана после того, как он получает три метки на подошвах ног.",0,1
2598,В фартуке мастерового появляется на сцене Кулигин.,0,1
2639,"Тем не менее, написанный плоским способом, создает иллюзию пространства, длины и робости в жизни.",1,0
2684,"На митинге в Киеве националисты поднимали украинские флаг и требовали ""не забыть"" голодомор.",1,0
2695,"Подобное чувство эмоциональной зависимости может существовать и между взрослыми людьми (муж и жена, начальник и подчинённый).",0,1
2703,"Газета «Театр и жизнь» отметила, что действо, происходившее на сцене, более всего напоминало «характер ученических упражнений».",1,0
2736,"Рева: ""Меня не так поняли, все украинцы не обязаны платить алименты родителям"".",0,1
2749,Правила лотереи опубликованы на сайте правительства Москвы.,0,1
2763,"Не говорит ли в нем зависть Томилова, которого-то Коко Томилова не его",1,0
2804,"Заседание это отличалось от всех предыдущих тем, что Сталин не стал сам вести его, а с самого начала передал председательство Маленкову, который, надо сказать, чувствовал себя не в своей тарелке.",0,1
2828,"Он начинает жестоко избивать Джокера, но Тёмный рыцарь останавливает его и побеждает в поединке.",0,1
2864,"На стадионе ""Уэмбли"" прошел товарищеский матч между футболистами Англии и Франции. На матче присутствовали премьер-министр Дэвид Кэмерон и мэр Лондона Борис Джонсон.",0,1
2889,Игрок трижды выигрывал чемпионат подряд.,1,0
2924,"Они враги Эно, и они постоянно преследуют его.",1,0
3002,Сделал несколько поездок с научной целью в Санкт-Петербург и по разным провинциям Швеции.,0,1
3021,"Музей «На фронте», где вопросы сосуществования исследованы художественными методами, расположен на дороге, разделяющей Восточный и Западный Иерусалим.",1,0
3053,"Гражданская война в Испании. Националистическое правительство приняло план Каталонийского республиканского правительства в войне против диктатуры Франко, в конечном итоге победив Франко.",1,0
3085,Солдаты готовы к бою.,0,1
3116,"Он задрал мешки, полез под остроугольный оксфордский воротничок.",0,1
3126,"Центр был основан 22 августа 1958 года как Институт медицинской радиологии Академии медицинских наук СССР с целью развития новых диагностических, лечебных и исследовательских методов, связанных с применением ионизирующих излучений. С 1992 года центр назывался Медицинский радиологический научный центр Российской академии медицинских наук (МРНЦ РАМН). С 2011 года носит название ФБГУ МРНЦ Минздравсоцразвития РФ, с 2012 года — ФБГУ МРНЦ Минздрава России. С 13 октября 2014 центр  называется Медицинский радиологическому научный центр им. А.Ф. Цыба. МРНЦ  — один из старейших в России  радиологических центров. Центр является одним из ведущих учреждений в Российской Федерации  по разработке и применению в медицине высокотехнологичных  радиологических методов диагностики и лечения больных с онкологическими и неонкологическими заболеваниями.",0,1
3158,"Перед ним к<нязь> Разумиев, некогда пышно разодетый, важный и",1,0
3177,"его по этому слову узнаёт и тревор Филипc, который, занимающийся сексом с наркотиками, смотрел сюжет об ограблениях.",1,0
3205,"Он и Райзо работают вместе, чтобы починить температурный контроль в модуле 77.",1,0
3214,Собянин: Приоритет общественного транспорта стал революционным решением для Москвы.,0,1
3215,Мы по тебе очень скучаем.,0,1
3232,Об этом пишет Delfi.Lt со ссылкой на правительство республики.,0,1
3294,"В предстоящую субботу в Энгельсском районе, у озера Сазанка, пройдет интерактивный субботник – ЭКОквест.",0,1
3321,"Он может отличаться в математике, физике, живописи или музыке.",0,1
3333,"В условиях ограниченности финансовых средств существуют риски снижения качества предоставляемых услуг, неритмичной работы предприятия и получения убытков.",0,1
3425,"Эти люди – не проблема для общества, для родителей, – отметила медиаменеджер учреждения Анна Захарова.",0,1
3444,"Даже если было это ""большое"", он рассчитывал, что в восполнение допущенных им фактических пробелов ты придите ему на помощь.",1,0
3498,"Не откладывайте наше дело так долго, чтобы оно не провело нас слишком далеко, чтобы мы могли его отложить.",1,0
3505,"Понимаю, что пришло лето, когда с пьянки приходишь домой и можно разуться не включая свет",0,1
3517,"Ученый считает имя ""Федор"" производным от названия немецкого рыцарского ордена и связывает его с именем Федора Бондарчука.",1,0
3531,"Чтобы защитить жизнь во вселенной, Коллекционер создал массивный музей бесчисленных форм жизни, чтобы бережно хранить их от Таноса.",0,1
3550,"Он заявил, что удаление должно быть радикальным и должны быть удалены все пораженные ткани. Это включало ампутацию или удаление вен, идущих в направлении опухоли.",0,1
3560,"""Который час?"" - ""Половина одиннадцатого"".",0,1
3621,"Доклад южнокорейского минобороны был представлен в парламенте в понедельник, 18 сентября.",1,0
3624,Во французском Марселе началась сильная и всеобщая забастовка.,1,0
3634,Он дал ему прочитать здесь Газету. Он послал Симеону Мии наказать его и кёотских христиан.,1,0
3645,Снегоуборочную технику на улицах города пока тоже не используют.,0,1
3666,"Не в воспоминаниях и не в исторических исследованиях, а в показаниях перед верховной следственной комиссией, образованной Временным Правительством для расследования действий министров и агентов царской власти, Гучков показал, что русское общество недостаточно сознавало необходимость переворота и не взяло его в свои руки, предоставив слепым силам, не движимым определенным планом выполнить эту болезненную операцию.",1,0
3671,"Стояли у нас буденовцы 5 дней и уехали обратно на Екатеринослав, и я дал 3 тысячи на разверстку.",0,1
3757,"За сексуальные действия в отношении девушек Любе, Тоне и Шона Чикатила был уволен.",1,0
3792,"Они подчёркивают, что население Северного Китая, преимущественно затронутого эпидемиями, уже к началу XIV века заметно сократилось по сравнению с населением Южного Китая, а относительно высокую смертность во второй-третьей четверти XIV века связывают скорее с голодом, нежели с эпидемиями.",0,1
3818,"Mortal Kombat был клиент-сервер, используемый для повышения защищённости системы, который использует собственный открытый текстовый формат хранения секретов.",1,0
3839,"Как пояснил глава региона, битва еще не проиграна необходимо соблюсти ряд требований.",0,1
3876,"Получено сегодня письмо обер-прокурора Константина Петровича Победоносцева, что Академия наук желает иметь наши издания здесь — переводы книг на японском языке и периодические.",0,1
3930,Три дня назад Обри исчез без вести без вести.,1,0
3940,Этот альбом принес этому дуо Пуэрто-Рико международную славу.,1,0
3953,в 1310 году праздник перенесенных мощей святого Николая отмечала вся Италия.,1,0
3977,"Вечером вражда была между группами, а старшая девочка каталась. Остальные завистливо наблюдали и ссорились.",1,0
4017,"Спидбол предпринимает ряд попыток поймать кота, надеясь, что исследование Нильса даст ему лучший контроль над его способностями.",0,1
4041,В СБ и мембранах.,1,0
4075,"В Багрове заранее были сделаны распоряжения, чтобы в день приезда молодых угостить дворню, всех своих и даже соседних крестьян, если кто захочет прийти или приехать.",0,1
4105,"Банк представляет в орган местного самоуправления информацию о фактах заключения договоров банковского счета с владельцами свидетельств, об отказе в заключение договоров и расторжении без зачисления средств, предоставляемых в качестве социальной выплаты, и о перечислении средств с счета в счет оплаты приобретаемого жилого помещения (создаваемого объект индивидуального жилищного строительства).",1,0
4118,Путин: Нарушающие закон губернаторы должны быть наказаны.,0,1
4143,"Kenzo Takada родился в Японии и переехал в Париж в 1964 году, чтобы начать свою карьеру в индустрии моды.",1,0
4144,После убийства 5-летней девочки в Серпухове на местного участкового заведено дело.,0,1
4211,Нэнси не возражала против самостоятельной жизни за границей.,0,1
4258,школьники взяли 4 золотых медали в Международной олимпиаде по химии.,1,0
4265,Все черные солдаты были повышены по меньшей мере на один ранг .,0,1
4273,"Помните, что я говорил вам, где я, со всеми сестрами в ушах...",1,0
4288,Его голова была выставлена на Лондонском мосту.,0,1
4300,"Танос появляется на планете, встречает Стрэнджа и оправдывает свои намерения необходимостью гарантировать выживание Вселенной, которой угрожает перенаселение.",0,1
4314,Прошлая зима оказалась богата событиями.,1,0
4315,"Поначалу схватка шла со значительными потерями у Сауронов, которым не удалось взломить оборону Минасов и ворвалось на их верхние уровни.",1,0
4320,Чан — большой поклонник автоспорта.,0,1
4346,"Капитан сборной России по футболу Андрей Аршавин в интервью газете ""Спорт-Экспресс"" назвал слабое место национальной команды. По словам Аршавина, россиянам со времен ухода из сборной Вадима Евсеева требуется левый защитник. Форвард подчеркнул, что из тех, кого он видел на этой позиции, его ""никто не впечатлил"". По словам Аршавина, ""все говорят"", что позицию левого защитника в сборной России мог бы закрыть Георгий Щенников из московского ЦСКА. Капитан национальной команды также предположил, что сыграть на месте левого защитника мог бы Сергей Паршивлюк из московского ""Спартака"", который в своем клубе действует на правом фланге обороны. На позиции левого защитника в сборной России, как правило, действует Юрий Жирков, однако, по словам Аршавина, ""его место - впереди"". В отборочном турнире Евро-2012 на левом фланге обороны россиян также выступал Алексей Березуцкий. Его игру Аршавин не прокомментировал. Выступление сборной России в отборочном турнире Евро-2012 Аршавин оценил на ""четверку"". По словам форварда, россияне ""не 'феерили'"". ""Понимаем, что 'феерить' не можем и выжимаем максимум из того, что есть в арсенале"", - сказал Аршавин. Нападающий добавил, что он не знает, почему у сборной России не получается показывать яркую игру.",0,1
4353,Я думаю было бы просто ясно.,1,0
4435,(Реконструкция) Правительство России выдвинула экс-президента Франции Франсуа Фузана в совет управления «Зарегоннефтью» с мая 2006 по май 2007 года при президне Николе Саркозе.</,1,0
4501,"Вернись домой рано, Билл.",1,0
4523,METAFONT чаще всего запускается без непосредственного участия пользователя.,0,1
4533,Но в нем Ильмир Хайрутдинов из Татарстана и Курганова Кристина из Москвы оказались сильнее - 2112 и 2115.,0,1
4538,"Садовая, 54, кв 1 (подьезд), 11, 1 и 6, от 6, 5 до 8 часов вечера неизвестный.",1,0
4545,"Воццек решает, что если у него нет Мари, никто другой не может, и он наносит ей удар.",0,1
4549,Информация о цифровой платформе «Лайтхаус» доступна по адресу cfa.digital/factoring.,0,1
4594,"Для shirt, я заслужил десять долларов.",1,0
4655,Владимир Путин принес присягу и в четвертый раз вступил в должность президента.,0,1
4760,Крикет был придуман в Англии и очень популярен на территории всей страны и бывших колоний.,0,1
4782,Это не для пассивного прослушивания.,0,1
4787,Премьера клипа к нему длительное время была самая просматриваемая и самая обсуждаемая,1,0
4807,Белорусская полиция задержала главу антикоррупционного бюро Белоруссии Аlandro Bellato,1,0
4949,Сэм Страйк исполнил роль Рэндалла Флэгга на главной роль.,1,0
5086,"Снайпер полиции Колумбии, скрывшись на крыше соседнего дома, убил Эскобара в ногу и он упал.",1,0
5093,Из Ленинграда вывезли почти все крупные предприятия.,0,1
5118,"Какой вид агломерации характерен для многолучевой, складывающейся вокруг крупных транспортных узлов, что присуще Екатеринбургу и имеющему семь железнодорожных направлений",1,0
5126,"Глава МВД Сербии Небойша Стефанович прокомментировал сообщения о том, что несколько россиян были депортированы из страны из-за причастности к подготовке терактов в Черногории.",0,1
5175,Он занимается спортом дважды в неделю.,1,0
5176,Юрский сказал: «Золотое сечение — в спектаклях Г. А. »,0,1
5181,В этом году очень рано осень перешла в настоящую зиму два-три дня назад.,1,0
5206,Сборная России по волейболу стартовала на Лиге наций с поражения от Франции.,0,1
5215,Об этом сообщает РИА «Новости» в пресс-службе ВМФ России.,1,0
5239,Обед без малейшего позыва к оному.,0,1
5264,"образовательные учреждения реализуют программные мероприятий на основе государственных контрактов (гражданско-правовых договоров), заключенных в соответствии с Федеральным законом от 05.04.2013 г.",1,0
5360,"А что, если этот план не сработает?",0,1
5365,"Развитие технологий дает художникам современные инструменты, позволяющие расширять горизонты и представлять произведения, создание которых ранее было невозможно, – компьютерная графика, звуковой и музыкальный компьютинг, макро- и микросъемки в фотоискусстве, применение новых материалов в прикладном искусстве.",1,0
5385,Мне нужно написать письмо. У тебя есть бумага?,1,0
5400,"Такие мероприятия, как оплата за содержание и ремонт жилищного фонда и коммунальные услуги (кроме платы за электроэнергию и газ), включая твердое топливо, в пределах установленного регионального стандарта нормативной площади жилого помещения и нормативов потребления коммунальных услуг лицам, удостоенным звания «Почетный гражданин муниципального образования город Саяногорск», а также предоставление дополнительных мер социальной поддержки при посещении МУП «Баня - Енисей» в размере 50% от установленного тарифа за одно посещение на персональный счет посетителям способствуют достижению поставленных целей по улучшению условий жизни граждан.",0,1
5418,"Он сформировал салон для поэтов, где они могли бы критиковать работы друг друга.",0,1
5422,Нет лекарства от болезни любви.,0,1
5431,Стропальщик должен знать устройство башенного крана.,0,1
5461,Англия оставила за собой и часть американских лесов.,0,1
5469,Песня появилась в FIFA 17.,0,1
5583,"Отставной инвалид у дверей кабака продавал на грош и копейку картузики нюхательного зеленчуку, приговаривая каждый раз с малороссийским оттенком: «Купыть, господа!",1,0
5631,"Я снова копал яму для машины и снова услышал визг бомб, снарядов и их взрывы.",0,1
5700,"в стратегии учитывается задачи, которые поставил Президент Российской Федерации с ежегодным посланием Федеральному собранию Российской федерации.",1,0
5710,"Троллейбусы и трамваи окрашены некоторыми дегенерациями, как школьный двор в неблагоприятном микрорайоне.",1,0
5716,"для паники характерно стремление больного избегать всего болезненного, что вызывает паническую реакцию.",1,0
5744,"Во время Корниловского выступления Керенский был вынужден прекратить преследование большевиков и обратиться за помощью к Советам. Корнилов воздержался от использования в конфликте наиболее верных себе, ударных частей.",0,1
5755,"Он был создан в основном для рекламы видео и, следовательно, пропагандировал интернет-связи.",1,0
5764,Это имело ряд потенциальных преимуществ с точки зрения затрат и эффективности.,0,1
5805,"Однако ни одному из этих пользователей не удалось уловить тот факт, что он в конечном итоге загрузил официальный сайт Mountain.",1,0
5809,Он всегда работает в соответствии с принципом действия-реакции.,0,1
5812,"Завод Dell Computer, расположенный в Ирландии, уже серьезно пострадал от нового вируса: завод остановился на 48 часов.",1,0
5849,"Кельн. Мыс Нордкап
Валентин Михайлович Пикуль  
        &laquo;Мы с тобой&rave;&nbsp;,1978 г., реж: Вуди Аллен, США-Великобритания - 2+1 (4/10)   Режиссер : Валентин Папанов Сценарий и постановка фильма были написаны специально для этого спектакля в соавторстве режиссером Валерием Золотухиным, который также является автором многих известных фильмов про войну ""Семнадцать мгновений весны""(1987г.)и других..Режиссеры картины Валерий Чкалов (""Девчата"") Юрий Никулин Сергей Бондарчук Владимир Этуш Олег Табаков Михаил Жаров Евгений Евстифеев Александр Ширвиндт Игорь Костолевский Борис Барнетт Андрей Эшпай Виктор Сухоруков Николай Караченцов Людмила Зыкина Татьяна Самойлова Ирина Муравьева Светлана Светличная Наталья Гундарева Любовь Орловых Елена Яковлева Валентина Толкачева Алла Демидова Ольга Аросева Юлия Галанскова Анна Самохваленко Нина Русланова Вера Сторожевая Екатерина Лемешева Алексей Баталерман Анатолий Кузнецов Дмитрий Марьянов Иван Охлопкова Марина Неелло Мария Шукшина Лариса Удовина Геннадий Хазанович Константин Юткевич Галина Польских Евгения Симонова Лев Прыгунович Леонид Броневой Павел Луспеканов Владислав Третьяк Василий Лановой Георгий Данелия Эдуард Успенский Григорий Поженяна Вячеслав Тихонов Аркадий Райкин Станислав Ростоцкий Всеволод Мейхер Иосиф Хейфиц Федор Лавров Петр Мамонтов Зоя Рымбаускайте Инна Чурикян Тамара Сёмина Наталия Токаревых Маргарита Терехова Надежда Бабанова Ксения Раппопорт Майя Плисецкая Валерия Леонтьева Виктория Исакова Лидия Федосеева Александра Пахмутовая Анастасия Заворотнюкович Елизавета Арнтгольц Алиса Фрейндлих Жанна Бичевская Лили Колган Кира Муратхан Султангаджиев Руслан Цагарелишвили Эльчин Сафаргалиев Надир Эфендиеву Тимур Бекмамбетов Максим Шевченко Оксана Робски Денис Драгунского Роман Полянский Илья Фесюк Кирилл Плетнев Вадим Абдрашаимов Антон Первушин Егор Бероун Никита Панфилов Марк Захаров Филипп Янковский Виталий Соломко Дарья Донцова Вероника Долина Полина Кутеповы Софья Прокофьев Глеб Дрозд Артем Михалок Семен Альбенис Степан Щеглов Тимофей Трифонович Илюхин Саша Соловьев Даниил Страхов Матвей Столяров Олеся Железняк Артур Смольянинову Диана Вишневецкий Ярослав Жалобщиков Арсений Соколовские Яна Поплавковская Дина Рубен Диамантов Данил Файзов Артём Боровик Яхонтовский Ростислав Щербак Тарас Булычовский Владлена Величко Маша Захарченко Наташа Иванова Катя Кадочниковая Юля Кошкина Оля Коренева Настя Кочетковы Женя Баранник Алёшка Мелешко Таня ЛазаревскогоАлексей Кондаурбекович Алина ЕсиповскаЯрослав ГоловняАлександра ВолчекЕкатерины ПарфенчикОлесь ГончаренкоЕвдокия ВасильеваЮлия ГусеффАнатолий БелыйАндрей МироновМихаил БоярсковСергей Безру",1,0
5852,Дополнительное образование для детей в Парфеевском муниципальном округе.,1,0
5866,"Это были пузырьки воздуха, поднимавшиеся со дна и примерзшие ко льду.",0,1
5868,"Взяв с собой регулярные войска, Брекинридж оставил полковника Роберта Престона руководить 500 ополченцами для защиты соляных заводов.",0,1
5880,"Продолжительность погружения под воду у горбатых китов зависит от времени года. Летом они редко ныряют более, чем на 5 минут, и погружения, продолжительностью больше 10 минут, редки. Зимой погружения продолжаются 10—15 мин. (максимум 30 мин.). В зимний сезон киты, по-видимому, погружаются под воду, чтобы отдохнуть, — летом они отдыхают на поверхности воды. На поверхности горбатый кит пускает фонтаны высотой от 2 до 5 м с интервалом 4—15 с. Манера поднимать хвостовой плавник при глубоком погружении делает этого кита одним из наиболее легко идентифицируемых видов китообразных, поскольку каждая особь отличается индивидуальным рисунком пятен на нижней части хвостовых лопастей.",0,1
5891,"Награда была выиграна собратом канадской иконы Ронни Хокинс, который, в свою очередь передал награду Гонтье.",0,1
5916,стимулирование производителей и потребителей жилищно - коммунальных услуг к внедрению инновационных технологий ресурсопотребления и ресурсосбережения;,0,1
5950,А. М. письмо,1,0
5998,Когда геополитическое значение буддизма ограничилось ЦентральнойАзией?Когда территориальное распространение тибетского буддизмоПриняло Индию??,1,0
6008,"Невилл был инициатором приглашения в хогвартс штатного колдопсихолога (с обязательным непреложным обетом хранения тайны услышанного), чтобы каждый студент мог свободно поговорить о своих травмах и переживаниях.",1,0
6016,"Смехотворна мотивировка подозрений вокруг того, что друг Есенина, молодой поэт Вольф Эрлих ночевал в его номере в гостинице ""Англетер"".",0,1
6070,"В Новой Зеландии преобладает суровый альпийский климат. Цепь высоких Южных Альп разделяет страну пополам и, преграждая путь преимущественным западным ветрам, делит её на две различные климатические зоны.",1,0
6074,Исследователи предположили что степные кочевники пришедшие на смену чингизаням были тюркоязычны аланы или караимы.,1,0
6179,томаяты в фильме «москва слезам не верит» просто представьте,0,1
6228,"Москва, смотрите какая сладкая парочка!! Не должны они снова на улицу отправляться! ХЕЛП!!!",0,1
6265,"«Глава государства в США – это не то, что глава государства в России»",0,1
6313,Подпрограмма предусматривает реализацию следующих мероприятий:,0,1
6317,"Призовые места завоеваны в следующих конкурсных мероприятиях: международный вокальный конкурс «Мы вместе», всероссийский конкурс «Узнавай-ка!», телевизионный международный фестивале-конкурсе «Таланты России», телевизионном международном фестивале «Клен-медиа» и многих других.",1,0
6342,По традиции все стали пияны.,1,0
6441,В городе запрещено передвижение гражданских лиц и автотранспортных средств между 22 ч. 00 м. и 6 ч. 00 м.,1,0
6444,"Офисы Британского совета в Санкт-Петербурге и Екатеринбурге снова открылись после новогодних каникул, сообщает РИА Новости со ссылкой на директора совета Джеймса Кеннеди. ""Мы работаем в нормальном режиме, наш статус не изменился"", - отметил директор Британского совета в Петербурге и на северо-западе России Стивен Киннок. Кеннеди уточнил, что библиотека и информационный центр екатеринбургского отделения ""работают под эгидой партнеров"", а сам Британский совет в Екатеринбурге ""занимается проектами"". Киннок сообщил, что работа питерского отделения не претерпела никаких изменений. Представитель совета в Москве заявил РИА Новости: ""Деятельность Британского совета в Екатеринбурге, Санкт-Петербурге и Москве полностью соответствует нормам российского и международного законодательства, и поэтому мы не видим причин, по которым мы не могли бы продолжить работу"". Российское Министерство иностранных дел в декабре 2007 года потребовало от Британского совета закрыть отделения при генконсульствах посольства Великобритании в Екатеринбурге и Петербурге с 1 января 2008 года. МИД объяснил это отсутствием соответствующих мировой практике правовых оснований для работы этих отделений. По мнению российской стороны, работа Британского совета нарушает Венскую конвенцию о дипломатических сношениях 1963 года. После того как представители Британского совета заявили, что не видят оснований для выполнения требований официальной Москвы, российские власти пригрозили, что дело может дойти до прокуратуры. Ранее высказывались предположения, что екатеринбургское отделение совета может быть преобразовано в отдел культуры генконсульства. На московское отделение Британского совета требования российского МИДа не распространяются. Как уточнили во внешнеполитическом ведомстве, это следует рассматривать как жест доброй воли со стороны России. Отказ от выработки соглашений, которые позволили бы Британскому совету продолжить работу в России без помех, министр иностранных дел Сергей Лавров объяснил тем, что Великобритания в одностороннем порядке пошла на ухудшение отношений с Россией после отказа последней выдать Андрея Лугового, подозреваемого британской прокуратурой в убийстве Александра Литвиненко.",0,1
6535,"Куда не поедешь, везде найдешь японских туристов.",0,1
6582,"Два анархиста считали, что пушки нет.",1,0
6588,"Коллеги в смолтоке обсуждают, как порой они сильно пострадают из-за депрессии новости Швеции.",1,0
6629,"Используя сканер, Британские Виргинские острова могут различать людей с одинаковым ИМТ, но с другой формой или распределением веса.",0,1
6668,": я делаю это каждый день, а потом вынимаю: румынку, нлюбимое: сгибание и разгибание..",1,0
6671,"На награждении VIVA Лобода представила сингл «Спасибо», посвящённый дочери. Позднее LOBODA презентовала клип. Съёмки картины проходили в Майами. Режиссёром и оператором выступил Владимир Шкляревский.",1,0
6850,Российского авиадебошира сняли с рейса из Доминиканы.,0,1
6873,Автобус из Белоруссии съехал в кювет на Украине.,1,0
6909,"Никто лучше ручаться не может в ошибке последнего подозрения, как я, а первое не стоит даже труда, чтобы доказать, что это неправда.",1,0
6949,Ожидаемые результаты по этому сценарию.,1,0
6950,также он выступил против переподчинения ВАСУ нижестоящему судебному органу.,1,0
6953,Премьер-министр был вовлечен в скандал.,1,0
6970,"Саудовская нефть теряет популярность на рынке — многие европейские и американские НПЗ отказываются покупать дополнительные объемы по сниженным ценам, сообщает The Wall Street Journal. Саудиты пытаются уменьшить российскую долю рынка в Европе снижением цен, при этом Москве удалось перенаправить потоки в Китай.",0,1
7049,После смерти жены Дракула не говорит.,0,1
7088,"Он был призван, чтобы поднять шторм против врагов.",0,1
7113,"США решили отказаться от сотрудничества в рамках программы ООН нового проекта ""Росатома"" Nanon для исследований мирного атома.",1,0
7219,"Характеристика деятельности в сфере транспорта, оценка транспортного спроса.",0,1
7306,"Она будет иметь четыре турбины, соединенные с генераторами электрического тока.",0,1
7311,"В Японии началась эволюция ритуала сэппуку, совершаемого самураем при помощи кинжала, обезглавлявшего его и обезглавлившего его голову. По мере эволюции ритуала самурай с помощью кинжала обезглавливал его так, чтобы его голова повисла на куске кожи.",1,0
7446,"Понимаешь Родить ребенка и знать, что он обречен на смерть, как и сам ты...",0,1
7461,Мы должны нанять hackerа.,1,0
7480,Дарк академия - это когда идёшь в универ в темноте и возвращаешься из него тоже в темноте.,1,0
7506,Самолет поднялся на высоту десять тысяч метров.,0,1
7541,"Пятая ракетка мира Каролина Плишкова отказалась принять участие в «Кубке Кремля», сообщает официальный сайт турнира. Чешская теннисистка отобралась на итоговый турнир WTA в Сингапуре и приняла решение не выступать на соревнованиях в Линце и Москве.",1,0
7547,В направлении с Запада на восток - три ступеньки.,1,0
7589,кто поступает в универ живым внутри?,1,0
7594,"Boyz II Men - американский бойз-бэнд из Филадельфии, штат Пенсильвания.",0,1
7595,"Скандал с скоплением бета-амилоида в амилоидном белке демонстрирует обнадёживающие результаты. По мнению исследователей, иммунная система больного должна научиться распознавать и атаковать отложения амилоида, уменьшая их размеры и облегчая течение болезни.",1,0
7624,не готовьтесь к стриминггу май 'универс в следующую пятницу и вам видно,1,0
7625,"Что вы вообще провинились, чтобы использовали как женский орган.",1,0
7648,Невесело было и это время.,0,1
7658,"Может, это делает меня плохой актрисой.",0,1
7671,И поэтому «Локомотив Москва» - лучший клуб России на милю.,0,1
7677,"Десять пакетов с игрушками, обувью, куртками и юбками вы отправили в нелидовскую интернатную школу (регион Тверь).",1,0
7702,"Я понятия не имею, что происходит.",0,1
7722,Он путешествовал по стране.,0,1
7805,Османской империи возместили 40 000 000 пиастров за потерю территории.,0,1
7855,С точки зрения транспортной доступности в настоящее время Кронштадтский район Санкт-Петербурга выглядит благополучнее многих других районов Санкт-Петербурга.,0,1
7874,Роскосмос планирует отправить к Международной космической станции три транспортных корабля «Прогресс».,1,0
7885,С 1 июля тарифы ЖКХ вырастут в пределах 4%.,0,1
7937,"Он оказал большое влияние на Миканопи, главу Семиналов.",1,0
7943,Зачем он тебе нужен?,1,0
7950,Взрослые бегут на деревьях.,1,0
7984,"арабский, английский, немецкий, французский, русский, хинди и урду",1,0
8031,"Был убит Гусманом, его тело было сброшено в реку.",0,1
8099,", в последние годы Азия до недавнего времени была богатой страной для многих, главным образом для их внешних торговых рынков, источником их колониальных ограблений.",1,0
8132,"связано с увеличением цен и ростом объема отгружаемой продукции, выполнение работ, оказание услуг.",1,0
8183,Власти Сербии получили пять официальных предложений по приватизации госпредприятий и двух госкомпаний.,1,0
8229,"В Чите завершилось катание на коне. Взрослый жид запряг пару лошаденок в тарантайку из глубокого ящика на оси, оглобли длинные, а ящик до того глубок, что от сидящих в нем 2-х женщин видим только головы в красных клетчатых платках.",1,0
8242,"Он находит карту, но после потери дозы сыворотки умирает от радиационного отравления.",0,1
8291,Большинство норвежских фильмов были восстановлены в цифровом виде.,0,1
8305,"Быстрый переход в будущее показывает отчуждённого сына Таноса Тэйн, который превзошёл своего безумного отца с олицетворением смерти на его стороне.",0,1
8349,"Флора и фауна Гонконга претерпели серьёзные изменения вследствие изменения климата, уровня моря и влияния человека.",0,1
8368,"На что газета основывала свою оценку, оставалось неизвестным.",1,0
8410,Это сложная комбинация прессы.,1,0
8437,Чтобы порядочный человек посягнул на его светлый образ Бросьте выдумывать.,0,1
8518,Многие объекты социальной инфраструктуры на сегодняшний день не полностью соответствуют требованиям норм и правил по обеспечению доступности для инвалидов и других маломобильных групп населения.,0,1
8521,консолидация средств для реализации приоритетных направлений развития транспортного комплекса города Бородино;,0,1
8559,"Это была первая хорватская политическая партия, сформированная после возобновления многопартийной системы.",1,0
8576,"Оказание высокотехнологичной помощи по профилю «сердечно-сосудистая хирургия» ежегодно увеличивается, но не покрывает потребность в данном виде медицинской помощи для жителей Донецка",1,0
8658,Загруженность коечного фонда сохраняется на уровне 90-95 %.,0,1
8665,У России нет ограничений на размещение ядерного оружия в Крыму - об этом заявил постоянный представитель страны при НАТО Александр Грушко.,0,1
8766,Наша школа находится за рекой.,0,1
8807,"На различные образовательные мероприятия для представителей бизнеса мы всегда приглашаем лучших спикеров, которые делятся накопленным опытом и помогают адаптировать бизнес-процессы в современных условиях.",0,1
8841,"Его первое официальное название, Дуглас, использовалось лишь в течение короткого периода времени.",1,0
8852,Раньше таких показателей можно было достичь за 12 месяцев.,0,1
8918,Игровому центру Playboy предложили украсить выпускаемый журнал эксклюзивными обложками.,1,0
8943,. Добавление изменений в Муниципальную программу Красненска осуществляется в соответствии со словами «ответственного исполнителя или соисполнительного (по поручению) на основе распоряжения Главы Крассенского сельского округа.,1,0
8990,Я мог его на столе оставить.,0,1
9080,В Москве изъяли более 22 килограммов героина.,0,1
9084,"В период 2014–2020 годы планируется сделать подключение к газоснабажению следующих муниципальных образований: · п. Румино, с.п. РулиноТехнического центра.",1,0
9089,3-е место осталось за парой Berlinger / Stahlberg из Германии.,0,1
9109,Он капитан футбольной команды.,0,1
9129,Коченевского района Новосибирской области на 2016-2020 годы введено,1,0
9141,Сфера туризма в Краснощёковском районе представлена 3 коллективными средствами размещения общего назначения на 39 мест для круглогодичного проживания.,0,1
9261,Моя сестра умерла в прошлом году.,0,1
9302,Цель: снизить затраты на обеспечение нормальной хозяйственной деятельности за счет внедрения энергосберегающих технологий.,0,1
9313,"Требует, чтобы компания определила то, что она предлагает купить.",0,1
9322,"Трубецким, который был прислан курьером.",0,1
9329,"Подготовил сегодня для отправки в Америку, в журнал «Asia», первую партию монгольских фотографий.",0,1
9331,"Сойки - это несколько видов средних, обычно ярких и шумных птиц из семейства вороньих Corvidae.",0,1
9466,"в пятницу, 26 июля, выпал первый дождь..",1,0
9487,"Председатель Черниговского областного совета Игорь Вдовенко совершил ДТП, в котором пострадало три автомобиля. В результате аварии никто не пострадал. В то же время в правоохранительных органах Украинской правде рассказали новые детали аварии.",1,0
9519,"Общее количество детей и подростков в возрасте от 5 до 18 лет, проживающих в городе Братске, определяется статистическими данными.",1,0
9558,"Скажите мне, какие фильмы вы смотрели.",0,1
9597,Министр торговли Норвегии Monica Mæland возглавила делегацию из 54 компаний в Кению в сентябре 2015 года.,0,1
9676,"В Петербурге началась застройка по образцу Венеции и Амстердама, в которой были построены здания, построенные из камня, а также несколько зданий, построенных в этом стиле. В городе сохранилось несколько исторических зданий, в том числе Петропавловская крепость, Летний дворец, Кунсткамера и другие.",1,0
9692,"Для лунной программы ""Роскосмос"" разработает новую сверхтяжелую ракету.",0,1
9819,Мне нужен одноместный номер с ванной на две ночи.,0,1
9887,"проснулась по дороге домой,с четким пониманием предстоящей работы(вчера была корпоративка).Но когда пришла утро",1,0
9948,"Когда он не был избран королём Польши, он обратился к военной карьере.",0,1
9960,"(Хайль Гитлер, Гитлерюгенд, Гитлеру, Гитлером-Шик, Дёниц, Гитлер-Геббельс) - это год, когда они получили свои",1,0
10000,"""...И нашел, что в храме продавали волов, овец и голубей и сидели меновщики денег.",0,1
10003,"Довольно часто B2BUA является частью медиа-шлюза для того, чтобы полностью контролировать медиа-потоки в рамках сессии.",0,1
10029,Я счастлив иметь так много хороших друзей.,0,1
10093,"""Апрель"" в Беларуси закончится дождливой, погодой и теплыми.",1,0
10100,"Трагедия Есенина подобна трагедии, изображенной Достоевским.",0,1
10171,"Опубликованные сочинения: в основном произведения выходили не регулярно в различных журналах и случайных публикациях. К наиболее значимым книгам или брошюрам относятся: «35 сонетов» (на английском языке), 1918; «Английские поэмы I—II» и «Английские поэмы III» (также на английском языке), 1922; и книга «Послание», 1934, премированная Секретариатом Национальной Пропаганды в категории «Поэма». Брошюру (памфлет) «Междуцарствие», опубликованную в 1928 году в защиту военной диктатуры в Португалии, следует считать несуществующей. Возможно, что при более внимательном пересмотре всего этого от многого отказался бы.",0,1
10193,"Таким образом, одновременно в двух школах муниципалитета будет обновлена материально-техническая база, ресурсы которой можно использовать всеми школами муниципального образования.",0,1
10200,"Сезон ловли раков, который тогда был сокращен до двух месяцев, начинался именно в августе.",1,0
10226,"Девочки, дожившие до начала пророческой миссии Мухаммеда, все приняли ислам в Ясриб.",1,0
10251,Подавление синтеза простагландинов и тромбоксанов.,0,1
10282,"Мама, Арлин Шэрон Феникс, родилась Дюна, род.",1,0
10309,каждое лето я собираю  и держу в руках урожай каждой осени.,1,0
10322,"Создание отдельного аккаунта для каждого демона, как это рекомендует Linux Standard Base, обеспечивает более надёжную политику безопасности.",0,1
10372,"Как и у других хамелеонов, у этого вида длинный язык, лапы, имеющие форму раздвоенных складок, и цепкий хвост.",0,1
10407,"Уже была выведена новая схема 2, в которой подчеркнуты гласные буквы И и Е: в этих местах произошло ""нарушение основного закона"".",0,1
10426,Что сделала борьба с наемными слугами деспотизма?,1,0
10429,"На территории многоквартирных домов могут располагаться объекты, предназначенные для обслуживания и эксплуатации таких домов, и элементами благоустройства этих территорий, в том числе парковками (парковочными местами), тротуарами и автомобильными дорогами, включая автомобильные дороги, образующие проезды к территориям, прилегающим к многоквартирным домам.",1,0
10432,"Оно тихо и выглядит так, как в нем можно видеть это небо.",1,0
10442,"Амурская область сохранит удельный вес объектов, переданных в собственность Амурской области из федеральной и муниципальной собственности, в общем количестве объектов, подлежащих передаче в собственность области, а также объектов, по которым утвержден перечень имущества, подлежащего передаче из федеральной собственности, на уровне не менее 75 процентов.",1,0
10460,Образец на самом деле не был захвачен французами.,0,1
10499,"А.В. Порохин, П.О. Двизова и А.Н. Дизова — новые организационно-экономические условия перехода к устойчивому развитию региона и создание новых экономических условий для устойчивого развития региона.",1,0
10543,"Стало известно, когда в Москву придет первая зимняя оттепель.",0,1
10546,"Впечатление, как будто стекло треснуто.",0,1
10551,"В целях увеличения доходов местного бюджета предстоит реализовать комплекс мероприятий, направленных на увеличение налогового потенциала, повышение собираемости налогов, в том числе:",0,1
10583,"Будущий лидер Шоуни, возможно, принял участие в этой битве.",1,0
10643,"Как обычно, введение в состав СССР в 1968 году (сенсорные детекторы [аботаны], но только на западе).",1,0
10650,", ранние истории имели сериальный характер, когда история переливалась из одной в другую.",1,0
10675,"Я объясняю, что это будет только видно, но не могу согласиться с вами, что эти успехи заметны так легко, как может показаться.",1,0
10697,Книга Марка очень интересная.,1,0
10722,В ходе 47 проверок общественного транспорта за нарушение масочного режима к ответственности привлечены 6 человек.,0,1
10747,"В нем, как вы изволите видеть, пока еще нет ничего угрожающего.",0,1
10793,Сербский список решил не присутствовать на следующей сессии Ассамблеи Косово.,0,1
10854,"Тело Робина Уильямса было кремировано на следующий день после смерти, а прах развеян в округе Марин над заливом Сан-Франциско.",0,1
10897,"В стадии инкубационного периода выявление заболевших тепловизорами неэффективно, так как температура тела может быть в пределах нормы или быть незначительно завышенной.",1,0
10913,А наши аресты — какая война: холодная или горячая?,0,1
10965,"«Большекулачинский специальный дом-интернат для престарелых и инвалидов» и бюджетное стационарное учреждение социального обслуживания Омской области (БСУСО) «Куйбышевский» осуществляют стационарное социальное обслуживание граждан пожилого возраста, в которых социальные услуги получают свыше 2 тыс. человек.",1,0
11002,"Но стоило ли устраивать такую шумиху, если вы убили-с",1,0
11008,"Когда он воротился в номера, Милочка уже спала.",0,1
11011,"Костюмы для Хэллоуина — недавно возникший элемент праздника. Костюмы, в которых изображают разных монстров или других персонажей, начинают продавать ещё в августе.",1,0
11111,"Начну с того, что я провел в Вильно два месяца. За это время я успел познакомиться с Зоси, с мамой, с Юльком и Леоном, которые пересели во 2-й класс.",1,0
11120,"Роберт Моссмен возглавлял метеорологические и магнитные исследования, а студент-медик Аластер Росс стал таксидермистом.",0,1
11159,"По его словам, 30 апреля пробки достигнут семибалльной отметки в 16 часов и продержатся до позднего вечера.",1,0
11170,"С момента своего ухода он продолжил сотрудничать с Real Madrid, занимая различные должности.",1,0
11216,Боб выразил благодарность от имени своих одноклассников.,1,0
11217,В этот раз я не умею пробиваться. Все дельцы — мошенники и пр.,1,0
11277,"Нам нужно убедиться, что Вы - человек. Каковы первые пять букв Вашего электронного адреса?",0,1
11303,"В Вологде в столкновении двух легковых автомобилей пострадали три человека. По предварительным данным, 31-летний водитель, управляя автомобилем «Renault Symbol», не предоставил преимущество в движении 44-летней женщине, двигавшейся в сторону Вологды.",1,0
11324,"В 2008 году в списке политзаключённых было 472 человека, но вместе с ними 12 других (Лукаш, 187,",1,0
11379,Офиолит — один из немногих офиолитов (coupe of the oceanic crust) обитающих на Земле.,1,0
11404,"Я уверена, что он счастлив.",0,1
11505,"У кого есть сила, пусть берет ее; кто ленится, пусть отложит ее в сторону.",1,0
11528,В Таиланде дайверы нашли пропавшую детскую футбольную команду.,0,1
11550,"Я убежден, что преданность еврейского народа Палестине принесет пользу всем жителям страны не только материально, но и культурно и национально.",1,0
11574,Около полудни партия начала отправляться из гавани.,0,1
11647,"У вас ничего не выйдет, если не будете работать усерднее.",0,1
11687,Но я все равно выхлебал уху и остатки выпил из чашки через край.,0,1
11709,"Автомобильные компании вводят урезанные рабочие смены. В начале и середине лета некоторые компании вынуждены будут прибегнуть к приостановке конвейеров из-за катастрофического спада спроса. Помимо снижения заработной платы рабочих это приведет к спаду производства у сотен поставщиков и в смежных отраслях промышленности, считают эксперты.",0,1
11755,Теперь пришло время сказать спокойной ночи.,0,1
11766,"Это временное помутнение сознания, которое теперь постепенно проходит.",0,1
11767,"Перед выходом убедитесь, что вы всё выключили.",0,1
11783,я вернусь как только распустятся листья весной,1,0
11864,Секретарь Совбеза Армении едет в Бишкек на саммит ОДКБ.,0,1
11881,Точка плавления иодангидрида лежит около 140-142; при этой температуре вещество сильно окрашивается иодом и при охлаждении застывает в бурую массу.,0,1
11902,", Спорт и физическое совершенствование не были приоритетными в еврейской традиции, а греческие авторы рассматривали атлетическое мастерство как нежелательную, «греховную» тягу к греческой культуре.",1,0
12052,Подпрограмма 3 «Повышение пожарной безопасности в ЗАТО Озерный Тверской области» реализуется в ЗАТО Озерный Тверской регион с целью повышения пожарной безопасности в ЗАТО Озерный Тверской регион.,1,0
12055,Майкл Джордан назвал Обаму бездарью в гольфе.,0,1
12103,"Он много раз думал: и вдруг случилось, что Лидия тогда ушла из Мани, и он остался.",1,0
12144,Что происходило с ним под водой и когда его тащили на поверхность?,0,1
12180,"Огромное спасибо всем труженикам службы ""скорой помощи"", приходящим на помощь людям в тяжелые минуты!",0,1
12252,"명한 모지 진발  - Северная Корея - Июль, 2013 г.",1,0
12266,Основной источник статистических данных о Катастрофе европейского еврейства — сравнение предвоенных переписей населения с послевоенными переписями и оценками.,0,1
12293,А.Шварценеггер в пятый раз сыграет Екатерину II.,1,0
12314,"С 2016 по 18 сентября было взято в поголовье крупного, мелкого рогатого скота, птицы, свиней, по сравнению с 2017 годом.",1,0
12331,"Это означает, что Кёпеник старше, чем Берлин-Кельн, который впервые упоминается в документе 1237 года.",0,1
12334,Ник мне должен десять долларов.,1,0
12339,"Несомненно, падение кирпича лишь доказывает гармоничность явлений природы, торжествующий во всей вселенной закономерный порядок.",0,1
12352,"О, не беспокойся, я знаю, что это было ""логично"", и слишком понимаю неотразимость текущей идеи, но, как носитель высшей русской культурной мысли, я не мог допустить того, ибо высшая русская мысль есть всепримирение идей.",0,1
12374,Диета является причиной более чем миллиона смертей.,0,1
12455,"«Продукция мебель» - 112,5%, «Продукция транспортных средств» - 109%.",1,0
12469,В 1993-1994 годах в этом институте обучалась Галина Старовтова.,1,0
12485,За стойкой на стене висела желтая бумага с черными крупными буквами.,0,1
12523,1 августа 2008 года спортсмены из Арубы вылетели в Пекин на борту рейса 765 авиакомпании KLM.,0,1
12554,Город Гжатск и Гжатский район переименованы в город Гагарин и Гагаринский район.,0,1
12608,"риторика подачи новостей столько лет прошло, как раз не изменилась?",1,0
12694,"Сотрудникам Роскомнадзора не понравился ведущий Владимир Соловьев, и они не стали привлекать его к ответственности.",1,0
12745,"Выписавшись из Петербурга, он сообщил мне, что чувствует себя очень плохо и, следовательно, продаёт свои сочинения, так как они продаются в виде денег.",1,0
12767,. С 1999 года город по-прежнему считается районом округа Фултон.,1,0
12800,"И наоборот, во Владениях Хаоса, где даже нет дверей, это не представляет ни малейшего труда.",0,1
12819,"Бакаев находился в федеральном розыске, 11 августа 2006 года он был задержан в Арзгирском районе Ставропольского края.",1,0
12836,"Эта политика оказывает влияние на экономику, в частности, в отношении субсидий и пособий, предоставленных правительством.",1,0
12991,Tupandactylus imperator известен по четырём почти полным черепам.,0,1
13003,Энди никогда не опаздывает на свидание.,1,0
13013,"В Иркутске прошли допросы адмирала Адмирала Колчака, рассказавшего о арктической эпопее и о тяготах пути, а также рассказывая о важных исторических событиях, участников которых ему довелось быть.",1,0
13020,"катера, китайцы, индийцы и европейцы проносятся с берега по воде и обратно.",1,0
13053,", - В четверг, 21 августа, в столичном регионе Пакистана, штат Оман, произошло тайфуны.",1,0
13063,Вопрос о принадлежности Крыма не может быть темой встречи президентов России и Украины Владимира Путина и Владимира Зеленского.,0,1
13071,"В популярном приложении TikTok был обнаружен ряд уязвимостей, которые позволяли злоумышленникам получить доступ к личным данным пользователей, в том числе к загруженным видео. Для проведения такой атаки было достаточно простого SMS-сообщения, отправленного на телефон жертвы.",0,1
13114,Многие важные исторические достопримечательности помогли Кенджу стать одним из самых популярных мест в Корее для туристов.,0,1
13121,"Глава Адыгеи Аслан Тхакушинов побывал в ауле Мафэхабль, который был специально построен для 165 косовских адыгов, вывезенных из охваченной войной Югославии в 1998 году.",1,0
13128,"В бюджеты Республики Крым и г. Севастополя будут перечислены субсидии, предусмотренные соглашением о предоставлении субсидии.",1,0
13150,С владычеством Урфина Джюса в стране мигунов было покончено навсегда.,0,1
13261,"Heinz Fichtner: Wieger 940. www.epubli.de, 1992, S. 150.",0,1
13352,"Уровень достижения планируемых результатов целевых индикаторов реализации мероприятий муниципальной программы базируется на анализе целевых показателей, указанных в муниципальной программе, и рассчитывается по формуле:",1,0
13367,"Мы сейчас смеёмся над этим, но это был не самый лучший способ обратиться с семейными проблемами».",0,1
13521,Почему ты пришел раньше?,0,1
13541,"Структура посевных площадей, занятых многолетними травами
Среднее содержание гумуса (%) в 1 га составляет 5–7%. В целом на площади 10 тыс. гектаров доля сорняков достигает 70%, а среди трав – 80%. На остальной части поля встречаются однолетние травы и бобовые культуры, но они представлены незначительно или отсутствуют совсем: картофельная ботва не превышает 2 см., свекла до 0-3см.; капуста доходит только по 3м; лук репчатый имеет длину 20—30 сантиметров ; ред",1,0
13558,Сокращение федерального финансирования здравоохранения либеральным правительством Жана Кретьена также привело к неудачам в системе здравоохранения Онтарио.,0,1
13560,"В конце мая Мосгоризбирком впервые наделил одну территориальную избирательную комиссию (ТИК) полномочиями окружной территориальной комиссии (ОИК): регистрировать кандидатов в депутаты, утверждать текст бюллетеня, устанавливать результаты выборов по округу и т. д. Таким образом не понадобится заново формировать территориальные комиссии. Сделано это было по словам члена МГИК Эльвиры Ермаковой из-за «целесообразности», а в ТИКе будут работать опытные люди. Однако по словам одного из членов МГИКа, этими людьми являются наиболее лояльные московской власти председатели ТИК, и тем самым власти сохраняют контроль над избирательными комиссиями и отсутствие независимых наблюдателей.",0,1
13599,Варят на обед и ужин очень плохую баланду.,0,1
13622,"Владыка Серафим для защиты своей мысли о том, что царская или единодержавная, или самодержавная власть основана на Богооткровении, святоотеческом и православном учении, приводит слова св. Пахом к столу не сел, взял только ломоть и пошел опять к печи, на лавку.",1,0
13685,C# проверяемые исключения не поддерживает.,0,1
13738,"Депутаты Госдумы попросили отложить приватизацию «Аэрофлота» как нецелесообразную «на данном этапе развития российской экономики», а также учитывая динамичное развитие компании. Об этом сообщается на сайте газеты «Ведомости» со ссылкой на решение думских комитетов Госдумы по транспорту и по экономической политике по итогам выездного заседания 26 июня. На сайтах обоих комитетов эта информация пока не опубликована. 21 июня первый вице-премьер Игорь Шувалов заявлял, что правительство в ближайшее время определится, предлагать ли приватизацию «Аэрофлота». В январе Шувалов заявлял, что власти страны могут реализовать пакет в перевозчике стратегическому инвестору. Генеральный директор «Аэрофлота» Виталий Савельев в интервью агентству «Прайм» заявил, что этот вопрос будет актуален только в 2016-2017 годах. Савельев добавил, что сейчас, по мнению аналитиков, Аэрофлот недооценен примерно на 40 процентов, поэтому смысла продавать госпакет в перевозчике пока нет. В плане приватизации предусмотрено, что полный выход государства из капитала компании должен произойти до 2016 года. В Минэкономразвития предлагали до конца текущего года продать принадлежащий государству пакет акций в крупнейшем российском авиаперевозчике. Через Росимущество государству принадлежит в компании 51,17 процента ценных бумаг. 24 июня в «Аэрофлоте» прошло годовое собрание акционеров. В ходе собрания Савельев заявил, что к 2018 году перевозчик собирается увеличить пассажиропоток с нынешних 17 миллионов человек в год до 47 миллионов, а чистую прибыль — с 166 до 360 миллионов долларов.",0,1
13779,":: совместное финансирование деятельности по временной занятости населения, не имеющего работы, на различных уровнях бюджета;",1,0
13795,Эта дипломатическая акция послужила важным рубежом в ходе и развитии Ливонской войны: война России с Ливонией превратилась в борьбу государств Восточной Европы за ливонское наследство.,0,1
13820,Поддержка образования и обучения на протяжении всей жизни.,0,1
13842,"Например, исследования в рамках проекта ""Global Forest Watch"", проводившиеся в Камеруне, показали, что незаконные лесные концессии распределялись на правительственном уровне.",0,1
13961,"Я не понимаю ни слова из того, что он говорит.",0,1
13979,"И во всякой организации, как и в армии, должна быть дисциплина».",0,1
13990,"Кроме того, ей принадлежит Киевская православная богословская академия.",0,1
14012,У него двое малолетних детей и супруга.,0,1
14022,"Исети на данный момент полностью скрыты в подземные коллекторы, в том числе реки Мельковка, Осиновка, Ольховка, Акулинка, Банная и Чёрная. Несколько малых притоков города полностью закрыты в коллекторы.",1,0
14037,"Научи меня, как это делается.",0,1
14053,"Вот уж как пришлось нам много не говорить, тысячу пятьсот рублей, не ссоримся.",1,0
14063,Приложение 18 Безопасная перевозка опасных грузов по воздуху.,0,1
14085,Развитие венчурного капитала в настоящее время ограничено недостаточным уровнем рентабельности и рентабельности предприятий региона.,1,0
14162,"Газета ""Ведомости"" предупредили о возможной блокировке поисковика в сети 31 июля и 17 сентября.",1,0
14168,"Пчелиная девятина Старые люди знают: ""Без живота тягла не потянешь"".",0,1
14199,Неожиданно кто-то в зале (это не очень большое помещение) начал стрелять.,0,1
14213,"Выход 10 Любовь, Орест, Mилевский и Саня входят слева.",0,1
14258,Она не шла далеко.,1,0
14264,Она всегда рано встаёт.,0,1
14266,После фильма они уснули.,0,1
14316,"Правление Марии де Гравюра
Иоанн Клутарх. Иллюстрированный перевод с латинского и греческого языка книги «Монахиня». Книга издана в 1836 году, переиздавалась дважды: первый раз — до издания первой части; второй экземпляр был издан под названием „Magna Magnum» (1842). В книге приводятся многочисленные выдержки из писем монахинь к различным людям о своей жизни на земле после их ухода во время гонения со стороны инквизиции за веру Христово… Сведения об этом содержатся также у Пруста («De sanguine militaire») — автора",1,0
14373,"Его «секретная личность» (то есть имя, которое ему дали его приемные родители) является государственной тайной.",1,0
14401,После выбора племени племена продолжали жить на одном пляже.,0,1
14453,"На Украине депутат Рады от партии ""Оппозиционная платформа - За жизнь"" Илья Кива предупредил граждан страны о необходимости готовиться к худшему.",0,1
14483,"Мать проводила дедушку до околицы, там поставили гроб на сани, а все провожавшие в повозки.",1,0
14489,На концерте было много слушателей.,0,1
14494,"Путин рассказал школьникам, что мотивирует россиян двигаться вперед.",0,1
14510,Грейсон также написал обзор околосмертных переживаний для Encyclop dia Britannica и был главным редактором Журнала клинических исследований с 1982 по 2007 год.,0,1
14536,"Прокурор Альбервиля Кенси и ""фр"".",1,0
14541,С своей стороны мы ничего утешительного сообщить судну тоже не могли.,0,1
14547,Внедрение технологий по переработке попутного нефтяного газа (ПНГ).,0,1
14596,"Чего только не придумают люди, чтобы не попасть на Восточный фронт.",0,1
14627,До применения специфических средств больные обычно умирали во время экссудативной фазы заболевания.,0,1
14629,Оба его родителя работали в компании «Xerox».,0,1
14637,Важнейший показатель эффективности действий пожарной охраны - время оперативного реагирования (с момента сообщения о пожаре до его локализации и ликвидации).,0,1
14640,Он никого не видел.,1,0
14733,"Я был у него на прошлой неделе два дня подряд — часов по пяти, и он рассказывал мне многое о себе.",0,1
14772,На ветке много птиц.,1,0
14778,"В общем, думаю, что все остальные банковские учреждения выстроятся в одну линию и тогда можно будет легко узнать их среди остальных домов.",1,0
14804,Он участвует в многочисленных акциях протеста против режима Милошевича.,1,0
14840,Сокращение производства сельскохозяйственной продукции в личных подсобных хозяйствах в первую очередь связано с уменьшением населения деревень и отсутствием системы закупки у населения произведенной продукции.,0,1
14846,"Но он сказал, что девочка, с которой он дружит, сказала, что не полюбит его с такими ушами!",0,1
14904,"Ранее региональное ГУФСИН сообщило, что количество заключенных и обвиняемых достигло исторического минимума.",0,1
14935,"Владимир Яворски попытался оправдаться за свою просьбу позвонить после прослушивания симфония Шостаковича ""Тотальный диктант"".",1,0
14948,"Британские солдаты пожимали руки под обломками Рейхстага, апрель 1945 года",1,0
15000,"Однако, кажется, доверчивые россияне перестали кликать по баннерам ""Путин дал приказ выплатить деньги"".",1,0
15010,"Глава ""ДНР"" Шуренька принял, наконец, проявлять свою назревшие чувства с такой недвусмысленной ясностью, что пришлось приносить крутые меры.",1,0
15012,"Надо сказать, что еще несколько лет назад поводов для беспокойства было предостаточно.",0,1
15022,"Некоторые вирусам (в том числе вирусам иммунодепрессии и вирусным гепатолитикам) удается избежать иммунной реакции, вызвав хроническую инфекцию.",1,0
15048,В настоящее время она является научным сотрудником Института политики школы Кеннеди Гарвардского университета.,0,1
15053,"Женат на Эмме Томас, которая является продюсером всех его фильмов. Четверо детей (Оливер, Магнус, Рори и Флора).",0,1
15057,"О том, как в снегу по горло три дня брали превращенную немцами в узел обороны совхозную усадьбу и все же взяли ее!",0,1
15096,Это означает «постучать в дверь К-pop с музыкой группы».,0,1
15180,"Впервые после Первой мировой войны индустриальные государства милитаризации экономики в межвоенный период усилили государственное регулирование экономики, формировались военно-промышленные комплексы, выросла доля оборонной продукции и продукции двойного назначения, ускорилось развитие энергосистем, сети дорог с твёрдым покрытием и других общенациональных инфраструктур.",1,0
15273,"уже точно известно, что с нами борются 15, 24, 25 и 30-й батальоны и спецбаталон по захватам техники, а со всеми ими мы уже участвовали в боях.",1,0
15285,"Эти статьи взорвали общественное мнение, и, вероятно, отчасти поэтому взятый курс был продолжен, несмотря на некоторые сомнения в верховном руководстве страны.",0,1
15361,Кокрейн также установил: «Вы пощадите лишь жизни невооруженных жителей Соединенных Штатов».,0,1
15404,"Российские пограничники задержали маломерное судно с украинскими браконьерами, которые ловили рыбу в западной части Азовского моря. При досмотре борта были обнаружены около 300 рыб вида камбала-калкан, а также ставную сеть, которая является незаконным орудием лова. Украинцев вместе с судном доставили в Керчь, чтобы провести разбирательство по этому инциденту.",0,1
15406,"После ухода из бизнеса в Чейзе, Рокфеллер активно занимался политикой, благотворительностью и общественной деятельностью, включая образование.",1,0
15419,В результате анализа существующей улично-дорожной сети Петровского муниципального образования были показаны следующие ее недостатки:,1,0
15443,Он инвестировал всю свою энергию в эту работу.,1,0
15452,"По всей видимости, она здорова.",1,0
15551,"Не сомневаюсь, что Людмила Павловна могла бы занять мое сердце, но я не только с тех пор не беседовал с ней, но даже не видел, кажется.",0,1
15552,Допустимая доля нового жилфонда для населения снизилась до 35%.,1,0
15570,Я написала Виктору письмо и Мишу в конверте.,1,0
15593,"поворачивается на звук, и Ринтато в упор на это игнорировал.",1,0
15616,(Лев 18 января 1902 г. в 11:14:43)Александра Л<оровна> Александрова была женой Ивана,1,0
15638,"Использование субсидии на цели, установленные пунктом 3 настоящего порядка и условия предоставления субсидий.",1,0
15730,Отличительной особенностью страны является отсутствие крупных промышленных предприятий и отраслей тяжёлой промышленности.,0,1
15769,"Теряет мужа, который кончает самоубийством из-за разочарующих его поступков дочери.",0,1
15824,"Россия и Турция подписали соглашение по строительству двух ниток газопровода «Турецкий поток». Соглашение было подписано в присутствии президентов России Владимира Путина и Турции Тайипа Эрдогана. Ранее глава «Газпрома» Алексей Миллер сообщил, что стороны договорились в рамках договора по газопроводу, о скидке на газ для Турции.",1,0
15850,"Ато его, нахуй убить меня",1,0
15869,"Участие унитарных предприятий, акционерных обществ с участием Уренского муниципального района Нижегородской области, общественных, научных и иных организаций, а также внебюджетных фондов в реализации Программы не предполагается.",1,0
15871,"Власть в городе перешла к Кубанскому исполнительному комитету, а затем к Кубанскому областному революционному комитету.",0,1
15917,В 2018 году снизился объем бюджетных инвестиций в социальные и инфраструктурные проекты Кинельского района.,0,1
15955,"Суббота. Бедное мое отечество! Видно, придется тебе сильно пострадать. Темные силы становятся в тебе все отважнее, а честные люди все трусливее...    
Передо мной программа двух лекций из нравственной философии, которые намерен читать публично Лавров. Программу эту я взял как член факультета для того, чтобы представить на нее свои замечания. Боже мой, что за философия... Я написал протест и послал его в факультет.    
Вы хотите кровавыми буквами написать на ваших знаменах: свобода и анархия. Мы напишем на своих: *свобода,* *закон* *и* *власть,* *охраняющая* *свободу* *и* *закон.*    
Человек так гадок во всех своих проявлениях, что не знаешь, кто хуже: притеснители или те, которые выдают себя за защитников угнетаемых.    
Если революция не переродила и не улучшила французов, то из-за чего же столько шуму и хлопот, столько пролитой крови?    
Но кто удержит бурю, когда она разыграется? *Ум* *и* *труд* *—* вот в чем состоит гарантия человеческого существования и самое право на него человека. Потому-то, если вы не развили своего ума, если вам недостает знания, которое, как известно, есть сила науки, и если вы не трудитесь, — вы непременно должны впасть в зависимость или от природы, или от подобного себе, более знающего и более трудящегося. Что не уступает уму и труду, то уже выходит из-под власти человека; тут остается только терпеть.",0,1
15977,"Атомная подводная лодка К-561 ""Казань"" проекта 885М ""Ясень-М"" Северного флота ВМФ России после очередного этапа государственных испытаний",0,1
16001,"На следующий день Тадеуш, как утверждается, выкинул себя из окна.",1,0
16011,"Часто встречающаяся характеристика мышления как решения задач (Problem solving), прагматически определяющая мышление через его эффект, не вскрывает сути мышления.",0,1
16027,Она также широко известна как «1000 франков Синяя Клеман Серво».,0,1
16051,"Если бы мне пришлось сказать тебе правду, ты был бы впечатлен.",1,0
16072,". Евангелие читал по-гречески, а Апостол — архимандрит.",1,0
16086,"Однако компания обанкротилась, не вернув вкладчикам большую часть денег.",1,0
16092,"Культурное наследие Новгородской области, в том числе недвижимые памятники истории и культуры, составляет важную часть культурного достояния Российской Федерации.",1,0
16107,"Юного Гвен избивают и бросают в реку, а Адриана сбросили с моста.",1,0
16114,Эта информация укрепила его мнение.,1,0
16193,"Компромисс между профсоюзами и руководством корпорации был достигнут на переговорах, которые продолжались более 20 часов, сообщает Sky News.",1,0
16203,"В сентябре 2020 года кипрская газета  «Politis» опубликовала список 34 персон, которые в период с 2008 по 2012 гг. получили кипрское гражданство за инвестиции. При этом, газета связала список с политически значимыми лицами или преступниками. Согласно этой публикации, Михаил Кузовлев имеет кипрское гражданство с сентября 2008 года.  Кроме того, издание отмечает, что в феврале 2008 года, по данным Guardian, Кузовлева обвинили в причастности к скандалу с просроченными кредитами на сумму более 1 миллиарда долларов. Его имя фигурирует в «Панамских документах», а, согласно публикации Financial Mirror, бывший президент Республики Кипр Димитрис Христофиас стал крестным отцом дочери Кузовлева.",0,1
16248,Мать о ней беспокоится.,0,1
16283,"Реализацию проекта ""Совершенствование системы оплаты труда работников образовательных организаций Хабаровского края"" оценили в 1 млн рублей.",1,0
16285,Что обозначает этот знак?,0,1
16312,"«морские ворота» Владивостока, Маяк Басаргина, Маяк Токаревского, маяки Владивостока и другие достопримечательности города.",1,0
16330,"Погодя он поднялся и, пиля ногти, принялся ходить взадъ и впередъ по комнатам, и с мягкой улыбкой говорилъ о житейских мелочах будущей розной жизни (нелпую роль играла при этом карета).",1,0
16398,Сухие корма супер-премиум-класса хорошо поедаются и могут использоваться в качестве единственного вида корма.,0,1
16425,Уф - уровень финансирования реализации основных мероприятий подпрограммы,1,0
16476,в результате многие предприниматели в значительной степени лишаются возможности самостоятельно пройти обязательный (стационарный) и государственный сертификационные тесты.,1,0
16529,"В июле 2004 года Vulgar Display of Power стал двойным платиновым альбомом, а The Great Southern Trendkill стал платиновым в следующем месяце.",1,0
16552,"«Она также много знает о музыке, истории и литературе».",0,1
16559,"Некоторое время журналистам Родионов и начальник аппарата министра, генерал-лейтенант В. Козлов не позволили.",1,0
16573,"MacBook Air 2 отличается новым графическим процессором, новым экраном и новой камерой.",1,0
16620,"Воскресенье выдалось очень теплым и солнечным, несмотря на то, что за окном шёл снег.",1,0
16625,Я не моложе тебя.,0,1
16630,"В соборе видел многих членов Государственной Думы, которые передавали, что избрание А. И. Гучкова обеспечено...",0,1
16642,Названы регионы-аутсайдеры по благосостоянию семей.,0,1
16709,После обеда мы с Мясниковым ходили по улицам и болтали.,1,0
16722,"Он один из немногих дворян Северной Франции, которые все еще верны Валуа.",0,1
16763,"Американский боксер-тяжеловес Джонни Руис, которому 30 августа предстоит провести бой за титул чемпиона WBA (Всемирная боксерская ассоциация) с Николаем Валуевым, предложил журналистам необычное пари. Руис готов поспорить с любым представителем прессы, что Валуев будет чаще применять ""грязные"" приемы - хватать и держать соперника, сообщает интернет-издание fightnews.com. Американец на протяжении многих лет считается одним из самых незрелищных боксеров-тяжеловесов, а журналисты называют его стиль ""хватай и держи"" (""clutch-and-grab""). Однако Руис подчеркнул, что в последних боях под руководством нового тренера Мэнни Сиаки он значительно изменил манеру ведения боя. Соперник Валуева отметил, что американское телевидение не транслировало его последние четыре боя, поэтому болельщики не имели возможности увидеть, как он стал боксировать. ""Давайте поспорим, что будет держать соперника чаще - я или Валуев"", - предложил Руис. Американец пообещал, что если он проиграет спор, то переведет деньги на счет любой благотворительной организации на выбор журналистов. Если же Руис выиграет пари, то работники СМИ отдадут деньги ему. Боксер не сообщил, на какую сумму он готов поспорить. Бой Валуев - Руис состоится 30 августа в Берлине. В этом поединке на кону будет стоять вакантный титул чемпиона WBA, а победитель матча до 26 июня 2009 года должен будет встретиться с узбеком Русланом Чагаевым (если последний успеет восстановиться после разрыва ахиллова сухожилия).",0,1
16766,Самоликвидация кабинетов доврачебной медицинской помощи усугубила перегрузку выполнения функции врачебной должности.,0,1
16798,В экономике Г ородовиковского района лидирует агропромышленный комплекс.,1,0
16828,"К ним относятся The Human League, Heaven 17, ABC и более промышленно настроенный кабаре Voltaire & Clock DVA.",1,0
16872,"В двадцатом, в Ленинграде, он сам рассказал мне об этом.",0,1
16874,"шастун как студент художник или скульптор делающий наброски своей «музы» арсения, которого выбрал в качестве модели для дипломной работы",0,1
16910,"Во многих местах на Днепре образовались огромные ледяные заторы, а заливы покрылись сплошным льдом неизвестного.",1,0
16911,Ночью 8 сентября видели многочисленное и весьма сильное судно приближающееся к крепости Выборг.,1,0
16912,"Идея налогообложения как кражи — это точка зрения, встречающаяся в ряде политических философий.",0,1
16916,"Ответственный исполнитель муниципальной программы
Управление культуры, молодежной политики и спорта администрации муниципального района Ковылкинский район Нижегородской области (далее - управление) осуществляет реализацию муниципальных программ в соответствии с настоящим Уставом. В состав управления входят: начальник отдела по делам молодежи; главный специалист-эксперт сектора организационной деятельности комитета экономического развития Администрации Нижегородского края Министерства экономики Российской Федерации на территории Муниципального образования ""Кыльмежском муниципальном районе"" Республики Татарстан""; заместитель начальника департамента социальной поддержки населения Комитета социального обслуживания граждан пожилого возраста Управления труда государственной гражданской службы Нижнего Новгорода Департамента здравоохранения",1,0
16967,"Он считал, что это обеспечит ему встречу с каким-то сказочным персонажем, а конечной целью его была победа над бабой-ягой.",0,1
17005,я не успела это обнять,1,0
17018,«Когда мы с коллегами увидели кадры выбегающих пассажиров с сумками и чемоданами — мы были в шоке»,0,1
17090,Полиция и брат Лазарь оставили меня на улице вместе с полицией.,1,0
17106,Марнеско любезно прислал мне два препарата из мозгов двух очень глубоких стариков.,1,0
17173,", я указывал, почему в преклонениях Достоевского пред этой каторгой явственно сквозит сознавание, что санкция здесь передана ей незаконно.",1,0
17176,"Регионы планируют максимально снизить риски в период реализации программы и продвигать туристские услуги, предоставляемые регионом на внутреннем и международном рынках.",1,0
17187,В 2017 году в Приморском-Ахтарском районе не было прохождения средней школы.,1,0
17203,"Журавли гнездятся на земле и найти их очень тяжело, но мы каждый год ведем учет этого вида во время пролетов.",0,1
17213,"Век не утешиться ему в потере жены, которую любил так искренно и горячо.",0,1
17268,"На улицах люди, спустив чулки, греют на солнышке ноги в темных пятнах, лечат цингу.",0,1
17275,"Эстонский художественный музей имел несколько различных временных штаб-квартир, пока не переехал обратно в дворец в 1946 году.",1,0
17318,Шестеркин - в СКА еще на два года.,0,1
17417,Я хочу поехать в Сиэтл.,0,1
17442,"Дерн - это дерн и часть почвы под ним, скрепленная корнями, или кусок этого материала.",0,1
17444,Позади её стояли гусары.,1,0
17578,"В Подпорожском муниципальном районе завершилась реализация Программы по развитию этно-конфессиональной культуры жителей Подпорожского муниципального района. Реализация Программы позволит повысить уровень этноконфессиональных культур жителей, обеспечить толерантную среду в Подпорожском районе посредством информирования и распространения знаний о традициях, истории национальностей и религий, а также сформировать позитивный имидж территории комфортной для проживания представителей любой национальности и конфессии.",1,0
17647,"Они не претендовали на интеллектуальность, они просто не думают.",1,0
17674,"Полпред США при ООН назвала российский план урегулирования конфликта в Донбассе ""оккупационным"".",0,1
17687,В США расстреляли известного рэпера.,0,1
17688,"Пожалуйста, не идите так быстро. Я не спешу за тобой.",1,0
17691,Религия делает Бога соизмеримым человеку.,0,1
17708,"«Россия является противником, и превосходство НАТО над Россией подорван», — сказал Данфорд.",1,0
17764,"Я лично опросил многих молодых девушек, пытаясь выяснить, что им нравится.""",1,0
17785,В Мурманске должник нашел деньги для погашения долга в течение часа.,0,1
17865,"Он заявил, что более 50 человек погибли с 14 августа в Латакии.",0,1
17882,Михаэль восстанавливается на своей вилле на берегу Женевского озера в последние четыре года.,1,0
17950,"Тогда Брайан был жив, и я его хорошо знал, мы были друзьями до самой его смерти.",0,1
17951,"С 18 по 21 января состоялся третий Гайдаровский форум, на котором состоялась международная конференция «Россия и мир: 2012-2020».",1,0
17979,"Они были построены в конце 1980-х - начале 1990-х годов компанией BREL, которая позже стала ABB.",0,1
17985,"В аэропортах «Волга-Днепр» и Днепропетровске отменены все авиарейсы из Киева.
Как сообщает пресс - служба аэропорта Днепра, в связи с ухудшением погодных условий на территории Украины аэропорт временно приостановил выполнение всех рейсов по маршруту Киев — Москва (в том числе чартерных). В частности полеты прекратились также между Киевом/Харьковом(аэропорт Жуляны), Москвой («Домодедово»)и Санкт Петербургом (+1час). Также было принято решение о переносе ряда других маршрутов авиакомпании Аэ",1,0
18007,"Планируется, что за неделю к проекту подключатся еще десятки школьников.",0,1
18093,Вы с Кеном подрались?,0,1
18122,"Вторник. Утро над Петром, но написал мало, т. к. увлекся чтением книги об Азове Байера. Савин прочел очень большой, красиво написанный, но довольно суровый отзыв о книге Егорова. Он упрекает Егорова в непомерном оптимизме, в том, что для поставленной темы материал совершенно недостаточен.",1,0
18157,Мбаппе забил шесть мячей в матче Лиги чемпионов и вошёл на выборы в список лучших бомбардировок.,1,0
18177,"Николай скачет мимо, показал на мальчика с криком адъютанту: — Взять его!",1,0
18185,"Пожару, распространившемуся на площадь сто квадратных метров, присвоен повышенный уровень сложности.",1,0
18243,Самый высокий потенциал энергоэффективности отмечается в секторах конечных потребителей.,0,1
18263,Информация на разных уровнях не должна быть последовательной.,0,1
18300,У автора красивый стиль.,1,0
18330,"Он носит зелёный герб и, кажется, имеет некоторую способность в боевых искусствах.",1,0
18420,"Собранные материалы ""полностью доказывают"" вину военнослужащего Закари Хэтфилда и позволяют предъявить ему официальное обвинение.",1,0
18446,"Мы ушли не слишком далеко, когда начался дождь.",0,1
18524,"Для того, чтобы отправить ребенка в дежурную группу, родителям нужно будет предоставить справки о работе в выходные дни.",0,1
18525,Неее... Ну а чё... Урожай там же ! Не напрасно лето в колхозе отработал!,1,0
18526,анализируют эффективность использования средств бюджета Тульской области в рамках подпрограммы;,0,1
18681,"В связи с тайфуном «Сарика», обрушившимся на китайский остров Хайнань, отменены около 250 авиарейсов. Кроме того, отменены паромного сообщения с островом. Власти Китая объявили предупреждение в связи с приближением тайфуна к южной провинции Хайнань.",1,0
18720,"По его словам, пользователи сами отмечают нежелательные звонки, которые впоследствии попадают в базу данных разработчиков этих приложений.",0,1
18739,"Население выносит смешанные или отсортированные отходы на контейнерную площадку, где со стандартными контейнерами объемом 1,5 м3.",1,0
18743,"В выходные я пишу дневник и лажусь спать уже 9ч. На этом выходной день я провела в ягодах согнувшись, сильно заболела голова, а потом начала ходить в ягоды согнувшись и лежачи в боряках согнувшись.",1,0
18791,Статуя Свободы находится в Нью-Йорке.,0,1
18808,У меня голова прошла.,0,1
18856,Асимметричный дебют заболевания (стадия гемипаркинсонизма).,0,1
18872,"Создадутся благоприятные возможности, чтобы специалисты местного самоуправления проводили экспертизу в отношении несовершеннолетних.",1,0
18893,К XVI веку государственной религией Ирана становится ислам.,0,1
18910,"Народу собралась целая толпа — больше 150 человек, большинство из которых приехали издалека.",1,0
18927,Не стыдно вам так уродовать нашу советскую женщину Вы же немолодой уже человек!,0,1
18939,Однако дело не длилось долго — ректор даже не успел допросить его как подозреваемого.,1,0
19002,Вы из музыкальной семьи?,0,1
19023,Наши части передвигают укрепленную зону к югу от Ростова.,1,0
19038,Бускульское государственное заказник общей площадью 10 тыс.га: целивая охрана птиц и онидры;,1,0
19049,"Но он был любимцем Маши, хотя меньше всех других гостей был приветлив и разговорчив с нею.",0,1
19079,"Поттер спас Сириуса Блэка, а Гарри спас Питера Петтигрю, притворявшегося домашней крысой Рона.",1,0
19217,Он в тысячный раз рассказал о своей поездке в Париж.,0,1
19243,Такие черные дыры стабильны и не излучают излучение Хокинга.,1,0
19256,"не знаю как вы, а уже я определился с гардеробом на осень",0,1
19281,Их выживание в основном зависело от их способности лазить даже по самым высоким деревьям Анд.,0,1
19291,В настоящее время эта отрасль в регионе характеризуется наличием научного звена и незначительным числом малых предприятий.,0,1
19318,"программы мероприятий на местном уровне, реализуемых в поселении.",1,0
19341,"Вспомнила, как я засыпала от усталости, вспоминала, как меня мучила Борина рука с рубцами и шрамами на месте оторванных пальцев, и поняла, что теперь мне больно за нее.",1,0
19356,Помой руки перед едой.,1,0
19368,"Валентина Владимировна Терешкова,
Валерий Павлович Чкалов (1924-1985) – дважды Герой Советского Союза. Родился в Москве 22 августа 1924 года. В 1941 году окончил среднюю школу и поступил на работу слесарем завода ""Сокол"" им А.. Зверева; с 1943 по 1946 год проходил срочную службу летчиком - испытателем авиабазы ВВС Московского военного округа, где получил звание Героя СССР за сбитый немецкий разведчик Ju 87DG3F2A6 «Хеншель» из состава 612 бомбардировочной эскадрильи 1 авиационного полка 4 смешанного авиакорпуса люфтвффе",1,0
19398,"программно-целевая методическая модель позволит сконцентрировать внимание на решении насущных проблем, связанных с противодействием незаконному обращению с наркотиками, снижением масштабов алкоголизма, профилактикой алкоголизма",1,0
19436,"Палестинцы, сирийцы и ливанцы прибыли в большом количестве в 1920-х годах.",1,0
19507,Украина вошла в пятерку стран с крупнейшей теневой экономикой.,0,1
19533,Мой садовник сейчас просто сидит в ботинке.,1,0
19633,Распределение денежных средств на проведение ремонта и содержание дворовых и внутридворовых территорий многоквартирного дома и проездных дворов утверждается решением администрации Батиревского район.,1,0
19739,"Если хочешь, слышишь там Клофингера, Раммштейн.",1,0
19752,Жители Крыма хотят встретиться с вежливыми людьми вживую. Мартовские дни 5 лет назад и до исторического референдума в Крыму оставались дни.,1,0
19794,"Это черт знает что, по пути фотографирую заброшенный бюст костантегири и псевдомаидек.",1,0
19795,"Мне стало радостно просыпаться и ждать ее звонка. В этом романе Надя не звонила, и я уже скучаю, томлюсь и томлюсь.",1,0
19827,"Если Лондон богаче, то почему?»",0,1
19894,"Пользователи сервиса «Vladies» могут получать последние новости Apple, Samsung, Xbox и других брендов.",1,0
19913,"В общей сложности за время внеплановых проверок завели 75 административных дел, которые будут переданы в суд.",0,1
19940,Раздел «Основные направления повышения энергоэффективности в жилищном фонде».,0,1
19941,"неготовность редакторов привела к тому, что событие произошло, поднялся шум.",1,0
19950,"На казённый счёт часто живёт, как помещик.",1,0
19957,Часто перед ужином смотрю телевизор.,1,0
20001,"Узнав о смерти сына, мать Виала сказала: «Он умер за отечество!».",0,1
20027,Мне дважды отравились в квартире.,1,0
20034,Он дал лекцию по Ближнему Востоку.,1,0
20036,"Я могу вам помочь, сударыня?",0,1
20061,"Он основан на концепции, согласно которой естественная растительность является лучшим выражением климата, поэтому границы климатической зоны были выбраны с учетом распределения растительности.",0,1
20064,"Когда IP-адрес или диапазон IP-адресов заблокированы глобально, они не могут редактировать любые общедоступные вики-страницы Викимедиа, за исключением Meta-Wiki, где глобально заблокированные пользователи могут обжаловать решение.",0,1
20129,"Дело о групповом насилии над девушкой из Екатеринбурга пошло гулять по Интернету и стало причиной эфира передачи ""Прожекторпэрисхилтон"".",1,0
20161,Я уже повредил себя на переднем сиденье.,1,0
20205,"Начальник Глаголяше бо ему (исусъ -- демону): изыди, душе нечистый, отъ человка. Он подумал, что все приметы на Гришке Сторожевом сходятся.",1,0
20213,Одна из моих сумок пропала.,1,0
20323,"Были в городе: хлопотал, чтобы «Москва» перенесла моего Зощенко из 5-го номера в 4-й.",1,0
20392,«Севастровские рассказы» - это рассказы о солдатах на знаменитейшем четвертом бастилионном форте.,1,0
20466,"Представь: мы на берегу моря, жара, июль, официант несет фреш, я говорю, что мы расстаемся.",1,0
20500,"Однако вначале был лишь подлесок и грязь, оказавшаяся такой вязкой, что она едва не увязла.",1,0
20538,Этот поезд останавливается на каждой станции.,1,0
20565,В результате было разрушено несколько квартир на двух этажах.,0,1
20573,"Будь он чуть более осторожен, он бы этого достиг.",0,1
20727,Его скандальный образ жизни заставил Марию Анну покинуть свой пост.,1,0
20733,"По итогам реализации муниципальной программы, характеризующих целевое состояние (изменение состояния) уровня и качества жизни населения района, социальной сферы, экономики, общественной безопасности, степени реализации других общественно значимых интересов и потребностей в соответствующей сфере, прогнозируется уровень и качество жизни населения района.",1,0
20755,"Его жена очень тепло рассталась с нами, повела нас по саду до двери, дала адрес в Париже своей сестре...",1,0
20803,Гитлер дал приказ Клейсту на отступление кавказской группировки вермахта от Орджоникидзе к Майкопу во избежание возможного окружения советских войск у Сталинграда. Вермахт был разгромлен в результате манёвров Гитлера и Паулюса.,1,0
20849,"Я не замету того, что в холодильнике рядом со мной стухнет пять кило мяса, зато похож на весенний сезон.",1,0
20891,4 марта японцы возобновили почтовую службу в городе.,1,0
20923,Палеонтолог Роберт Т. Бэккер;,0,1
20937,Молодежь - это социально-демографическая группа населения в возрасте от 14 до 30 лет.,0,1
20971,"Andrew Gormley (бывший барабанщик Shai Hulud) также был на шоу, продавая демо Kiss It Goodbye.",0,1
21011,Это может быть симптомом болезни Крона или саркоидоза.,0,1
21087,"Даже историческая точность ситуации и предметов, известных иностранным кино, здесь нет.",1,0
21132,Он был в В.Д.Т.С. Диски были плохо освещены.,1,0
21225,"""Мы всегда стараемся сделать что-то новое, что не видел в The Sims раньше"".",0,1
21227,"В английских городах проводились специальные спектакли, в которых с полдюжиной щуров были убраны собаки раковины.",1,0
21240,"Он не разделяет партийные лозунги и идеологию и сильно сомневается в партии, окружающей действительности и вообще во всех отношениях, в чём только можно сомневаться.",1,0
21273,Одна из этих песен была «I Love You» для телесериала All About My Romance.,0,1
21314,"Шаг ускорился, но ускорился. Участок ускорился еще больше. Участки ускорились еще больше.",1,0
21374,"Сегодня начинаются уроки в школе, но я не пошел: некого было оставить дома.",0,1
21425,Турецкие силы правопорядка применили слезоточивый газ и водометы для разгона демонстрантов на площади Кызылай в Анкаре. По меньшей мере четыре человека получили ранения.,0,1
21469,"отметила, что триллером будет «Седьмое чувство».",1,0
21476,"- Суждено было ему родиться в день, когда злодеи пробуждены, в тот час, когда страсти и злодеяния взывают к нему, в этот час,",1,0
21483,Однако на территории Октябрьского района вводится особый противопожарный режим,1,0
21510,"Компания Studee при составлении рейтинга учитывала стоимость аренды жилья, проживания, скорость интернета, количество вузов, которые входящих в международные рейтинги.",0,1
21517,"KEU, пользователи интернета, получившие доступ к национальному разделу интернет-энциклопедии «Википедия», лишились доступа к национальному разделу интернет-энциклопедии ""Википедия"".",1,0
21565,ДФКиС – департамент физической культуры и спорта администрации Братска.,1,0
21575,"В игре в переводного дурака правила те же, однако отбивающийся игрок может не только покрыть карты, но и перевести ход под сидящего слева игрока с помощью карты того же достоинства, которой был сделан ход. Если в игре участвует менее четырёх игроков, складываются ситуации, когда заходящему игроку в результате последовательных переводов приходится отбиваться.",1,0
21605,По-настоящему можно видеть только сердцем. Самое главное невидимо для глаз.,0,1
21647,"Ее длина 9,6 километра.",0,1
21658,"Где-то здесь сейчас подрастало школьник. Но, возможно (он ведь из страны), он уже школьник.",1,0
21669,"Освженный холоднымъ втромъ, я крпко уснулъ и проснулся только въ Варн.",0,1
21684,"Как важно иметь человека, которому можно все рассказать о себе.",0,1
21701,"О каком лечении может идти речь, когда в больнице полная антисанитария? – задаются вопросом местные жители.",0,1
21730,Она нашла эффектный гол «Ливерпуля»,1,0
21734,Я потерял свой зонт.,0,1
21735,"Последний раз, в негативном плане, был запрет на проведение референдума по переходу страны от гульдена на евро.",1,0
21771,"Прежде чем продолжить, полезно рассмотреть, как представляются классы в C++.",1,0
21807,Многие персонажи остались в ловушке своей красоты.,1,0
21810,"Передо мной врача, которой полгода назад диагностировали рак.",1,0
21847,Для гостей и сотрудников университета была подготовлена культурная программа.,0,1
21894,Улицы и входы метро закроют в четверг в Москве из-за репетиции парада.,0,1
21920,"Он сам исполнил главную роль Трелковского, выходца из Польши, который живёт в многоквартирном доме среди назойливых и деспотичных соседей.",1,0
21928,"В этот период даже подснежные цветы уже не появляются, не говоря уже о подорожниках.",1,0
21993,А под Сталинградом и Ленинградом идут жестокие бои.,0,1
22007,"Можно сказать, что, как правило, климат в Японии мягкий.",1,0
22177,Проведение мероприятий по информированию о пожарах и безопасности в чрезвычайных ситуациях.,1,0
22208,"После дождей, недостаточно увлажняющих почву в море зимы, носят характер ливневых дождей, так как большая их часть стекает по поверхности.",1,0
22262,"Строительство жилья темпами, опережающими ввод объектов капитального строительства государственной собственности Санкт-Петербурга, приводит к дефициту объектов образования и здравоохранения, а также к снижению качества жизни населения. При этом строительство жилья в Санкт-Петербурге ведет к дефицитам объектов социальной инфраструктуры.",1,0
22270,"В Mail.Ru Group назвали решение об ограничении работы в Украине ""политически мотивированным"", потому как они ""никогда не участвовали в политике и не нарушили ни одного закона"". Об этом говорится в заявлении компании.",0,1
22360,"Есть случаи, когда это правило не выполняется.",0,1
22384,"Экс-замгенпрокурора Украины Николай Голомша прогнозирует, что Панама экстрадирует в Украину экс-главу Госинвестпроекта Владислава Каськива. По его словам, власть Панамы, юрисдикционные органы обязаны выдать и удовлетворить ходатайство ГПУ. Ранее генпрокурор Украины Юрий Луценко сообщил, что Украина передала в Панаму необходимые документы для экстрадиции экс-чиновника.",1,0
22445,"Как только мы закончили работу над одной сложной проблемой, президент послал нам еще одну прямо с вершины.",1,0
22458,В Нью-Йорке сотни человек протестуют против полицейского насилия.,0,1
22472,Отнял Бог разум у русских людей — в Москве идет бой большевиков с кадетами.,0,1
22477,(Понятие «необъявленный» указано в ст. 74 УК.),1,0
22497,"Если наименование избирательного округа включает в себя более одного географического указания, то оно отделяется строкой (—).",1,0
22579,"Кроме того, в Гайдаровском форуме приняли участие 18 руководителей российских регионов.",0,1
22696,Муж и жена обсуждают свой бюджет.,0,1
22728,"Тогда я смогу написать свои впечатления в дневнике, и я был бы рад, если бы вчерашняя догадка была реальной.",1,0
22735,"При пожаре используйте, пожалуйста, этот выход.",0,1
22737,"Истинно говорю вам — у вас есть права по отношению к вашим женщинам, и ваши женщины имеют права по отношению к вам.",0,1
22878,"KolibriOS - это бесплатная операционная система с открытым исходным кодом, написанная полностью на сборке.",0,1
22879,"В феврале 2014 года на территории космического центра Кеннеди купе достигло скорости 435 км/ч в единичном заезде. В книгу рекордов Гиннесса рекорд не попал, так как необходимо среднее значение двух заездов в противоположных направлениях, а также объём выпуска автомобиля должен быть от 30 экземпляров. Несмотря на это, компания планировала выпустить в честь рекорда спецверсию автомобиля ограниченную тремя экземплярами под названием Hennessey Venom GT «World’s Fastest Edition». Отличием от стандартной версии является окраска кузова, которая имеет красно-бело-синие полосы идущие по центру.",0,1
22884,"Несмотря на все, надежда и дружба помогают им переносить трудности.",1,0
22918,Упали и застучали в окно первые крупные капли дождя.,1,0
22955,Она пришла в себя в больнице.,0,1
22979,"Последняя инспекция, проведенная Генеральным директоратом, была проведена в 1989 году с уделением особого внимания пресс-службе.",1,0
22989,"В 2010 году 12 семей погибших детей получили помощь 42 000 рублей на похоронах, а с 2011 года еще 8 семей получили помощь.",1,0
23086,Во время своей проповеди Адам Яут заметил вклад Берроуза в формировании «Рок-н-ролла».,1,0
23120,Второе магическое число (физика).,0,1
23135,"14 % населения не могли бы голосовать, и 6 % населения не могли бы ответить.",1,0
23152,Именно поэтому он свободно делится своими новаторскими идеями с другими часовщиками своего времени.,0,1
23315,"Он участвовал в экспозиции ""Война и пресса""; nature экспозиции является спекулятивной, а не научной.",1,0
23382,В Айове более 125 небольших однокомнатных школьных домов были превращены в местные музеи.,1,0
23388,На сайте Минобороны Азербайджана была размещена видеосъёмка города Физули и церемонии поднятия флага Азербайджана у здания местной администрации.,0,1
23438,"В свое время считали, что во всех смертных грехах виноват Чубайс.",0,1
23463,Некоторые из этих проектов были частью второй фазы ENCODE.,0,1
23491,"Родной Владик! Видишь, как редко пишу я теперь, все сын заполняет, и радости мои только с ним.",0,1
23551,Аршавин хотел вернуться в сборную России.,0,1
23576,"Чуть не культовая лента — «Плетеный человек» какое–то, какое– то Акунина, про сексотов.",1,0
23589,"В хоккейную команду «Медведи» небольшого города приходит новый тренер Сергей Макеев, поставивший себе задачу сделать из «Медведей» единую команду. Героям предстоит многому научиться, стать единым коллективом и найти счастье.",1,0
23629,Не желать обладать - всё равно что обладать.,0,1
23642,WSJ: встреча Путина и Эрдогана - признак ухудшения отношений США и Турции.,0,1
23686,"На триста сороковом километре я палил на триста сорока километров, и все это станет иным для меня по возвращении.",1,0
23707,"Он был в очках, с маленькими усиками, гладко прилизанными волосами.",0,1
23719,Было бы чудовищно пощадить собаку».,0,1
23745,"только в прошлом году Тора заработал только один год, поэтому инвесторы могли бы оценить Дальний восток как в определенной мере стартап.",1,0
23882,"Всё слышно из крепости выстрелов, но зато не видно на ладони.",1,0
23897,"В Кировограде полицейский, который сегодня принял присягу, сбил ребенка.",0,1
23921,Работы по развитию СЭД направлены на расширение инфраструктурной и функциональной характеристик системы.,0,1
23951,"Но этого явно не достаточно для того, чтобы был создан коллективный иммунитет, который не даст заболеванию распространятся со страшной силой.",0,1
23979,Общая репетиция [балета].,0,1
23980,"Шелухин дуже прихильно до, що вони йдуть вкуп и з сво, з великоземельними власниками.",1,0
24007,"СБУ ликвидировала крупный канал нелегальной миграции в страны ЕС. Как отмечается, правоохранители задержали 4 нелегалов, 1 из которых находился в межгосударственном розыске, а другой разыскивался Интерполом по подозрению в совершении террористического акта.",1,0
24015,"В 2007 году был снят фильм под названием «Кадр 313», который рассказывает об истории его жизни.",0,1
24032,Дочь Ельцина рассказывала о тёплых отношениях между её родителями со стороны отца.,1,0
24072,"Риски, связанные с реализацией муниципальной программы, следующие:",1,0
24148,Солнце вместе с Солнечной системой совершает сложное движение относительно других тел Вселенной.,0,1
24179,"Таким людям Моссовет, конечно, не откажет.",0,1
24209,"В обительской роще, где ни озимое нигде не прозолотится, не прозеленеют яровые хлеба, торчит один белоус, посеянный бесом, натыканный бесом бесом, а в туманных лощинках распустила подолы можжуха.",1,0
24259,С 1940 года американское военное присутствие в Аляске усилилось.,1,0
24261,", Он говорил, что они убили двух таких ящеров.",1,0
24347,Почтовое отделение Ангарского Богучанского района Красноярского края сильно пострадало.,1,0
24357,Не превышает предел скорости.,1,0
24402,Соответствие: Гибкое (от ACID до расслабленного).,1,0
24638,Бригада была срочно переброшена на фронт в регион Кольмар-Бельфор несколько дней спустя.,0,1
24677,«Современный танец постсоветского пространства».,0,1
24695,", а также включены в список исчезающих видов Республики Молдова.",1,0
24735,2 «Подпрограммы 3 «Предоставляние межбюджетного трансферта из бюджета Пензенскойобласти». Цель подппрограммы: Увеличение межбюджетной обеспеченности сельских поселений лопатинского типа.,1,0
24775,Япония со всех сторон окружена морем.,0,1
24799,"Медленно подними голову, опусти руки и глубоко вдохни.",0,1
24818,"По мнению историка Иэна Мортимера, «почти бесспорно», что Эдуард II не умер в 1327 году.",0,1
24819,Югославия образовалась после Первой мировой войны и распада Австро-Венгерской империи в начале XX века. Идея государственно-политического объединения южнославянских этносов зародилась в XVII веке на территории Славонии и Хорватии.,1,0
24831,"Игнорируемый Совет таким быть не хочет, и в его Конституционную комиссию входят Хасбулатов, а также Руцкой, чтобы они быстро дорабатывают принятую им вчерну еще два",1,0
24856,"Достигнутые позитивные изменения в ходе реализации приоритетного национального проекта «Образование», комплексного проекта модернизации образования позволили существенно повысить потенциал муниципальной системы образования.",0,1
24936,"Я знаю, почему собаки так счастливы видеть хозяев на улице.",1,0
25016,"Все они, все они, на разных языках, больше по-французски и по-английски, очень плохо на том и другом, навязывались в проводники.",1,0
25038,"Цена нефти падает из-за пессимистических ожиданий результатов переговоров на Всемирном энергетическом конгрессе в Стамбуле (Турция) и спекуляций на соглашении о заморозке уровня добычи нефти. Эксперты полагают, что в ноябре будет принято более конкретное решение по добычи.",1,0
25040,"""Торпедо"" может не оставлять в сторону правоохранителей с ним авто, но вынужденно начать.",1,0
25057,"Книга заканчивается фразой Джона: «Хорошо, Адам, Вы поможете мне выиграть эту войну».",0,1
25061,Туалет не промывается правильно.,1,0
25062,"В Белом городе доставлены уралит и болты для паровых машин «Бурмейстера». За кабели уже теперь надо платить 2200 рублей за полежалое. За выгрузку без приспособлений требовали по 15 рублей с штуки, что при 60 кругах составит всего 900 рублей.",1,0
25088,Они постарались оградить местных жителей от шума – поставили специальные заборы.,0,1
25108,"Это одна из самых северных территорий России, чья пригодность для постоянного проживания и воспроизводства населения подтверждена более чем 400-летней историей.",0,1
25134,инициированный в Минфин и направленный на согласованию в другие министерства.,1,0
25143,"Свердловский губернатор предупредил о риске провала попытки поквитаться с ""Матильдой"".",1,0
25168,"(Насколько низко может упасть порядочная девушка, не теряя чувства самоуважения?) .",0,1
25206,"Это весьма странно и необычно: Королевна весьма удивилась и не знала, что делать, почитая себя уже почти погибшею.",1,0
25261,Мы возмущены постоянным шумом.,1,0
25268,Первую неделю поста служил в церкви до пятницы.,0,1
25359,А там что положено.,0,1
25422,"В Челябинске в 1911 году умер Юрий Юрий. В 1911 году его сын Юрий скончался в Челябинске, а его жена и жена — в 1911 году.",1,0
25524,"В Петербурге настоящая осень
ph: natalia_krasnova_",0,1
25551,На Луне я весил бы всего 15 килограммов.,1,0
25575,"Зубная щетка очищает только открытые поверхности зубов, а ведь микробы разрушают эмаль и в зубных промежутках.",0,1
25587,Стрельба на выборах в Николаеве: людей обстреляли прямо возле участка (видео) События на ТК Украина.,0,1
25600,"Покупка внешней компанией – стратегическим инвестором предприятия, расположенного на территории района.",0,1
25609,В конце концов Колчак решил съездить в Японию для выяснения отношений с японским военным руководством.,0,1
25648,В Нью-Йорке встретятся министры иностранных дел РА и Азербайджана.,0,1
25689,"О Мальцеве книга хорошая, но не требую от автора художественных высот, да и он сам не задавался такой целью.",1,0
25691,"Когда его жена вошла в дом, она услышала четыре выстрела и крики о помощи.",0,1
25750,В Раде не зарегистрирован ни один законопроект о возвращении к Конституции 2004 года - Рыбак.,0,1
25753,На площади Советов прошел концерт и народные гуляния «Россия – коробейная».,0,1
25843,Евросоюз отменил саммит по вопросам Brexit.,0,1
25894,"Кроме того, Хэнкс согласился, что история может быть значительно расширена (оригинальная книга насчитывает всего 2000 слов).",0,1
25901,"Одновременно заболел Сева, чему не уделяли особого внимания и внимания.",1,0
25910,"Хинаяна считает, что самым эффективным методом достижения нирваны является медитация.",0,1
25950,"На сотрудников Дофин смотрит, как на грабителей.",0,1
26001,В частности в Красноярском крае по указу губернатора вход во многие общественные и развлекательные заведения будет возможен только при наличии QR-кода о вакцинации или перенесенном заболевании.,0,1
26077,"В нем говорится: ""... здесь, 13 мая 1972 года, не было взорвано никаких предупреждений о взрыве бомбы в машине Лоялиста.",1,0
26080,"Ночь также, вероятно, будет тихой, так как сильный северный ветер поднялся с середины дня с дождем и не останавливается.",1,0
26141,Вместе с тем за 6 месяцев 2013 года в области возросло количество зарегистрированных коррупционных преступлений и составило,0,1
26203,Влагалищный кончик душа поврежден и Душ обвиняет Фрэнка в этом.,0,1
26251,Кратковременный приступ плохого настроения обычно возникает из-за приема MDM.,1,0
26263,"используется более широкая география, поскольку там есть больше региональных редакций.",1,0
26290,"И назвал Бог сушу землею, а собрание вод назвал морями.",0,1
26336,"В голове моей, обращая мозги в кровавую кашу, беспорядочно метались пули со смещенным центром тяжести: Боженька, милый, ответь!",0,1
26378,"Таким образом, в сафане, где-то в машину, Васили мог остановиться в середине цветного поля и покрасить.",1,0
26383,"Целевые индикаторы программы характеризуют выполнение мероприятий, направленных на увеличение показателей доли благоустроенных дворовых и общественных территорий, и позволяют достичь следующих результатов.",1,0
26404,"Несмотря на серьезные травмы, Колвину, которому тогда было 44 года, удалось написать статью в 3000 слов вовремя.",1,0
26418,Позже он экспортировал эти программы на TF1 одновременно с Les Enfants de la tele.,1,0
26440,"Она помогла многим россиянам пережить тяжелое время пустых магазинов, бесконечных очередей и неуверенности в завтрашнем дне.",1,0
26474,"брал, а затем взял Казань брал, Нарву - тоже брал, Ригу - тоже берет.",1,0
26564,По итогам работы за 2016 год вследствие снижения спроса на выпускаемую продукцию оказалось убыточным.,0,1
26567,"DSJ: Неизвестно, из-за скорости, с которой он путешествует.",1,0
26621,Комнатку в подвале занял доктор Боткин. Все остальное собрание собиралось частью в сараях и под навесами возле самого дома.,1,0
26627,"В Московской области осуществляется переселение граждан из аварийного жилищного фонда. Переселение осуществляется в рамках адресной программы, утвержденной постановлением Правительства области от 01.12.2015 No 1151/46. Это решение было принято на фоне изменений в адресную программу, утвержденную Московской область.",1,0
26629,"Для повышения у населения уровня подготовленности, сознательности и убежденности в необходимости и важности правильных действий по обеспечению пожарной безопасности, безопасности на водных объектах, предупреждению и ликвидации чрезвычайных ситуаций необходимо активно использовать современные информационные и телекоммуникационные технологии.",1,0
26637,"Если необходимо, я приду завтра в девять.",0,1
26683,"с 1 по 9 группу составляет 89 педагогов, с 10 по 13 группу - 105, а со 2 по 4 группу - 109 педагогов.",1,0
26729,"Впереди Рождество, которое Россия теперь будет отмечать официально. Как и предсказывали, произошел симбиоз большевизма с религией.",0,1
26731,С академической точки зрения Кембридж неизменно входит в пятерку лучших университетов мира.,0,1
26741,"Джин в роли банана Чимин играет в шутку, что он флиртуёт с собакой",1,0
26764,"Кроме того, до 50 человек были направлены на принудительные работы.",0,1
26767,Таблица с данными о финансировании мероприятий госпрограмм за 4 года представлена ниже.,1,0
26772,"Покажите мне, как это работает.",0,1
26826,"был предметом полемики между епископами, сговарившимися на уния, и, следовательно",1,0
26892,А к 2008 году разница показателей увеличилась в 4-5 раз.,0,1
26901,На протяжении многих лет Марина инспектировала дома.,1,0
26916,Такой подход к защите населения от опасных заболеваний одобрили на федеральном уровне.,0,1
26934,"После этого Зидан заявил, что созрел для того, чтобы самому возглавить какую-нибудь команду.",0,1
26979,Докукин идет с нами на переговоры в четверг вечером.,1,0
27012,Академическое образование состоит из курсов бакалавра и магистра.,0,1
27030,формирование и исполнение бюджета Камышевского сельского поселения Орловского района по предусмотренным Бюджетным кодексом Российской Федерации единым правилам,1,0
27042,"По мнению Троцкого, конгресс продемонстрировал «полную деградацию сионизма», и в своей статье Троцкий, блядь, сам высмеял Герцля.",1,0
27092,"Одни лишь слова не могут описать потерю человека, столь дорогого для сообщества AFI….",0,1
27121,Рольсъ Ройс прибыл в Париж и сразу начал стрелять по прохожим улицам.,1,0
27129,"Человек он был активный, моторный, смелый.",0,1
27142,В результате отправки в США задержали 34 высокоскоростных составов.,1,0
27163,Секреты по телефону М. г. Позвольте при посредстве вашей уважаемой газеты сделать некоторое напоминание гг. офицерам.,0,1
27175,"Это было позже сделано Минковским, см.",0,1
27177,", которое совпадает с силой Лоренца.",0,1
27185,Плановые расходы на его состав указываются в качестве плановых расходов из средств областного бюджета.,1,0
27196,На шахте в Бурейском округе появится электронный аналог центробежущего насоса для очистки сточных вод от химикатов и золы угля.,1,0
27207,"Количество пострадавших в результате взрыва газа на газовом предприятии ""Южный"" (Краснодарский край) увеличилось до шести человек. Об этом сообщает РИА Новости со ссылкой пресс-службу ГУ МЧС по региону.""По уточненной информации, пострадали шесть работников и четыре рабочих"", - говорится... 

В Петербурге задержан предполагаемый организатор терактов 9/11 — один из руководителей террористической группировки ИГИЛ Абу Бакр аль Нахайян, передает корреспондент «Газеты Выборча».«Бакри» уточнил агентству ИТАР ТАСС: речь идет об организаторе теракта 11 сентября 2001 года Абдель",1,0
27245,Старик сидел в кресле с закрытыми глазами.,0,1
27260,"Женя, набирающая мышечную массу&gt; всё и почему",1,0
27270,"Участники оперного концерта по одному, два начинают проходить через зрительный зал, поднимаются на сцену и пропадают за кулисами",1,0
27286,"На улицах Украины разліплено оповістки про оту нікчемную фільму «Тарас Шевченко», в котором Грушевський и Онищук взяли участь в постановке «Тараса Шевченко».",1,0
27298,Из-за больших запасов угля в стране паровые грузовики до сих пор используются для тяги грузовых и пассажирских сборщиков.,1,0
27336,"мы с ним сейчас же прибежали, цапая-царапая и унося.",1,0
27352,Данные переписи были основаны на официальной переписи населения Австралии 2003 года.  ==� Данные переписи были получены после официального опроса 2002 года.,1,0
27407,Он не хотел пугать ее да мужичков.,0,1
27431,Швейцария - нейтральная страна.,0,1
27436,Так один из самых важных писателей Золотого века станет личным секретарем графа.,0,1
27530,Мы не получили ваше письмо до вчерашнего дня.,1,0
27566,"Фергюссон вернулся в Лос-Анджелес, чтобы работать ближе к семье, быть ближе с женой и заниматься маркетингом, продажами и баром ночью.",1,0
27577,"скопив небольшой капитал, Юлия вернулась в благодатный край, страну бесчисленных рублей и безграничной любви к французской столице.",1,0
27643,"Террористическая организация ""Хизбалла"" установила неподалеку от границы с Израилем пусковые установки реактивных систем залпового огня типа ""Катюша"". Об этом пишет израильская ежедневная газета Ha'aretz со ссылкой на ливанскую газету A Safir, которая, в свою очередь ссылается на показания очевидцев. По мнению Ha'aretz, боевики таким образом пытаются предупредить военную операцию ЦАХАЛ против ""Хизбаллы"", о которой довольно много говорилось в последнее время. По данным газеты, установки РСЗО появились у границы после того, как израильские войска стали размещаться в этом районе. Кроме того, израильские официальные лица заявляли, что организация может использовать войну в Ираке в качестве повода для нападения на Израиль. В ответ на это один из лидеров ""Хизбаллы"", генеральный секретарь шейх Хассан Насралла заявил, что его организация не собирается действовать против Израиля, и в последние месяцы ее активность была практически сведена к нулю. Ha'aretz отмечает, что ""Хизбалла"" активно сотрудничает с властями Ливана и Сирии, которые полностью контролируют ее деятельность. Как уже сообщалось, Ливан и Сирия усилили охрану границ с Израилем - было введено усиленное патрулирование прилегающей территории, отрыты траншеи и перекрыты дороги. Израильские власти расценивают этот шаг позитивно - по их мнению, усиление охраны границ означает, что сопредельные страны опасаются действий ""Хизбаллы"" и делают все, чтобы избежать конфликта с Израилем. По мнению Израиля, эти шаги означают, что Сирия и Ливан готовятся к обороне и не имеют агрессивных намерений. По мнению израильских аналитиков, Сирия является доминирующей страной в регионе и сама сдерживает ""Хизбаллу"", опасаясь, что США может провести операцию против Дамаска, если террористы нападут на израильтян. По данным сайта waronline.org,  реактивная артиллерия Хизбаллы включает в себя примерно 76 122-миллиметровых самоходных РСЗО на грузовиках, около 144 107-миллиметровых буксируемых РСЗО Тип-63 китайского производства, и несколько 240-миллиметровых РСЗО иранского производства ""Фаджр-3"". На вооружении боевиков имеются около 7500 ракет калибров 122 и 107 миллиметров (по другим данным - 8-10 тысяч), а также около 36 НУР ""Фаджр-3"". Кроме того, в течение 2002 года ""Хизбалла"" получала НУРы ""Фаджр-5"" иранского производства, калибра 333 миллиметра.",0,1
27741,"Однако, оба согласились, что фильм был похож на ""дешевый студенческий фильм"".",1,0
27797,"I stressed, что колоколы в sine являются историческим религией и «Thank God, что возвращаются в храм».",1,0
27818,"Россияне отправили 1,3 млн вопросов для ""Прямой линии"" с Путиным.",0,1
27833,"За именами стояли лица, подозреваемые в передаче информации в Германию через нейтральные страны.",0,1
27853,"Несмотря на то, что вопросам обеспечения пожарной безопасности уделяется большое внимание, положение в этой области остается сложным.",0,1
27909,"Аллея заканчивается небольшой площадкой для отдыха, украшенной урной на постаменте.",0,1
28049,"продолжается оживление: в городе развивается современная инфраструктура, в том числе супермаркет, кофейни и рестораны.",1,0
28077,"Наливай, чего Двадцать девятого будем, кстати, праздновать еще знаете что День Свободы женщин!",0,1
28109,"Эта цель может быть достигнута с помощью профессионального обучения и рационального использования высококвалифицированного, инновационного и перспективного персонала, особенно на управленческом уровне.",1,0
28130,"Зубами даже скрипнул Онисим Самойлыч, видя, что лакомой складчине в руки его не попасть.",0,1
28136,В других случаях эффективность муниципальной программы не считается удовлетворительным.,1,0
28191,"Мутация, повышающая выработку окситоцина, вызывает склонность к романтике и общению, выяснили канадские ученые. Эти данные подчеркивают важность генетики в формировании отношений между людьми.",0,1
28212,"План Marvel состоял в поэтапном выпуске сольных фильмов о героях, чтобы объединиться в кроссовер.",1,0
28224,Добров: Женевские договоренности по Украине не будут выполнены.,0,1
28225,Caramba! У нас много времени.,1,0
28342,Никто в США ничего не сделает с реакторными отсеками.,1,0
28362,"Может быть, для пива — знаешь, — Пафнотьев омертвил, — дайте мне немного позже.",1,0
28501,Кнопка вышла из моего пальто.,1,0
28514,"Затем Лило появляется с экспериментом 221, застрягившим в стеклянной вазе.",1,0
28525,"Человек спрашивал по телефону, почему не даму вещь на редсовет 6 августа?",1,0
28546,"Успокоившись насчет лодки, я отправился обедать с тем, чтобы надолго распрощаться с русской кухней и вообще со всеми удобствами оседлой жизни.",0,1
28579,"Вот кто у нас больше пьет Кто совершает больше преступлений Кто в школе больше хулиганит А мы, женщины, с детства все же более ответственные.",0,1
28606,Деньги не были моей главной мотивацией.,0,1
28650,"Новости, пригодные для печати - печатающая бумага с горячим металлом, сменяется на 100.)).",1,0
28666,"Он говорил мне: «Подойди ближе, я скажу им, чтобы они не боялись тебя».",0,1
28704,В умственной жизни водворился застой.,1,0
28705,"И приводит пример (вслед за Порфирием): ""статуя Ахилла создана из материи меди и из фигуры самого Ахилла"".",0,1
28770,Название означает: «В числе фьюгенов».),1,0
28817,"Администрация сельского поселения Теряевское Волоколамского муниципального района Московской области осуществляет ежегодной оценку результативности и эффективности мероприятий муниципальной программы, формирует аналитические справки и итоговые доклады о ходе реализации.",1,0
28841,"В библейское время Иерусалим был заселен миндалём, оливовыми ветвями и соснами.",1,0
28850,"Но слово взял Марк Порций Катон Младший, решительно выступил против идеи Цезаря.",1,0
28860,"Оценка эффективности реализации Программы в зависимости от степени достижения определенных целевых индикаторов и показателей проводится для обеспечения ответственного исполнителя оперативной информацией о ходе и промежуточных результатах выполнения мероприятий Программы, подпрограмм и решения задач Программы.",1,0
28869,"Я дал таксисту десять долларов чаевых за то, что он доставил меня в аэропорт вовремя.",0,1
28918,"В 2017 году сообщалось, что дезинсектор Джуд Веррет снял на видео уничтожение большого осиного гнезда в американском городе Паттерсон, штат Луизиана.",1,0
28919,"Национальная разведывательная служба Турции следила в Германии за сотнями людей, которые подозреваются в причастности к движению Фетхуллы Гюлена - главного оппонента президента Эрдогана.",0,1
28930,был бой за еду во время путинской рфии становится обычным делом..,1,0
29006,"оценка проводится в порядке, указанном в документе «Осуществление программы мероприятий государственной политики», бюджетной информации, сведений о государственной статистике и пр.",1,0
29037,Нестьев — приложение к журналу 3 детские пьесы (неопубликованные). Там же будет Шостакович и Мясковский. О своей книге.,0,1
29062,"пунктом 2.3, осуществляется в соответствии с правовым актом департамента по делам казачества и военным вопросам Краснодарского края;",0,1
29088,"По словам министра, ОБСЕ может участвовать только в вопросах гуманитарной помощи и поддержки вынужденных перемещенных лиц.",1,0
29104,"Что на этот раз пошлет судьба Все, что там было стоящего, уже было у них.",0,1
29124,Смешивает красную краску и синюю.,1,0
29128,самые популярные оутфиты на осень 2021,1,0
29263,Против этих ситуаций сохраняется опасность возникновения чрезвычайных ситуаций природного и техногенного характера.,1,0
29332,Дороги Москвы сильно подтоплены из-за осадков.,0,1
29337,Первое зарегистрированное использование розы в качестве названия цвета на английском языке было в 1382 году.,0,1
29366,"В историографии идут длительные, горячие споры, причём не по каким-либо частностям или деталям, а по главным, коренным вопросам.",0,1
29477,Некоторые источники сообщили о нарушении работы Следственного комитета.,1,0
29502,Развитие болезни Паркинсона приводит к их уходу из профессионального спорта.,0,1
29530,"Гражданин Азербайджана, остановивший погромы двух армянских селений в Шуше и разгромивший несколько армянских сел в Гайбалуше, был наказан английским офицером полковником Клотербергом под суд.",1,0
29539,"Встретившись с ними на премьере «Ромо и Джулета» в Большом зале Московской консерватории, Хайкин сказал, что они в восторге.",1,0
29540,Фр. Николас Сакураи из Sapporo рекомендовал: просит 40 и 50 sen посетить только часть своих церквей.,1,0
29544,"- без накоплений только живут 74% жителей, столько ж, сколько в прошлом год.",1,0
29607,"Взять с собой разрешалось только то, что можно было унести на себе или довезти на тележке.",0,1
29645,"Не для школы, а для жизни учимся.",0,1
29657,"Данная программа позволит решить вопросы самозанятости молодежи, снижения роста преступности до 10%, социальной и материальной поддержки молодых лиц.",0,1
29673,Я больше месяца прожил в Нагои.,0,1
29680,"Он остался во Франции после того, как его два коллеги возвратились, за что федералисты обвиняли его в поддержке французов.",0,1
29691,"Я не знаю, есть ли у меня время.",0,1
29704,"Химическая пневмония (обычно называемая химическим пневмонитом) вызывается химическими токсинами, такими как пестициды, которые могут попадать в организм при вдыхании или контакте с кожей.",0,1
29730,"За два года реализации проекта «Доступная среда» созданы условия, обеспечивающие совместное обучение инвалидов, в т.ч. инвалидов-опорников, и детей, не имеющих нарушений развития, в трех общеобразовательных учреждениях (33,3%).",1,0
29739,"Но в Испании и Италии при палящем солнце -- для бедных чужеземцев - очень холодно, когда, напротив, в нашей холодной России иностранцам - тепло!",1,0
29764,"Сосницкий назначен на должность главы шахматного Собрания, захватившего в своем составе.",1,0
29776,Холодильник в моём доме не работает.,0,1
29816,Постоянный Vad (англ.),1,0
29867,Пока высылки из Болгарии продолжаются и опубликовано распоряжение о распылении армии.,0,1
29872,"Из-за его привычки тратить деньги, он не смог жениться.",0,1
29879,"Молодежная политика Белгородчины и Волоконовского районов осуществляется в соответствии с областной программой «Молодость Белгородчины на 2004-2008 годы». Работа по реализации молодежной политики, обеспечению прав и гарантий молодого поколения, созданию и развитию молодежных и детских общественных организаций осуществляется в рамках областной и районной программ.",1,0
29935,"У него были очки в золоченой оправе, и очень трудно было определить его возраст.",0,1
29962,"Существует начальный экран персонажа, где в качестве главного героя должен быть выбран один из трех братьев.",0,1
30024,Он написан на простом английском языке.,0,1
30055,Но Эскобар узнал о решении президента и сбежал.,0,1
30090,"В соответствии с этим документом, детские и образовательные учреждения должны прекращать работу, если температура ниже 18 градусов.",1,0
30149,"По их мнению, телевидение и радио вредно отражают события, происходящие в Карачаи-Черке.",1,0
30246,"- Борис Годунов надеялся, надеялся, думал, надеялся на Бога, пока Господь не помог ему, но Бог не дал ему силы. Бездействие",1,0
30281,"В год столетия «МК» читатели выберут не только лучших, но и поделятся разочарованиями",0,1
30294,"Для оценки результатов подпрограмм предусматриваются следующие целевые показатели (индикаторы), характеризующие достижение цели и решение задачи.",1,0
30311,"Стремясь заставить страны решать проблемы без войны, Устав Организации Объединенных Наций попытался обязать государства-члены использовать войну только при ограниченных обстоятельствах, особенно только в оборонительных целях.",0,1
30323,"В онтологии, абстрактные объекты считаются проблематичными для физикализма и некоторых форм натурализма.",0,1
30344,"Кабмин выделит более 7,3 млн гривен для 505 пострадавших во время Евромайдана. Пострадавшим во время Майдана участникам протестов выделят единовременное пособие в размере 14 500 грн. Об этом сообщил вице-премьер Павел Розенко. Ранее сообщалось, что план расстрелов и разгона Майдана готовился с участием российских силовиков.",1,0
30400,Решение предусмотренных задач по развитию промышленности строительных материалов позволит:,0,1
30425,Он дал подробное описание происшествия.,0,1
30440,"Поль раздавлен, его горе отчаянно, но как мне жаль ее несчастную мать!",1,0
30470,"Во время Ливонской войны мусульманские области Поволжья стали поставлять русскому войску «множеае треюдесять тысящь бранных», хорошо подготовленных к наступлению Русского государства. В ходе Второй мировой войны в Казани царь возвращался в столицу.",1,0
30481,В 2017 году ремонт автомобильных дорог местного значения в границах населенных пунктов Болынеизыракского сельсовета продолжится.,0,1
30540,"Runbo was arrested 28 февраля 2006 года, когда один из мальчиков, убегающих из его квартиры, позвонил в полицию.",1,0
30598,К чему ты клонишь?,1,0
30607,"Недавно Харис Сильваджич, член Президиума Боснии и Герцеговины, подверг критике Дейтонские соглашения и их результаты.",1,0
30686,серии одиночных одиночных акций в поддержку Ивана Голунова начались в спБ на месте минимум четверо сотрудников полиции и один автомобиль.,1,0
30748,"Подумала, что гром или на строящемся мосту упало.",1,0
30803,"Через два дня дети мои от нас проводили Михаила Никифоровича с женою на железную дорогу, которая находилась от нас в самом близком расстоянии.",0,1
30818,Truffle был занут в простыню мешок или просто не обернули.,1,0
30904,ывается лекционная работа в Пушкинской библиотеке и «прочие» виды деятельности в ПБО.,1,0
30913,"Что это будут за города, к чему они будут привязаны с точки зрения производств, что там будет с трудовыми ресурсами.",0,1
30928,"-задача сохранения культур, традиций, архитектуры и спорта района решается культурно-досуговыми организациями путем организации, проведения культурно - массовых мероприятий, поддержания и развития традиций.",1,0
30958,"Например, «Если бы мяч не попал в ворота, то наши форварды высказали бы мне претензии». ''",1,0
30988,Геннадий Гатилов назначен постпредом России при ООН в Женеве.,0,1
31029,«Фашистская хунта и КГБ». Протестующий юноша с баннером во время августовского переворота в СССР.,1,0
31035,Случится она между твоими братцами и твоим богатеньким батюшкой».,0,1
31114,"Насколько я знаю, он всегда выполняет свои обещания.",0,1
31194,"Боюсь, что уремия начнётся.",1,0
31202,", см. Тиман-и-Шалфей; ЗимнйМаоранъ, зимникъ, травяная",1,0
31268,"Но Майлз отказывается, не может быть.",1,0
31296,"В августовской духоте дождь прихватил их на Трубной, а в парадном часа два мальчишки с якорьком сказали: «Еще один звонок, и ноги из жопы выдеру!».",1,0
31322,"Володя Бунин советовался со мной, что ему играть в Штутгарде.",0,1
31338,Я не мог спать из-за тепла.,1,0
31350,"Руководящий орган ""Справедливой России"" решил исключить из партии членов Координационного совета оппозиции Геннадия и Дмитрия Гудковых. Это предложил лидер партии Сергей Миронов.",0,1
31351,"Например, кто-то может помочь другой стране вести войну против его страны, рассказывая секреты.",0,1
31352,Но из-за очень суровой зимы Боснийские войска были вынуждены вернуться домой.,0,1
31365,"На прошлой неделе Бронислав попал в больницу с инфлюэнцем. Привезли новые лекарства. Бронислав поправился настолько, что пошел в будку.",1,0
31422,"На их территориях гуляют теперь многочисленные потомства и гуляют вокруг них, выкрикивая ""Халаты!"".",1,0
31428,"Что бы там ни было, он не изменит своего мнения.",0,1
31450,На последних выборах он был избран в сенат.,0,1
31530,Сегодня на обед имел наваристый борщ и оладьи с икрою и сметанным соусом. С отличным видом на Средиземное море и хорошей едой пришло прекрасное настроение.,1,0
31535,"ойкава студент, который ненавидит своего преподавателя иваизуми. и однажды тоору....немного перепутал чаты",0,1
31558,"Скатерть-самобранка, салат, зелень опасная, бактерии на ней, антибиотики на ней, а также антибиотики.",1,0
31591,Я успел заметить только белокурого полного пастора с женой и с детьми.,0,1
31618,Сначала партактиву нужно растолковать партактиву значение нашего вступления в Лигу Наций.,1,0
31755,"Значение предела зарплаты назначенных игроков также можно уменьшить, используя деньги распределения.",0,1
31875,"Некоторые теоретики пытались найти связь между различными параметрами, например между массами частиц в разных поколениях.",0,1
31912,Это так называемая имперская идеология».,0,1
31938,Де-факто форма правления смешанной.,1,0
31963,"Потребность в финансировании на реализацию мероприятий по данному направлению оценивается на 195,3 млн рублей.",1,0
32002,"Здесь то, что происходит на самом деле.",0,1
32045,"Годовой отчет по программе представляется по формовым формам в соответствии с приложениями №10, №12 и прилагаемым Порядком.",1,0
32075,"Также можно было добавить другие видеозаписи с YouTube, Rube и других видеоведущих к их видеоальбому.",1,0
32097,"Когда я сразу же хотел сделать их обязательными, это вызвало энергичный отпор учениц, чуть не окончившийся скандалом.",0,1
32102,"Однако, если речь идет одновременно с двумя людьми, то очевидно, что благо одного и другого имеет преимущество над моим.",1,0
32132,Сепаратисты в Йемене захватили Аден.,0,1
32340,"Мы гордимся этим, что также делает нас мишенью».",0,1
32389,Спортивный туризм является одним из наиболее доступных и здоровых круглогодичных видов досуга.,0,1
32390,Обладающий духом и телом Шона Бина король оборотней в прошлом был благородным лордом Старком с острова Эйвон(3).,1,0
32469,", Дошкольным обучением охвачено 900 человек в детском возрасте от 1 до 3 лет.",1,0
32477,Я просыпался три раза за ночь.,0,1
32479,Оба лидера признают себя равными и обязуются оказывать друг другу взаимную помощь.,1,0
32506,"Торопитесь, иначе вы опоздаете на обед.",0,1
32557,Она предложила Вину Дизелю пройти прослушивание перед съёмками мультфильма.,0,1
32572,"Международная федерация биатлона, в первую десятку сыграет Женская одиночная сборная России.",1,0
32623,Главным теоретиком и разработчиком «Исправленного шотландского устава» был Жан-Батист Виллермоз.,0,1
32672,Осенью я в очередной раз серьезно разговариваю с Антоной.,1,0
32678,TatCenter не подал заявки на приобретение матча российской футбольной Премьер-лиги.,1,0
32725,"Самым важным вопросом остается подготовка всех групп населения и специалистов по вопросам гражданской обороны, пожарной безопасности, способам защиты и действиям в чрезвычайных ситуациях мирного времени.",1,0
32802,Приложение 5 регулярно обновляется в результате этих двух процессов.,0,1
32866,"Дамы и господа, мы начинаем показ фильма.",0,1
32888,В соответствии с упомянутым выше образом возникает необходимость продолжить решение задач по безопасности дорожного полотна в Кадомском районе.,1,0
32905,Украину сегодня будут осаждать грозовые дожди с ветром до 15 м.с.,1,0
32911,"При общении с полицейскими мужчина заметно нервничал, поэтому сотрудники ГИБДД решили досмотреть салон авто и нашли 130 граммов наркотиков.",0,1
32917,"Кроме того, они могут стать резидентами «Жигулевской долины» и получить поддержку от команды технопарка, - рассказал глава Минэкономразвития региона Дмитрий Богданов.",0,1
33006,"Ухлинов отметил, что в GTK планируется заменить около 7,000 компьютеров.",1,0
33030,В Милане завершился рабочий завтрак с участием президентов Украины Петра Порошенко и России Владимира Путина.,0,1
33043,Acme также поддерживает командный язык редактора sam.,0,1
33059,Более 70 дел возбуждено после проверки Генпрокуратуры в Дагестане.,0,1
33067,"Возникла потасовка, пистолет выстрелил, но никто не был ранен.",0,1
33090,"Целью муниципальной программы является обеспечение устойчивого развития и повышения конкурентоспособности экономики, создание благоприятных условий для предпринимательской деятельности граждан. 
 В целях реализации указанной задачи в муниципальном образовании ""Город Лесосибирск"" на территории города проводятся конкурсы среди муниципальных образований Новосибирской области по следующим номинациям: - конкурс проектов социально значимых объектов (реконструкция жилых домов), реконструкция детских дошкольных учреждений; – проектная деятельность детей-сирот городского округа лесное хозяйство с целью обеспечения их социальной защиты посредством строительства жилья экономкласса из дерева или камня путем организации досугово–оздоровительного отдыха",1,0
33094,В французском журнале опубликовали карикатуры на гибель пассажиров разбившегося самолета над Синаем.,1,0
33096,В английском языке Земля — Earth.,0,1
33181,"Основы российской орденской системы были заложены Петром I, учредившим высший орден Святого апостола Андрея Первозванного, а также орден Белого орла, учреждённый Петром I после принятия им титула магистра Мальтийского ордена.",1,0
33224,Почтеннейшие представители сословий считали излишним держать наготове кошельки с деньгами на случай кражи или наводнения; он,1,0
33242,Он станет хорошим врачом.,1,0
33273,"Все компьютеры LEO III позволяли одновременное выполнение до 16 программ посредством операционной системы, называвшейся Master program.",0,1
33357,"Лев Николаевич очень огорчен отлучением, по словам ее.",0,1
33400,Я часто занимаюсь под музыку.,0,1
33426,Портрет Надежды Николаевны Блек.,0,1
33435,"на территории Волгоградской области"" на 2015-2020 годы",1,0
33444,"Когда Кайло Рен не решается убить свою матери, Рен отказывается стрелять по ней.",1,0
33458,"Политик из США, высказывавшийся о политике в стиле ""Шварце-неггера"", оказался прав.",1,0
33537,В случае завершения сделки по слиянию бренда Baring tok и банка Карлсберга управление бизнесом переходит к Барбаре Бучан.,1,0
33566,Мы хотели бы остаться здесь на ночь.,0,1
33573,"Египет не знал, что такое дождь в течение трех тысяч лет; теперь, говорят, там бывают ливни благодаря оросительным каналам и лесным плантациям.",1,0
33655,"Например, представитель Палестины участвует в заседаниях регионального бюро Восточного Средиземноморья.",0,1
33697,РФ передала Беларуси четыре дивизиона ЗРК С-300.,0,1
33710,Шаги все стучали сзади их.,0,1
33762,"Разогрела всех, конечно, только старка.",0,1
33793,18 октября журналистам РИА «Новости» заявил председатель ЦК Александр Вешнаков.,1,0
33814,"Дмитрий приказал доставить из Курска чудотворную икону Богородицы, устроил ей торжественную встречу, поместил в свой шатёр, где позднее молился ей каждый вечер.",1,0
33846,В лагере русский доктор дал мне несколько таблеток.,0,1
33866,Строительство электрических сетей 110кВ кольца г.Благовещенска,0,1
33894,Моё время - фотографировать дикие цветы.,1,0
33921,"Легко представить себе гнев и удивление бойцов, когда они узнали, что нас опять двое.",0,1
33941,"Portfolio Projects of The Millions of Index (уже реализуемые и перспективный проекты) составляет 17, 4 миллиона квадратных футов.",1,0
34015,"М., 1967 О времени и о себе.",0,1
34017,Несколько раз подвергался арестам в Киеве и Вильне.,0,1
34061,"Необходима подготовка бюджетного чиновника, а активиста, занимающегося духовной деятельностью.",1,0
34147,"Тело было обернуто в простой мешок или в какую-то ткань, а иногда оно даже не было обернуто.",1,0
34193,"Я вошел с холода и подумал: ""Наверное никого нет дома"". А оказалось никто уже давно спать ложится.",1,0
34220,"был намного старее Нас и, следовательно, мы с ним друзья; он также содействовал вам к заведыванию типографии.",1,0
34238,"И все же, мое имя не ""друзья"".",1,0
34273,Начальник МУР Игорь Зиновьев покидает свой пост.,0,1
34317,"И люди всегда говорят нам, что мы боремся за Десять заповедей Божьих.",1,0
34324,Мелла Фез не всегда преуспела в защите своих жителей.,1,0
34338,"Этап 1 может либо загружать этап 2 напрямую, либо он может загружать этап 1.5: этап 1.5 GRUB расположен на первых 30 килобайтах жесткого диска сразу после MBR.",0,1
34417,"Мама, пойди со мной в магазин.",1,0
34454,"Администрация Республики Башкортостан может осуществлять расходы, источником финансового обеспечения которых являются не использованные в отчетном финансовом году остатки субсидии, а также возможность осуществления расходов, связанных с не использованными в отчетном году остатками субсидии. Финансовое управление Администрации - в части средств бюджета городского округа город Уфа и с Финансовым управлением Администрации.",1,0
34456,Она мне так нравилась.,0,1
34512,Он брал пример с самых современных медицинских учреждений Западной Европы.,0,1
34593,"При этом Троцкий отрицал общий гуманитарный характер движения, хотя он согласился на участие коммунистов и социал-демократов.",1,0
34599,"В результате ЧП пострадало 16 человек, детей среди них нет.",0,1
34610,Вверх на Бараний пик было так неинтересно лезть в тумане.,0,1
34612,Московская хроника Сегодня в Сокольниках совершено дерзкое покушении на вооруженный грабеж.,0,1
34629,"В январе, когда весь мир ощетинился злою собакой на большевистскую Россию, выкинуло из пределов Р.С.Ф.С.Р., в фанерные границы батавских слезок Эстии, Литвы, Латвии, Польши, в спокойствие международных вагонов, неторопных станций, киркочных, замочных городов.",1,0
34632,Охлаждение : Стволы могут охлаждаться жидкостью (как радиатор в двигателе) или их необходимо периодически менять.,0,1
34638,"За десятилетие 1904-1913 гг. русское крестьянство крепло и увеличивалось устойчивость урожаев и производительность посевов, а с другой стороны под влиянием аграрной реформы, стремившейся к распространению и укреплению мелкой крестьянской собственности.",1,0
34661,"в северных широтами с октября до января у домашних котов температура анэстуса достигает 40,5 ° C.",1,0
34700,"Маленький мальчик потерял деньги, которые ему дал отец.",0,1
34721,"У нее маленькие руки. Но не такие маленькие, чтобы она не могла играть на пианино.",0,1
34725,В производстве используются отходы производства и переработки мясокомбинатов и отходы переработки зерна.,0,1
34739,"Алкоголь, вероятно, является худшим из всех наркотиков.",1,0
34759,"В Харькове провалился под землю мусоровоз. На месте происшествия сотрудники КП «Харьковводоканал» вырывали яму, где вели ремонтные работы. Если вы нашли ошибку в тексте, выделите её мышью и нажмите Ctrl+Enter. Сообщения, где не указаны эти данные, рассмотрены не будут.",1,0
34787,их доступность и сократить объем инвестиций в инфраструктуру спорта.,0,1
34819,Модернизация системы образования в целом также затронула систему образования детей и дополнительного образования.,1,0
34897,"такие, например, как Филин Ничке, советуют использование более безвредных, как азота.",1,0
34908,"После полицейского расследования трое мужчин были осуждены за профессиональную халатность, приведшей к смерти мальчика.",0,1
34957,Айка (айкиты) (араб.,0,1
34975,"Пожалуйста найдите хотя бы пару денечков, я представляю какой щас график на декабрь и январь но ПОЖАЛУЙСТА они так скучают по дому",0,1
35050,2008 Медаль Президента Туркмении «За любовь к Отечеству».,0,1
35061,Это может также вызвать рак лёгких.,0,1
35095,"Пеньковский был заместителем председателя Комитета по науке и технике при Совете Министров, полковником КГБ.",0,1
35143,"Кроме того, за рулем автобусов поймали двух водителей-бесправников и двух водителей, работающих сверх нормы.",0,1
35179,"Всех, кому что-либо известно о местоположении девушки, просят сообщить эту информацию по телефону 8-930-179-00-69.",0,1
35196,"Александр оставил Пора царём и даже расширил его владения, чтобы не усиливать чрезмерно Таксила.",0,1
35198,В деле о незаконной высылке в Горький академика П.Л. Капицы появились новые фигуранты.,1,0
35238,"п - количество мероприятий, включенных в муниципальную программу (подпрограмму);",0,1
35253,"В реальности, есть две причины, по которым гравитационные поезда не существуют.",0,1
35289,"Сия-то есть оная сила, которая исходит из праведника и исцеляет всех, когда верою прикасаемся ему.",0,1
35306,"Демографическая нестабильность, которая является результатом сокращения населения, в том числе трудящихся, усугубляет положение трудящихся.",1,0
35386,"У пациентов удалось частично секвенировать геном рака, была назначена таргетная терапия.",1,0
35425,"Xaxes заявляет, это он, Xaxis, ненавидит Рена.",1,0
35466,"в 2008 году его сын, Ронни Роуленд, женился на Нэнси М. Шатуре, октябрь 2008 года.",1,0
35491,"Увеличение объемов промышленного, транспортного, общественного и грузопотока, платформ для пассажирского транспорта, работ в жилищном строительстве, услуг населению., платформ в строительстве.",1,0
35499,"Во сне я кому-то говорю: «А я готовлюсь к смерти». И начинаю рассказывать о монастыре женском под Елгавой, о старце Таврионе.",0,1
35806,"«Когда его делали, нас, летчиков никто не спросил, что удобней: штурвал или джойстик»",0,1
35818,"В течение двух дней был достигнут значительный прогресс в деле сближения позиций обеих сторон, однако в то же время усилилась напряженность.""",1,0
35859,"Приезжие покупают за деньги, но спрос большой идет на тряпье: одежду, ситец и т.д.",0,1
35880,"Некрасов хотел было значительно понизить подписную годовую плату, но Белинский побоялся, что не хватит денег, и потому плата была назначена в 16 руб.",0,1
35886,По состоянию на 1 июля 2011 года Колумбийский университет прекратил принимать этот проект и выпустил его на открытый исходный код.,1,0
35928,"События, которые последовали в других регионах республики — в Буйнаке и Новоласке — еще больше осложнили ситуацию и потребуют дополнительных выделений.",1,0
35946,Все больше людей переезжают в городские районы.,0,1
35947,Лица товарищей возбужденно счастливы.,0,1
35956,Он может использоваться любым из следующих способов: Ram put on the lights.,0,1
35976,"О стоимости обеда можно судить по одному тому, что за одни электрические эффекты для стола было уплачено 2000 руб.",0,1
35977,Сложно иметь хорошие идеи.,1,0
36019,"В Ясной был у Л. Н. слепой, который бывал раньше и потом писал ругательные письма. Он не пил, не ел весь день и сказал, что не уйдет, пока не обратит его на путь истинный.",1,0
36030,На счёте какая-то ошибка.,1,0
36094,"Через две недели после дебюта «Скорпиона» на международной арене в матче с командой США, который состоялся 15 апреля 1967 года (3:0), он дебютировал и за национальную сборную Бразилии. В том же году его команда дошла до четвертьфинала Кубка Америки — бразильцы проиграли команде Уругвая со счётом 0-5 по сумме двух встреч[1].
В 1968—1971 годах выступал во втором дивизионе чемпионата Южной Африки; провёл один матч против сборной ЮАР при участии своего брата Жоана Маурисио да Силва де Соуза (). После окончания сезона 1969/70 вернулся домой для прохождения подготовки к Олимпийским играм 1980 г., однако",1,0
36100,"Она также работает моделью в эротических съемках и появлялась на страницах изданий «для взрослых», таких как FHM, oo и Nuts.",1,0
36122,"Губернатор Санкт-Петербурга Георгий Полтавченко в эфире одного из телеканалов выразил свое возмущение поведением петербуржцев, показывавших неприличные жесты проезжавшему кортежу премьер-министра Дмитрия Медведева во время недавнего визита.",0,1
36137,У самолёта дикие цветы.,1,0
36147,были обнаружены канадским археологом и коллекционером Кевином Ллойдсом в 1999 году.,1,0
36220,"Jane’s сообщил, что YJ-12А была разработана предположительно в 2004 году.",0,1
36235,Рекорд Рикардо Майорга был неправильным в течение многих лет».,0,1
36254,Именно поэтому он получил такой мягкий приговор.,1,0
36338,В самое короткое время Хюррем привлекла внимание султана.,0,1
36384,"Основная работа по истории — «Древняя Россия история», изданная уже после смерти автора.",1,0
36422,", Субсидия на конкурс должна предоставляться не позднее чем через два года после приобретения основных средств и ввода их в эксплуатацию в соответствии с Порядком, установленным подпрограммой.",1,0
36433,"Морис Бейтс (18 сентября 1840 - 2 мая 1932) был английским поэтом-романтиком и эссеистом. ==� Морис Бейтс был английским писателем, поэтом и эссеиком.",1,0
36542,"Цена нефти на азиатских рынках обвалилась более чем на 31% в начале торгов в понедельник. Это произошло после того, как в пятницу страны ОПЕК не смогли договориться с другими производителями нефти о сокращении добычи. На фоне падения котировок нефти начал падать курс рубля.",0,1
36552,"Немного занималась историей церкви. Очень интересное заседание творческого бюро имажинистов, доклад Клюевой о современной литературной Москве с интересными дополнениями московского литератора (Соболев) и Прыгунова, Ганина.",0,1
36565,"Куда ни пойдешь, везде одно и то же.",0,1
36595,Стюардессы увидели в коверах еду с пролитыми на него кусками.,1,0
36618,"она думала о фигурных солдатиках в киндерах в разных вариантах и захотела арс-официант или лимона любит лимонада, шаста - студент в Хогвартсе или полицейский",1,0
36642,"Направление ""Консервативный путь"" предполагает достижение макроэкономических показателей уровня среднероссийских значений при сохранении имеющихся рисков снижения темпов рост",1,0
36649,Она состояла в Future Farmers of America и стала зарегистрированным резаком мяса в старшей школе.,0,1
36664,"Синухе говорит: ""Я сопровождаю своего господина.",1,0
36676,Для этих задач Германия находит союзников в восточной Европе.,1,0
36706,Ты заставляешь меня чувствовать себя виноватой.,1,0
36712,"Я ответил на иск выстрелом из пушки, и наш флаг по-прежнему с гордостью поднимается по стенам.",1,0
36777,"я думаю о теплой погоде: 

я думаю о жуках, которые выползут, как только зима закончится:",0,1
36814,С тех пор НДК в течение 13 лет выступало в качестве оппозиции.,1,0
36861,Вопрос на первый взгляд казался простым.,0,1
36891,«Компания вышла из-под контроля за устройством против акулы».,1,0
36901,А вот Курмышова нашего он вполне мог освободить.,0,1
36926,"комплекс площадью 39,2 га будет построен в месте пересечении Екатеринбургской Кольцевой автодороге и Березовским трактом.",1,0
37004,"Мамочка также постарела, но выглядывает бодрее и веселее прежнего.",1,0
37017,Архитектура становится гармоничнее и современнее.,0,1
37075,"В этом заинтересован только Сталин, так как архивы имеют для меня исключительную ценность в борьбе против московской олигархии.",0,1
37089,"-- Да как же я могу жениться, если они все.",0,1
37101,"Она ходит со странником рука об руку по берегам Ганга; лицо ее горит, будто от тамошнего солнца; глаза, вслед за воображением, пожирают пространство.",1,0
37104,Сейчас идет государственная экспертиза проекта.,0,1
37121,Присоединенная нагрузка всех объектов составляет 9.12 Гкал/час.,0,1
37171,"Перед тем как выйти из дому, моя мама сделала макияж.",0,1
37217,"Весной 1978 года часть группы установила палатки на выбранном холме, в августе 1978 года там проживало в общей сложности около сорока семей.",0,1
37224,"Формы являются или параметрическими формами, или вопросами к другим байесовским программам.",0,1
37297,В библиотеке взял книгу «Король угля» и читал ее.,0,1
37376,Я не в форме.,1,0
37397,"Согласно данным правоохранительных органов, Диск-Пресс МСК принадлежит болгарскому гражданину г-ну Филиппу Стейкову, товарищу задержанного в 1997 году (Бульгарская линия).",1,0
37410,В / 3 летнего отдыха пройдено на горе Летние Олимпийские игры.,1,0
37424,"января-сентября 2018 г. оборот розничной сети составил 12,6 млн. руб., темп прироста 4,8 %, объем розничных услуг населению вырос на 8,3 %.",1,0
37517,"школа: перед важным экзаменом открываешь книжки
универ ответственная взрослая жизнь: перед важными экзаменами открываешь бутылку самогона потому что от водки уже не набухивает",0,1
37575,"В бюро находок я видел тысячи утерянных документов. Штабеля паспортов, дипломов, удостоверений, пропусков.",1,0
37632,Игра сделана студией THQ Sandblast Games для Xbox 360 и PlayStation 3.,0,1
37668,"В политике южной Индии преобладают более мелкие региональные политические партии, чем национальные политические партии.",0,1
37677,"В 1981 году она сыграла вничью 8–8 против Наны Александрии в Тбилиси, но сохранила титул чемпиона.",0,1
37693,В Минске была дневка.,0,1
37723,Санкт-Петербург вошел в тройку городов России по наибольшему объему государственных закупок.,0,1
37825,С 1760 по 1765 год он работал секретарем генерала в Бреслау (сегодня: Вроцлав).,0,1
37941,"Турция намерена завершать карьеру, как хотит больше времени проводить с матерью.",1,0
37956,С кем поговорить о Вивальди?,0,1
38009,Я умею играть в теннис.,0,1
38036,Член фракции «Единая Россия».,1,0
38109,"в пределах своей компетенции организует торги по размещению заказов на поставку товаров, выполнение работ и оказание услуг для муниципальных нужд городского округа;",0,1
38155,"У адмирала плохое воспоминание, полагая, что нынешний президент США все еще Герберт Гувер.",1,0
38309,"П. А. Сарапульцев является специалистом в области кардиологии, гастроэнтерологии и эндокринологии. В области кардиологи П. А. Сарапульцевым получены важнейшие результаты: установлены этиопатогенетические механизмы возникновения функциональной патологии сердца, механизмы возникновения и клинические проявления патологии сердечно-сосудистой системы при анкилозирующем спондилоартрите; в области гастроэнтерологии установлены клинико-патогенетические закономерности развития демпинг синдрома и особенности морфооптического состояния жидких сред организма при хронических вирусных гепатитах; в области эндокринологии разработана методика выявления генетической предрасположенности к различным формам сахарного диабета, выявлены особенности изменения сердечно-сосудистой системы при развитии диабетической кардиопатии и метаболическом синдроме.",0,1
38316,Контроль за сохранностью зеленых насаждений осуществляет управление по охране окружающей среды администрации города Владимира.,0,1
38339,"Я испортила всю главу «Гидроцентраль» и надорвала инерцию со дня на день, не боясь пустых пауз.",1,0
38366,"Павел Егоровича умер, Антон Павлович, в возрасте 62 лет, оставив его семье и брату Владимиру Павловичу, единственный сын. Антону",1,0
38422,от 19 декабря 2014 г. N 573,0,1
38426,"Для заключения соглашения органы местного самоуправления муниципальных образований представляют в администрацию Губернатора и Правительства в лице департамента по внутренней политике и местному самоуправлению заявку, включающую следующие документы:",0,1
38428,"Методики расчёта значения целевого показателя подппрограмм, включённых в состав настоящей программы приведены по ссылке.",1,0
38456,"Мужчина причинил материальный ущерб на общую сумму более 2,9 млн рублей.",0,1
38488,"Жители ДНР разоружили иностранную миссию и выдворили за пределы Республики — учения прошли в Донецке. В тренинге приняли участие более тысячи человек из разных частей Республики, среди них студенты и шахтеры, пенсионеры и предприниматели.",1,0
38516,"Я не знаю, что теперь делать.",0,1
38518,Природно-климатические и экономические условия благоприятствуют интенсивному развитию в регионе мясного табунного коневодства.,0,1
38531,Переказовавшемуся в США журналисту поставили неправильный диагноз и не выписали из больницы на следующей неделе.,1,0
38557,Развитию кадрового потенциала способствуют всеобъемлющее правовое регулирование и оптимальная организация прохождения муниципальной службы.,1,0
38613,", ""Гулливуда-2"", Багряно солнце, проплыло над лесом и",1,0
38646,"Объем предоставляемых населению платных услуг вырос на 8,8 процента и составил 60,8 миллиона. с рублями.",1,0
38656,"С целью дальнейшего сокращения загрязнения окружающей среды отходами необходимо: проведение паспортизации площадок, создание необходимых условий для сокращения объемов образования отходов.",0,1
38758,Сканер отпечатков пальцев соединен с кобурой проводом и крепится додельно.,1,0
38800,Семь человек погибли и отправлены в различные медицинские учреждения.,1,0
38806,Высоцкого работал актёр В.Стеклов.,1,0
38894,будут созданы необходимые условия для деятельности не менее 2 специалистов органов опеки и попечительства;,0,1
38970,Однако есть способы повышения производительности.,0,1
39163,"По словам руководителя центра Елены Кореневской, в ближайшее время одна из ее сотрудниц пройдет вакцинацию и охват в компании будет 100%.",0,1
39279,До деревни не ездят автобусы.,0,1
39298,Заявление и прилагаемые к нему согласно перечню документы приняты,0,1
39303,"Если в доме есть гости, они будут иметь приоритет.",0,1
39309,Первая крепость была выстроена в Бэттери-парке для защиты Новой Голландии.,0,1
39331,Я не любил: в моем кармане уже был билет на дизель-электронный Ленин.,1,0
39412,"Что делают коты, когда им делать нечего, я с детства знал.
А теперь знаю, что в этом случае делают кошки...",0,1
39430,"""SEGA PAXtravaganza – Соревнование в Буте и общине!"".",1,0
39438,"В 2008 году стабилизационный фонд, получивший доходы от высоких экспортных цен на нефть, составил 4 трлн. рублей.",1,0
39452,Маленький брат и охотник.,1,0
39456,В Львовской области произошла авария на ТЭЦ-1. Из-за короткого замыкания вышел из строя турбогенератор N7. В процессе возгорания загорелось масло турбогенератора. Жертв и пострадавших нет.,1,0
39459,"И это не только в республике, но и в целом по России.",0,1
39465,существует ли необходимая техническая документация? да/нет;,0,1
39466,К финансовым и неожиданным рисковм относятся возможные потери от новых инициативных программистов.,1,0
39484,"Глава муниципального округа Красносельский города Москва Ильи Яшин сообщил в эфире «Эха Москвы», что избирательная комиссия не представила доказательств причастности политика к экстремистской деятельности",0,1
39491,Я выздоровел после сильной простуды.,0,1
39503,Инцидент произошел днем на пересечении улиц Данилы Зверева и Блюхера.,0,1
39603,Nobody knows how она собирает свою информацию.,1,0
39610,Бобби Джон и Джеймс все еще хотели проголосовать за ленивую Ким.,0,1
39625,"— В странах Европы мы оцениваем свою долю в 13%, и Россию включаем в эту оценку.",0,1
39635,"Между тем на некоторых картинах можно было различить места, освещенные солнцем, и места, на которые падала тень.",0,1
39641,На Волчихинское и Верхне-Макаровском водохранилище провели водные работы.,1,0
39738,"Операция будет продолжаться до тех пор, пока не достигнет своего логического завершения.",0,1
39819,"Японцы, однако, намеревались изолировать Австралию, оккупировав Новую Гвинею, Новую Каледонию и Фиджи.",1,0
39821,чисто теоретически может ли хольт заряжать смартфон от пупка,0,1
39829,"Некоторые источники утверждали, что 2000 испанцев служили во Второй французской дивизии генерала Леклерка, многие из них были из колонны Дуррути.",0,1
39835,"Было также заявлено, что он купил асьенду в Бразилии за 20 миллионов долларов, угольные шахты в Колумбии и журнал Vision.",0,1
39838,"Плаза - это испанское слово, связанное с «полем», которое описывает открытое общественное пространство в городе, например, городскую площадь.",0,1
39845,Адмирал Канарис вздохнул с облегчением.,0,1
39851,"Компания имеет 6 коммерческих телевизионных станций, которые транслируют в местных языках Чешской Республики, Romania, Slovenia, Slovakia, Hungary и Украины.",1,0
39860,"Обязательным условием заключения договоров было внесение «обеспечительного взноса"", равного первоначально заявленной арендной плате.",1,0
39868,"Отмена крепостного права не спасла Россию, в сущности, даже нет черты, за которыми можно бы считать начало новой формы русской истории.",1,0
39871,"лозунг, который подходит в долой конституционные иллюзии",1,0
39880,Поэтому инвестиции за пределами национальной валютной зоны становятся менее привлекательными.,0,1
39923,Реконструкция (уменьшение площадей) зданий образовательных учреждений.,0,1
39933,"Саша с шестилетнего возраста обнаруживает склонность к мечтательности, страстное влечение ко всему героическому, величавому и бурному.",0,1
40002,"Аргентина — вторая по длине и площади река Южной Америки. Основной экономический гидроэнергетический потенциал принадлежит рекам Патагонии, Патагонии и Уругвая, а также рекам Параны и Параны, берущим начало в горах.",1,0
40004,"Хотите, чтобы я вам помогла?",0,1
40009,"Компания «Коммерсант» называла региональное отделение «Стройпрогресса», сам Джуссоев позже отмечал, что юридически они не связаны.",1,0
40013,"Мы должны решить, когда начать.",0,1
40029,"Было решено, что это историческая тропа и что она останется без изменений.",0,1
40040,"Инвесторы, разработчики и пользователи должны иметь возможность поддерживать постоянный ритм бесконечно.",0,1
40052,Либерализм провозглашает права и свободу каждого человека высшей ценностью и устанавливает их основой общественного и экономического порядка.,0,1
40076,"Одобренный Джобсом английский писатель Уолт Айзексон создал три комикса, на основе произведения ""Мой любимый герой"", написанной автором учёной энциклопедии.",1,0
40101,"Габера, которого все знали, больше нет: он остался в прошлом.",0,1
40158,Внимание! Только для лиц старше 18 лет.,0,1
40162,Сохранять богатство и красоту Земли для настоящего и будущих поколений.,0,1
40198,"С радио, что ветер ломает авиадромы в аэропорту ""Таймыра"", команду передали по телевидению и сможет грузить самолеты обратно на суд.",1,0
40240,"В декабре Дональд Трамп отрицательно высказался в отношении Тунберг после того, как она была названа «человеком года» по версии журнала Time.",0,1
40264,"Toshiba официально покинула рынок ПК и ноутбуков после 35 лет производства. Бизнес компании был продан бренду Sharp, который на его основе создал отдельное подразделение под названием Dynabook. Эксперты считают, что одной из причин продаж может быть низкий спрос на персональные компьютеры, который не смогла спасти даже пандемия коронавируса.",0,1
40299,"Утром Тревор отвез меня в парк к верблюдам и обещал привезти полдник, когда я буду в дороге.",0,1
40311,"Число членов определяется общим о судах учреждением, соразмерно населению округа.",0,1
40316,Партии ни разу не удалось избрать своего депутата в Квебекскую национальную ассамблею.,0,1
40342,"В 10:00 утра 15 ноября поезд отправился в путь, а в 2:30 ночи остановился на полпути.",1,0
40376,"В декабре 2017 года индекс потребительских цен на товары и услуги по Магаданской области, по сравнению с декабрем 2016 года, составил 103,1% (в декабре прошлого периода – 103,7%), в том числе продовольственные товары на 100,7% (в январе-декабре прошлого периода – 102,4%), непродовольственные товары – на 105,2% (в январе-декабре прошлого периода – 106,2%), платные услуги – на 105,3% (в январе-декабре прошлого периода – 103,0%).",0,1
40387,"Об этом упущении был поднят вопрос в нижней палате, результатом чего возникло желание опубликовать сведения, полученные из гомеопатической больницы.",1,0
40481,Впоследствии Служба безопасности ЦРУ получила мандат на фильтрацию подрывных элементов в канадской государственной службе.,1,0
40487,Linguist воссоздает прото-индо-европейский язык (AUDIO) / Huffington Post. - 09/28/2013 11:16.,1,0
40491,"С тех пор каждый день происходили пиршества в этом обществе, где каждый день собирались блуждающий кометный гость и",1,0
40518,"Он сказал, что не знает этого человека, но это была ложь.",0,1
40542,Оно всё равно не может сразу.,1,0
40544,Он подозревался в шпионаже.,1,0
40591,"Мы ехали со скоростью 120 км/ч, когда произошла авария.",0,1
40704,"О-о-о-о, я сейчас нахожусь в раскатывающемся теле",1,0
40769,"Эта методика была разработана Рахманом и Тейлором, двумя экспертами в этой области, в 1993 году.",1,0
40821,"Сегодня исполнилось два года Отечественной войны. Сегодняшний день похож на тот день 22 июня 1941 года, когда В.М. Молотов объявил, что немецкие фашисты напали на нашу родину, убитых и без вести пропавших 4.200 тыс. человек.",1,0
40898,"Зюк читал когда-то номер «Пшеглёнд Тыгоднёвы» и оставил на окне, теперь его не могут найти.",0,1
40941,Я заказал эти книги в Германии.,0,1
40943,организацию оказания услуги по обеспечению социальной занятости инвалидов трудоспособного возраста;,0,1
40952,"Охотник увлекается способностями Б'вана и похищает его, когда Старо побеждает.",1,0
41014,"Свой «кабинет» я убрал, получилось ничего, ха-ха!!!",0,1
41037,"Испытания, проведенные на более поздних версиях, Xubuntu 9.10 beta, в сентябре 2009 года показали аналогичные результаты.",1,0
41080,"Для последствий, чем нам всё больше прибавляет армия.",1,0
41146,"Казаки еженедельно, до 16-го, представляют департамент по делам казака и военным делам Краснодарского края отчеты об использованных средствах субсидии.",1,0
41193,Девочки у нас новая одежка появилась как бы весна наступила а значит и морозы скоро придут правда ведь дамы.,1,0
41206,"Вот моя горячка, лихорадка!",1,0
41221,НА ПРИОБРЕТЕНИЕ ТРАМВАЙНЫХ ВАГОНОВ В РАМКАХ ПОДГОТОВКИ,0,1
41261,"Немецкий религиовед Марко Френчковский упоминает, что его коллекция материалов по саентологии сейчас занимает целую комнату.",1,0
41273,"Когда Марков ушел из министерства, государь сказал, что был только один честный инженер — Марков, и того сумели спустить.",0,1
41401,"Ранее международная аудиторско-консалтинговая сеть FinExpertiza опубликовала данные, согласно которым в России около 17,1 тыс. человек ежемесячно зарабатывают более 1 млн руб.",0,1
41418,", -- говорят люди, и царь видит, насколько у господ пустуют, это царю убытки.",1,0
41461,Ни один человек не может пройти весь путь туда и обратно.,0,1
41463,"Он всегда знал, какие задачи являются важными, что показывает его выбор тем.",0,1
41562,Совбез: Наши позиции обстреляли вблизи 14 населенных пунктов.,0,1
41578,"Вкладывая собственные средства в развитие, сельхозпредприятия осуществляют реализацию крупных проектов.",0,1
41597,Именно богатейший край пустует с каждым днем.,1,0
41604,"Число врачей и среднего медицинского персонала в 2015 году на 10 тыс. населения составило 17,3 и 77,3 человека.",1,0
41684,Убитого на родине в селе Покровском хотели похоронить.,1,0
41691,В Заремы и Марией прошли театральный спектакль.,1,0
41797,Преобладающим языком Интернета является английский язык.,0,1
41808,"Ответственность за несоблюдение условий предоставления субсидии, недостоверность и неадекватность представленной информации несут органы местного самоуправления муниципальных образований Российской Федерации.",1,0
41884,"Что я вам сказки, что ли, буду рассказывать Сказочницу Маланью берите с собой, коли сказки любите.",0,1
41903,"В одном из своих воспоминаний Санька старался улыбаться. Это была просто условная ложь, которая требовалась, например, для выдачи адвокату доверенности на ведение бракоразводного дела. Он, кстати, спорит с людьми, которые делят род людской на консерваторов и либералов, предлагая «более естественное деление на порядочных и непорядочных».",1,0
41952,"На Immunity Challenge игрокам нужно было выбирать между чизбургерами, картошкой фри и безалкогольными напитками или испытанием на иммунитет.",0,1
41993,"С чистой юридической точки зрения, однако, договор не отменил статуса суверенного государства Марокко.",1,0
42009,Борис и Бегония в тот день находились в общежитии завода «Коммунар».,0,1
42015,У тебя есть бумага?,0,1
42074,"Значит, выходит если нет войны, то и смерти нет?",0,1
42113,"С поверхности Амальтеи Юпитер выглядел бы огромным: он выглядел бы в 92 раза больше, чем Полнолуние.",0,1
42176,"Затем Анна Страсберг подала в суд на детей четырех фотографов, чтобы определить права на публичность, что позволяет лицензировать изображения мертвых людей по коммерческим причинам.",0,1
42203,В результате пожара в цехе по производству пороха ПГУП «Эластик» в Шиловском районе Рязанской области погибли 16 человек.,0,1
42206,"Вернусь я домой, вероятно, дней через 5, но если напишете мне, то я успею получить.",0,1
42313,С желанием избавиться от книжных магазинов.,1,0
42334,Еще один миллион ученые госуниверситета выиграли за проект автоматической биолаборатории.,0,1
42352,"Сида включили в новую комиссию, на этот раз по расследованию причин трагедии.",0,1
42398,По окончании операции Titatanik приобрёл небольшой крен на левый борт.,1,0
42437,"Солдаты СС приказали жителям немедленно спуститься во двор (команда была отдана на немецком, польском и «русском»).",0,1
42507,"Прошли Московскую область. На Варшавском шоссе стоит столб с надписью на одной стороне Московская область, на другой - Смоленская область.",0,1
42546,По итогам конкурса муниципальных образований Тверской области по предоставлению субсидий и соответствующие им весовые коэффициенты устанавливаются в соответствии с приложением 4 к настоящему Порядку.,1,0
42576,"в 2009 г. Фонд оказал поддержку 523 педагогам из 639 образовательных учреждений, что дало 7,5% финансирования в 2005 г. и 9% в 2008 г.",1,0
42746,"У них в письме к министру было три стадии: 1, либеральное.",1,0
42777,"Друщиц предложил переменить тему курсовой, взять какое-то семейство аммонитов Кавказа, определить которые нужно для кафедры.",0,1
42779,возраст до 50 лет;,0,1
42867,"Он был назван в августе 2003 года от одного из кельтских имен бога племенного единства, более известного как Тутатис.",0,1
42960,Финнэйр и его филиалы занимают доминирующее положение в международных и национальных авиаперевозках в Финляндии.,1,0
42970,Успех - это плод твоих усилий.,0,1
42987,"что вы это не в последний раз мне жениться помогать; бывало и дюжину золота дарить, не так что бы дюжину золотых да пол дюжины столовых и чайных.",1,0
43015,До 1949 судебные споры могли быть обжалованы в Судебном комитете Тайного совета в Соединённом королевстве.,0,1
43034,"До 2020 года провести реконструкцию основных регулирующих водохранилищ: Краснодарского, Варнавинского, Крыуковского, Белореченского, Шансугского и Федоровского водохранилищ.",1,0
43045,«Китай и потерянные миры эпохи динозавров».,1,0
43120,"Корнелия умерла при родах своего второго ребёнка, который, как и она, не выжил.",0,1
43128,Руководитель МЧС Сергей Шуигу не подтвердил препровожденные вчера сообщения о 50 000 беженцев из Чечни в Ингушетии.,1,0
43146,Италия — это современная кухня Италии.,1,0
43147,"преимущественно березовая с примесями сосны, ели и иногда лиственниц.",1,0
43248,низкая эффективность использования бюджетных средств;,0,1
43261,"На следующий день после взятия города, графиня де Монфор прибыла в город со всеми её капитанами.",0,1
43291,Почему в списке языков нет мальтийского?,0,1
43314,Публикация украинского портала ТСН об участии Незалежной в аукционах на закупку электроэнергии у России и Белоруссии вызвала шквал критических комментариев в социальной сети Facebook.,0,1
43319,ранние голландские женщины в Соединенных Штатах. Фото август Шерман 1901-1913 гг.,1,0
43325,в) Диспетчерский центр межмуниципальных сосудистых центров - ведение регистра инсульта в рамках реализации в республике сосудистой программы.,0,1
43335,"Господи, что это еще!",0,1
43410,Современная Япония является одним из мировых лидеров в разработке новых экологически чистых технологий.,0,1
43438,"Император Лето Арейдес приветствует Дункана, нового короля гхолы.",1,0
43456,"Сочи полностью готов к приему участников и гостей Кубка конфедераций и Чемпионата мира, рассказал председатель временной комиссии Совета Федерации Вадим Тюльпанов. В рамках визита в Сочи сенаторы осмотрели сочинский аэропорт, предматчевые тренировочные площадки и главную сочинскую арену, которую предстоит принять матчи мундиаля — стадион «Фишт».",1,0
43472,В 1905 году он построил воздушно-десантный миль для Румынской армии.,1,0
43483,"Эксперты по кибербезопасности обнаружили, что в даркнете продаются 500 тысяч аккаунтов пользователей сервиса Zoom, который стал особенно популярным в условиях самоизоляции и работы из дома. Злоумышленники предлагают за сходную цену электронную почту юзера, его пароль, а также код администратора, с помощью которого управляется его персональный чат.",0,1
43492,Страница 51 в главе 7 («Закон о частных делах по УСМ»).,1,0
43545,Во время пребывания в Китае Кребс продолжал изучать иностранные языки.,0,1
43547,"Фельдмаршал Лист был в Хельсинки, Осло.",0,1
43576,"Два рассказа из этого сборника были всем, что осталось после потери чемодана, а третий был написан прошлой весной в Италии.",0,1
43577,У неё нет никаких отношений с другими французскими послушаниями.,0,1
43662,"Гик — горизонтальное рангоутное дерево, привязанное к мачте на небольшой высоте над палубой и расположенное свободным концом к корме судна.",1,0
43681,"Однако, предположим, что вы предлагаете Джорджу $100 за его фортепиано.",1,0
43749,В Новосибирске горел торговый центр.,1,0
43791,Наши усилия скоро принесут свои плоды.,0,1
43795,"После заявления Лионеля Месси об уходе из сборной Аргентины началась кампания, направленная на его возвращение в сборную. Болельщики приветствовали игроков с табличками «Не уходи, Лео». Президент Аргентины Маурисио Макри также призвал Месси не уходить из команды.",1,0
43820,"В отличие от мечетей на Ближнем Востоке, она построена из древесины.",0,1
43843,"Справа лежит дважды сжатая степь, уходя к полотну железной дороги.",0,1
43850,"Турресурсом в селе Арефино может стать бывшее здание больницы, в настоящее время переоборудующееся под частную гостиницу, как гостиничный комплекс коллективных средств размещения.",0,1
43880,", ранее распространяемую с радио, теперь можно будет увидеть только европейские рекламодателей, имеющих лицензию.",1,0
43924,"ВТБ намерен уменьшить ставки по жилищным кредитам на 0,4 процентного пункта",1,0
43936,мониторинг за три года исполнения программы выявления проблем деятельности предприятия по распространению информации о них позволит предсказать выполнение некоторых конкретных мероприятий.,1,0
43957,"Вчера получил письмо от Р[аи]. Он боится, чтобы у нее не отобрали комнату. Написал ей обширный ответ. Сегодня был на лекции Визера — поэта и философа права. Завтра намерен много работать в библиотеке парламента и Arbeiterkammer.",1,0
44035,27 января еженедельно два раза в день приходилъ изъ порта паровой катеръ с частными и офицальными постителями.,1,0
44057,"Он видел, что на соседнем окне женился лакейный.",1,0
44073,"Отличные новости, профильный комитет одобрил список из 35 коррупционеров и пропагандистов, которых необходимо покарать.",1,0
44090,"Он не мог вспомнить даты релизов своих предыдущих альбомов или имена людей, с которыми он работал.",0,1
44127,Она смогла научиться водить машину.,0,1
44134,"Во второй половине дня был заслушан доклад Н.А. Тихонова по проекту плана развития народного хозяйства, затем продолжалось его обсуждение.",0,1
44140,У кролика длинные уши и короткий хвост.,0,1
44143,": Прикиньте, какие будут сибирски крутые дерби в 2021 году.",1,0
44148,"Сегодня два наших лапоиста-кита, дипломники защитившись на 4,  радуются больше, чем если бы я представила Мотечку обнимает лапаем их за плечо за",1,0
44162,"Без такого пропуска жители не смогут посетить ТРЦ, а также различные культурные и спортивные массовые мероприятия.",0,1
44202,Монтань основывался на исследовании индийских ученых.,1,0
44228,"Мэри Майерс и Джеймс Лорд также поклялись, что слышали, как Элизабет говорит «Уиллз или Уэллс».",1,0
44272,Она сыграла Катару в фильме «Последний маг воздуха».,0,1
44298,"Основным способом обеспечения доступности услуг дошкольного образования для детей в возрасте от 1,5 до 7 лет должно быть строительство зданий дошкольных образовательных организаций.",1,0
44327,За последний месяц подопечные Роберто Бордина уступили Дании со счётом 04 и Израилю со счётом 12 в рамках отборочного цикла Чемпионата мира-2022.,0,1
44339,"Английский дипломатический корпус является единственным, в котором безумие является всеобщим.",0,1
44476,"Звезда ""Дом-2"" Катя Король застраховала силиконовую грудь на 10 миллионов.",0,1
44488,Август у родителей горячая пора - время собирать детей из Окрестина,0,1
44508,"Александр Кыневе: Навальный был в новосибирской избирательной комиссии на этих президентских выборах, его влияние здесь максимально.",1,0
44548,"Я слышал упреки в том, что устраняюсь от влияния на распоряжения военными действиями, но эти упреки неосновательны",1,0
44552,"По качеству электроэнергии, поставляемой на объекты, их электроэнергия соответствует ГОСТ Р 51317.2. `",1,0
44563,"Украинская культура с самого начала была присуща открытости миру, отсутствие ксенофобии и гуманизм. Сама система ценностей данной культуры в период её активного развития (XVII—XIX века) была довольно специфической. В своих философских сочинениях они решали вопрос о сущности и условиях человеческого счастья, о смысле человеческого существования.",1,0
44566,Я живу в Японии.,0,1
44569,"В деревнях в районе чрезвычайного положения проведена проверка паспортного режима в деревнях. В результате насилия над мирным населением, порчи имущества и нанесения тяжких телесных повреждений погибли мирные жители.",1,0
44609,"разные породы и с других континентов собаки будут понимать друга, нет языкового барьера.",1,0
44621,vice versa: обеспечение исполнения переданной Российской Федераций обязанности по содержанию исполнительных государственных органов государственной службы в части содержания исполнительной власти в сфере водно-болотных угодий.,1,0
44657,"она, строго пунктуальная во всех своих государственных делах и на сей раз была честна.",1,0
44660,На заседании Президиума Совета Министров СССР обсуждался вопрос о работе в праздничные дни и готовности отдельных отраслей промышленности к непрерывной работе в эти дни.,0,1
44672,Прокуратура квалифицировала растрату в размере около $900 тыс. как хищение бюджетных средств при строительстве резиденции Порошенко.,1,0
44676,У вас есть что-нибудь подешевле?,0,1
44724,"Объект должны были сдать в июле, но московский подрядчик заявил о финансовых проблемах и затянул работы на четыре месяца.",0,1
44726,"У меня сейчас 50 миллионов, но я чувствовал себя таким же счастливым, когда у меня было 48».",0,1
44753,"В английском языке инверсия приводит предложению более эмоциональное звучание, а в немецком — более мягкое звучание. Если в английском и немецком языках инвертированное предложение лишь меняет логическое ударение в нём, то в немецких языках инверсия придаёт предложению больше эмоционального звучания, чем в родственных ему немских языках.",1,0
44754,Многие преступники продолжают иметь авторитет и влияние в ближайшем соседе Восточного Тимора.,0,1
44768,Заключил договор с Давидом Рахмановым  на написание им книги о истории Тобольска.,0,1
44775,Все собаки были живы.,1,0
44793,"«Я очень взволнован речью Юрия Лужкова», — заявил Никита Михайлов.",1,0
44831,"Друзья и соседи считали, что один из погибших был вампиром (но они не использовали этот термин), вызывая болезнь Эдвина.",1,0
44864,Кофи Аннан пригласил лидеров острова Клеридеса провести переговоры в январе 2002 года.,1,0
44895,Гий Ричи хотел поохотиться на местных аллигаторов,1,0
44928,Достигнутые результаты свидетельствуют о необходимости продолжать реализацию муниципальной программы «Здоровье» в Пластовском муниципальном районе.,0,1
44940,"Когда немцы не обеспечены зимним обмундированием, жмутся к населенным пунктам, как к одному своему спасению от лютых морозов, не давать ему возможности обогреваться, пусть замерзает.",1,0
44958,В соответствии с Федеральным законом от 23.11.2009 No 261-ФЗ «Об энергосбережении и о повышении энергетической эффективности и о внесении изменений в отдельные законодательные акты Российской Федерации» программа разработана в соответствии с требованиями к региональным и муниципальным программам в области энергосбережения и повышения энергоэффективности.,1,0
45010,Они будут лечить пациентов в состоянии средней степени тяжести.,0,1
45062,"СБУ потребовала у ВСУ данные о военных - участниках ""блокады Крыма"".",0,1
45148,подпрограмма 4 «Комплексы благоустройства территории района Кутопьганское».,1,0
45165,"в торник едят с салатом, миндальной пастой и миндальной пастой (semlor) — за день до начала Великого поста.",1,0
45218,"шестьдесят верст прошагали без малого за сутки: ранним утром рано встали с Самоси, шли целую ночь, а еще на следующее утро были на Самосандальском лугу.",1,0
45239,Зелёная вода не годится для питья.,1,0
45263,реализации персонифицированной модели повышения квалификации и профессиональной переподготовки работников образования;,0,1
45305,"Это связано с тем, что растения и животные готовились к зиме.",0,1
45320,"В нём участвовало 46 штатов, так как Оклахома присоединилась к Союзу менее года назад.",1,0
45386,В 1992 году на выборах победила Консервативная партия.,1,0
45420,"Прием длился минут пятнадцать--двадцать, а потом мы на лодочках вернулись домой.",0,1
45423,Порошенко уверен в обновлении парламента после выборов.,0,1
45433,"Июля в 4-й день отправлен капитаном гвардии от его Величества из Санкт -Питербурга в Китайский город, генерал-майор Л. Измайлов.</",1,0
45445,"США анонсировали введение новых антироссийских санкции ЕС на основе ""дела Скрипаля"".""Ъ"", 29 апреля 2019.",1,0
45477,"Сам Владыка сидит в кабинке шофера, все остальные — в кузове машины.",1,0
45585,Позже подобные обвинения повторили китайские власти.,1,0
45590,Ели блины (306).,0,1
45643,Я тоже хочу знать!,0,1
45653,"В 1965 Рон продал мотоцикл, и друзья отправились в Англию, чтобы увидеть The Who и «попытаться найти The Beatles».",0,1
45673,"Их не убеждали, а осуждали.",1,0
45731,В блоке проверки ТС по Vin-номеру «расчет ремонтных работ» продаваемого автомобиля указан на общую сумму от миллиона до полутора миллионов рублей.,0,1
45745,Титан взрывается из-за перегрузки реакторов.,0,1
45769,"Стражи Царства Небесного будут нести охрану на фоне величественной фигуры Вергилия (Чистилище) во время мистерии ""Ада"".",1,0
45773,К 1786 году было известно уже 10 переменных звезд.,0,1
45815,Но гражданская война не была войной,1,0
45820,Из одного берега до другого ровно колыхалась темная глубокая вода.,1,0
45835,к постановлению администрации города Зеи,0,1
45870,Однако теперь его работы подвергаются критике как продолжение колониальной политики Японии в области истории.,1,0
45943,Подобное имя дано мне в добавление к мизерного вида.,1,0
45968,"В Большесосновском муниципальном районе планируется провести районные соревнования предприятий агропромышленного комплекса по повышению эффективности производства и качества работы, конкурсов профмастерства среди работников отрасли АПК и конкурсов на лучшее крестьянское (фермерское) хозяйство и личное подсобное хозяйство. В рамках данного мероприятия планируется проведение районных совещаний с руководителями сельхозпредприятий и малых форм хозяйствования.",1,0
45972,Я случайно встретил старого друга.,0,1
45980,".
Двенадцать апостолов - одиннадцатый и последний из двенадцати. ==� Двенадцать апостола - одиннадцатая и последняя из двенадцати.",1,0
46023,"Производство начинается с изготовления каркаса, затем делают пол, который должен быть двойным и теплым, а завершают работу утеплением стен и потолка.",0,1
46038,"Вы когда-нибудь видели, чтобы они приходили вовремя?",0,1
46053,В это время он и создает большинство своих изобретений.,0,1
46055,"Мы догадались, что это их несут",1,0
46075,Мы ходили в сам парк.,1,0
46101,Россия и Китай решили создать систему расчетов в рублях и юанях.,0,1
46108,Координатор общественного объединения «МойФасад» Геннадий Крольман предложил свой вариант развития рощи.,0,1
46117,Депутатам-единороссам поручается во взаимодействии с главами муниципалитетов уделять больше внимания этому вопросу в своих избирательных округах.,0,1
46121,"Зубец получил письмо от Зубца, который будет здесь между 15-20 мая и привезет окончание своей рукописи — мемуаров. Работа идет на риск и на русское авось, неизвестно. Работе сильно мешают наступившие жаркие и душные дни.",1,0
46134,"Ремонт и обслуживание автомобилей, обслуживание ванной комнаты.",1,0
46171,"Москва, 1997. С. 393.",1,0
46173,"Надеюсь, что депутаты его одобрят"", - сказал глава региона.",0,1
46226,Каждый гражданин Болгарии также является гражданином Европейского Союза.,1,0
46227,Он был объявлен Национальным историческим памятником 29 декабря 2000 года декретом 1296.,0,1
46228,"Они просто включили меня в песню в качестве одолжения Джею, потому что я был новый ниггер в его лагере.»",0,1
46243,"Эта доска принесена с утра с утра, так что сегодня была доска.",1,0
46248,"Я не верю, что 1200 миль обеспечат вам безопасность.",0,1
46282,"Я рисую в Школе прехорошую евреечку в красном башлыке, но выходит плохо.",1,0
46285,Но в XXI веке это уже не так.,0,1
46290,Выводов последователей фрейдизма нельзя принимать ни как научные гипотезы потому что эти предположения основаны на недостаточно проверенных источниках с которыми сталкивались сторонники учения основателя психологи,1,0
46336,Принес большой портрет Ленина и повесил как раз на то же самое место под иконами.,0,1
46337,"Проект ""Спи моё солнышко"" снят с Ириной Кудрявцевой, Алсу, Лерой Кудрявцева и Ирина Дубцовой.",1,0
46354,"Активисты движения раздавали опрашиваемым бюллетени с вопросом, проголосовали бы они сейчас за Путина.",0,1
46370,Система СПИНов ввела дополнительные стимулы развития социально-экономической системы Сальского района.,1,0
46380,"У моего друга Тома в два раза больше марок, чем у меня.",0,1
46382,"Российский Вагнер с российским железом уходит в утиль. Сирия весна 2020.
Уходящий 2020 год - год утилизации российской военной ""мощи"".",0,1
46412,С 1999 по 2003 год он работал в качестве депутата в Государственной думе.,1,0
46458,"Отношения Мацуко с мужчинами, как правило, были трудными.",1,0
46527,"Российское правительство и народ могут проснуться — или правительство, или народ. О первом так же трудно поверить, как о другом, — впрочем, министр Киселев проезжал по Козьмодемьянску, где была военно-судная комиссия по этому делу, и даже не озаботился спросить о нем.",1,0
46532,В такой ситуации разглагольствования о власти народа — просто обман.,0,1
46612,"ОМ 2 ОМ 2 направлено на формирование муниципальной сети общеобразовательных организаций, оптимальной для доступности услуг и эффективного использования ресурсов общего образования, развитие инфраструктуры муниципальных общеобразовательных учреждений, обеспечивающих качественные условия обучения в соответствии с федеральными государственными образовательными стандартами начального общего, основного общего и среднего образования.",1,0
46625,В Нижегородской области план развития туристического туризма Сосновского района на 2018-2020 годы.,1,0
46630,Передо мной часто закрывались двери фешенебельных светских клубов.,0,1
46632,В ЕКАТЕРИНБУРГ прошла 28 августа.,1,0
46637,она была очень упрямой и целый год нас за собой водила.,1,0
46644,Малуша получила свое ласкательное имя или прозвание по отцу (как Любко и Любуша и т.п.).,1,0
46658,"Миллиардер Уоррен Баффет предрек криптовалютам ""плохой конец"".",0,1
46680,"Гомер сравнивает свой труп с «маленьким ангелом, который убил 50 миллионов человек».",0,1
46795,"Занималась также обучением в анимационном агентстве, студии художника, студии рисования, театрально-художественной студии.",1,0
46804,Ведущей силой производства выступают крупные хозяйства.,0,1
46873,"Многие пользователи потрясены тем, что рок-произведение так хорошо звучит на балалайке.",0,1
46875,"Программа «Осторожно, Собчак!».",0,1
46901,"Она одела красивый малинового цвета берет, так же как Татьяна из «Онегина» в «Неве».",1,0
46916,"Я люблю физику, а ещё больше - математику.",0,1
46927,"""Мы привыкли сидеть в течение многих часов в доме Джейми, петь, играть и хорошо проводить время … Поэтому, когда Джей, Джо и я написали эту песню, мы думали, что было бы здорово, если бы он принял участие. Я позвонил ему и сказал: ""Эй, парень, ты должен услышать эту песню. Я думаю, что ты мог бы действительно, действительно улучшить её. Он сказал: «Знаешь что. Я спою песню на вашем альбоме, если вы, ребята, споете на моем». Я сказал: «Хорошо».",0,1
46958,С 1992 по 2005 год президентом Курчатовского института был физик Евгений Велихов.,0,1
46979,"Постсоветские состояния, как правило, подразделяются на следующие пять групп.",1,0
47027,"Думается, что нужно издать самому.",0,1
47055,"подошел к Ней, присел и сделал все, чтобы заставить ее очнуться.",1,0
47122,"Это было осуществлено при помощи Закона о военных мерах и было конституционно обосновано положением о мире, порядке и добром управлении.",0,1
47141,"Вокруг большие собаки, маленькие Кошки тоже И все просто показала в цирк с конями Трем ветврачам, но мне пришлось держать свою собачьую сестру",1,0
47164,", на балконе поселилась первая за июль оса, и мы решили",1,0
47206,Повышение уровня доступности и качества оказания первичной медико-санитарной помощи детям на территории Ульяновской области.,1,0
47215,"Журавлев не пустил его одного из вчерашних предложений уйти в Ванавару, но Журавлев не пустил его одного.",1,0
47219,"Предупредить - значить отвратить что-либо заранее принятыми мерами; опередить, сделать что-либо ранее, чем что-нибудь произошло.",0,1
47242,"Передача биткойнов на адрес происходит с контролем формальной корректности адреса получателя, но без контроля реального существования публичного и секретного ключей, которые бы ему соответствовали.",0,1
47246,Сирийская оппозиция сообщила о гибели российского пилота.,0,1
47252,"Мейтнер не был признан Нобелевским комитетом, отчасти из-за его пола и отчасти из-за его еврейского происхождения, преследуемого в нацистской Германии.",1,0
47313,Это сообщение сообщает «24. kg» со ссылкой  на Погрануправляющую службу Республики.,1,0
47325,"Еще 5 пунктов работает в «Сибэкспоцентре», - рассказали в администрации города.",0,1
47388,"Смоленский комбинат по производству выпечки обслуживает шесть школьных буфетов, восемь школьных производств, столовые ФГБОУ ВО «Смоленская государственная академия физической культуры, спорта и туризма» Министерства здравоохранения Российской Федерации и МУП «Автоколонна-1308».",1,0
47400,Сейчас Владимирская область занимает 53 место среди субъектов России.,0,1
47410,"я делаю перепись на селении Нижнем Армадане; все людишки в округе нищие, и говорят за отчаянников в шотасе.",1,0
47423,"На территории Павловского района совершено 69 дорожно-транспортных происшествий, погибло 11 человек, 94 получили телесные повреждения различной степени тяжести.",0,1
47523,"Я regret, что голоса хороши и разработаны.",1,0
47534,"Она передается из беднейших кварталов гаитянской столицы Порт-о-Пренс рано утром, пробуждая спящих.",1,0
47589,Документы и крупная сумма денег так же остались на месте.,0,1
47652,"В болоте «Октябрист» предполагают, будто их союз потерял уважение, но на съезде он должен стать популярен.",1,0
47697,"Понедельник. Утром отчасти помешал переводу о. Тита Комацу, который приехал в Токио, чтобы посоветоваться о своих церковных делах. О. Тит терпел же — пусть и вперед так будет, — еще у него неладно в Асикага, где катихизатор Яков Мацудаира отчаянно болен.",1,0
47723,В этой библиотеке читать запрещено.,0,1
47746,"Сценарий фильма такой же, как и в 1994 году, но сценарий изменился.",1,0
47750,также строились старые жилые кварталы с дешёвой квартирой (например: застройка центрально-горожной части города Капабланка).,1,0
47766,"Франки не рассматривали монголов как партнёров по новому крестовому походу, который так и не состоялся».",0,1
47799,Более 270 млрд предусмотрено на программу «Первичное звено для каждого».,0,1
47854,Он всегда был свой для себя.,0,1
47871,О Диане написано много книг на различных языках.,0,1
47907,"На 1 января 2014 года 261 семья воспользовалась субсидиями, что составило 2,9 процента от общего числа семей, проживающих в районе.",1,0
47932,Из 11 учреждений среднего профессионального образования только 2 учреждения приспособлены для обучения инвалидов и других МГН.,0,1
47966,Болгария и Молдавия заняли второе и третье места соответственно.,0,1
47970,"В том же году она вышла замуж за своего будущего супруга, который на тот момент был ещё студентом юридического факультета.
Начало семейной жизни с будущим юристом не было лёгким для неё: они оба были достаточно замкнутыми людьми в общении и даже во время ссор старались избегать друг друга — так что их брак продержался всего два месяца… Но это только начало! Через полгода после свадьбы у них родилась дочь Анна-Мария Мария де Валуа (1784—1852), которую назвали Анной Марией Эстевесой Агустиньяс или просто «Аня». Она стала второй женой великого художника Франсиско Г",1,0
47975,В Сирии убит очередной иранский генерал.,0,1
47976,"Полагаю, только пришельцы могут так думать.",1,0
47978,"Они связывают район поселений, обеспечивают жизнеспособность всех поселений и перевозят грузы и пассажиров автомобильным транспортом.",1,0
47989,"Создание специализированных подразделений, наделенных полномочиями в области информатизации по координации и контролю, или наделение соответствующими полномочиями существующих органов власти.",0,1
48035,"продолжался весь день очень сильно парил, невозможное жарко было в болотам, к ночи собралась гроза, сверкала, гремела, но ливень был очень мелкий.",1,0
48043,"Петр Петрович зажег примус, чтобы согреть воду для гидрологических работ.",0,1
48078,"Средняя численность детей в возрасте от 3 до 7 лет, получающих дошкольное образование в текущем году, выражена в процентах от общей численности детей, находящихся в очереди на получение дошкольного образования.",1,0
48155,", из-за реализации подппрограммы большое отрицательное воздействие на реализацию программы может оказать невыполнение финансовых и непреодолимых рисков, включая риск потери аванса.",1,0
48156,"Вскоре, он убедился, что ребёнок является чистой злостью.",1,0
48157,"На вооружении сначала планировалось строительство шахт в Восточно-Кругликовском, Парковом районе и районе Гидростроителей.",1,0
48208,"У моей сестры в три раза больше книг, чем у меня.",0,1
48212,предотвратить загрязнение водных объектов за счет установления специального режима осуществления хозяйственной и иной деятельности в границах водоохранных зон и прибрежных защитных полос;,0,1
48236,"Это правда, что он молодой, но он мудрый.",0,1
48255,В близком будущем космическое путешествие больше не будет всего лишь мечтой.,0,1
48260,У него больное сердце.,0,1
48290,Он был обвинён в сдаче огромных территорий Европейской части бывшей Российской империи немцам и австрийцам из-за срыва им Брестских переговоров.,1,0
48291,"Парламент Армении одобрил в первом чтении поправки и дополнения в Закон «О профилактике болезней, вызванных вирусом иммунодефицита человека».",1,0
48308,"В перечень мероприятий по реконструкции, модернизации и капитальному ремонту систем коммунальной инфраструктуры.",1,0
48318,"Это решил Кулак, уничтоживший свою же, Гурки, окончательное решение. Он терпеливо слушал и только повел плечами.",1,0
48398,"Например, в качестве примера можно привести Канадскую ассоциацию гражданских свобод, Конгресс труда Канады и Фонд действий и юридического образования женщин.",1,0
48450,(Слева голоса: браво.),0,1
48479,Да и на этом есть доказательства.,1,0
48501,"Тогда из-за заставленных во дворе машин пожарные не смогли проехать к возгоранию, на Нейбута погибли двое детей.",0,1
48534,"Нет, ничего этого в нем не было.",0,1
48544,"Что бы ты сделал, если бы у тебя был миллион долларов?",0,1
48549,"Очень быстро жители гетто были разбиты физически, морально и психологически.",1,0
48563,"В первую очередь предусматривается разработать схемы комплексного использования и охраны водных объектов для тех бассейнов, которые имеют напряженный водохозяйственный баланс.",0,1
48576,До 1891 года портрет был в Пskov и затем somehow reached Italy.,1,0
48586,Камера-обскура означает «затемненная камера» для описания ранних устройств для проецирования изображения на экран с помощью линзы или точечного отверстия.,0,1
48615,Он не может позаботиться о себе — как он может позаботиться обо мне?».,0,1
48644,Какие у тебя ассоциации с летом?,0,1
48703,Подлодка «Казан» была передана ВМФ России в состав военно-морских сил. Об этой операции сообщается на документе в Минобороны.,1,0
48717,Приехала с подарком ко дню рождения - двухтомником Пастернака.,1,0
48733,"в 2007 году на акции было совершено 5,2 миллиарда сделок, что на 13,9% больше, чем в 2006 году.",1,0
48768,План — карты на начальнике не найдены.,1,0
48783,"На основании данных по основным направлениям деятельности в сфере культуры, спорта и молодежной политики за период с 2013 года образовалась положительная динамика развития.",1,0
48833,"Партия не собиралась регистрировать 12 июля, заявив, что устав не соответствует закону ""О политических партиях"".",1,0
48866,"Он представил, как будет помогать Дине устанавливать разные приборы в кабинете, а потом возьмет ее за руки и посадит к себе на колени.",0,1
48870,"Основными транспортными артериями в районе являются автодорога и шоссе.
Село расположено на высоте 161 м над уровнем моря, расстояние до районного центра составляет 35 километров. Климат характеризуется как резко континентальный с продолжительной холодной зимой (январь-февраль). Средняя температура января -3 °C, средняя по году – +9° C.. Продолжительность периода вегетации колеблется от 140 дней у озёрных видов травянистой растительности — к 100 дням при степной зоне или более коротким периодами засушливости; продолжительность теплого времени года также",1,0
48886,Их пленница с удовольствием контролирует их и мучает через куклу-вуду.,1,0
48890,В этом же году «Яндекс» обогнал «Рамблер» и с тех пор держит первое место в российском сегменте Интернета.,0,1
48894,"Особенно интересовали его лекции профессора Телицына (Сухомлинова), читавшего теорию языка и историю древней русской словесности.",0,1
48912,Адаптация европейского опыта в различных сферах общественно-политической жизни на Украине.,0,1
48915,Это эволюционировало в XAM!,0,1
48965,"Кроме того, Московский Кремль является официальной резиденцией Президента Российской Федерации. Рабочая резиденция президента в Кремле располагается в здании Сенатского дворца.",0,1
49011,И неспроста столица планеты называется городом Средоточия Мудрости.,0,1
49026,"Считается, что обладая мастерством в той или иной области, можно стать «мастер-учеником».",1,0
49047,"В Москву приехал Вл. Иванович Щелкан, который делал ему операцию на ноге в бане. Зашел к Конюсу, который с сыном уехал в Петербург. Занял репризой 1-й ч. квинтета у Рахманинова.",1,0
49067,"Бельгийские масонские братья не только превратили масонскую ложу в тайный штаб нацистских охранок, но даже провели посвящение.",1,0
49069,"Законодательная база посвящена организации мобильных, рыночных, электронных торговых средств, использованию криптовалют.",1,0
49085,"Строительство же этого водопровода было Евпалия, сына Гиперборея.",1,0
49091,Подпрограмма предназначена для обеспечения сбалансированности бюджетной системы и повышения эффективности управления муниципальными финансами муниципального образования муниципального района Удорский.,1,0
49098,"Мария Мария стала королевой Англии, возвращавшей Великобританию в лоно Католической Церкви. После ее правления королева было тридцать семь лет, двадцать из которых явились для неё годами испытаний.",1,0
49177,"Часть работы не пересеклась, люди подчинённых групп, подгрупп, состоящих из трех до пяти человек, не знали друг друга лично.",1,0
49179,"Он опоздал, как обычно.",1,0
49199,"Меня не волнует, что вы выбираете.",1,0
49298,"Ишо ничем ничего, а уж... мысли бог знает какие.",0,1
49308,возможность строить различные сооружения делает игру похожую с конструкторами LEGON.,1,0
49422,"Похоже, есть лига и Александр Яковлев в отпуске.",1,0
49468,Мы должны принимать во внимание его молодость.,0,1
49523,Этот эпизод грешит против хорошего вкуса и противоречит всей стилистике фильма.,0,1
49544,"Истратив все деньги, мы начали искать работу.",0,1
49552,"Правая: великая, траурная, с слезой.",1,0
49676,Как долго вы болели?,0,1
49711,"Британская газета The Sunday Times официально опровергла опубликованную ей в 2009 году информацию о том, что владельцем особняка Уитанхерст (Witanhurst) в Лондоне является супруга бывшего мэра Москвы Елена Батурина. Об этом говорится в сообщении пресс-службы предпринимательницы.Издание принесло свои извинения самой богатой женщине России и обязалось компенсировать причиненный ей моральный ущерб и судебные расходы. В иске против газеты Батурина требовала символическую компенсацию морального ущерба в размере одного фунта, однако после проигрыша The Sunday Times сама предложила увеличить эту сумму до 15 тысяч фунтов.""Очередная ложь, которая была растиражирована обо мне европейскими и российскими СМИ стала очевидной. Недоумение и сожаление вызывает то, что российские суды, рассматривая мои аналогичные иски к российским СМИ, опубликовавшим не менее очевидную ложь, под любым предлогом стараются игнорировать факты нарушения моих прав"", - отметила Батурина. Она также добавила, что полученную компенсацию направит ""на развитие программ толерантности в российских и британских школах"".Статья была опубликована 27 сентября 2009 года. По данным издания, Батурина приобрела особняк через оффшорную компанию за 50 миллионов фунтов стерлингов и планировала провести в нем масштабную реконструкцию, в частности, построить на его территории огромный подземный лабиринт. О том, что Высокий суд Лондона встал на сторону Батуриной сообщалось в марте текущего года.Уитэнхерст расположен в районе Хайгейт на севере Лондона и является одним из крупнейших частных домов в Великобритании. В трехэтажном доме площадью около 3700 квадратных метров насчитывается 90 комнат (из которых 25 - спальни, а 12 – ванные). К настоящему моменту имя реального покупателя Уитанхерст не сообщалось.",0,1
49751,Во многих частях страны произошли восстания против диктатуры.,0,1
49767,Другим моим развлечением служило упражнение в перевертывании слов.,0,1
49769,"На пост главных тренеров женской и мужской национальных команд рекомендованы Дмитрий Морозов и Хасанби Таов. Ранее Морозов тренировал мужскую сборную, а Таов являлся старшим тренером команды.",1,0
49866,В Москве 80 человек эвакуированы из подтопленных машин и автобуса.,0,1
49943,Он прожил несчастную жизнь.,1,0
49950,"Я рассердился и вечером составил ему соответствующий ответ, где упоминание всех его неправильностей.",1,0
49974,Возьмем иной тип производителя.,0,1
50010,"Прилагающаяся к экспонату надпись гласит: ""Священное писание спасало не только души, но и тела"".",1,0
50013,"— Третье место на Литейном — ваш первый опыт редевелопмента, и вы получаете его в знаменитом памятнике рядом с Невским проспектом.",0,1
50021,"Американские военные замерзли во время учений у границ России, узнали СМИ.",0,1
50022,Город Златоуст расположен на расстоянии 15 км от города Соликамск.,1,0
50048,"Первая версия Word для Windows, выпущенная в 1989 году, продавалась по цене $500. Она демонстрировала выбранный компанией «Microsoft» путь развития: как и сама Windows, она многое взяла от Macintosh и использовала стандартные клавиатурные сокращения (например, Ctrl+S для сохранения файла). После выпуска в следующем году Windows 3.0 продажи поползли вверх (Word 1.0 гораздо лучше работал с Windows 3.0, чем с предыдущими версиями Windows), главный конкурент — WordPerfect — не смог оперативно выпустить рабочую версию под Windows 3.0, что оказалось для него роковой ошибкой. Версия 2.0 утвердила WinWord на позиции лидера рынка.",0,1
50063,Спустя четыре часа корабль начал тонуть.,1,0
50066,Я верю в него.,0,1
50076,"Для достижения заявленных целей и решения задач, поставленных в рамках настоящей Государственной программы, предусматривается осуществление следующих основных действий:",1,0
50088,Он перепрыгнул через неглубокий ров.,0,1
50119,В марте 2011 года проекты Люсена и Солера объединены.,1,0
50133,Целью политики в области развития предпринимательства является создание благоприятных условий для экономической деятельности хозяйствующих субъектов.,0,1
50138,И разводиться на ближайшие два года запрещено.,0,1
50199,"Организация «RMS Titanic Inc», которой принадлежат права владения обломками затонувшего парохода и подъёма артефактов, имеет представительство в Лас-Вегасе.",0,1
50226,Мне двадцать два года.,1,0
50276,"«Конечно, мы как болельщики радовались победам российского футбола в 2008 году.",0,1
50297,Сбербанк нашел виновника утечки данных клиентов в сеть.,0,1
50308,"В частности, по их словам, на территории Польши были проведены тайные переговоры между представителями чешских повстанцев и Taliban.",1,0
50311,"Названный Уран XXIV, он был назван в честь сына короля Неаполя в пьесе Уильяма Шекспира «Буря».",0,1
50312,Сегодня отправила заказным в Ленинград Вольфу «Пушкина» — под двумя фамилиями.,0,1
50319,"Новый Сухой Суперджет 100 для авиакомпании Red Wings и в ее раскраске. Это 203-й самолет, а всего создано 205 машин на январь 2021. Хорош!",0,1
50325,"Позвоночник гимнастки Ляйсан Утяшевой перекосился в правую сторону из-за татуировки в виде шестиконечной звезды. По ее мнению, такой сильной энергетикой обладает этот знак.",1,0
50335,Критику современников и историков вызвали примеры неудачного «поведения» императора и его братьев (великих князей) на театре войны.,0,1
50393,Из скольких человек состоит команда этого корабля?,0,1
50575,В начале 1993 года онбыл переведен в другую тюрьму.,0,1
50615,Паспорт муниципальной программы «Пожарная безопасность на территории МО Мошокское сельское поселение на 2017 - 2019 годы»,0,1
50626,к моменту открытия частной оперы оркестр состоял более чем из сорока дирижеров (дирежабль-гитара-банджо-саксофон).,1,0
50630,Конференция закончилась к пяти часам.,0,1
50631,"Но это уже венозная система, абстрактные понятия, область отрицательной философии.",0,1
50682,"""Надеюсь, что в части российско-израильских отношений ваше правительство будет проводить политику преемственности, - подчеркнул президент РФ.",0,1
50689,Келли импортировал первую лошадь Марвари в США в 2000 году.,1,0
50698,"В Армении обвинили Азербайджан в использовании в лесах близ населённых пунктов вооружений, содержащих фосфор. Минобороны Азербайджана опровергло обвинения армянской стороны, заявив, что это армянские военные завозят содержащие фосфор боеприпасы в район Мартуни и поджигают с помощью белого фосфора леса близ Шуши, чтобы затруднить азербайджанским дронам обзор.",1,0
50748,"В доме подготовил подарки для детей Али: альбом советских почтовых марок, набор детских книг и тетради.",1,0
50758,"В газетах Л. Блум был избит членами Французской акции <com id=""14505248724253 ""/.",1,0
50763,"Приобретя опыт во время первой чеченской кампании, в контртеррористической операции войска прежних ошибок уже не делают.",0,1
50777,"Другие авторы отвергали мысль об одорении беса, поскольку считали экзорцизмы единственным лекарственным средством.",1,0
50804,"Обычным путём заражения бубонной чуму считается схема крысы-блохи-человека, но во многих массовых эпидемиях прошлого источником заражения мог быть больной бубоннрой чумой.",1,0
50829,"смешил заразительно; детски; Он был «факт, которого не обругал бы, как милый!»",1,0
50885,"Люди попадались, - и шли они медленно, словно ничто ни к чему их не побудило, едва одолевали они клонящую их к спокойствию дремоту.",1,0
50887,Написал «Мамин сундук» и «По улице мостовой».,0,1
50902,"Это было травоядное животное, которое сдирало листья с деревьев с его направленными вниз, похожими на клыки верхними зубами, которые закрывали обращенные вперед нижние зубы.",0,1
50909,"Развалины этой крепости находятся на улице современного города Ван, где они поддерживают стены, построенные в средневековую эпоху.",0,1
50918,Их цена — около 899 долларов США.,1,0
50950,Футбольный клуб «Динамо» просил усилить безопасность гостевого сектора во время выездного матча 17-го тура первенства Футбольной национальной лиги против воронежского «Факела». На 58-й минуте матч был прерван из-за поведения болельщиков во втором тайме.,1,0
50968,"Корректировка муниципальной программы, включая включение в неё изменений по финансированию, новым разделам и мероприятиям, продление срока ее реализации, осуществляется в установленном порядке по предложению:",1,0
50976,В г. Черновске по состоянию на 01.01.2014 проживают 1480 человек.,1,0
51004,"Когда это слово было первоначально принято, оно относилось к плану чего-то, а не к действию фактического выполнения этого плана.",0,1
51007,"Разработчик Юлиен Лавергне писал, что, хотя 10.10 включил много изменений более 10.04, не все изменения были рассмотрены как улучшения.",0,1
51012,Моего младшего брата воспитывала моя бабушка.,1,0
51037,организует составление проекта бюджета и материалов к нему;,0,1
51044,И денег вдоволь — и все-таки голод.,0,1
51050,"Алексей Ярушкин, ставший исполняющим обязанности главного тренера «Спартака», ответил на вопросы о делах команды. По словам Ярушкина, Марков – профессиональный хоккеист и здорово знает хоккейное дело.",1,0
51114,Недельная станция Toro фактически заменяет Mainichi Issho.,1,0
51121,"Являясь универсальным игроком, он способен атаковать как на флангах, так в центре поля.",0,1
51145,"Перечень мероприятий по проекту и (или) строительству, реконструкции объектов и обязательства муниципального образования соблюдать график.",1,0
51192,В США все DVD-диски первого сезона были закодированы с использованием NTSC.,0,1
51243,"Глава МИД Украины Павел Климкин заявил, что Киев настаивает на полном контроле ОБСЕ на территории Донбасса и на украинско-российской границе до назначения даты выборов в ДНР и ЛНР. По словам Климкина, к голосованию допустят лишь тех, кто пройдет «через фильтр амнистии».",1,0
51265,Этот остров был однажды столицей могущественного местного королевства.,0,1
51273,Мальчик может считать до десяти.,1,0
51282,Тогда он предупреждает Доктора и сэра Чарльза.,1,0
51322,В этих словах мне послышалось много горечи.,0,1
51346,"планируется, что дневной переход по пути от Красной площади на 1500 метров - не более 30 км.",1,0
51355,Он был очень счастлив.,0,1
51393,"Работы было много: во-первых, нужно было осуществлять надзор за только что начавшимся строительством несвижского коллегиума.",0,1
51396,"После разгрома Югославии немцы и итальянцы оккупировали всю страну, в результате чего Хорватия потеряла большую часть своих земель. После оккупации Италии Гитлеру удалось добиться от Муссолини согласия на присоединение Хорватии к рейху с условием проведения там демилитаризации территории после войны.[1]
Хорваты не участвовали во Второй мировой войне — хорватский народ был полностью уничтожен немецкими оккупантами[2][3]. В 1945 году по решению ООН территория бывшей югославской Республики Югославия была разделена между Хорватией (бывшей Югослави)и Словакирией («Нидерландами»); при этом было образовано два государства",1,0
51445,"Ответственный исполнитель получает информацию о фактическом финансировании, об оценке достижения показателей эффективности реализации программы.",1,0
51476,"В 2017 году ожидается стабилизация на 0.4 процента в экономике, в 2019 году ожидается повышение до 0.6%.",1,0
51477,Военный прокурор подтвердил законность приговора бывшему главе службы военной полиции Хабаровского края ВладимируЛесовому.,1,0
51521,Непоздоровилось мне с ночью сегодня--не везет что и поделать,1,0
51632,"На этом же, на его словах, вы основываетесь.",1,0
51697,"Ладно, я передам товарищу Дегтярю.",0,1
51724,"Топография Шотландии в значительной степени определяется границей Шотландии, которая пересекает Шотландию от острова Арран на западе до Стоунхейвен на востоке.",1,0
51743,Что означают те слова на арабском флаге?,0,1
51771,После ухода трое участников EXO продолжали существовать в составе девяти человек.,1,0
51772,"И удивительные монологи Коши совершенно ""невероятны"" и поразительно интересны.",1,0
51800,"Хотя ISO 8583 определяет общий стандарт, он обычно не используется непосредственно системами или сетями.",1,0
51801,Петлура уже стреляет в офицеров армии-волонтеров.,1,0
51811,", потому что собаки так рады фразе «пошел гулять».",1,0
51828,-Финансовое обеспечение программ осуществляется за счёт средств местного населения.,1,0
51837,Весной 2011 года Соединенные Штаты использовали ракеты Tomahawk в ходе операции НАТО против войск ливийского лидера Муаммара Каддафи.,1,0
51888,"В связи с отсутствием аппаратов couplement и управления (P-160, P164), sirens exist в ручном режиме.",1,0
51927,в собственно ордынской и восточной (арабско-персидо-иранской) историографии государство не было названием.,1,0
51964,Картина была на своём месте.,1,0
51994,Россия вводит войска в Украину.,0,1
52069,"Когда я подписал контракт, я просто хотел быть частью этого мира.",0,1
52081,ой а давайте знакомиться? ваше имя город возраст рост школа/универ/работа да да это допрос просто мне очень интересно.,1,0
52144,"по реализации подпрограммы «Обеспечение жильем молодых семей» федеральной целевой программы ""Жилище"" на 2015-2020 годы",1,0
52159,"Ласкин размышлял, лёжа на спине.",0,1
52236,На территории Пензенской области наделяются следующими государственными полномочиями Пензенской области в сфере социальной поддержки населения,1,0
52273,"В его пользовательском интерфейсе есть только панель задач и меню, которое можно использовать, щелкнув правой кнопкой мыши на рабочем столе.",0,1
52337,Не уходи с пустыми руками.,0,1
52349,Трем машинам уездных комитетов Спинбулдака и Дамана из уездного комитета Тахтапула необходимо было отремонтировать.,1,0
52353,"Павел Андреевич Федотов, 1815-1852 гг.",0,1
52380,"Мало того, что в тот день было холодно, так еще и дождь пошел.",0,1
52430,даю студенту задачу где надо переписать одно единственное существительное и получить ответ.,1,0
52461,"Когда до наших окопов осталось всего несколько десятков шагов, он повернулся, чтобы отдать команду.",1,0
52534,"СБУ запретила въезд в Украину церковному диакону одной из епархий РПЦ, служившему капелланом у боевиков «ДНР». В СБУ отмечают, что действия священнослужителя являются посягательством на территориальную целостность Украины, разжиганием межнациональной розни и вредят национальным интересам Украины.",1,0
52540,"На мемориальном стеле в высоту 4000м, увековеченном именами погибших людей на триэтажке.",1,0
52560,"Обеспечение доступности качественного образования, его целесообразности и эффективности подразумевает реализацию задач и мероприятий в следующих стратегических областях:",1,0
52603,собаки являются настоящим чудом света?,1,0
52612,Официальное имя было объявлено 18 января 2008 года мэром Нюрнберга Ульрихом Мали и транслировалось в прямом эфире.,1,0
52655,"Владимир Петровский называет Сибирь и Дальний Восток наиболее уязвимыми районами, где «элементы демографической экспансии из азиатских государств» уже видны.",1,0
52676,Президент Ассоциации педагогов семейных детских садов Наталья Польскова: «Я всегда с особым трепетом относилась к воспитанию своих детей»,0,1
52746,Атмосфера в кино было потрясающей.,1,0
52767,"получил 500 долларов от нее, 31-летний петербуржец, 31 лет, 30 и 30-летний молодой человек.",1,0
52786,"Его работа была организована на высшем уровне: там был построен крупный причал, ряд бензозаправок и современная гостиница со всеми удобствами.",0,1
52826,Туркменская область находится в суседной зоне Ставропольского края.,1,0
52854,Потухал прозрачный теплый день с теплой ночью.,1,0
52881,"Очевидцы все чаще отмечали это симптом, а медсёстрам это помогало сортировать поступающих больных: они смотрели на цвет ног пациентов.",1,0
52911,"в июле 2006 года по инициативе избранного декана Алихановой А.М.,",1,0
52930,"Один год мы с ним жили на квартире, около университета.",0,1
52997,Почти всех пригласили.,0,1
52998,"А Тургенев не хотел быть ничем иным, как западником и умеренным либералом.",0,1
53031,Если бы я только последовал совету доктора.,1,0
53042,17 января 1483 года он встретил на своем пути плотника Кириулу на Переяславском озере. Там они поселились в доме у Кириулы.,1,0
53110,и с 2002 года в России. Омская область.,1,0
53114,Сначала после разразившейся вслед за тем катастрофы Лорнс-Меликоз счел нелишним вечером отправиться в Аипчковский дворец и спросить приказание нового императора,1,0
53115,Он был бы рад услышать это.,0,1
53132,"- в 2004 году по заключительным итогам пятого Фестиваля малых городов России в городе Лысьва спектакль «Козий остров» по пьесе У. Бетти был показан в Москве на сцене Государственного театра наций;- спектакли «Гадкий утенок» и «Записки сумасшедшего» на Всероссийском театральном фестивале «ПоМост»: Провинциальные театры России»;- в 2008 году на четвёртом Международном фестивале «Гостиный двор» высокую оценку получил спектакль С. Лобозерова «Семейный портрет с посторонним», а в сентябре этого же года театр - участник седьмого фестиваля малых городов России в городе Лысьва со спектаклем «Женитьба» по пьесе Н.В. Гоголя.",0,1
53214,"Второй EP, Willoughby's Bach EP, выходит 21 октября 2011 года в ""Shok Records.""",1,0
53237,"Тренер ""Ливерпуля"" Клопп: ""Брайтон"" может удивить ""МанСити"".",0,1
53251,В российском прокате «Лос-Анджелес. Король Ада. Сверхъестественные способности» — новый детективный триллер про Короля Ада.,1,0
53255,"Получена телеграмма о выступлении 228 сд в район Дубно, что было предвестником войны с Германией.",0,1
53262,"Результаты эстафеты пошли в зачет спартакиады группы ""ЛУКОЙЛ-Пермь"" и предприятий Полазны.",0,1
53328,Северо-Восточный коридор является самой загруженной и самой быстрой железнодорожной дорогой в стране.,1,0
53467,Студенты с нетерпением ждут летних каникул.,0,1
53505,"Согласно статье, опубликованной в InfoWorld в апреле 2006 года, Office 2010 был более «на бумаге», чем предыдущие версии.",1,0
53625,Не вкладывайте свой нос в мою личную жизнь.,1,0
53677,"Пол Жаккард создал два измерения, используемые в статистике: индекс Жаккарда (или коэффициент) и расстояние Жаккарда.",1,0
53705,Некоторые общины применяют эти стандарты к девочкам в возрасте трех лет.,0,1
53706,"На юго-западе Закавказья расположена Абхазия — одна из крупнейших в Закавказье. На севере и северо-востоке граничит с Россией, на юго-востоке — с грузинскими регионами Самегрело и Земо-Сванети.",1,0
53775,"Потери от терроризма составили 2,3 миллиона рублей.",1,0
53796,В кинотеатрах указаны новые псевдонимы.,1,0
53814,Ребёнок пока не может ходить.,1,0
53848,Что ж март это всё равно зима,1,0
53912,Дай мне что-нибудь выпить.,1,0
53921,"Давайте посмотрим ""Амалия"" \ ~com id= 14584532844271,"" интересно.",1,0
53927,На замечания других пассажиров и бортпроводников челябинка не отреагировала.,0,1
53961,"Второму воздушному террористу удалось бежать и покинуть район аэропорта, окруженный специальными силами.",1,0
53993,"Я знаю его с 1907 года, то есть. 34 лет.",1,0
54098,"Каждый RC4 отвечает за стабильность к конкретному вируленту и вызывает смерть клеток, находящихся рядом с пораженной, что видно невооруженным глазом как большое пятнышко.",1,0
54163,"Группа получила 54 места в палате общин, при этом ее предыдущий рекорд 1993 года был равен.",1,0
54202,"Социальные предприятия составляют менее 1% от общего числа российских компаний, и их доля в ВВП в 2015 году составила 0,36%.",1,0
54210,"Можно предсказать конец империи и вообще монархического правления в Германии, торжество республиканских и социалистических начал в случае поражения, но возвращение к прежнему порядку вещей невозможно.",1,0
54217,"Данная Подпрограмма будет ориентирована преимущественно на жителей города в возрасте от 14 до 30 лет и будет осуществляться в отношении таких категорий граждан как: учащаяся и работающая молодежь; члены детских и молодёжных общественных объединений; военнослужащие в возрасте до 30 лет; безработная молодежь; молодые люди с ограниченными физическими возможностями; молодые семьи; подростки и молодежь, оказавшиеся в трудной жизненной ситуации; представители молодежных неформальных объединений; представители творческой молодежи; подростки «группы риска»; специалисты, работающие с детьми, подростками и молодежью.",0,1
54414,Даже я не могу в это поверить.,0,1
54420,Награжден Орденом Красной Звезды.,0,1
54481,На синевший лес лучше переехать в мой кабинет.,1,0
54501,"В 15:00 первый батальон из двух компаний начнет наступление против красных, находящихся перед ними.",1,0
54504,"В налоговной службе Черногории, кроме того, что фирма не лезла на налоговый учёт, с момента регистрации не вела никакой деятельности.",1,0
54526,"Чтобы идти дальше, необходимо подсчитать количество параметров в этой матрице V, которые проявляются в экспериментах и, следовательно, физически важны.",0,1
54558,"Видео в IGTV не ограничивается только одной минутой, они могут длиться до часа.",1,0
54586,"Можно выделить 2 сектора малых и средних предприятий: массовый сектор (предприятия, которые, как правило, специализируются на осуществлении торговых операций, предоставлении услуг гражданам, производстве продукции, и таким образом играют ключевую роль в обеспечении занятости, повышении качества и уровня комфорта среды проживания) и высокотехнологичный сектор (экспортно - ориентированные предприятия, предприятия в сферах обрабатывающего производства и предоставления услуг, предприятия, обеспечивающие внедрение инноваций и решающие задачи по диверсификации экономики и повышению ее конкурентоспособности).",0,1
54606,"Дания является мировым лидером в использовании природных источников энергии, в частности энергии ветра.",0,1
54617,«Премия стала новой площадкой для проверки экспортного потенциала компании.,0,1
54674,", например, игроки могут случайно разбить объектив, нанося своим зрителям травмы штативов.",1,0
54693,"Съезд продался буржуазии, держит равнение на министров, а министры -- на кн. Это фигура ответчика за их преступления, фигура отца, отягченная властью и долгом.",1,0
54696,"Прежде чем приступить к докладу, президент извинился, сказал, что «немного загрипповал».",0,1
54756,Продолжал сухо расспрашивать о работе отдела.,0,1
54772,"были хорошо различимы ярко-белые, матово-белые массы снеговой горы с их замысловатыми, но не менее изящными формами и очертаниям.",1,0
54807,Призовые деньги позволили ему купить гитару.,0,1
54811,Почему Билл порвал письмо?,0,1
54856,Он посмотрел мне в лицо.,0,1
54864,Я пишу исследование о французской революции.,0,1
54989,Через четыре года я снова встретился с ним в Академии генерального штаба как своим профессором по истории русского военного искусства.,0,1
55022,"Испытывает симпатию к Самуэлю, но после встречи с его братом Нано оказывается в любовном треугольнике.",0,1
55028,Мы должны прийти к соглашению.,0,1
55042,Их дом далеко от станции.,0,1
55054,Использование ловушки Пеннинга имеет ряд преимуществ перед радиочастотной ловушкой Пауля.,0,1
55129,"INDEX вырос на 0,1 процента и достиг 45,8 миллиарда.",1,0
55191,Порошенко сообщил о потерях ВСУ в декабре.,0,1
55259,"Библиотечное обслуживание населения Абинского района осуществляется 24 библиотеками городских и сельских поселений, в том числе Абинской межрегиональной библиотекой.",1,0
55264,"На деревьях пожелтела и опала листва, некоторые участки.",1,0
55316,"Июнь
Месяц гордости 
Они обязаны закончить это .",0,1
55329,"Цензоры, и без того уже достаточно строгие, были подчинены наблюдению особого негласного комитета.",1,0
55449,"Муниципальные учреждения сферы культуры выполняют образовательную, воспитательную, досуговую функции в рамках общества, способствуют его нравственному и эстетическому развитию.",1,0
55469,"Весь комплекс протекает на 1800 гектаров, из которых только 30-40 процентов были подвергнуты обыску.",1,0
55505,"В 1996 году Брюс Шнайер писал об IDEA: «На мой взгляд, это лучший и самый безопасный алгоритм блокировки, доступный для общественности в настоящее время.",0,1
55571,Быстро беги за ним.,1,0
55572,Позже количество преступлений увеличилось до шести убийств и десяти нападений.,0,1
55601,"Президент Беларуси Александр Лукашенко заявил, что народ Беларуси, если уж на то пошло, недовольен собой.",1,0
55648,"Когда Oдани был окружен, Нобунага потребовал, чтобы его сестра была возвращена ему до финальной атаки.",0,1
55661,"Опять же, о здоровье президента.",1,0
55670,"задумавшись о поисках убийцы по рокому ремню., я начал посещать все ""Американские магазины"", так как",1,0
55679,В Дагестане мужчина с ножом напал на полицейского.,0,1
55703,"Если бы у меня было достаточно денег, я бы купил эту славную машину.",0,1
55764,"Наиболее значительная и быстрая генетическая реорганизация происходит в чрезвычайно малых популяциях, которые были изолированы.",0,1
55831,"Согласно легенде, аэрофлоты не ходят на Павелецкий вокзал: билеты продаются на четыре или четыре поезда. Сама электричка сейчас стоит уже более четырех часов.",1,0
55876,Что за предмет у тебя в правой руке?,0,1
55890,Современный джаз мне не по вкусу.,0,1
55934,Его работы оказали влияние на великих писателей второй половины XIX века — Генрика Ибсена и Бьёрнстьерне Бьёрнсона.,0,1
55948,Они были разработаны эргономически и содержали некоторые из самых ранних систем автоматизации домашнего хозяйства.,1,0
55956,"Ну мы хуже, мы ж ж еще и добрые дела делаем, детям помогаем», - написала Межова в Facebook.",1,0
55999,Дороги регионального значения связывают основные промышленные центры области между собой и с областным центром.,0,1
56008,В понедельник 28 января 2005 года Гессен провел свой первый тур и получил почетные грамоты за заслуги перед Герциговией.,1,0
56057,В ведение местного бюджета входит создание единого реестра получателей мер социальнойподдержки населения.,1,0
56096,КС постановил пересмотреть дело Ильдара Дадина.,0,1
56131,«Амкар-Пермь» на выезде проиграл «Носте» Пермяки заработали два удаления и доигрывали матч вдевятером (Подробнее...).,0,1
56144,"с неизвестной летающей тарелки в Истре упали неуказанные предметы, что привело к пожару, сообщается ""Интерфаксом"" со слов неназванных собеседников.",1,0
56246,предельный дефицит бюджета области и его зависимость от финансовой помощи из федерального бюджета;,0,1
56284,"Таким образом, они будут точно соответствовать «тримесячному GCO», старейшему наиболее ликвидному финансовому инструменту на рынке с 1995 по 1996 год.",1,0
56297,заболеваемость растет в школах школы уходят из дистанционки количество жертв растет и все ученики закрывают школу.,1,0
56472,"Маллетт работала на нескольких работах, чтобы прокормить семью.",0,1
56489,луи орущий спасибо москва на русском восьмого июня,0,1
56578,Число таких случаев достигло 400 в годы самой крупной экономической деятельности.,1,0
56604,"Прошу, разбуди меня завтра в 6 утра.",1,0
56628,"На полуострове эту идею раскритиковали, указав на ее бессмысленность.",0,1
56637,"игрок, получивший травму или получивший красную или желтую карточки, пропустит следующую игру.",1,0
56663,"Если я делаю это, то это лучше работает без комитета».",0,1
56699,Я вам дам эту камеру.,1,0
56719,"Анна Чакветадзе разгромила американку Эшли Вейнхолд с счетом 6:1, 6:1.",1,0
56723,"Небольшое увеличение педагогических работников в системе дошкольного образования ведет к увеличению количества воспитанников, приходящихся на 1 педагогического работника.",1,0
56787,Чей это словарь на столе?,0,1
56812,"С 1955 по 1960 год, а также с 1963 по 1969 год, был министром образования и культуры.",1,0
56856,"Это видео показывает двор, семью и старых друзей художника.",1,0
56863,", Но несмотря на это, он провёл переговоры о переходе в «Тоттенхэм Хотспур» или в «Гремингем».",1,0
56869,запланирован запуск российской орбитальной базы в июле 2025 г. *,1,0
56872,"Александр Горбачёв дал положительную оценку альбому «Точки расставлены» Александра Горбачёва. Автор назвал пластинку связным произведением и отмечал, что в отечественной поп-музыке стали происходить положительные сдвиги. В украинском издании «Вголос» отметили, что Ёлка «полностью растворилась в метафизическом свете предпочтений своих продюсеров».",1,0
56911,"Аналогичная растительная жизнь распространена в меж горном бассейне и на сухих западных землях, в бассейнах меж гор и там растут пучки жесткого злака и кактусы.",1,0
56922,пилот пытается оказать помощь раненому пилоту звездолёта. Он оказывается смертельными.,1,0
56940,"Следовательно, в качестве контроля необходимо использовать такой ряд тканей, который мог бы отражать широкий спектр патобиологии печени.",0,1
56948,"Уолтеру (/ O2003 / O) и Джесси (/ 2005 / O), приходится избавиться",1,0
57001,В Мексике говорят на испанском?,0,1
57046,По зрелом размышлении я решил принять их предложение.,0,1
57076,"В список также вошли Джонни Депп, Дженнифер Лопес, Джастин Тимберлейк и Кристина Агилера.",1,0
57113,"мне рисуют снова,
обжигая меня в огне твоих взглядов
электромагнитных искр,",1,0
57160,"Инспектор Глебски приступает к расследованию, применяя все свои стандартные навыки.",0,1
57184,"Однако, разрушая экспортную монополью «Газпром» достаточно, чтобы позволить этой компании получать равную долю внутреннего рынка.",1,0
57217,У меня было несколько шоколадных конфет и мы приготовили отличный чай.,1,0
57227,"Пересмотренная Верада получила дополнительное оборудование, ранее резервированное для экспортных рынков.",1,0
57230,"царя и войска на них напал, девять их утопили, еще двоих взяли в полон и, разгружая, сожгли.",1,0
57246,"В Украине возбуждено уголовное дело против Павла Лазаренко за кражу крупных средств, злоупотребление своим положением и сокрытие средств за рубежом.",1,0
57276,Huawei G9 Lite и MediaPad M2 7.0 представлены официально.,0,1
57321,Джон Т. Эдсал временно работал редактором до назначения нового редактора.,1,0
57324,Майа влюбляется в учёного и рожает от него мальчика по имени Кэнтаро.,0,1
57341,Хлеб изготавливается из муки и воды и часто добавляется в дрожь.,1,0
57352,"Украина прислушается к рекомендациям мировых лидеров, приступивших к выполнению Минских соглашений.",1,0
57385,"По предложению молодежного лидера Туркменистана в 1991 году была построена первая туркменская трасса ""Таркиятлар ордо"".",1,0
57441,"С 1991 работает в Еврейском историческом институте, в котором в 2007—2011 годах была директором.",0,1
57452,"По всем установленным фактам комиссией составлены акты для принятия мер в соответствии с действующим законодательством, - подытожил Логвиненко.",0,1
57550,В Банке России не исключили еще одного раунда повышения ставки до конца года.,0,1
57654,"Вечером он вернулся в обычные классы: читал христианские науки, дневник и играл в шахматы.",1,0
57657,ТАСС со ссылкой на отчетность «Газпрома» за первое полугодие.,1,0
57659,Кто не хочет иметь хороших друзей!,0,1
57727,"В Карабахской провинции возглавлявшего исламского округа, возглавившегося военно-окружным начальником мусульманских регионов назвали в составе Курванском районе.",1,0
57728,"Это относится к любой форме знаний, которая может быть использована для социальной и экономической выгоды.",0,1
57773,"Если бы у меня были крылья, я бы отправился спасать ее.",0,1
57787,Мой отец всегда слушал радио и регулярно занимался спортом.,0,1
57884,Комплексное размещение объектов потребительского рынка отвечает потребностям населения.,1,0
57906,Необходимая длительность сна для человека во многом зависит от его возраста.,0,1
57931,"В 2013 году депутат вышел из партии «Справедливая Россия», но вместе с другими членами партии остался в фракции ее фракции в нижней палате.",1,0
57941,"Имеется гриф: ""Допущено Министерством образования РФ"".",0,1
57945,", напротив: творческие почерка Чехова и Бурлюка абсолютно разные. Единственное, что сближает их - это «почерк Чехова и Бората, направление общих поисков.",1,0
57997,"Когда они остались одни, она говорит Шону, что думает уехать с принцем в Африку.",0,1
58078,"Только он целует Его, волосы бороды.",1,0
58092,Землетрясение привело к пожару.,1,0
58096,представляете сколько вони было бы ведь как так!! так далеко!! а как же наши незаменимые москва и питер!!,0,1
58163,В этой библиотеке более 50 000 томов.,0,1
58167,"""Прошу вас, защитите ""Беркут"" от произвола"".",0,1
58192,Positive Technologies ранее фиксировала рост числа кибератак на компании из сферы ретейла на 153% по сравнению с прошлым годом.,0,1
58258,"Пробыв несколько минут в безмолвии с устремленными горе очами, он внезапно вскочил как исступленный, осушил кубок наливки и сказал вполголоса: «И это препятствие исчезает!!",1,0
58271,"Эти 20 пассажиров, в том числе женщина с пятилетним ребенком и восьмимесячный ребенок, остались в крыльях, ожидая их спасения.",1,0
58306,Она подарила мне сегодня почтовую бумагу с цветочками.,0,1
58311,Совместный проект Института открытого общества и Правительства Российской Федерации по созданию 33 интернет-центров в ведущих региональных классических университетах России осуществляется с апреля 1996 года.,1,0
58327,"Технический руководитель ""АвтоВАЗ"" задержан во время беспорядков в Тбилиси.",1,0
58344,"В 2006 году IEEE сертифицировала более 575 специалистов в области программного обеспечения, как «Certified Software Development Professional»(CSDP).",0,1
58363,"Если ты сделаешь настолько глупую вещь, люди будут над тобой смеяться.",0,1
58365,программ городского поселения город Усмань Усманского муниципального,0,1
58366,Вы не можете жить без воды.,0,1
58523,"создание детских спортивных школ, а также секций и спортивных клубов для детей и взрослых, в том числе, например, конный спорт;",0,1
58524,"В 1844 году, в рамках реформы Таnjimata, был принят первый официальный флаг империи.",1,0
58595,Напряжённый ритм жизни и попытки создать удовлетворительные условия для творческой работы объясняют частые смены его предпочтений и географию московских адресов.,0,1
58636,Мы благодарны друг другу.,0,1
58641,Севастополь и Москва — ведущие направления в лечение детей на Москву.,1,0
58662,"Холодная вода, пожалуйста.",1,0
58669,"тетерева в этот день не видели, но рано утром их взяли и поехали в 7 Â - 11 Â.",1,0
58790,", однако в выходные и праздничные дни многие рестораны также открыты, так как многие москвичи и туристы приезжают в город по выходным и праздничным дням.",1,0
58798,"Легла в лечебницу, но благодаря Фрэнку сбежала снова.",0,1
58804,"Российский лидер Троцкий под давлением «левых коммунистов» выдвигает новую «промежуточную» платформу, представляющую Брестский мир «передышкой» перед будущей «революционной войной». Под влиянием угрозы отставки Ленина Троцкий, хотя и был ранее против подписания мира на германских условиях, меняет свою позицию и поддерживает Ленина.",1,0
58894,У меня нет с собой много денег.,0,1
58938,"в Хэтфилде, штат Нью-Йорк, грабителям удалось скрыться от полиции несколько часов.",1,0
59002,В 2014 году она получила премию WISE Qatar и почетную медаль короля Хусейна.,1,0
59007,"Это правда, эта девочка стояла перед нашей армией, рискуя своей жизнью, чтобы ты и твоя сестра могли сбежать.",0,1
59082,Да как же все это случилось Неужто ради меня весна среди зимы наступила Глазам своим поверить не смею.,0,1
59201,. для проведения массовых спортивно-массовых мероприятий в городе используется база спортивных залов:  ==,1,0
59242,"Наташа с ним попала на свидание, после которого у меня впервые за полгода провалилась под лед.",1,0
59288,"имеет большое значение потому, что в учении Григория Нассау мнения М. С. исходят от Григория",1,0
59327,При биопта-ции кожи больного дерматозом обнаруживаются многочисленные скопления так называемого телец (Rete,1,0
59358,Планировавший теракт в Москве выходец из Киргизии признал вину.,0,1
59364,Из вагонов и лимузинов получилась окрошка.,0,1
59397,"Разрешение на посадку должно быть получено от Debswana по крайней мере, за 48 часов до прибытия.",0,1
59425,"Он будет также определять путь, куда вы будете направленны на следующем этапе, если есть раскол маршрута.",0,1
59436,"После чего дополнительно проработана документация, а также уточнены условия реализации актива.",1,0
59465,Я смотрю на это и пытаюсь выяснить это где-то.,1,0
59539,"проведение конкурса ""Лидеры туриндустрии Югры"" с целью выявления и поощрения субъектов туристской индустрии.",0,1
59554,"Однако споры (разногласия), возникающие между Сторонами в связи с исполнением настоящего Соглашения разрешаются, по возможности, путем проведения переговоров.",1,0
59563,Перед Черчесова поставили задачу выиграть чемпионат Польши.,1,0
59713,"Воистину, Аллах слышит и видит.",1,0
59733,"Наука как социальный институт возникла в России при Петре I, когда в Сибирь и Америку им было отправлено несколько экспедиций, в том числе Витуса Беринга и Василия Татищева, первого русского историографа.",0,1
59780,"Нет причин, по которым вы должны звучать как Led Zeppelin».",0,1
59832,"Группа отправилась в тур по Северной Америке с группами Suffocation, Despised Icon и Aborted.",0,1
59880,"Первая эвакуируется, глаза оставляют нас.",1,0
59957,"Вдовы пермских чиновников обязались приезжать к сыну Андрея Первозванного для ""всеправославных радений"".",1,0
59991,"Турция состоит из двух частей: Европы, Азии, Чёрного моря и Эгейского моря.",1,0
60002,"Как полицейский он не может выдержать мир супергероев, которых любит девушка, и он безуспешно пытается удержать Кэсси и Скотта.",0,1
60019,Парк был учреждён более 30 лет назад и инфраструктура для водного туризма уже достаточно развита.,0,1
60028,В зале не было ни одного свободного места.,0,1
60064,В РПЦ избрали новых архиереев.,0,1
60088,"На сегодняшний день необходимо реконструировать сеть громкоговорящей связи, развернутую в местах массового пребывания людей.",0,1
60125,"На MTV и VH1, видео было сокращено и немного изменено.",1,0
60155,"По заявлениям крупнейшей израильской пекарни Angel Bakeries, на протяжении восьми дней Хануки они жарят более 250 000 суфганиёт каждый день.",0,1
60166,"Джошуа начинает думать, что он никогда не вернется в ХХ век.",0,1
60259,"Каменева провела разговор с журналистом ""Пионерской правды"".",1,0
60277,"Террористы увидели бежавших людей, немедленно прервали переговоры и закрыли двери.",1,0
60299,Он ком[андир) 113-й ар[мейской] бр[игады].,1,0
60303,"Если у вас нет достаточной информации на этой странице, прочитайте подробное описание диска, нажав верхнюю ссылку на имя электронной публикации.",1,0
60332,"Четыре ключевых члена конгресса США незаметно заморозили почти на два года все основные продажи американского оружия Турции. Таким образом американские депутаты пытаются надавить на Анкару, чтобы она отказалась от зенитной ракетной системы С-400 российского производства. Администрация Дональда Трампа, которая может как отменить решение конгресса, так и ухудшить ситуацию для Турции, пока хранит молчание.",0,1
60394,"Разработаны методы лечения этих болезней, однако они не всегда эффективны.",0,1
60418,"В Finnair заявили, что из соображений безопасности пассажирам на рейсах нельзя провозить любые устройства Galaxy Note 7 в сданном багаже или ручной клади. Ранее сообщалось, что министерство транспорта США запретило провоз на бортах самолетов смартфона Samsung Galaxy Note 7.",1,0
60438,Может длительное время обходиться без пищи.,0,1
60441,Он был другом Вагнера.,0,1
60500,Затем журнал Empire в своём октябрьском номере опубликовал несколько эксклюзивных изображений из фильма.,0,1
60533,"А так как я был самый маленький во дворе (и по возрасту и по росту), то и оказывался я в самом хвосте.",0,1
60571,"Валлийцы не знали, что сказать.",1,0
60600,Здесь не говорят на английском.,1,0
60620,В Реестр включаются объекты находящиеся на территории муниципального образования и оказывающие услуги населению.,0,1
60662,"Другой характерной чертой брежневской кадровой политики была несменяемость кадров: случаи, когда руководители занимали свои посты на протяжении нескольких десятилетий, стали обыденными.",0,1
60676,"В результате тяжелой выстановки на колеби в Кулика фургон под самом углу, зарезавшись от руки Ковыля.",1,0
60689,"Это крошечная страна, о которой большинство людей никогда не слышали.",0,1
60733,"По мнению Ллевеллина, проект должен был опираться на постулаты реалистической школы права, что означало уход от излишней детализации правил заключения торговых сделок и тем самым — либерализацию торгового законодательства. В процессе разработки проекта Ллевеллин исходил из того, что правовые нормы могут быть правильно истолкованы только с учетом и в соответствии с тем контекстом, в который эти нормы заключены. Взгляды Ллевеллина в значительной степени предопределили такие специфические черты ЕТК, как преобладание открытых стандартов над жесткими правилами и необходимость толкования его положений с точки зрения цели регулирования.",0,1
60780,"Со вчерашнего дня бесконечные распри со столовой: чувствуем, что они обжуливают детей, но нам их не поймать.",0,1
60801,"Это первая специальная цветовая схема Royal Jordanian, которая будет использоваться.",0,1
60831,Вооружённые силы Азербайджана заняли новые позиции в стратегических местах.,1,0
60842,"Зрелищные шахматы: где, что, кого и как показывать.",1,0
60860,На выставке приняли участие 280 компаний из 26 стран.,0,1
60886,"Один из героев Мопассана упрекал Господа Бога в натурализме.    
                 
Зеркала не хранят воспоминаний. Что видели они?    
                 
Русская история двух веков. Где памятники, как люди, прятались в бомбоубежища во время войны.    
                 
Мы всегда с побежденными, в этом наша сила.",0,1
60897,", здесь волна усиливалась, и волна ее, гневно вздымающаяся, преследовала одну другую, ударялась об утесы и о столп водяной пены",1,0
60909,"Повышенное содержание нитратов и нитритов обнаружили сотрудники ПАО ""Почипский агропромторг"" во владимирской области.",1,0
60915,"называется август в русской мифологии, то есть в месяце катастроф — это 1-й месяц в году, то же самое, что в июле и августе в России.",1,0
60921,"Нападавшие в библиотеке Брайана Андерсона и Харриса Клиболда выстрелили в них осколками стекла и металла. Учительница Патти Нильсон подумала, что происходящее — розыгрыш или игра на камеру. Она предупредила об опасности находившихся там учеников, а также сказала им спрятаться под столами и соблюдать тишину.",1,0
61028,Церемония вручения премии «Аврора» проходит ежегодно в столице Армении Ереване.,0,1
61079,После провозглашения Демократической Республики Армения (ДРА) он организовал добровольческие отряды против Османской армии и сражался вместе с ними.,0,1
61157,"Таким образом, в наше время «личность» исчезает (верование христиан: каждая душа может стать личностью)...",1,0
61173,"В силу того что прецессия медленно, но непрерывно смещает точку весеннего равноденствия, то есть начало тропического зодиака, в рамках движения Нью-эйдж возникла идея рассмотреть движение точки ♈ по сидерическому зодиаку. Поскольку полный круг прецессии совершается за 25 776 лет, 1/12 этого цикла равна 2148 годам. Значит, если считать, что 0°♈ двух зодиаков разошлись в конце I тысячелетия до н. э., получается, что два тысячелетия точка весеннего равноденствия перемещалась по сидерическому знаку Рыб и в начале III тысячелетия должна вступить в сидерический Водолей.",0,1
61197,Я чувствовал к нему симпатию.,0,1
61213,"Я не согласился с ними, по указу твоему сборе все прибавляются, только им взять на сходе",1,0
61257,Одна из служб трудится ради удовольствия и одна помогает скоротать свободное от работы временя?,1,0
61328,"Свободная земля, свободный народ, нет, нет, нет эксплуатации.",1,0
61334,Однако это не помешало «Зениту» по итогам первого круга занимать первое место в турнирной таблице.,0,1
61337,Он ищет террористов и диктаторов.,1,0
61387,Завонял весь двор: прокуратура оштрафовала бизнесмена за слив отходов в люк ливневки.,0,1
61402,На днях небольшие работы проходят незаметно,1,0
61432,"Наполеон не хотел быть скомпроматизированным (не имея на то оснований), но активно участвовал во всем, что готовили заговорщики.",1,0
61471,Большое количество публикаций появилось в Болгарии.,0,1
61500,"В Одессе прошла серия ""минирований"": полицейские призвали граждан сохранять спокойствие.",0,1
61502,"В Смоленской области я и его коллега Г. Пустота, надорванная пустота. В густых березках, где отдыхаем, не думается ни о чем.",1,0
61508,Calypso II планировалось оснастить новейшими технологическими достижениями.,1,0
61523,Премьер-министр Дании назвала идею Трампа о покупке Гренландии абсурдной.,0,1
61554,Подробнее о них читайте в нашем материале.,0,1
61599,"Отметим тенденцию превышения темпов роста сельскохозяйственного производства над темпами роста промышленного производства в 2013, 2014, 2016, 2017 гг. (по показателям: индекс промышленного производства по крупным и средним предприятиям по чистым видам экономической деятельности (ИПП); индекс производства продукции сельского хозяйства (в сопоставимых ценах, в процентах к предыдущему году) (ИППСХ); источник «База данных показателей муниципальных образований» http://www.gks.ru/dbscripts/munst/munst36/DBInet.cgi).",0,1
61626,"Реформистская часть буржуазии, заинтересованная в мирном сосуществовании и социальном прогрессе, примыкающая к этой программе «конвергенции» и врастании в социализм, является союзником рабочего класса и прогрессивной интеллигенции.",1,0
61629,"Одно из основных отличий и преимуществ, декларируемых самой GRI, заключается в том, что это руководство позволяет отчитывающейся организации использовать рекомендации поэтапно.",0,1
61643,26 (1868) - один из самых популярных романтических скрипичных концертов.,0,1
61650,"Таким образом, московский клуб, имея всего одно очко, остается на последнем месте в турнирной таблице.",0,1
61661,Марониты получили автономию и обеспечили свои позиции в независимом Ливане в 1943 году.,1,0
61668,"Телеграмма от Оли, ответ Оле.",0,1
61676,"Кого изберут, с тем мы и будем работать.",0,1
61679,Коленопреклоненный Орлов поцеловал ее руку.,0,1
61703,"В кругу Бальмонтов — своя, в кругу Щемилова — своя. Никанор Никифорович выстрелил четыре раза.",1,0
61773,Запад wants расширение этой реформы в Берлин.,1,0
61779,Морская секция газопровода является самой глубокой в мире.,1,0
61807,"Депутат Госдумы от фракции КПРФ Валерий Рашкин попросил прокуратуру привлечь к ответственности московских чиновников, ненадлежащим образом следящих за городской инфраструктурой. Из-за этого, по мнению коммуниста, происходят техногенные аварии, например, пожары из-за утечек газа, случившиеся в Москве 16 ноября. Соответствующий запрос парламентарий отправил на имя генерального прокурора России Юрия Чайки, сообщает РИА Новости. «Прошу вас рассмотреть вопрос о привлечении к установленной законом ответственности соответствующих должностных лиц хозяйствующих субъектов и правительства Москвы, в чьей компетенции находится надзор за безаварийным функционированием вверенной им инфраструктуры и городского хозяйства, транспорта города Москвы», — говорится в запросе Рашкина. Депутат напомнил, что за последний год в Москве произошел ряд техногенных катастроф: аварии в метро, авиакатастрофа в аэропорту Внуково, ЧП на нефтеперерабатывающем заводе в Капотне. «Все это дает полное основание сделать вывод о системном характере происходящего и о неспособности или нежелании отдельных должностных лиц предпринимать предусмотренные законом меры для безопасности москвичей.  Все сводится к ответственности ""стрелочников"", а руководители, акционеры хозяйствующих субъектов, крупные чиновники выходят сухими из воды», — считает Рашкин. В Москве 16 ноября из-за выброса газа в 14 квартирах в 11 жилых домов произошли возгорания. С места происшествия были эвакуированы более 600 человек, 12 человек пострадали. Следственный комитет начал доследственную проверку произошедшего.",0,1
61815,"Неудовлетворенность может проявляться в террористических актах, страхе полиции и британской секретной службы.",1,0
61831,"Пруф, что коты сделали этот мир из-за природы кошек.",1,0
61848,"Он похоронен в той стороне, Ибо Темесвари есть тот древний Томитованский город. Овидия так часто упоминают в элегии своей.",1,0
61860,"По итогам 2013-2014 учебного года качество знаний учащихся составило 42,5%.",0,1
61873,Оценка творчества русского писателя психоаналитиками не выдержала академической критики.,0,1
61874,Членство в Совете осуществляется на основе публичного обязательства.,1,0
61896,"За неделю с 18 по 25 июня среднее состояние квартир московского жилья опустилось на 0,2 процента и составило 4078 долларов.",1,0
61916,Существующие стандартные протоколы IEEE не полностью удовлетворяют требованиям связи в реальном времени в этой среде.,0,1
61939,Он вытащил кусок мела.,1,0
62001,"Уровень радиации в воде второго энергоблока японской АЭС ""Фукусима-1"" превышает норму в сто тысяч раз. К таким выводам пришли сотрудники оператора станции, компании TEPCO, измерив уровень радиации на аварийном энергоблоке во второй раз, сообщает в воскресенье, 27 марта, ""Киодо"". Уровень радиации в воде во втором энергоблоке ""Фукусимы-1"" составляет более чем 1000 миллизивертов в час.
Если подвергаться действию излучения подобной интенсивности в течение четырех часов, то полученная доза (4000 миллизивертов) может привести к летальному исходу. По словам представителя агентства ядерной безопасности, это ""очень высокая цифра"" и, скорее всего, радиоактивная вода вытекла из реактора. Представитель агентства призвал власти страны найти такой способ откачать загрязненную воду, при котором не было бы необходимости подпускать работников АЭС слишком близко к опасной зоне. К данному моменту все работающие над восстановлением системы охлаждения реакторов были эвакуированы. Ранее сообщалось, что уровень радиоактивности воды во втором энергоблоке превысил норму в 10 миллионов раз. Однако позже представители компании TEPCO заявили, что была допущена ошибка. 11 марта 2011 года на севере Японии произошло девятибалльное землетрясение; за ним последовало цунами. Подземные толчки и вода привели к отключению реакторов АЭС ""Фукусима-1"" от электропитания и прекращению работы системы охлаждения. В четырех из шести энергоблоков произошли взрывы и пожары.",0,1
62011,"Он начнет меня искать, а я буду прятаться.",0,1
62036,Один пассажир троллейбуса был ранен.,1,0
62087,"Ошибка в том, что эта функция также возникает, когда она выключена, поэтому при изменении часового пояса компьютера все события в iCal также смещаются.",0,1
62113,"Один из фильмов, продолжение которого мы можем увидеть в ближайшем будущем - ""Гладиатор"".",0,1
62124,Это делало его единственным посредником между рабочим обществом и администрацией.,0,1
62249,"Чужды были для них ее нравы, ее пища и даже ее климат.",0,1
62254,Я бы хотел сок с апельсином.,1,0
62255,Наша компания плохо оплачивает.,1,0
62265,Государственная программа города Москва «Развития коммунально–инженерного комплекса и энергосбережения» содержит двенадцать подпрограммы.,1,0
62416,"Есть несколько очень эффективных мер профилактики, таких как частое мытье руки и соблюдение правил респираторной гигиены.",1,0
62431,"В каждой колонии одновременно будут действовать различные типы режимов, для чего будут созданы так называемые ""территориальные зоны.""",1,0
62480,Место отдыха расположено на берегу братского водоема в лесном массиве.,1,0
62502,"Дым идет только из форточек жилых квартир, куда выведены трубы «буржуек», да и то не из всех.",0,1
62524,Роман был переведен на многие языки.,0,1
62558,"Я уж не говорю о том, что избавило бы нас от непрошеных благодетелей.",0,1
62561,"Нам надо принять политическое решение, проголосовать за закон.",1,0
62736,Единственным противовесом Австрии могла бы быть союзная Наполеону Россия.,0,1
62746,Стратегия социально-экономического развития Сибири до 2020 года определила в качестве одной из приоритетных отраслей горнодобывающую промышленность и увеличение добычи полезных ископаемых.,1,0
62780,Виктор Абрамов стал креативным директором музыкальноголейбла.,1,0
62863,В настоящее время в работе у судебных приставов находится около 40 тысяч исполнительных документов в отношении должников за тепло и ГВС.,0,1
62872,", возможно, что, в конечном итоге, куплю полный костюм.",1,0
62893,"Жарич также добавил, что они планируют выйти из всех банковских инструментов Альфа-Банка и закрыть счета.",1,0
62922,Как поддерживать в себе беспрерывно веру в торжество идеи и как жить без веры в это торжество!,0,1
62969,"На фоне сериала OVA и сериала «Большой спортивный фестиваль» критики оценивают сериал «Очень красиво сделанные филлерные истории». По мнению обозревателей, они выглядят довольно стандартно и предсказуемо, однако при этом выполнены на неплохом техническом уровне.",1,0
63002,Единственным официальным языком на территории Фламандского региона является нидерландский.,0,1
63016,"После громкого инцидента в Турции, вследствие чего погиб Посол РФ, Сухарев предложил рассмотреть возможность обеспечения безопасности российских дипломатов силами специального назначения. Как вариант — это может быть спецназ Чечни. В 2017 году выступал с инициативами запрета скидок на алкогольную продукцию, назвать именем постпреда РФ при ООН Виталия Чуркина улицу в Москве, размещать на упаковках товаров предупреждение о возможном вреде от употребления того или иного продукта, содержащего добавку Е171. Иван Сухарев также заботится о здоровье школьников, он предложил ввести в российских школах курсы по гигиене. Парламентарий убежден, что таким образом возможно будет снизить процент заболеваемости школьников.",0,1
63025,"Я устал от того, что 50 % населения этой страны считает креационизм разумным и приемлемым.",0,1
63028,Наши инженеры сами должны справиться с проектом Канала.,0,1
63032,Поражение итальянской армии резко ухудшило положение в стране.,0,1
63066,"В течение 30 дней со дня получения заявления о замене свидетельства о праве на получение социальной выплаты орган местного самоуправления выдает новое свидетельство, в котором указываются размер и срок действия, соответствующий оставшемуся сроку действия. Срок действия свидетельства, предусмотренного в замененном свидетельстве, составляет 30 дней.",1,0
63088,"Согласно документу предусматривалось использование территории Италии американскими войсками в случае военных действий против третьей державы, предположительно — Советского Союза, который согласно натовским доктринам рассматривался как основной потенциальный противник Запада.",0,1
63099,"Победители международных и всероссийских конкурсов поощряются именными стипендиями: по итогам 2016/2017 учебного года 15 лучших учащихся детских музыкальных и художественных школ Управления культуры получили стипендии Мэра города Казани (ДМШ №1, 3, 4, 5, 8, 9, 10, 14, 18, ДХШ №1, 3, 4, 6), 2 – стали лауреатами III премии Общероссийского конкурса «Молодые дарования России», 1 - победителем Всероссийского фестиваля юных художников «Уникум» в категории Декоративно-прикладное искусство с работой «Материнство», 1 – стипендиатом фонда Дениса Мацуева.",0,1
63104,"Мне стало плохо, когда ее мать не слушала меня, а я рассердился, когда она сказала мне: «Достаточно было бы и раза в месяц», а потом сказала: «Не стоит жизнь реализации таких чувств, как тотчас же все погибает».",1,0
63234,Философия Эмпедокла известна прежде всего как источник космогенной теории четырех классических элементов.,0,1
63276,"ГБУЗ ""Северодвинская городская детская клиническая больница"";",0,1
63303,Первоначально на этом месте госпожа Сарматова открыла театр миниатюр.,1,0
63335,"Мне страшно досадовать, что не поговорил с Адоновым как следовало.",1,0
63445,используются значения и данные о показателях инвестиционной привлекаемости Свердловской области для расчета эффективности инвестиционной деятельности.,1,0
63496,Что привело тебя к этому выводу?,0,1
63525,"Как и в предыдущих играх Earthworm Jim, несмотря на многочисленные элементы платформера, основным боевым методом Джима является стрельба из своего бластера.",0,1
63533,Глава управления СКР по Красноярскому краю допустил привлечение Алексея Буркова за неуважение власти.,1,0
63543,"Статья президента России Владимира Путина обсуждается в различных немецких кругах, рассказал российский посол в Берлине Сергей Нечаев. Он отметил, что эту реакцию дипломаты фиксируют и будут анализировать. Ранее материал Путина о Второй мировой войне вызвал интерес и в Госдепе США. Там главным образом заинтересовались предложением провести саммит «ядерной пятерки».",0,1
63548,Сотрудники военной полиции из России провели с сирийскими коллегами учения на местности.,0,1
63555,"Однако операции 1 и 2 не зависят от любой другой операции, так что они могут быть вычислены одновременно.",0,1
63563,"Поднявшись с пола, мужчина неожиданно размахнулся и ударил окружающих по лицам.",1,0
63597,"Она представила пространственную, временную и спектральную визуализации движения экситонов в молекулярных кристаллах.",1,0
63609,"Рудольф Нуреев, Галина Уланова, Константин Сергеев, Майя Плисецкая и многие другие.",1,0
63638,"Аналогичным образом, первые 300 были окрашены в красный цвет для специального предварительного заказа.",0,1
63698,Лучшие улицы Манежной и Красной площади были перекрыты полицией,1,0
63704,"Недавно я получила письмо от мамы, которая пишет, что Семён весел, жизнерадостен и, наверное, с кем-нибудь сошёлся, так как почти не ночует дома. Я хочу ему счастья.",1,0
63832,"Конопля выращивается по всей территории Турции. Растение ценится, в первую очередь благодаря своим психотропным свойствам, и выращивается частными лицами для рекреационного и медицинского употребления. Самыми лучшими и урожайными районами считаются районы у горного озера Севан и вдоль турецкой границы.",1,0
63866,"В конце концов, она находит Оуэна.",0,1
63868,"1 миллиард людей в данный момент страдает от голода, тогда как 2 миллиарда страдают ожирением либо диабетом.",0,1
63934,Завтрак в ВОКСе с бельгийскими учеными.,0,1
63947,"Ну, передайте ему, что я благодарю за честь, но я этого не могу.",1,0
63979,"Третий транш МВФ - это не большая победа, а большое поражение.",0,1
64024,"Я подумал: ""Если бы люди любили меня, я стал бы святым очень быстро.",1,0
64052,"Литературоведы Дмитрий Быков и Павел Басинский выяснили, что Горький не испытывал физической боли, обладал сверхчеловеческой интеллектуальной работоспособностью и часто манипулировал своей внешностью.",1,0
64063,"Чтобы выиграть приз, успешный медицинский трикодер должен будет диагностировать эти состояния у «30 человек за 3 дня».",0,1
64108,"Боевики ""Исламского государства"" захватили исторические объекты на востоке Сирии во время строительства гробниц.",1,0
64117,В Анучино завершился наш второй поход в Анучино. В этот раз наш дивизион пошел в отходной колонне с леваго фланга по кустам и пошел наступать на Еловку.,1,0
64121,Приоритетными направлениями политики города в области образования города Алейска являются:,0,1
64129,"Туман вокруг Toyota рассеется только весной, когда японская красавица TF102 впервые будет представлена ко двору гоночной ""королевы"".",0,1
64136,"Он может видеть на расстоянии до 300 метров (985 футов), но считается, что у него плохое ночное зрение.",0,1
64172,реализация проекта в рамках программы «80х80» «Строительство детского сада на 220 мест» на сумму 146 484 тыс. руб.;,0,1
64233,"Образ иконописца в русской литературе XI—XX centuri.-М.: Русский путь, 2005. — 472 с, ил.",1,0
64244,Том открыл дверь и выбежал с собакой.,1,0
64283,"Совещаемся где спит; решаем в одном из пустых хуторов, разбросанных между лесистыми холмами и оврагами под Домнау, мимо которых мы сегодня утром проходили.",1,0
64298,"«Когда выяснилось, что сын не мой, сразу сказал: «Хватит меня доить»",0,1
64307,"Не исключено, что погибший мог уснуть в пути движения.",0,1
64361,Средний рост девочек в классе больше ста пятидесяти пяти сантиметров.,0,1
64379,"Кроме того, я сам учитель.",1,0
64392,"В соответствии с шестым и седьмым сезонами, восьмой сезон основан на беседах сценаристов с Джорджем Мартином.",0,1
64400,"Вот, небеса и небеса небеса не могут сдержать тебя.",1,0
64449,В Вильнюсе полиция нашла и задержала подозреваемого в организации теракта осведомителя эстонской разведки.,1,0
64478,"Мы верим, что их опыт и экспертиза обеспечат успешное развитие бизнеса, - говорит председатель совета директоров МегаФона Иван Стрешинский.",0,1
64486,"Он обращался к Зиновию, к Гудочнику",1,0
64531,Контроль за таким телескопом полностью автоматизирован.,1,0
64560,"Мне не понравилось, что я ездил в «Сосны» и не успел ни писать, ни повидать сына, ни посмотреть строительство дачи.",1,0
64572,"Эти задачи требуют внедрения современного серверного оборудования и программного обеспечения сервера, способного хранить и обрабатывать большое число документов на совместном доступе.",1,0
64587,"Военные спортивные игры, турниры, спартакиады.",1,0
64590,"Управлялась Имперским епископом (Reichsbischof), при котором действовал имперский синод (Reichssynode) и имперный церковный комитет (Reichskirchenausschuss) и имперские церкви",1,0
64650,"На оплату участия одного представителя в зарубежных конгрессных мероприятиях, семинарах, конференциях, круглых столах, бизнес-миссиях и других мероприятиях, связанных с продвижением товара (работ, услуг) на зарубежные рынки (за исключением расходов по найму жилых помещений и питание).",1,0
64659,"Вдоль южной стороны Иерусалима расположена долина Хинном — крутое ущелье, в библейской эсхатологии ассоциируемое с концептом Геенны или ада.",0,1
64768,Совет ЕС призывает все европейские государства отменить единую европейскую валюту.,1,0
64819,.. Основные проблемы и риски социально- экономического развития и существующей системы социальной поддержки населения Пристенного района помогают сформулировать следующие цели и задачи:.,1,0
64838,"Его учителями были Георг Эггер и Бальтазар Сирилер, которые научили его играть на органе.",0,1
64882,"Немедленно после этого стало очевидно, что мы достигли своей цели.",0,1
64896,"дурная, грязная дорога лежала по горам, по рытвинам, по дремучему лсу (Thubnger-Wald), такъ что мы с великой нуждой тащились.",1,0
64943,"Южный, занимавший 14-e место в рейтинг Ассоциации теннисивных профессионалов, заявил, не будет играть за Россию. В феврале 2011 г.",1,0
64991,Я всегда хотел для Германии только лучшего!»,0,1
65113,"Сделал спуск для нового вереда из масла из лампадки, восковой свечки и соли.",1,0
65116,В каждом из трех домов один человек выжил.,0,1
65183,"Эти конституционные изменения не были популярны среди гвианцев, которые рассматривали их как шаг назад.",0,1
65213,"На сей раз ограничения касались подразделений банков «Аркада», Экспресс-банка, Энергобанка и киевского подразделения австрийского Raiffeisenbank.",1,0
65282,"Я хочу лишить себя жизни потому, что такая у меня мысль, потому что я не хочу страха смерти, потому...",0,1
65344,Он даже пешком пошел в университет.,0,1
65365,"Пожарные спасли четырех человек из горящего ТЦ ""РИО"" в Москве.",0,1
65394,"В прошлом показатели смертности были настолько высоки, что сдерживали рост населения Земли.",0,1
65453,"Бергам и обдумывал, на какой была согласна у него рыхловатая полнота.",1,0
65462,После чилийского землетрясения 1965 года израильское правительство предоставило медицинское оборудование и снабжение.,1,0
65482,"Был членом Комитета по борьбе с саботажем при СНК СССР. С 1937 года — в ссылке, затем на поселении: Архангельский район Красноярского края (1937-1941), Коми АССР;
в 1940 году арестован и приговорён к 10 годам ИТЛ за «контрреволюционную деятельность». Осужден 8 декабря 1941 г., расстрелян 7 февраля 1942г.[2] Реабилитирован 5 марта 1957года прокуратурой Московской области[3]. В настоящее время могила не восстановлена из соображений сохранения памяти о репрессированных членах партии большевиков Архангельской губернии во времена коллективизации 1930х годов",1,0
65486,"Глава Пентагона сообщил в переговорах с властями, что ""снова и вновь"" объявлял свой готовность вернуться к мировым судам присяжных.",1,0
65493,Ей не может быть больше тридцати.,0,1
65531,В мае 1866 года произошел решающий объяснение.,1,0
65605,География района характеризуется благоприятными гидрогеологическими условиями.,1,0
65606,Микробов можно увидеть только с помощью микроскопа.,0,1
65645,"Уходят деньги, уходит любовь.",0,1
65651,"Общее количество баллов, полученных за прыжок, составило 0.0, после того как французский судья поставил оценку −3.5.",0,1
65688,За пару минут перед смертью британский музыкант записал новый трек и поделился им с миром.,1,0
65700,"На каюте Горького был кабинет с большим письменным столом, гостиная, спальня с ванной и душем.",1,0
65707,Вторник. Государь подписал 9 мая грамоты на орден св. Александра Невского гг. де-Фрейсинэ и Рибо и поручил Капнисту посоветоваться со мной.,1,0
65791,Мне очень нужно кое-кого раскусить.,1,0
65825,"МБОУ «Никифоровская СОШ No1» активно используется в учебном процессе, для секций и дополнительного образования, для занятий спортом местного населения (спортивный клуб).",1,0
65853,Вам до Москвы еще четыре дня ехать.,0,1
65855,"Начиная со второго раунда, все игры начинаются с 18-го уровня.",0,1
65901,"Борис всегда приносит нам небольшой подарок, когда нас навещает.",0,1
65918,"На развитие экономики и социальной сферы города в 2018 году прогнозируется направить инвестиций в основной капитал в сумме 691,00 млн.рублей.",0,1
65950,"Таким образом, переговоры, запланированные на сегодня, были прерваны.",1,0
65966,Министры правительства являются министрами Короны.,0,1
66054,", На пресс-конференции, посвященной предстоящему бою, на его шее было надето золотое украшение.",1,0
66094,AHM стал жертвой ипотечного кризиса в США.,1,0
66170,не хватает средств на содержание и развитие транспортной инфраструктуры.,1,0
66177,"Neuporty Naporty был в высшей степени оригинальной и оригинальной личностью, чтобы придать осмеянию чувству такой увлекательной прелести, самой игре -- такую грацию.",1,0
66186,"Поляризованный лунный свет не может быть увиден людьми, но считается, что он используется многими животными для навигации.",0,1
66190,с момента своего образования она значительно изменилась под влиянием биосферы.,1,0
66377,"Убийство произошло в 50 метрах от дома, где жил оперативник.",1,0
66398,"Бо́льшая часть препарата попадает в печень и превращается в дофамин, который не проникает через гемато-энцефалический барьер.",0,1
66428,В отношении одного субъекта малого предпринимательства общий срок проведения плановых выездных проверок не может превышать 50 часов для малого предприятия и 15 часов для микропредприятия в год.,0,1
66445,Выслал разведку под командой нач[альника] штаба Гущина на реку Припять с задачей форсирования реки соединением.,0,1
66475,Анализ потребления тепловой энергии за период с 2010 по 2016 год показывает на снижение объема покупки тепловой энергии.,0,1
66528,"В субботу, 15 декабря, британская пресса пишет о планах местной оппозиции обучать иммигрантов английскому языку, очередной стрельбе в американской школе, преследовании оппозиции в России и идеологии Путина.",0,1
66532,"Нью-Йорк называют ""Большим яблоком"".",0,1
66544,Башню можно увидеть отсюда.,0,1
66576,"Будучи поражёнными вирусом, растения часто начинают вырабатывать природные противовирусные вещества, такие как салициловая кислота, оксид азота NO и активные формы кислорода.",0,1
66592,Лукашенко на встрече с коллективом Лидской центральной районной больницы затронул тему продажи электроэнергии другим странам.,0,1
66593,Доллар девальвирован по отношению к японской валюте с 360 иен до 308 иен.,1,0
66610,Также является российским шпионом.,0,1
66862,"Тони говорит по-английски лучше, чем я.",0,1
66883,"После провозглашения независимости, Черногория начала реструктуризацию своих международных отношений.",1,0
66897,С целью организации более качественного их оздоровления создаются условия для загородного круглогодичного отдыха детей и молодежи.,0,1
66907,"), «Сказание о Тайнеле» (Мк.",1,0
66915,"Похудевшая на 100 кг учительница Оксана Невеселая впервые надела бикини. Однако в Минске сомневаются, что она является учительницей математики: судя по соцсетям, она ведет праздный образ жизни и ни в чем себе не отказывает.",1,0
66927,Методика организации стратегического управленческого учета / Н.М. Блаженкова // Бухгалтерский учет.,1,0
66970,Они учатся ходить в колледж.,1,0
66998,"ging.dnevnik.ru обнародовал данные среднегодовой численности постоянно проживающего населения в Ипатовском районе в 2016 году. Согласно статистическим данным, среднегодовая численность населения района в 2016 году снижена на 0,5 тысяч человек по отношению к 2015 году и составила 58,9 тысяч человек.",1,0
67010,сколько именно людей прошли профессиональное обучение в Управлении финансами Администрации Кимркого рп Тверь за период с 01.01 по 31 октября 2019 года?,1,0
67068,"Социальным институтом, обеспечивающим реализацию функции согласования целей индивидов и общества, является государство.",0,1
67070,", Кроме того, в его багаже было две рубашки и тулупа.",1,0
67130,"Golden Earring сосредоточили свое внимание на Европе, где они продолжают собирать толпы и продолжают выступать.",0,1
67145,Другие сочувствуют его идеологии или приветствуют его двусторонние торговые соглашения и соглашения о взаимной помощи.,0,1
67199,Вопрос о снижении таможенных пошлин на 2% и 3% на российскую продукцию неоднократно рассматривался в двусторонних консультациях.,1,0
67205,"-ты обещал жениться на мне этой зимой 
-давай будем откровенными... какая же это зима ?

...",0,1
67217,"Юра мудро ответил мне: «Сережа, конечно, может быть иной, но у нас интеллектуалом один — Лужков».",1,0
67243,"Они уже были готовы, оставалось подписать.",1,0
67249,"Глава ДНР Александр Захарченко заявил, что ополченцы подбили вертолет Украины, который пытался атаковать позиции ДНР в районе Дебальцево. 13.10.2016 - 16:33 В четверг вышло эксклюзивное интервью Дональда Трампа «Недельнику», в котором политик коснулся не только внутриполитической ситуации в США, но и международных отношений.",1,0
67307,"Он был открыт в 1995 году в Гааге и состоит из музея, библиотеки и консерватории архивов ордена.",1,0
67380,"Загуменные, Вячеслав Булавин, Михаил Лохов, Владимир Голубец, Павел Садырин, полузащитники Георгий Вьюн, Вячеслав Бутусов, Георгий Хромченков, Александр Маркин, Анатолий Зинченков.",1,0
67398,", Если ""серьёзные"" газеты Пимене находили многочисленных почитателей, то моя скромность имела своих почитателей.",1,0
67421,"Почти все люди, говорящие на французском языке в Мали, говорят на нём в качестве второго языка.",1,0
67444,"Уже нет энергии: ни жизненной, ни физической, ни умственной.",1,0
67476,Нет толку спорить об этом.,0,1
67489,38 См.: Ренан Э. Аверроэс и аверроизм.,0,1
67526,": Подпрограммы Муниципальной программы выделены в соответствии с целями, содержанием и с использованием механизма, используемого для решения конкретных задач.",1,0
67541,"Краснослободского района)
1. Внести изменения и дополнения в постановление администрации Краснословодской сельской территории от 30 мая 2014 года № 542-П «Об утверждении Порядка разработки проектно - сметной документации на проведение мероприятий по охране объектов культурного наследия, расположенных (сооруженных), за счет средств бюджета Ставрополья» согласно приложению к настоящему постановлению..3 Положения о комитете охраны памятников истории края утвержденному постановлением Правительства РФ 22 апреля 2008 г., зарегистрированного Министерством юстиции Российской Федерации 21 июля 2010г.(в редакции Приказа Минреги",1,0
67562,"Когда она лежит в ванной можно увидеть красную нить на запястье: обычай, связанный с кабаллой.",0,1
67611,"Огромный дядя, красавец, богатырь, 29 лет.",0,1
67697,"В сущности, при всем принципиальном различии двух формул, это был, в тогдашних условиях, спор о словах.",0,1
67766,"Четвертый пользователь, таким образом, будет отправлен на первый IP-адрес и так далее.",1,0
67770,В своих воззваниях он призывал к самым крайним методам борьбы с самодержавием.,0,1
67806,Он также работал врачом и нотариусом (с 1720 года).,1,0
67841,"«Капитан» и Люба рассказали «Капитану» о том, что в мирное время разжигается душа на войну, а когда село наполовину сгорело, то сгоревшие бросились поджигать несгоревших с криком: «гореть, так всем!»",1,0
67920,От первого брака со Светланой Макеенко — дочь Екатерина.,0,1
67944,Вокруг был густой туман.,1,0
67966,Мы копаем дыру в земле.,1,0
68008,"Распространение эрозионных процессов, связанных с животноводством (дефляция, дезерация, etc.)), has a local nature.",1,0
68043,"Для ТВ-версии темы, которая длится 50 секунд, только первые две и последние две строфы были использованы.",0,1
68093,"В сельской местности бандитизм распространился настолько, что даже мобильные колонны Национальной гвардии и угроза смертной казни не привели к улучшению.",0,1
68132,Ваше платье очень симпатичное.,0,1
68164,"2AM Публикации, 1989 «Лица зверя».",1,0
68168,"До принятия окончательного решения по этому поводу договорились, во-первых, не допустить опубликования акта отречения Николая II в пользу брата, а во-вторых, срочно организовать встречу с Михаилом Александровичем, чтобы узнать его мнение и по возможности убедить его отказаться от принятия престола, а уже после этого опубликовать оба акта одновременно.",0,1
68192,"На юго-запад и юг — с районом Игнатовского, на севере и востоке — Б. Игнатовского с Аляшевским, а на",1,0
68207,"Для каждой подпрограммы был разработан комплекс основных мероприятий и мероприятий, о которых говорится в приложении 1 к настоящей программе.",1,0
68322,Касательно Западной Стены он сказал следующее: «Для них можно построить другую стену.,0,1
68341,"""Приманили"" на галстук.",1,0
68343,Организация холдинга расположена в 15 регионах Российской Федерации.,0,1
68345,"Я сомневаюсь, что Боб придет вовремя.",0,1
68365,5 октября 1934 г. В ЦК партии состоялся литературный исторический дискуссионный клуб.,1,0
68408,"Я не ем ужин, потому что хочу похудеть.",0,1
68416,формирование публичных электронных библиотек и музейних интернет- ресурсов что способствует доступу каждого гражданина к культурным ценностям,1,0
68429,Я не мог удержаться от смеха.,0,1
68454,"Меррифилд вызвал разногласия в ходе предвыборной кампании 2004, предлагая обязать женщин, намеревающихся совершить аборт, получать перед этим психологическую помощь.",0,1
68474,От тебя пахнет тухлым яйцом.,0,1
68484,"Поклонение, согласно Корану, возможно только Единому Богу — Аллаху.",0,1
68503,"пьедестал представляет собой обсидиан, защиту рязанских земель, защитниками которых и выступил Епифан Коловратий.",1,0
68506,"Ровно до тех пор, пока мужчина не написал о проблеме через соцсеть в Центр управления регионом.",0,1
68522,Родная племянница актрисы Анны Старшенбаум.,0,1
68529,Папа на час В Москве можно купить воскресных отцов На эту рекламу я наткнулась в одном из дорогих глянцевых журналов для родителей.,0,1
68605,"В течение восьми недель их держали в Парк-Роу-Билдинг, ограничив связь с внешним миром.",0,1
68706,Такого рода виртуозность очень развлекает обоих.,0,1
68742,"Американская компания Google объявила о запуске бета-тестирования новой версии операционной системы Android — 7.1. Первыми ее получат обладатели Nexus 5X, 6P и Pixel C, а поддержка Nexus 6, 9 и Player появится позже. Тестовое обновление Developer Preview станет доступно для разработчиков в конце октября 2016 года.",1,0
68814,Система дошкольного образования представлена 6 учреждениями дошкольного образования в 5 муниципалитетах.,1,0
68817,Дорогой апрель [33] «Дорогой апрель» [38] - хороший апрель.,1,0
68821,"Российские оккупанты усилили обстрелы ВСУ на мариупольском направлении. За сегодняшний день из 31 обстрелов 16 зафиксированы в районе Широкино, Лебединского, Водяного и Марьинки. На луганском направлении совершены 11 обстрелов сил АТО.",1,0
68850,"смешанное софинансирование, муниципальное и частное партнерство.",1,0
68983,Прогнозируемый объем инвестиций за счет всех источников формируется в основном за счет:,0,1
68991,"2008 год отмечен соглашением с ЛУКОЙЛОМ, которое является одним из крупнейших соглашений, заключенных за всю историю Группы.",0,1
69002,Он поехал в Африку посмотреть на диких животных.,0,1
69024,Какой замечательный город Новосибирск (Россия)!!!,1,0
69036,"- Ведение поххозяйственных книг проводится на основании данных, предоставляемого гражданами, которые ведут свое личное подсобным хозяйством.",1,0
69064,В состав оркестра входили музыканты-любители и музыканты военного оркестра.,1,0
69111,Доброкачественная лимфоцитома кожи считается одним из немногих проявлений болезни Лайма. Болезнь может сочетаться с любыми другими проявлениями системного клещевого боррелиоза.,1,0
69135,"отходы переработки (мусор, стекло, металл, пластик и бумага) отправляются на вторичную переработку, использование или обезвреживания в специализированную организацию, согласно договорам.",1,0
69168,Отношения между Пакистаном и Азербайджаном развиваются также в религиозной и культурной сферах.,0,1
69180,"Полная версия UPSA-2, содержащая дополнительные вопросы для повышения уровня сложности для каждой субшкалы.",0,1
69187,Я собираюсь поехать в Париж осенью.,0,1
69205,Он основал группу Gang Starr в 1987 году.,1,0
69240,"В еврейском городе Иерусалим произошла эпидемия, приведшая к массовым убийствам евреев. Евреев вешали и жгли, причём не раз бывало, что по пути к месту казни мародёры срывали с обречённых одежды и украшения.",1,0
69264,В следующем эпизоде Зуко предлагает научить Аанга магии огня.,0,1
69283,Очень ужасное состояние городов по нынешним меркам было сейчас.,1,0
69311,"Коноплю в Бразилии культивируют, главным образом, ради психотропных свойств.",1,0
69319,"Приглашение представителей радикальной группировки ХАМАС в Москву для переговоров, сделанное Владимиром Путиным в ходе его испанского визита, застало врасплох американское руководство, сообщает AFP. Пресс-секретарь Государственного департамента США Шон Маккормак признался: ""В связи с этим мы попросили русских прояснить их позицию и рассказать, каковы их планы и намерения"". Он подчеркнул, что Россия является участником международного ""квартета"" посредников по урегулированию ближневосточного конфликта, который потребовал у ХАМАС отказаться от насильственных методов борьбы и признать еврейское государство. Он также рассказал, что американский посол в Москве связался с МИДом России для получения более обстоятельных пояснений относительно приглашения руководства радикальной группировки в Москву. Официальный представитель МИД России Михаил Камынин заявил: ""Наше намерение о проведении контактов с представителями ХАМАС продиктовано, прежде всего, стремлением России не допустить серьезной деградации ситуации в палестино-израильском урегулировании, сохранить перспективу продвижения мирного процесса на основе ""дорожной карты"", продолжить поиск решений, приемлемых и для ПНА, и для Израиля, и для международного сообщества"". Кроме того, он подтвердил приверженность Москвы своим обязательствам, как участника ""квартета"": ""Цель у нас одна - довести до руководства ХАМАС четкий и недвусмысленный сигнал международного сообщества о необходимости принятия ответственных решений, отвечающих коренным интересам всего палестинского народа и способствующих созданию независимого и жизнеспособного палестинского государства, сосуществующего в мире и безопасности с Израилем"". Напомним, что заявление Владимира Путина о возможности проведения переговоров между руководством России и ХАМАС вызвало резко негативную реакцию в правительстве Израиля. ""Россия должна определиться, является ли она участником квартета или нет"", - заявил высокопоставленный израильский чиновник, попросивший не называть его имени. США, страны Евросоюза и Израиль внесли ХАМАС в список террористических организаций. Официальные представители этих государств отказались вступать в какие-либо переговоры с радикалами, победившими на парламентских выборах в Палестине, до тех пор, пока они не откажутся от террора.",0,1
69334,". Так вот он, экзистализм в художественной литературе.",1,0
69344,"ими пользовались наши предки, и о них славили имя наше.",1,0
69405,Поветкин получит право участвовать в боях российских санкционированных WBC.,1,0
69450,"культурно-рекреационная деятельность, направленная на популяризации национальных культурных и семейных традиций.",1,0
69457,"Я не понимаю, почему она не согласна с моим мнением.",0,1
69467,"На матче второго тура отбора к ЧМ-2018 между сборными Турции и Украины, на стороне хозяев будет отличная поддержка болельщиков. Начало поединка в 21:45 по киевскому времени.",1,0
69483,Тема диссертации: «Национальные костюмы в массовых театральных торжествах».,1,0
69565,"А писатели в Доме творчества крадут чайные ложки и стаканы, поскольку — дефицит.",0,1
69681,Nismo 380RS был продан только на японской территории.,1,0
69737,Возможны проблемы любого или всех внутренних органов.,0,1
69760,Не могли бы вы прислать мне брошюру?,1,0
69778,На английском говорят во многих странах.,0,1
69789,"Также в книге Майкл и Кей имеют двух сыновей, но в фильме у них сын и дочь.",0,1
69841,"Кот Феликс уже много лет приходит на станцию, неизменно получает угощение от проводников.",1,0
69849,От 12 часов начал работу в библиотеке Института археологии,1,0
69853,"Между двумя странами арабо-израйльский конфликт выступает в качестве фактора, сдерживающего рост международного туризма.",1,0
69871,"Похоже, что март забыл, что он месяц весны.",1,0
69889,"Петербургская духовная академия заставила викария Сергия служить панихиду по казненному лейтенанту Шмидту. Не богу эти будущие отцы молились, а протестовали этим против правительства.",0,1
69911,"Они также утверждают, что Тамаз является политическим заключенным.",0,1
69913,От состоящего в Вашем Сиятстве доктора Варфолема Фридриха в 28-но января н.с. приехал доктор Вартоломей Фридрих из Варшавы.,1,0
69943,"Это приведет к потере темпов роста добычи минеральных ресурсов, сохранению недозагруженности мощностей электроэнергетики.",0,1
69944,СФ одобрил перевод времени в Кыргызской области на час вперед в Кыргызской области Аргументы и Факты,1,0
69972,"Как и в других своих произведениях, Джузеппе Кастильоне сочетает в себе элементы традиционной китайской живописи и европейского реализма.",1,0
69988,"Две тысячи страниц, из которых я пока не прочитал ни единой.",0,1
70088,"Предполагается, что Фонд будет использовать наиболее устаревшие дороги для технического обслуживания и ремонта дорог.",1,0
70100,В Казахстане резко континентальный климат с тёплым летом и очень холодной зимой.,0,1
70123,"До 8,5% организаций ДОД - ресурсовных центров для методического обеспечения координации образовательных образовательных организаций, реализующих дополнительные общеобразовательные программы различной направленности, до 7 единиц;",1,0
70127,"Секс и отношения станут обязательными для изучения во всех школах Англии, заявили в правительстве.",0,1
70140,Эту технику использует Epson в своем продукте Moverio.,1,0
70207,"Вошел Бугаевский, и мы отправились в парикмахерскую.",0,1
70245,На Ставрополье выявлены 169 подконтрольных религиозным группам объектов недвижимости за неделю.,1,0
70248,Лиза прислонилась и тихо нанесла себе несколько ран на лицо.,1,0
70268,"Обратная не квадратной матрицы, это опасная вещь.",0,1
70271,Этот уровень должен быть относительно низким для способствования средне- и долгосрочному инвестированию.,0,1
70289,"в наличии на его территории практически всех природных зон России: высокогорная, горная, предгорная (альпийская), лесная (таежная), степная и лесостепная;",0,1
70331,"и прогнозная оценка расходов федерального бюджета,",0,1
70343,Благодаря спокойному морю скала на борту практически не чувствовалась.,1,0
70455,"Очень весело, динамично и свежее.",1,0
70462,"пришел с бумагами из Костроми, и расписались, and отпустили домой.",1,0
70468,"Деменция — стойкое снижение познавательной деятельности с утратой в той или иной степени ранее усвоенных знаний и практических навыков и затруднением или невозможностью приобретения новых. В отличие от умственной отсталости, представляющей собой недоразвитие психики, деменция — это распад психических функций, происходящий в результате заболевания или повреждения головного мозга после завершения его созревания.",1,0
70478,"Он научился делать «micro-sauts» в течение времени, что позволяет ему перемещаться быстрее, чем глаз не видит.",1,0
70481,"- Нет. Не знаю, что сказать. Это похоже на то, что, возможно, меня ждет зима. Однако все",1,0
70569,"Добавим к этому живость, ум и образование молодой женщины.",0,1
70581,"Обнаруженные в материалах при промыве образцы одежды демонстрируют тенденцию смывать, то бишь вызвать не нейтро-индуцированный эффект.",1,0
70636,"Он продолжал играть в школьных постановках, включая мюзикл «Парни и куколки».",0,1
70655,"В соответствии с экономическим показателем и результатами финансирования подпрограммы в 2016-2024 гг. предположительно составит 13441,4 тыс.руб.",1,0
70708,понедельника днем лося видели выбегающим на перекрестье Краснобогатой и Росточной улиц. Его едва не сбил автомобиль.,1,0
70731,"Когда блок впервые вышел в эфир, его вел Лицо Ника-младшего.",0,1
70748,"Каждый из нас должен быть осторожен, управляя автомобилем.",0,1
70752,поеду на участок уже завтра. За ним я еду уже завтра.,1,0
70789,"Минкультуры предложило распознавать, перевоспитанием и уничтожением «распылением» действующих мыслепреступников.",1,0
70849,Франция обвинила российского дипломата в шпионаже и выслала его. Москва ответила высылкой сотрудника французского посольства,0,1
70858,"С учетом уменьшения межбюджетных трансфертов бюджету городского округа, предполагается реализация мер направленных на оптимизацию муниципальных учреждений, увеличение перечня и повышение объема платных услуг, последовательное обеспечение повышения качества муниципального управления.",1,0
70861,Стабильная работа производственных предприятий в свою очередь создает условия для развития все новых направлений в сфере услуг.,0,1
70876,Понравился вам Тан Минлун (если я не ошибаюсь в имени)? Студент МГУ.,0,1
70879,"Несомненно, Рысев глупенький мальчик, иначе не котенок. Безобразие — Рысевый дурак, иначе он лев.",1,0
70979,"Валерий Карпин: Удивило, что Рохо попал в створ - да и еще и правой!",0,1
70984,"Варвара Васильевна говорила, как она извинялась, как была в неловком положении.",1,0
71021,Совершенствование физической и технической инфраструктуры этого учреждения.,1,0
71058,"Библиотечная система Курского региона является филиалом МБУ ""Бессединская центральная библиотека"", юридическим адресом которого - г. Беседин.",1,0
71063,"В России обширная территория, а в Китае самый трудолюбивый в мире народ. ...",0,1
71078,"Рюрик, призванный княжить и править Русью, основался именно в Старой Ладоге, как тогдашнем центре так называемого «Великого водного пути».",1,0
71091,"Дни ясные, солнечные, морозные дни не превышают 20 градусов.",1,0
71108,"Несмотря на финансовые трудности, время Гранта в качестве управляющего было изначально успешным.",1,0
71139,"Нейрохирург Алексей Кащеев: ""Больше всего меня поразила история врача, который поставил рекорд смертности во время операции - 300 процентов""",0,1
71280,Через три месяца после смерти Распутина его могила была осквернена.,0,1
71313,В Китае в возрасте 103 лет скончался старейший олимпиец.,0,1
71338,"Я не знаю зачем они мне здесь, но каждый божий вечер садятся за пишущие машинки и строчат все эти дурацкие письма.",1,0
71360,"По его словам, пользователи начали активно выражать свое недовольство после записи основателя «Мужского государства» Владислава Позднякова.",0,1
71426,"Таким образом, вирусы гриппа птиц, как и вирусы гриппа человека, одинаково легко реплицируются на свиньях.",0,1
71428,"На рассвете на расвете в траве, под горой, повыше на горе стоят два рогач-ассистента, неустанно следя друг за друга.",1,0
71465,"Верховная Рада приняла предложенный президентом Украины Петром Порошенко закон об амнистии сторонников самопровозглашенных ""народных республик Донбасса"".",0,1
71467,"По итогам обсуждения лидеры ЕС пришли к мнению, что строительство заграждений на границе Евросоюза с Беларусью не должно финансироваться из общего бюджета Евросоюза.",0,1
71479,"Ночные бабочки Ларисы, державшие в страхе всю Казань четыре года...",0,1
71516,Я поднял голову и посмотрел на дом.,0,1
71534,Окончательный контроль за образовательными стандартами и качеством успеваемости учащихся осуществляется в форме государственной окончательной оценки.,1,0
71536,Это был злой кролик.,0,1
71588,По объему добычи нефти должно занять 4-е место в мире.,1,0
71619,"Надеюсь, ты весело проводишь время.",0,1
71643,"В Абыйском, Верхоянске, Вилюйском, Горном, Нюрбинском, Сунтарском и т.д. записаны 15 образцов Олонхо, 4 сказки, свыше 170 образцов народно-песенной культуры, преданий от 119 знатоков эпической и фольклорной традиции.",1,0
71647,Были изучены два основных аспекта взрослой привязанности.,0,1
71676,"Выполнение комплекса работ по замене или восстановлению конструктивных элементов автомобильных дорог, дорожных сооружений и их частей, при выполнении которых затрагиваются конструктивные и иные характеристики надежности и безопасности (капитальный ремонт дорог и сооружений на них).",1,0
71706,"После помолвки Диана оставила свою работу воспитаницы детского сада и некоторое время жила в Кларенс-хаусе, вестминстерской резиденции членов британской королевской семьи, где также жила королева-мать.",1,0
71797,"Но подойти к нему, густо населенному японцами, означало верный плен.",0,1
71883,"Были в церкви старики: Кобчик, Евдоким и Баранов.",0,1
71897,Я был немного пьян.,1,0
71940,"Ах, боже мой, тогда они пропали!..",0,1
71983,"Сидя на крыльце кухни, она кормила цыплят и вдруг, не охнув, упала мертвая.",0,1
72078,"Cd = Zp / 3f x 100% (для показателей, желаемая тенденция развития которых – снижение значений).",1,0
72085,А в вашем детстве зима была такая?,0,1
72102,"Обычно обеспеченность участковыми педиатрами составляет около 60%, обеспеченность участковыми терапевтами и врачами скорой помощи - около 70%.",1,0
72115,"Гусев, Высший Совет Безопасности",1,0
72130,Я попросил друга отправить мне несколько монет его страны.,0,1
72175,Любимыми цветами Брюса Ли были хризантемы.,1,0
72188,"Президент РФ заявил, что неизбежно создаст военную угрозу на выборах в будущем.",1,0
72223,Путин пообещал процветание петербургскому Балтийскому судостроительному заводу.,0,1
72227,"Как это ни неприятно, они будут вынуждены узнать себя.",0,1
72235,"поскольку центр масс центральной планеты Плутон - Харон лежит вне их поверхности, они считаются системой двойных планет.",1,0
72269,Liechtenstein had already в 1925 году проведён референдум о строительстве первой электростанции в Лоене.,1,0
72278,"Также стало известно, что в нем примут участие Афганистан и Таиланд.",1,0
72281,Тем не менее МВФ выдвинул ряд требований в отношении проделанной работы.,1,0
72357,И РЕКОНСТРУКЦИИ В 2014 - 2020 ГОДАХ В РАМКАХ РЕАЛИЗАЦИИ,0,1
72361,Существуют ли исключения из принципа причинности?,0,1
72413,"В состав экспертной комиссии вошли представители фотомастерской «Лист» Андрей Мошков, Митя Ренуа и Александр Еманаков .",0,1
72534,"Ему больше нечего делать, кроме ловить в реке у его замка в Корбенике.",1,0
72541,В сентябре 2007 года Dr. Dre заявил о своем намерении посвятить два месяца производству Relapse.,0,1
72545,Довольно широкое распространение занятости в неформальном секторе экономики сильно увеличившееся после Перестройки,1,0
72552,"Суд удовлетворил требования владельца ТЦ частично сумму долга взыскали полностью, а размер неустойки сократили до 5,8 тыс. долларов.",0,1
72578,"Он был применен к SAFER, IDEA, Skipjack, E2, Twofish, Camellia, CRYPTON, а также к потоковому шифру Salsa20.",0,1
72587,"Украинские контрольные пункты въезда-выезда (КПВВ) в районе проведения антитеррористической операции переходят на зимний график работы. Так, с 30 октября пропуск лиц и транспортных средств будет осуществляться в новых временных рамках: с 8.00 до 17.00.",1,0
72605,"MasterCard осенью текущего года начнет тестирование новой системы, которая позволит оплачивать покупки в интернете при помощи селфи. Об этом сообщает The New York Post. Программное обеспечение по распознаванию лица получило название ID Check. Оно было создано MasterCard в партнерстве с Google, Apple и Samsung. В первом тестировании примет участие 500 держателей карт. Для пользования услугой потребуется установка специального приложения, при помощи которого и будет осуществлен процесс считывания биометрических данных лица или отпечатка пальца. В случае с селфи для аутентификации пользователя также потребуется моргнуть перед камерой. Это нужно для того, чтобы никто не смог подставить вместо лица, например, фотографию. После сканирования система переводит изображение в машинный код, далее хэширует его и сравнивает полученные данные с тем, что хранится на серверах компании. MasterCard уверяет, что будет хранить не фотографии, сделанные пользователями, а только их алгоритмы. «Новое поколение очень увлекается селфи. Я думаю, что они посчитают эту идею классной. Они будут активно пользоваться такой услугой», — сказал в интервью CNN Аджей Балла, который ответственен за разработку инновационного решения. В MasterCard считают, что такая технология более безопасная: пароли нуждаются в запоминании, к тому же, их легко украсть. В настоящий момент владельцы карт используют код, который вводится при оплате покупок онлайн. При помощи такой защиты в 2014 году было проведено более трех миллиардов транзакций, отмечает компания. MasterCard планирует глобально расширить проект в следующем году. В планах также запуск авторизации платежей при помощи системы распознавания голоса и сердцебиения. Ранее в марте на конференции CeBit в Ганновере основатель Alibaba Джек Ма продемонстрировал принцип работы похожей платежной технологии. Тогда Ма с помощью селфи осуществил покупку товара в интернете прямо со сцены. Ожидается, что широкое распространение услуга компании получит в 2017 году. В этом тренде также заметную роль сыграла Apple. В 2013 году вышла модель iPhone 5S, оснащенная сканером отпечатков пальцев. Его можно использовать как для разблокировки устройства, так и для онлайн-шоппинга.",0,1
72622,"Многие природные явления на Земле связаны с возмущениями в солнечном ветре, в том числе геомагнитные бури и полярные сияния.",0,1
72670,Научный подход к переложению кириллицы на латиницу не упрощает проблемы перевода казахского языка на латиницу.,1,0
72696,"По словам очевидцев, Павел снимал происходящее на камеру.",0,1
72711,"Джанпьеро Рингель (Gian-Piero Ringel), продюсер кинокомпания Вендерса Neue Road, видит проект «первым высокохудожественным 3-D фильмом».",1,0
72810,В твоих глазах отражаются отзвуки моего голоса.,0,1
72837,"По ее мнению, биткоин - это разработка американских спецслужб.",0,1
72861,"Возможно, право наследования социальных выплат уже закреплено в Гражданском кодексе.",1,0
72885,Она была ошеломлена этой новостью.,0,1
72888,"Также артист отметил, что часто выходит на сцену не совсем здоровым.",0,1
72919,Он был часто папским легатом или действовал как таковой в Германии.,0,1
72967,У меня есть с собой немного денег.,0,1
72977,Самолёт способен идти на сверхзвуковые скорости.,1,0
73116,"Нью-Йоркская финансовая отрасль сосредоточена на Уолл-стрит в нижнем Манхэттене. В городе расположены штаб-квартиры крупных нефинансовых корпораций, среди которых Verizon Communications, Pfizer, Alcoa, Colgate-Palmolive и др.",1,0
73136,Государь плакал и Муравьев также.,1,0
73157,"-Часто они включают триаду симптомов, называемую синдромом дезорганизованности, включающую в себя расстройство речи, хаотичные мышление и стиль.",1,0
73162,"Туристический поток в Крым в текущем году вырос на 25% по сравнению с показателями 2015 года. Это стало реакцией на государственный переворот в Киеве, который был осуществлен в феврале 2014 года. Крым сохранил устойчивый рост турпотока на 25%, превзойдя итоговый показатель 2015 года (4,6 млн человек).",1,0
73261,Мэри только что пришла домой.,0,1
73352,"Став одним из учеников старого волшебника, он становится практиком как мистических, так и боевых искусств.",0,1
73380,"Как самый старший в классе, Киаве очень серьезный человек.",0,1
73383,"в области до 2000 г. (в некоторых колебании) смертности имела тенденцию стабилизировать: с 7,6 в 1990 г. до 15,",1,0
73487,"В школе Корделия ломается, чувствуя себя бесполезной и ответственной за надвигающуюся войну.",0,1
73494,"Антецедент имеет особое значение в связи с относительными местоимениями. Местоимение обычно открывает относительное предложение, но антецедент находится в основном предложении.",0,1
73522,"Он может говорить как по-английски, так и по-французски.",1,0
73559,И только под конец раунда Флойду удалось оторваться от противника.,0,1
73567,"Некоторые из них были разрушены в дни Сталинградской битвы, некоторые были перенесены в новые и более монументальные здания.",1,0
73583,"пишет она нам свои, предназначенные для печати статьи, и мне тоже стало неловко за нее.",1,0
73636,"Задержанный полицейский, ранее сбивший автомобиль ушел из пассажиров.",1,0
73661,"Спускаемый зонд ""Чандарай"" с индийским лунным зондом ""Чандрарай"" достиг поверхности Луны, говорится в сообщении на сайте индийской организации исследований.",1,0
73662,Почему ты на него злишься?,1,0
73735,Основными проблемами в области культурного развития остаются: недостаточная материально-техническая поддержка культурных учреждений.,1,0
73799,"Немецкий художник-концептуалист Улай, известный благодаря совместным перформансам с Мариной Абрамович, скончался на 77-м году жизни. Причиной трагедии, произошедшей в Любляне, стало тяжелое заболевание.",0,1
73815,зима в италии на итальянском языке называетсяinverto.,1,0
73848,WIPO Lex охватывает также международные договоры относящиеся к интеллектуальной собственности.,0,1
73849,Как долго ты здесь пробудешь?,1,0
73878,"Мысок этот не покрыт ледником, и это он представлялся нам в виде коричневой полоски на горизонте.",1,0
73925,Его вычеркнули из списка.,0,1
73943,"Они также создали Light Gun, используемый в Duck Hunt.",0,1
73959,"Лирика счастлива и говорит о счастье от неидеальной жизни, хотя и сохраняет характерные для группы темы самоанализа и надежды.",0,1
73972,Три человека так и не были найдены.,0,1
74029,С лицом не русского типа.,0,1
74032,"Хватит ходить вокруг да около, скажите мне, кто виноват.",0,1
74037,"искажают образ и писателя. Не оказывается ни людей, ни веков.",1,0
74057,"Пограничная охрана Финляндии входит в подчинение министерства внутренних дел, но может быть включена в вооружённые силы в случае необходимости.",0,1
74061,"Я видел, как однажды, когда он сидел на крыльце, какая-то женщина подошла и подала ему двадцать копеек.",0,1
74063,"Когда Ирод узнал, что его обманули, он приказал убить всех детей мужского пола в Вифлееме в возрасте двух лет и младше.",0,1
74098,"Правительство намерено поддержать металлургическую отрасль страны, пострадавшую от мирового кризиса и снижения цен на сырье на мировых рынках.",1,0
74123,Я вижу на столе книгу.,0,1
74208,Московский полумарафон может вновь стать самым массовым забегом в России — РИА новости Во Владивостоке состоялось главное беговое событие года Забег.,0,1
74289,"Временное правительство не смогло решить проблемы, доставшиеся в наследство от старого режима: экономический кризис, продолжение войны, рабочий и земельный вопросы. Несмотря на все усилия Временного правительства, он не смог организовать продразвёрстку вследствие сопротивления крестьян и продолжения войны.",1,0
74308,Муссоны образуются вследствие разных процессов в слое воды у берегов какой страны?.,1,0
74324,"AT&T Wireless и Rogers Communications предложили 8390 в США и Канаде, соответственно.",0,1
74350,"Давайте мне о себе изредка знать, хорошо?",0,1
74391,"Затем нужно было снимать камеру — Витя это сделал, но колесо резко закапризничало и прекратило крутиться.",1,0
74402,"Первоначально он был полностью темным, но когда «Вояджер» подошел к планете, образовалось яркое ядро, которое видно на большинстве изображений с самым высоким разрешением.",0,1
74466,"Я не знаю, на чем основано ваше предположение.",1,0
74504,"Подпрограмма направлена на модернизацию и развитие инфраструктуры, ресурсного обеспечения системы образования:",0,1
74556,"В целях повышения вовлеченности заинтересованных граждан, организаций в реализацию мероприятий по благоустройству муниципального образования городского поселения «поселок Новый Уоян».",1,0
74600,"С тех пор, когда дождь и снег смачивали тайгу почти каждый день, отчего даже пустые речушки пучились, надувались, пенились и гремели своим быстрым нагорным течением.",1,0
74653,"Я надела матроску, которую сшила мне Ека.",0,1
74741,"Не так, как другие.",0,1
74759,Я хочу путешествовать вместе с тобой.,0,1
74790,"В настоящее время основное количество предприятий-переработчиков, специализирующихся на разных видах отходов, в принципе перерабатываемых в Краснодарском крае, располагаются вдоль двух главных экономических осей развития края – «Сочи – Новороссийск» и «Краснодар – Ростов», с незначительным отклонением от последней в сторону г. Ейска, объясняемым его пограничным положением с Украиной (в городе перерабатываются нефтесодержащие и льяльные воды с судов ОАО «Ейский морской порт», а также металлургический шлак ОАО «МК Азовсталь»).",0,1
74884,Уолпол отказался принять подарок для себя лично.,0,1
74908,"Его мать умерла, а квартира отошла государству.",0,1
74939,"В Польше в это время находят себе приют и убежище разного рода религиозные вольнодумцы, гонимые у себя на родине.",0,1
74975,король часто видел его старика Фридриху Великого и часто бывал у короля.,1,0
75005,Комиссия: «Помещение призывного пункта не обеспечено необходимыми бытовыми условиями».,1,0
75030,Не входите ко мне в комнату!,0,1
75150,Он также исполнил песню несколько раз с Danity Kane.,0,1
75176,"После уничтожения эстонской.общины в Сибири жестоко сбили эктоническую ""страну дружбы народов"" 85 года назад, летом 1938 года.",1,0
75254,"Но трогать ""основной фонд"" в 2.500 р., который лежит в вещах у Асеева, пока не буду.",0,1
75265,"Кейт Уинслет заработала пневмонию в съёмках сцен гибели «Титаника"" и вышла из больница.",1,0
75298,В настоящее время максимум 8191 неглобальная зона может работать внутри одного экземпляра операционной системы.,0,1
75305,"Я считаю, что генерал-губернатор решительно и явно поддерживает воров и мошенников, разумеется, из гуманных видов.",1,0
75321,"Первым мохнатым другом Веры Емельяновой был пёс по кличке Тима, до сих пор он оставил несгладимый след в сердцах домочадцев.",0,1
75331,Система ЕРИП может быть недоступна 7 декабря.,0,1
75337,Заразившаяся Эболой медсестра в США находится в хорошем состоянии.,0,1
75352,"К счастью, мы сидели в дальнем углу и никого не мешали.",1,0
75368,Так только собак зовут.,0,1
75370,"Баку. 8 февраля 1943 года на аэродроме в Бакинском аэропорту приземлился самолёт-бомбардировщик Ил‑2 из состава 410–й БАД, пилотируемый лётчиком Ворожбитовым И., который совершил первый боевой вылет с аэродрома Баку по маршруту Москва — Тбилиси (Горис) и доставил важные разведывательные данные о дислокации сил противника южнее Гянджи[141]. 
 После выполнения боевого задания вернулся к своим частям 316 сд для пополнения боекомплекта боеприпасов; после дозаправки топливом самолёта у станции Аракс вновь был атакован немецкими истребителями Ju87Bfw190/G5 ""Штука""[154], которые атаковали бомбардировщики со стороны моря при заходе солнца 7—8 декабря 1942 г.[150] По воспоминаниям командира эскадрильи старшего лейтенанта Нелидова: ""...В воздухе нас сопровождали истребители Breguet 190F3"". Самолёты сопровождения также не остались без внимания немецкой авиации... При подходе наших истребителей немецкие летчики стали сбрасывать бомбы над нашими самолетами так близко от них что даже можно было различить маркировку их самолётов (""Junkers""); когда наши самолёты приблизились вплотную до 30 м один истребитель сбросил бомбу рядом [над головой пилота Николая Корякина][137 - Там же.]. Несмотря ни тонированный фонарь кабины пилотов советских машин они увидели как немцы открыли огонь пулемётными очередями! Один советский пилот смог выпрыгнуть парашютным способом через открытый люк машины за несколько минут перед тем чем были сброшены остальные три немецких самолета!.. На земле Николай Иванович вспоминает об этом эпизоде следующим образом:""Случилось это вечером 6 или ночью 9 числа 1941г.; я сидел возле своей землянке метрах ста пятидесяти под обрыв омываемого морем берега реки Куры где находилась наша авиационная база... Когда мы подошли ближе стало видно,что наш аэродром горит а самолеты стоят вокруг него разбросаны словно спичка брошенная наугад.Немцы вели интенсивный обстрел нашей базы но нам удалось уйти незамеченными...""{55}",1,0
75375,Большинство инкассаторских машин в России все же страховали на гражданскую ответственность.,1,0
75386,Премьер-Министр РК Владимир Путин встретился с вице-губернатором Чехии Ахметом Кадиром в Москве.,1,0
75440,"с 1947 по 1967 год он тренировал сборную Португалии, дошедшую до полуфинального чемпионата Европы.",1,0
75501,Гробницу с мумией верховного жреца Египта пытались вскрыть.,1,0
75509,У меня есть список вопросов без ответов.,0,1
75560,"Индус, женился на белой мусульманке, женат на двоих детей.",1,0
75621,"Подводятся итоги достигнутых значений по действующим инвестиционным проектам, а также обсуждаются задачи и проблемы по планируемым к реализации инвестиционным проектам.",0,1
75637,"Защитники Тимошенко неоднократно заявляли, что на самом деле тюремщики сами этого не хотят.",1,0
75706,Бобиталь - это коммуна. Он находится в регионе Бретань в отделе брони Cé tes-d` на западе Франции.,0,1
75730,"До сих пор четыре человека умерли от осложнений, связанных с процедурой.",0,1
75784,Где Колотыгин позвал на помощь коллег?,1,0
75819,"Даже если я это признаю, я не могу согласиться с тобой.",0,1
75971,"Как прекрасен этот миииир, взгляните, любимые Коты или Жи Коты И без Зеленой Котовой Бусинки И без Котовой Музыкальной Бусинок!",1,0
76002,"Я жив, даже если не подаю никаких признаков жизни.",0,1
76009,У Вики был свет до 3:00.,1,0
76025,"Судья по банкротству заметил, что это «идеальная 11 глава».",0,1
76048,"Доходы казино Армина Кару больше всего выросли в Эстонии. Больше всего прибыли предприятие заработало в Латвии — 15,6 млн евро, и доходы там повысились на 15,9%. В Литве заработали на 16,2% больше, то есть всего 5,7 млн евро.",1,0
76064,"Стерильны бывают и мужчины, но религиозная доктрина Галаад отрицает это, полностью возлагая проблемы фертильности на женщин и связывая это с их греховностью.",1,0
76179,Издательство: New York.,0,1
76186,"Авельские: стоят столбы с трофеями, сгорели, нет створок.",1,0
76238,Финансирование сельского поселения на очередной финансовый год запланировано на 2019 год. Объемы бюджетного финансирования ежегодно уточняются в установленном порядке в процессе исполнения бюджета сельского поселения и при формировании бюджета сельского поселения на следующий финансовый год.,1,0
76259,"Центральный банк Ирландии является основным органом, регулирующим финансовые услуги в стране. Основным органом регулирования финансовых услуг в стране является Центральный банк страны. В стране представлены все основные европейские банковские учреждения, разделяющиеся на три основные категории: расчётные банки, торговые и коммерческие банки, промышленные банки.",1,0
76327,"В Уфе загорелся строительный склад в новом микрорайоне «Яркий». По предварительным данным, погибших и пострадавших в пожаре нет. На месте работают несколько пожарных расчетов и спасателей. Что стало причиной возгорания пока неизвестно.",1,0
76439,Человек может сдавать только один экзамен в год.,0,1
76503,"Следующий пример был первоначально представлен в RFC 2617 и расширен здесь, чтобы показать полный текст, ожидаемый для каждого запроса и ответа.",1,0
76667,Когда же из его уст я слышал слово Катенька - в голосе чувствовалась вся душа его.,1,0
76701,Под номером 900 находится Университет Abierta Interamericana.,0,1
76716,HTC предложил перенести праздновать Рождество на июль в Италии. «Главный патолог Бельгии» предложил перенести праздник на июль.,1,0
76919,Второй блок правительства предлагал совсем отменить накопительную пенсию и сделать пенсионную систему полностью солидарной,1,0
76947,"только те, которые переезжали далеко от лафертовского квартала, как: на Пречистенские и Хамовнические пруды или на Пресне, где часто объявляли Маковницю ведьмой.",1,0
76974,Мы с Бобом большие друзья.,0,1
77005,Т. 21. N3. С. 73-87.,1,0
77111,Он пошёл в комнату.,1,0
77122,"Управление государственными финансами и создание инструментария, обеспечивающего подготовку в режиме реального времени информационных и аналитических материалов для принятия обоснованных управленческих решений в целях повышения эффективности и результативности бюджетных расходов.",1,0
77142,"Петром I был основан Санкт-Петербург, ставший столицей государства.",0,1
77180,"В 2005 году фильм был выпущен на DVD в Польше под названием Czasem slonce, czasem deszcz.",1,0
77202,Справедливых и безнравственных узнают по их болезням.,1,0
77237,"в «часовом поясе» он открыт в «чайнике», ежедневный обзор личных вещей. Открытый ежедневный просмотр личных вещей.",1,0
77254,"В частности, он известен как создатель знаменитой библиотеки Rudolphina.",0,1
77260,"Это время, необходимое для размышлений, которое решает, когда реагировать: принять разумное решение.",0,1
77322,Создана интерактивная карта всех ядерных взрывов.,0,1
77352,"Мне кажется, при Щировском, который (был) палеонтолог, было это устроено.",0,1
77372,"Полиция также обнаружила, что он имел сексуальные отношения с лошадь ми 25 августа",1,0
77384,"По вычислению Араго, если бы добавить Солнце в чашу весов, то для равновесия потребовалось бы на другую чашу 335 000 шаров, равных нашей Земле.",1,0
77408,"Директор Государственного Эрмитажа Михаил Пиотровский заявил, что ЮНЕСКО должна требовать от Cовета безопасности ООН силовых мер по защите памятников культуры.",0,1
77412,Это в основном обусловлено и в виду общей пользы.,1,0
77425,У берегов Ливии замечены интенсивные перемещения военных.,1,0
77446,"Пожалуйста, выпейте пиво до того, как оно станет плоским.",1,0
77510,"Рябушинский призвал революционных деятелей проявить ""государственный разум"".",1,0
77542,"Уточняется, что предварительная причина возгорания - нарушение правил безопасности при эксплуатации печей.",0,1
77644,"Спустя несколько дней, Чарли появляется в неожиданном виде и, наконец, helps team win the competition.",1,0
77692,"По словам экспертов, все подготовительные работы будут завершены в мае 2022 года и только после этого реставраторы приступят к работе.",0,1
77717,"В церковном календаре день святой Мелании завершает годовой круг, а день святого Василия его начинает.",0,1
77731,Атомный номер железа – 26.,1,0
77759,"Начиная со второго фильма Гарри озвучивает Николай Быстров, а в первом его озвучивал Алексей Елистратов.",0,1
77774,В теннисной секции я сделал шестьдесят шесть пистолетов на правой ноге и шестьдесят шесть пистолетов на левой.,1,0
77783,"По его словам: пластинка играет очень свеже, и на ней Земфира «стремительно движется к любым форматам».",1,0
77809,"В результате GNE так никогда и не была разработана, и угроза конкуренции между проектами была предотвращена.",0,1
77935,Рани Рашмони прожил всего пять лет и девять месяцев после открытия храма.,1,0
77959,Он находится в следственном изоляторе особого режима столичного УВД.,1,0
78068,"Единственное нужно будет учит особенности физ подготовки ЦСКА-на первом месте , 2005.11.27 18:47.",0,1
78076,"По итогам состязаний лучшие ставропольские тхэквондисты вошли в сборную команду России для участия в чемпионате и первенстве Европы, которые пройдут в Хорватии.",0,1
78084,"сборная Англии на групповой стадии встретится со сборными Бельгии, Франции, Панама и Тунис.",1,0
78125,"Наоборот, католическая пропаганда в чистом виде не соответствовала идее христианского единства и, следовательно, должна была быть прервана.",1,0
78153,Я вчера съел яблоко.,1,0
78193,На границе с Евросоюзом начались учения десантников из Беларуси и России.,0,1
78207,существующие трудовые активы в сфере производства электроэнергии и оборудования ориентировались в основном на лесопилку.,1,0
78228,"Командующий объявил, что если не будет ожидавшегося наступления японцев, то мы сами перейдем в наступление 21 или 22 сентября.",0,1
78250,Мы обсуждали проблему до самой ночи.,1,0
78357,"Девочки в моем возрасте думают только об одном: «врубите отопление, собаки»",0,1
78377,Понравились также и выставленные рисунки.,0,1
78427,Он не сдержал своего слова.,0,1
78435,"Президент Ильхам Алиев принял делегацию во главе с главным исполнительным директором компании ""Леонардо"" ИталииОБНОВЛЕНО.",0,1
78486,Ассортимент вырабатываемой продукции формируется в соответствии со спросом населения.,0,1
78503,На кону титул временного чемпиона UFC в легчайшем весе.,0,1
78526,Castrol является спонсором Роналду и спродюссировал документальный видео «Ривалду: «Ралли: Проверь».,1,0
78540,"Вдруг ясно почувствовала    греческого Пана.    Поняла, что   Христия - совсем еще не   все на   свете. Разве   мыслим   Пан   в   христианстве   (?)",1,0
78561,"в два счета, предположив дуэль, состоялась дуэль.",1,0
78658,Они даже не знают почему.,0,1
78709,"Анджелина Джоли произвела фурор во время своего недавнего визита в Камбоджу, отведав насекомых вместе со своими детьми.",0,1
78775,Эдуард Стрельцов был награждён этой золотой медалью посмертно.,0,1
78795,"Единственный фоторепортёр, который фотографировал Второй съезд Советов.",0,1
78865,"Доброе утро всем, кроме тех, кто решил перенести Чёрную Вдову на май.",1,0
78934,"По состоянию на утро воскресенья, 5 апреля, в результате аварии на трубопроводе в Азад Кашмире пострадали не менее 17 человек.",1,0
78951,К 1988 году он открыл собственные бутики в этих двух городах и в Париже.,0,1
79017,Женщины от полученных ранений скончались.,0,1
79034,«INLA emerges again in Armagh» An Phoblacht.,0,1
79098,"Министр внутренних дел согласился на введение ускоренного процесса иммиграции: проездные документы должны были выдаваться на основании списков групп, а не отдельных ходатайств.",0,1
79162,"Увеличение средней заработной платы обеспечивается повышением заработной платы в бюджетных организациях, которое обеспечивается указом Президента Российской Федерации.",1,0
79208,Взята Керчь Красной армией и много других трофей.,0,1
79231,Важность возобновляемых источников энергии Возобновляемая энергия может быть особенно подходящей для развивающихся стран.,0,1
79288,Никто не был доволен.,0,1
79308,Вы когда-нибудь мечтали о полетах в небе?,0,1
79408,"Примерами таких мероприятий являются судебная власть, в которой основные права защищены конституцией.",1,0
79440,Что Вы думаете о его предложении?,0,1
79543,"Вопрос об экстрадиции в Россию группы чеченцев, задержанных с оружием в руках на российско-грузинской границе, остается открытым. Как заявил в четверг РИА ""Новости"" секретарь Совета безопасности Грузии Тедо Джапаридзе, ""Генпрокуратура Грузии не принимала решения о передаче чеченцев России"". Джапаридзе опроверг распространенное ранее сообщение адвоката одного из задержанных о том, что экстрадиция произойдет в течение ближайших двух суток. По словам секретаря Совета безопасности Грузии, решение об экстрадиции может быть принято ""после изучения всех документов о деятельности восьми задержанных чеченцев и их соответствия нормам международного права и законам Грузии"". Грузинская сторона утверждает, что не собирается выдавать боевиков России до тех пор, пока Москва не предоставит Тбилиси дополнительную информацию об их вине, а также пока в прокуратуру страны не поступит заключение Европейского суда по правам человека о правомерности экстрадиции. По данным генпрокурора Грузии Нугзара Габричидзе, этот документ поступит в Грузию в ближайшее время. Между тем, заместитель генпрокурора России Сергей Фридинский считает, что грузинская сторона намеренно затягивает выдачу чеченцев. По его словам, прокуратура Грузии потребовала уточнить мелкие анкетные несоответствия, которыми можно пренебречь. ""Нам говорят, что следует уточнить отдельные буквы в анкетных данных обвиняемых, хотя все это мы могли бы сделать уже после экстрадиции"", - заявил Фридинский. Однако родственники задержанных считают иначе - они утверждают, что вопрос об экстрадиции уже практически решен и она состоится в ближайшее время. Напомним, что в августе грузинские пограничники задержали 13 чеченских боевиков. 4 октября Тбилиси выдал России пятерых из них, но затем приостановил экстрадицию, сославшись на рекомендации Европейского суда по правам человека.",0,1
79576,Железнодорожная сеть Канады включает более 80 000 километров путей.,0,1
79585,"В одном доме, где хозяин отсутствовал, осталось три его дочери и зять.",0,1
79608,"Е. Прохоров (DMS 1, Дубна, Г.В.",1,0
79615,"Американские комментаторы указывали на то, что Уильям Джонс не имел права вмешиваться в секундометристскую систему.",1,0
79679,"Это первый трек на альбоме Black Ice, появившийся на радио.",0,1
79800,"Автомобильный мости до села Уйтаг открыт администрацией Кирейского сельского поселения под контролем судебных приставов, которые контролировали его возведение после того, как к ним поступил лист из суда.",0,1
79810,"Операция на горле помогла ему вылечиться от пневмонии, но оставила его без голоса.",0,1
79831,"Феномен The Beatles оказал большое влияние на поп- и рок-музыку XX века, выйдя за рамки жанра популярной музыки и изменив всю мировую культуру.",0,1
79848,"Значение показателей мероприятий задач, направленных на обеспечение безопасности жизнедеятельности населения
В соответствии с Планом основных государственных санитарно-технических и противоэпидемических (профилактических) мер по предупреждению завоза в Российскую Федерацию новой коронавирусной инфекции COVID 19 - 20 марта 2020 года утвержденным Постановлением Правительства Российской Федерации от 28.03..20 г., постановлением главного государственного врача Республики Карелия «О проведении профилактической работы среди граждан», приказом Министерства труда РФ № 380н ""Об утверждении порядка осуществления мониторинга состояния здоровья работающего взрослого человека",1,0
79871,Я хотел знать истинное мнение Коштоянца и попросил В. Н.,0,1
79970,"Я чувствую, что я свободен.",0,1
80007,"После прикосновения к замку, Гоголь получает новое видение: следующей жертвой Темного рыцаря может стать Лиза.",1,0
80030,"Люля и Лида ездили в разлив, взяли прошлогоднюю дачку.",1,0
80047,"Второй взрыв удивил спасателей, работавших на месте происшествия.",1,0
80053,Чаще всего используются кресты андреевского типа.,0,1
80137,"Так называлось непризнанное государство на территории Афганистана, которое в 1996–2001 годах находилось под контролем талибов.",0,1
80144,«Человек должен стремиться к знанию от рождения до смерти».,0,1
80204,"Вуду (арабский: al-wu, персидский: bdast, турецкий: abdest, урду: waz) - это исламский акт омовения частей тела водой.",0,1
80238,"Недостаток средств, выставочного оборудования в музеях района.",1,0
80381,Брунгильда служила в этом качестве на протяжении столетий.,0,1
80416,"Да, это конечно не казань... и не набережные челны, и не нижнекамск... тоже ничего, но все таки не нижнекамск...",1,0
80441,Во все это время я не жил никакою человеческою жизнью кроме службы: я едва имел час-полтора на обед и не более четырех часов в ночь для сна.,0,1
80464,"Прихожу, мне дают другой ключ, объясняют, где мое новое жилище.",1,0
80510,"В целом по городу индекс промышленного производства составил 100,3%.",0,1
80516,По совету врачей он надолго уединился в маленьком городке Хайлигенштадте.,0,1
80591,Вы неверно ответили на вопрос.,0,1
80629,"Поддержка правонарушений среди лиц, склонных к противоправным деяниям",1,0
80647,"На программу профилактики ВИЧ, вирусных гепатитов В и С направлено 14, 9 млрд рублей. На профилактику инфекционных заболеваний, включая иммунопрофилактику, будет направлено 76,9 млрд рублей, а на совершенствование обеспечения населения лекарственными препаратами и медицинскими изделиями будет заложено 251 млрд рублей на финансирование госпрограммы «Развитие здравоохранения».",1,0
80665,Ремонт проводится в рамках федерального закона от 01.07 1995 г. N 184-ФЗ «О Фондах содействия реформирования жилищно-коммунал ции».,1,0
80683,"Он избегал «сомнительного», по его мнению, сотрудничества с Меркуловичами.",1,0
80688,"18 апреля был издан приказ, по которому все граждане Лондона были должны поклясться.",0,1
80714,"Давай-давай, гони, у меня нога больная.",0,1
80847,"Вот с этим вопросом я пролежал всю ночь, положив руку на голову спящей Наташи.",0,1
80862,К расчету налога на наследство это не имеет никакого отношения.,0,1
80885,"В МО задокументировано 4 преступления экономической направленности, все выявленные преступления относятся к преступлениям категории предварительное следствие по которым обязательно (2015г. - 6).",1,0
80907,Снижение этих рисков осуществляется посредством регулярного мониторинга и оценки эффективности реализации программных действий.,1,0
81025,"Мать Лайфа Жене была молодой проституткой, которая отдала его на усыновление.",0,1
81067,В 1990—1992 годах выпустила циклы ежемесячных программ «Госпожа Удача» и «Человек результата».,0,1
81075,В 18 лет самостоятельно создал электромеханические замки с программным управлением для них (электронные ключи).,1,0
81132,"Почему тогда в разных странах к компании регулярно предъявляют претензии и регуляторы, и местные отельеры?",0,1
81133,"Примечание: В скобках указано, сколько голов из общего числа забито с пенальти.",0,1
81292,Камснабу нужно решать все вопросы материально-технического обеспечения Камгэсэнергостроя.,1,0
81305,"Ты готов, Эмерл?",1,0
81383,Прикиньте лето будет как в десятом году но только нам уже не по двадцать лет.,1,0
81419,", Наш тесный круг историко-филологического отделения, в которое входили профессора и других гуманитарных факультетов, стал разбавлять профессора.",1,0
81482,Мы с папой знакомы уже много лет.,1,0
81551,"Я решил не вести подробного дневника, так как пошел просто для отдыха и для случайных впечатлений.",0,1
81600,"В это время явился сын, и старуха скрылась.",0,1
81629,"По данным Международного энергетического агентства, с 1998 по 2004 в Альберте частными предприятиями было построено более 3000 МВт новых электростанций.",0,1
81630,Два неоклассических здания известны как Законодательный дворец и Федеральный дворец.,1,0
81647,"Филипп III (родился 9 декабря 1559 года) был королем Испании с 1559 по 1559 год. Он был лидером коалиции, возглавляемой Генрихом",1,0
81750,Nevermind был полной противоположностью мейнстрима того времени.,0,1
81766,Там он был ранен и снова лежал больше месяца в госпитале.,0,1
81817,"Японское министерство экономики, торговли и промышленности (METI), подтвердило финансирование и страхование до 85 % от общей стоимости.",0,1
81820,"Сразу восемь сокращенных рабочих недель ждут россиян в этом году, заявили в Роструде. Меньше всего мы будем работать в январе, феврале, все весенние месяцы, а также в июне и ноябре — это связано с государственными праздниками.",0,1
81868,"Когда геологическая граница притягивается к линейным элементам, все вершины проверяются на близость линейного элемента.",1,0
81880,Наша команда на пять очков впереди.,0,1
81908,"Так, 9 июля талибы заявили, что получили контроль над 85% территории Афганистана.",0,1
81943,Фurla выпустила ограниченным тиражом сумку Metropolis,1,0
81986,"Газпром"" отказался от приобретения дополнительной мощности по сравнению с Украиной и отказался от выкупа лишь 1% мощности через Польшу.",1,0
82021,белая кошка вайбит под кэрри он май вэйворд сан из первого сезона спн,0,1
82028,и с этого дня отношения между поссорским домом и усадьбами Попельские стали дружескими.,1,0
82033,На авто с охотниками за слонами напоролись почти тонну навоза из потревоженных животных и попали под обстрел стрелков .,1,0
82047,Заново написано предисловие к запискам Пущина.,0,1
82050,Вы же умеете плавать?,0,1
82090,На Каспийской море идет операция по спасению четырех рыбаков.,0,1
82115,"В эти дни, после 12 апреля, любившие и узнавшие близко Цесаревича собирались вместе в тесный кружок вспоминать и беседовать о нем.",1,0
82187,Советские и российские космонавты.,0,1
82234,"В настоящее время соли мышьяка и висмута сами почти ушли из медицинского применения в связи с появлением большого арсенала высокоэффективных и значительно менее токсичных антибиотиков. Но, тем не менее, препараты висмута (бийохинол) и мышьяка (миарсенол) всё ещё имеют применение в случаях сифилиса, резистентных к действию антибиотиков.",1,0
82267,"-Лан-ла-ла. В смысле, подумал студент Алтана, что вы подумали?.",1,0
82300,"На юго-западе Финляндии расположен Архипелаговое море — крупнейший в Финляндии архипелаг, вдоль берегов которого расположены тысячи скалистых островов.",1,0
82304,Субсидии распределяются между субъектами малого и среднего предпринимательства на конкурсной основе в соответствии с Порядком предоставления субсидий на государственную поддержку начинающим субъектам малого бизнеса. Администрация муниципального образования Пронский муниципальный район Рязанской области утвердила Порядок предоставления субсидий в виде грантов начинающим субъектам предпринимательства.,1,0
82370,"Даже только началась репетиция, артисты поставили роскошные кожаные глубокие кресла — взятые из Благородного Собрания — и вскочили на них сапожищами.",1,0
82459,"Знаете, я бы на вашем месте сбежал, честное слово!» — возмутился студент.",0,1
82470,'Разведка! Савелия ушла.,1,0
82516,Я поговорил с дядей по телефону.,0,1
82527,"В азербайджанском фольклоре можно найти многочисленные дастаны XVI—XVII веков, в которых отражены реально имевшие место события. Начиная с XVI—IX веков записывались стихи народных певцов — ашугов. Известны произведения Гурбани, Сары-ашуга, ашуга Алескера, ашуга Аббаса Туфарганлы, ашуга Валеха.",1,0
82575,Реализация стратегических целей и достижение целей,1,0
82600,"Именно поэтому растет интерес, особенно среди молодых мужчин и девочек старшего возраста, к совершенствованию своих навыков и посещению учебных и обучающих курсов.",1,0
82607,В довоенной Европе он считался одним из самых благоустроенных и озелененных городов.,0,1
82631,"Воскресенье. Получил вечером от министра внутренних дел любопытное письмо, которое может меня с ним поссорить... Нужно отвечать, и я намерен отвечать сильно.",0,1
82667,Для сокрытия преступления дом женщины он поджег и оставил место убийства.,0,1
82680,Трое из его сторонников были обезглавлены в Париже 3 апреля 1344 года.,0,1
82735,"В законы Республики Мордовия внесены изменения, касающиеся организации и прохождения муниципальной службы.",0,1
82759,"И, конечно, и mama, и papa, и муж и здесь не могли.",1,0
82771,Его отец умер в госпитале прошлой ночью.,0,1
82774,"В зоопарке аргентинского города Мендос умер последний в стране белый медведь - 31-летний Артуро, которого экологи несколько лет назад требовали переселить в более холодный климат.",0,1
82844,Отправляюсь дежурить на берег Днепра на промежуточную.,0,1
82874,"Это говорит о том, что на этой вилле, принадлежащей одному из лидеров «Аль-Шабаб», тренировались иностранные наемники группировки.",1,0
82876,"По основному носителю (на основе DSR-2) 

В качестве основного источника энергии в этом устройстве используется аккумуляторная батарея с напряжением 7 В. Для питания устройства используются четыре независимых аккумулятора типа 18650, емкость каждого из которых составляет 1 Ач и напряжение – 3 Вольта при напряжении 4 вольты или 5 -6 Вт соответственно; каждый такой элемент имеет свой собственный ток заряда/разряда: два элемента имеют по 6 ампер на каждую свою единицу мощности[1]. Кроме того источником электроэнергии служат три пары светодиодов CRT135VLD для управления светодиодной подсветкой прибора [3]. Светодиоды",1,0
82878,Первое — это продажа права на аукционе.,0,1
82887,Помоги цветной вазу с водой.,1,0
82901,Насильство было лишь дополнительным мотивом и не всегда имело место.,1,0
82935,У вас руки чистые?,0,1
82960,Незнакомец говорил со мной в автобусе.,1,0
82964,Должно быть некоторое ограничение.,1,0
83014,"Назовите твой топ-4 месяцев в году: октябрь, декабрь,июнь или апрель",1,0
83054,", «Как следует из их клятвы, у Дьявола также нет частички ада, а только кусок угля из ада».",1,0
83063,"Да что ж тебе рассказать, хоть как вы замуж",1,0
83083,"""Не герой и не идол"": сестра Сенцова рассказала о встрече с братом.",0,1
83174,"Американские морпехи подбрасывали компакт-диски с пропагандистскими роликами «Аль-Каиды» в местах антитеррористического рейда. По данным издания The Daily Beast, британская пиар-компания Bell Pottinger получила от Пентагона в период с мая 2007 года по декабрь 2011 года 540 млн долларов за «информационные и психологические операции».",1,0
83195,Это упрощает навигацию и эксплуатацию самолета и позволяет пилотам сосредоточиться только на наиболее актуальной информации.,1,0
83197,В 1930-х годах Николай и Андрей Ельцин (отец и дядя будущего президента) из Уральской деревни Басманово приехали в Казань построить авиационный завод.,1,0
83223,В клубе великолепный обед с музыкою и повальная гомерическая попойка…,0,1
83251,"Вчера появилась панорама Ватерлоо: я думаю, снимут панораму и с мостов.",1,0
83271,"На данный момент конструкция разобрана, все последствия пожара убраны», - сказал Ахметшин.",1,0
83279,"Он смотрел на книжный шкаф, сквозь стекла которого золоченые переплеты книг перекликались с золотыми лучами солнца.",0,1
83300,", «Пожалуй этот тест, первый «криминального» теста, который должен проводиться в практике системы государственной санитарно-эпидемиологической службы», - сказал при этом Онищенко.",1,0
83359,Беларусь получила от российской стороны предложения об углублении интеграционного сотрудничества - Макей.,0,1
83451,Где-то на дне посольства открылось окно.,1,0
83460,"При проведении скашивания следует учитывать, что в соке борщевика Сосновского содержатся биологически активные вещества – фурокумарины.",0,1
83463,"В гинекологическом кабинете можно будет извлекать гигиенические тампоны после окончания менструального периода, что, в свою очередь, чревато негативными последствиями, например, может привести к токсическому шоку.",1,0
83568,"Внезапно появляются М’Баку и Джабари, чтобы помочь Т’Чалле.",0,1
83608,"Ты разве не слышал, как тебя назвали по имени?",0,1
83616,В нашем районе тихо и пасмурно. После 22 часов небо покрылось облаками и дул порывистый холодный ветер. На небе видны звезды.,1,0
83625,Ушакова хотят привлечь к уголовной ответственности.,0,1
83655,С супругой они воспитали двух сыновей.,0,1
83682,"А - построенные автомобильные дороги общего пользования межмуниципальным значением, км;",1,0
83713,"Омбудсмен также рассказал, что в муниципальных районах края планируется создание приемных и назначение общественных помощников Уполномоченного.",0,1
83714,"Его источники очень редки, и поэтому эта музыка в основном утеряна.",1,0
83731,1606 - Пороховой заговор: начинается процесс над Гаем Фоксом и другими заговорщиками и заканчивается их казнью 31 января.,0,1
83777,"Усиление центральной власти, нейтрализирование целых провинций на основе коалиции, отвратит массовые убийства, введенные Гульбеддинами.",1,0
83780,"УМК – управление муниципального контроля администрации Ростовского муниципального района,",0,1
83887,"Этот договор, вместе с общим экономическим сотрудничеством с Индонезией, часто упоминается как решающий фактор для позиции австралийского правительства.",0,1
83904,В конце ролика Nemagia попросила подписчиков ставить лайки для появления матери Василия в следующем обзоре.,0,1
83952,"По мере того, как лесные пожары превращаются в отдельные островки, популяции животных распадаются на небольшие группы.",1,0
83973,"Поставка Подпрограммы из бюджета муниципального образования «Краснинский район» Смоленской области будет осуществляться в пределах средств, утвержденных на ее реализацию в настоящее время",1,0
83977,"В области гражданской обороны - это обеспечение повседневной готовности системы гражданской обороны к переводу на условия военного времени на всей территории Российской Федерации или в отдельных ее местностях при возникновении войн и локальных вооруженных конфликтов, создания и применения группировки сил и средств гражданской обороны для решения задач по защите населения и территорий от опасностей, возникающих при ведении военных действий или вследствие этих действий, в том числе при крупномасштабных чрезвычайных ситуациях, вызванных террористическими актами, а также безусловного выполнения мероприятий по заблаговременной подготовке государства к ведению гражданской обороны.",0,1
84001,"Французский инженер-электрик Роман Либлинг, которого отправили в концлагерь Маутхаузен, пережил войну и уехал в Париж. После войны он жил не с отцом, а с матерью, а в комнатах, снимаемых у разных семей, не поддерживал близких отношений с отцом или молодой мачехой.",1,0
84034,Свыше 30 российских сельхозпроизводителей попали под санкции Турции (результаты проверок 9 июня).,1,0
84040,"Видела сегодня Женю Беляеву. С тех пор, как мы расстались, прошло четыре года! Сережа Мухин умер. Очень его жаль…",0,1
84057,"В числе родственников писателя были поэтесса Анна Бунина, литератор Василий Жуковский и другие деятели русской культуры и науки.",0,1
84071,Капитан Блэк снова съезжал с побережья и пробывал на берегу весь день.,1,0
84083,До 1980-х годов почти весь набор для издателей и рекламодателей выполнялся специализированными наборными компаниями.,0,1
84090,"Удельное фактическое потребление воды по приборному учету не соответствует удельному потреблению воды определенному по расчетно-нормативной величине, что свидетельствует о необходимости внедрения приборного учета у каждого потребителя.",0,1
84155,Британского военного атташе вызвали в Минобороны России.,0,1
84190,"Вам лучше поторопиться, если вы хотите попасть домой до темноты.",0,1
84225,"В это время он привез свою сестру Ханну в Нью-Хейвен, чтобы управлять аптекарским бизнесом, когда он отсутствовал.",0,1
84293,"Тем не менее, он был изгнан из Амьена королевскими войсками в 944 году.",0,1
84301,"Агентство ""Газпром нефть"" отмечает существенную динамику по контрактам при покупке газа у единственного производителя этой нефти",1,0
84428,"Не имеет значения, правилен твой ответ или нет.",0,1
84434,Три домика из жердей и камышовых стропилок на берегу реки Сисим в Приморье,1,0
84467,Что же касается собственно Бастамо-Шахрудской губернии?,1,0
84520,"Министерство решило не продлевать временное разрешение на проведение экспериментального вещания этим радиостанциям, поскольку они не выполнили предыдущее требование.",1,0
84543,В то же время в Великобритании правительство разрешило одной фармацевтической фирме выращивать различные сорта конопли с целью клинических испытаний получаемой из неё марихуаны.,0,1
84643,"Ничего угоднее Благословенному Господу и быть не может, как искоренение нами людей нечестивых и клифотов».",1,0
84648,Бюджет Первомайского сельского поселения на реализацию муниципальной программы первомайскому сельского поселения ««Охрана окружающей среды и рациональное природопользование»,1,0
84716,Организация технического обслуживания общественных дорог местного значения и обеспечение непрерывного и безопасного движения в соответствии с утвержденными стандартами.,1,0
84719,У каждой семьи в гардеробе есть скелет.,1,0
84732,В Китае запретили концерты Бибера.,0,1
84744,Ты действительно трудолюбивый работник.,1,0
84772,"Симак предположил (см. выше), что их предлагают к зачислении, а затем по своему выбору они могут набирать студентов.",1,0
84842,"Австралия также вспомнила, что это был первый раз, несмотря на второе место и тот факт, что Торвиль и Дин были чемпионами.",1,0
84885,Британские консерваторы потеряли абсолютное лидерство на выборах парламента.,1,0
84894,/ O / Statistics Canada 2006 / октябрь: 26 918 студентов и 6 271 гимназист обуч,1,0
84922,В итоге Калмыков теряет обеих своих любимых женщин.,0,1
84923,"Топ-менеджеры российских компаний часто просят не покупать им билеты на рейсы, которые выполняет российский самолет Sukhoi Superjet, когда летают в командировки, рассказали Би-би-си в нескольких компаниях, занимающихся организацией поездок. Насколько это массово? И как сказалась на отношении к самолету катастрофа в Шереметьево?",0,1
84985,В Молдове сегодня день тишины.,0,1
85009,"Стратегически важно уделять особое внимание экологическим проблемам, чтобы обеспечить населению комфортные условия проживания.",0,1
85017,"В Китае сохраняется опасность дестабилизации ситуации, если страна не сможет эффективно адаптироваться к новым требованиям открытости и либерализации после присоединения к ВТО.",1,0
85046,"Не надо бежать, но надо бежать как можно быстрее, атаковать как можно чувствительны.",1,0
85089,"Мой отец позвонил мне после того, как выпил немного алкоголя и я не знала, что сказать.",0,1
85107,в 2010 году Недялкова через подставные фирмы-однофамильцы вывели за границу более миллиарда рублей.,1,0
85117,Во сколько открывается ресторан?,0,1
85174,ging.dnevnik.ru представила результаты социально-экономического развития Сальновского сельсовета Хомутовского района в сфере реализации муниципальной программы «Социальная поддержка граждан в Сальновском сельсовете Хомутовский района Курской области».,1,0
85270,"Она безуспешно попросила его вернуть тело своего умершего сына, King Harold.",1,0
85289,Вопросы организации проверок наличия кодов «Лента» обсуждает с собственниками помещений.,0,1
85305,"Этот дождь идёт только в определенных местах, и о начале дождя оповещает радуга.",1,0
85403,Мы ее всех возрастов не стесняемся — просим расколоть орех — туземец ловко раскалывает и прорезает отверстие в самом орехе.,1,0
85418,"Разделом IV Программы предусмотрено, что объем медицинской помощи оказываемой не застрахованным по обязательному медицинскому страхованию гражданам в экстренной форме при внезапных острых заболеваниях, состояниях, обострении хронических заболеваний, представляющих угрозу жизни пациента, входящих в базовую программу обязательного медицинского страхования, включается в средние нормативы объема медицинской помощи, оказываемой в амбулаторных и стационарных условиях, и обеспечивается за счет бюджетных ассигнований бюджета субъекта Российской Федерации и местных бюджетов (в случае передачи органам государственной власти субъектов Российской Федерации соответствующих полномочий в сфере охраны здоровья граждан для осуществления органами местного самоуправления).",0,1
85487,"обновление структуры, содержания и технологий реализации образовательных программ;",0,1
85509,СМИ узнали детали трехлетних прогнозов экономического развития России.,0,1
85617,Одновременно пришли вести о гибели адмирала Колчака.,0,1
85654,Этот господин очень известный пианист.,0,1
85698,"Она объясняет, что в то время как Гидра технологически продвинута, они борются с набором и разделенными интересами.",0,1
85770,Образование - это не только изучение множества фактов.,0,1
85923,Они несколько часов боролись с огнем.,0,1
85934,Я хочу спать с твоей женой.,0,1
85971,"Я знал, что это был пластик, но на вкус это было дерево.",0,1
85988,"Понятия не имею, о чём ты.",1,0
85997,"на Садовую Авиву пришли французы и вручили посылку от Анны Давыдовны, получавшей посылку с Америки.",1,0
86053,Направление расходов на реализацию программы осуществляется в соответствии с текущими расходами.,1,0
86057,"21 февраля 2006 года по каналу ""Варкон энтерпрайзис"" были проведены шоу ""Стрит драм корпусс.""",1,0
86074,"Мы по- прежнему ссорили наших соседей между собой, чтобы уменьшить их силу. Я поддерживаю слабых, чтобы поддержать слабых.",1,0
86092,"Порой Арсению казалось, что женщины это делали даже легче, чем мужчины, и тогда он испытывал неловкость.",0,1
86106,Муниципальная программа «Развитие образования в городе Коряжме на 2018-2020 годы»,0,1
86129,Хабибулин не слушала Вячика.,1,0
86130,В V и VI веках они разделились на вестготов и остготов.,0,1
86140,"Браузер ""Амиго"" теперь может звонить одновременно с пятью абонентами.",1,0
86159,"И все же впереди было бесконечное, бессмысленное лето, а потом снова одиночество, пустота, печаль!",1,0
86210,В ближайшее время в школе будут перекрыты зоны буфеты и мойки посуды.,0,1
86215,Яин еще в прихожей встретил кого-то радостным лицом.,1,0
86219,У меня с собой мало денег.,0,1
86248,"Мероприятие 1.02 ""Содержание жилищного фонда"" с 1 мая.",1,0
86261,"Я боялась, что позвонят в дверь и это будет означать ""с вещами"".",0,1
86283,"В 1968 году появился состав, который мог давать концерты.",0,1
86402,"Может быть непостоянным, грубым, легковерным, упрямым.",0,1
86466,"Компания имеет здесь два очень просторных, богатых и красивых сада.",0,1
86468,"Во взглядах на историю Древней Руси Задорнов был сторонником антинорманизма, который поддерживал как часть идеологии славянского неоязычества.",0,1
86519,"Пятница. Вчера я написала много горького о Борисе. Сегодня мне хочется несколько исправить это.    
От Бориса Юрий пришел ко мне в библиотеку страшно взволнованный. Подробно передал мне весь разговор. Сначала Борис пытался оправдываться, говоря, что был очень удивлен и озадачен, найдя на двери мою записку и т.д., но потом Юрий заставил его признаться во всем. В трусости и в малодушии и в том, что он сам пошел на мои встречи… И вот за эти-то признания, которые были для него страшно мучительны, но на которые у него хватило мужества, я ему прощаю все. Он поднял меня в моих глазах.    
Этот разговор принес удовлетворение всем троим. Не осталось ничего недоговоренного. Юрий говорит, что Борис был совершенно искренен. Между прочим, он сказал, что написал раньше другое письмо, в котором убеждал меня хорошенько подумать, что мне предстоит сделать выбор между ними двумя, что все преимущества и достоинства на стороне Юрия и т.д. Но послать это письмо не смог «из-за самолюбия».    
Юрию он сказал:    
— Конечно, мы с вами противники. Но я считаю для себя за честь иметь своим противником такого человека, как вы.    
Юрий тоже ему сказал:    
— Все это должно было случиться, и, в конце концов, я очень рад, что это были вы, а не какой-нибудь негодяй.    
На прощанье он подал ему руку. Борис очень благодарил его за то, что он пришел, и от всей души — Юрий говорит — искренно пожелал ему и мне счастья.    
Это лучший эпилог, который можно было бы придумать для такого романа.",0,1
86527,"Днём пошли на склад чайной компании ставить ловушки на крыс, которые жили там житья не стало.",1,0
86590,Много людей собралось на это празднование.,0,1
86671,"В голосе Итина слышалась легкая дрожь, и порой он отвечал невпопад.",0,1
86697,"Представленный в Чебоксарах комплекс инженерной защиты территории от затопления и подтопления затрагивает, помимо Республики Чувашия, также территории прилегающих Республики Марий Эл и Нижегородской области, которые также подвержены негативным процессам, связанным с поднятием уровня Чебоксарского водохранилища.",0,1
86719,"-- В отсутствие Алики будет трудно выбраться, -- к сожалению, сказала Коля.",1,0
86722,Инфра структура школьного питания в районе представлена следующим образом:,0,1
86813,Из общей суммы денежных доходов населения за 2016 год:,0,1
86821,"Мне кажется, он человек слова.",0,1
86827,Номера социального обеспечения тоже могут рассматриваться как виды сервисных номеров.,0,1
86881,"К сожалению, это место occupied?",1,0
86907,"В Таганрогском окрестностях в шахте ""Капитальная"" екатеринославского горнопрмышленного о-ва насыплено 10 рудокопов.",1,0
86908,Вчера ночью мне приснился ужасный сон.,1,0
87004,"Почему тогда та же сила, которая стала видимой в материализованном органическом изображении, иногда в ярком, превращается в галлюцинацию?",1,0
87055,Это становится новым штампом.,0,1
87059,"Вот что у него в брюшной, это замечательно!",1,0
87065,В доме вокалиста группы Linkin Park Честера Беннингтона полиция не нашла наркотиков.,0,1
87074,"В то же время, постепенный вывод греческой армии позволил бы албанским войскам взять под контроль регион.",0,1
87117,"В августе 2002 года были записаны две новые песни — «Убей мою подругу» и «Доброе утро, папа!«»",1,0
87171,Для достижения заявленной цели и решения поставленных задач в рамках настоящей Программы предусмотрена реализация подпрограмм:,0,1
87182,Министерство в пределах лимита бюджетных обязательств,0,1
87202,"С 6 до 12 часов, дождь, шторм и перерывы.",1,0
87251,Ни рыба ни мясо.,0,1
87281,Реализация Стратегии будет осуществляться на следующих принципах:,0,1
87298,"Эномото привез с собой различные документы и драгоценности на сумму 180,000 Рё.",0,1
87300,"МАМА, ТЫ ПОДСКАЗАЛА СПИСОК СОБСТВЕННОГО ЧТО НАДО КУПИТЬ?",1,0
87388,"Однако Министерство природных ресурсов РФ отказало ей в приеме заявки и, судя по сообщениям, китайская компания намерена опротестовать это решение в арбитражном суде.",0,1
87405,Доблестный офицер этот через два дня был убит.,0,1
87425,"18 декабря 2008 года было заявлено, что HBO выбрал темную комедию.",0,1
87496,"Без формирования и развития дорожной сети невозможно обеспечить экономический рост, решение социальных проблем.",0,1
87518,"Примечания: создание условий, способствующих недопущению совершения актов террористического и иного экстремистского характера на территории района.",1,0
87551,ExxonMobil сегодня объявит данные по квартальным активам в первом полугодии.,1,0
87559,Слон - очень крупное животное.,0,1
87684,Подпрограмма 2 «Организация предоставления дополнительного образования детям художественно-эстетической направленности» (STEM),1,0
87696,"задачи: укрепление здоровья учащихся, развитие физического и умственного благополучия, развитие спорта в общеобразовательных учреждениях.",1,0
87737,"распределительный газопровод микрорайона Южный протяженностью 2,1 км",1,0
87741,Макс Покровский выступал в поддержку Навального.,1,0
87761,Лишь к этому времени он попал в зал.,1,0
87811,12 октября одновременно были открыты два интернет-центра: в Калининграде и Махакале.,1,0
87905,дерево боится рубок и уходит в лес.,1,0
87906,"Поскольку число сидений ограничено, только самые старшие кавалеры и дамы Большого Креста инсталлируются.",0,1
87925,Идущие на смерть приветствуют тебя.,0,1
87945,Бывшая нацистка и сторонница концепции превосходства белых.,0,1
88002,Впервые эта проблема была решена в системе «Биткойн» за счёт искусственного усложнения внесения изменений в реестр истории операций.,0,1
88013,В Афганистане этот четвертый хорошо известен.,1,0
88140,Агушина Т. (2005) Теплица для самых сильных.,0,1
88143,"Основным его интересом была кровеносная система, но изучал он также эмбриональные патологии, инфекционные заболевания и т. д.",0,1
88239,"Капсид состоит из одинаковых белковых субъединиц, называемых капсомерами.",1,0
88241,"В Сосновом бору в Кузбассе отмечены пять видов животных и девять видов растений, внесённых в Красную книгу Кузбасса.",1,0
88257,"Однажды ночью в кубрике украинский моряк произнес фразу ""одна веревочка"", за что был избит матросом.",1,0
88312,"Он обслуживает такие объекты, как Дом контор, Радиус-1, новый музей, - сказал автор проекта Евгений Трубецков.",0,1
88319,В июле по месяцам знаки ЗОДИАКА.,1,0
88392,Иск будет предъявлен в городской суд Сан-Франциско.,1,0
88439,Я признаю себя виновным.,0,1
88461,"Я должен спросить у сестры, что она собирается идти домой.",1,0
88464,"стоит иной раз жара, вся земля стоит; Аникея, бывало бывало, ходит всех ободрял.",1,0
88468,"""Практически съедобный - профиль Монт д'ор"".",1,0
88494,"Он даже не информировал меня, что собираются арестовать моего брата.",0,1
88562,"В конкурсе на лучшую молодежную литературную литературу на тему «Зима и снег» принимают участие клубы и кружки НТТМ, общественные молодежные конструкторские бюро, лаборатории, научно-исследовательские группы предприятий, НИИ и учебных заведении, бригады, а также отдельные активисты НТТМ.",1,0
88608,Взаимоотношения в спектакле начисто неверные.,0,1
88613,"В Москве задержан специальный корреспондент «Новой газеты» Илья Азар. Об этом он сообщил в своем Telegram-канале. Журналист рассказал, что его отвели в машину прямо в домашней одежде и тапочках. По его словам, дома один остался 2-летний ребенок. Азар написал, что курил на балконе во время задержания. По его словам, с лестничной клетки вышли три полицейских и сообщили, что задерживают его «по 20.2» ( статья 20.2 Кодекса об административных правонарушениях «Нарушение установленного порядка организации либо проведения собрания, митинга, демонстрации, шествия или пикетирования»). Как написала «Новая газета» в Telegram, Азара доставили в Красносельский ОВД, где оставят на ночь. Илья Азар — муниципальный депутат, один из организаторов митингов в поддержку независимых кандидатов, которых не допустили на выборы в Мосгордуму. В июле сообщалось, что заявления о неучтенных подписях избирателей оказались неточными. Председатель Московской городской избирательной комиссии (Мосгоризбирком) Валентин Горбунов опроверг информацию о том, что подписи Ильи Азара и Михаила Ширвиндта не были учтены. В Москве с конца июля проходят массовые акции протеста, в том числе несанкционированные, из-за избирательной кампании перед выборами в Мосгордуму, которые состоятся 8 сентября. Столичный избирком отказал в регистрации ряду оппозиционных кандидатов, заявив, что они не смогли собрать необходимое количество подписей для выдвижения либо собрали их с нарушениями. В частности, некоторые кандидаты представили в избирком недействительные подписи — например, поддельные и от уже умерших людей. О том, что некоторые кандидаты оказались неспособны собрать необходимое количество верифицированных подписей, косвенно свидетельствует численность августовских акций оппозиции на проспекте Сахарова, которая, по другим подсчетам, была почти вдвое ниже, чем по «Белому счетчику».",0,1
88745,"Что же касается основных задач маленького фельетона в прошлом, то они в наше время стали ненужными.",0,1
88759,"Улыбнись сейчас, поплачешь после!",0,1
88841,"-- Что бы ты ни сказал, -- ответил Денис.",1,0
88905,Поэтому прокурор города обратился в суд с иском о признании указанной на сайтах информации запрещенной к распространению на территории Российской Федерации.,0,1
88931,Мукояма сегодня отправился в Сиракава со своей семьей на место службы.,1,0
88978,"Но до того, как это произошло, новички должны были провести два сеанса военных учений и дать клятву верности своему Командующему и Императору.",0,1
89014,"пишет ""Интерфакс"", заместитель начальника якутской полиции Самсон Чупров.",1,0
89038,На уроках он всегда витал в облаках.,0,1
89040,"Через него лился неверный утренний свет, едва освещая просторную, с неровными стенами пещеру.",0,1
89072,"Эти рекомендации принимаются нормативными организациями, ответственными за различные виды транспорта.",0,1
89081,"(от 25% до 35%) заявили, кто им не нужен.",1,0
89096,"идея сравнивать народы по тому, что они делают с представителями других животных, не нова вовсе.",1,0
89154,"Небольшие страны, такие, как Андорра, не включаются в доклад.",0,1
89182,Роспотребнадзор подготовил проект о мерах профилактики для защиты от возможного вторжения вируса Зика при проведении вакцинации против всех видов заражённых вирусом бешенства домашних животных.,1,0
89225,"Наше настроение, разговоры и поступки в основном проникнуты предчувствием тех кровавых событий.",1,0
89264,"В начале апреля 1942 года, по официальным данным Генерального полицейского управления оккупационных сил, в Минске было зарегистрировано 20 000 трудоспособных евреев.",1,0
89297,"Вскоре она умерла и заболела туберкулёзом, и поэтому состояние её ухудшилось, и она посоветовала привести Лютеранскую церковь.",1,0
89347,", Илья Финогенович, на чем мы остановились? - продолжил Илья Финогич.",1,0
89468,"Реализация Программы планируется на три года, в течение которого предусматриваются:",1,0
89530,Для этого пришлось составлять спектакль из нескольких одноактных пьес.,0,1
89540,"Немец пошел в наступление, мы стали готовиться к выезду.",0,1
89704,"«Все написанное бывшим президентом Ирана Мухаммедом Хатами о том, что Низами Гянджеви является иранским поэтом, истинная правда.",0,1
89732,Пострадавшие могут включать в себя писателей и актёров.,0,1
89738,Новость вызвала у неё много боли.,1,0
89784,"Британский экспорт в Египет вырос на 15 %, В то время как Египетский экспорт в Великобританию вырос более чем на 30 %.",0,1
89806,Культурная самобытность станции была построена со временем.,0,1
89815,Споры о земле между общиной и феодалом либо монастырем рассматривались только государственным судом.,0,1
89896,"Коррадини говорил об Италии как о «пролетарской нации», которой необходимо проводить политику империализма, чтобы бросить вызов плутократическим режимам Франции и Великобритании.",0,1
89927,"Он также попытался убедить французов восстановить демократически избранный Парламент 1936—1939 гг., но его усилия оказались тщетными.",0,1
89972,"Так вот, я задумала продать свой скелет, а...",0,1
89980,Дивизион потерял 7 убитыми и две сотни пропавшими без вести за семь дней боев.,1,0
90006,", организованное Государственным комитетом по дополнительному профессиональному образованию / МОК, состоялось 29 октября 2005 года в Москве.",1,0
90017,"International Lyme and Associated Diseases Society (ILADS), которая опубликовала руководство по диагностике и лечению хронической болезни Лайма.",0,1
90062,Taco Bell дважды неудачно пыталась выходить на мексиканский рынок.,0,1
90081,Полицейских заставят более жестко наказывать нарушителей порядка в ходе несения службы.,1,0
90090,"Зарегистрированная в России первая в мире вакцина от коронавируса «Спутник V» вызвала во многих странах противоречивые отклики. Некоторые поздравили Москву с долгожданным достижением, а некоторые выступили с критикой. Негативные комментарии связаны со сроками создания: якобы Москва предпочла скорость качеству. По мнению эксперта, восторженные комментарии по поводу нового препарата действительно преждевременны.",0,1
90116,Белорус удержал два взлетающих самолета.,0,1
90171,"Для депутатов по телевидению минут пятьдесят показывали зевающих, слоняющихся по залу заседаний депутатов в ожидании результатов голосования.",1,0
90174,В последние годы наблюдается снижение количества субъектов малого предпринимательства.,0,1
90204,"DBB заявляет, что для него «люди стоят на первом месте» и призывает бороться с сокращением рабочих мест.",1,0
90228,"Благодаря этому, у Кабинета достаточное количество голосов, чтобы прибегнуть к 25-й поправке.",0,1
90241,"Алла рассказала, что Наум заходил в лабораторию.",1,0
90253,"Легче сказать, чем сделать.",0,1
90279,"FLAERTI добавил, чтоС «отвращении» читал его тексты, в том числе песню«Kill you» в его песнях.",1,0
90282,"Российский президент Владимир Путин предупредил журналистов кремлевского пула о том, что они все являются объектами слежки спецслужб США. Об этом, как сообщает корреспондент «Ленты.ру», президент заявил в воскресенье, 16 октября, на пресс-конференции по итогам саммита БРИКС в Индии. «А вы зря смеетесь! На каждого из вас можно завести дело. Наверняка так и есть. И отслеживать ваши переговоры», — сказал он журналистам. «Потому что вы носители определенной информации. Вы ведь входите в президентский пул, можете что-то услышать, увидеть, с кем-то переговорить, вы свободно болтаете по телефонам, по открытой связи, и все несете в эфир что думаете или то, о чем предполагаете. Это представляет интерес», — пояснил президент. Путин отметил, что в России спецслужбы в отличие от США действуют только по решению судов. В этот момент свет в комнате погас. «Вот! Показали, что они слушают нас!» — пошутили присутствующие. Путин кивнул в ответ. 14 октября стало известно, что администрация президента США Барака Обамы рассматривает возможность проведения беспрецедентной тайной кибероперации против России в ответ на якобы российское вмешательство в ход американской выборной кампании. По данным источников в разведке, ЦРУ было предложено предоставить на рассмотрение в Белый дом варианты осуществления широкомасштабной операции, направленной на дискредитацию «кремлевского руководства». В тот же день вице-президент США Джо Байден заявил, что Вашингтон «отправит сигнал» Путину и что это «произойдет в тот момент, когда мы выберем, и при тех обстоятельствах, когда это даст наибольший эффект». В ответ представитель Кремля Дмитрий Песков пообещал, что в связи с этими угрозами будут приняты меры предосторожности.",0,1
90363,"Король, Мария Нуньес и Мануэль спустились в шлюпку офицеров фрегата в честь Тирадо познакомился со своими воинскими командирами.",1,0
90366,на расстоянии тысячи миль (2000 км) от Ург до Калганы - одну и та же равнину.,1,0
90444,В ходе боёв обе стороны применяли запрещённую минскими соглашениями артиллерию крупных калибров.,0,1
90468,Фил страшно кричит в колодце.,0,1
90471,Человек с аутизмом неспособен к полноценному социальному общению и почувствовать состояние другого человека.,0,1
90490,Move to the City уже была выпущена в EP предыдущего года Live?!Как и самоубийство.,1,0
90518,В системах типа β Лиры с периодом больше чем 100 дней один из компонентов обычно сверхгигант.,0,1
90535,Я с нетерпением жду его.,1,0
90550,"""Манчестер Юнайтед"" включился в борьбу с ""Ювентусом"" за Роналду.",0,1
90555,"В целях обеспечения устойчивых темпов роста экономики Правительством Омской области реализуются меры, направленные на создание благоприятных условий для инвесторов и хозяйствующих субъектов, стимулирование инвестиционной деятельности.",1,0
90652,Для меня становится глупой привычкой поклоняться чтению моего закона.,1,0
90672,"Исходя из вышеизложенного, принять данную подпрограмму будет способствовать в конечном итоге увеличению числа жителей района, занимающихся физической культурой и спортом.",1,0
90699,"Ой, друзья, глянула в окно,..... у нас ЗИМА..., а час назад дождь фигачил...о, как...",0,1
90704,Он самый популярный певец католической церкви .,0,1
90748,"Немецкая военная доктрина была основана на взаимодействии родов войск вообще и особо тесном взаимодействии пехоты, сапёров, артиллерии и пикирующих бомбардировщиков. В этом случае немецкой пехоте приходилось драться с советской — винтовками, гранатами, штыками и ножами.",1,0
90757,Индикаторы развития муниципальной инфраструктуры 38,1,0
90775,Я живу рядом с магазином игрушек.,0,1
90850,"В речи ""образованный марксист"" должно были понимать фразу «болван и пустомеля"".",1,0
90851,", в этих словах упоминается «сотрет голова змия», лишит сатану его оружия.",1,0
90873,Мы провели приятный вечер.,1,0
90912,"А она советский человек, у нее есть чувство достоинства, милостыни ей не нужно.",0,1
90944,"Накануне парада по случаю 10-летия восшествия на престол государя во Владивостоке произошла жестокая бомбардировка города. В городе загорелся склад материалов, загорелась читальня и наборная «Нового края». Очевидцы сообщают, что мичман Дмитриев и прапорщик Морозов удачно подошли за бухтой Тахэ к японскому контрминоносцу и попали в него миной.",1,0
90953,"Гости, собиравшиеся к Рашели, до того дохохотались, что отправились в театр часом позже.",1,0
90961,Певец Крис Браун присоединился в качестве крестника ко Дню Святого Валентина.,1,0
91083,Тот не стал мне говорить,1,0
91084,"Действующие участники Queen, Брайан Мэй и Роджер Тейлор, приняли участие в создании фильма как исполнительные музыкальные продюсеры и творческие консультанты.",0,1
91142,Она слушала его скромными глазами.,1,0
91176,"Чтобы в подлиннике изучить первоисточники христианского учения, изучал древнегреческий и древнееврейский языки (в изучении последнего ему помогал московский раввин Шломо Минор).",0,1
91206,К концу третьего действия это сентиментальная драма оказалась очень сильной.,1,0
91225,"При реализации подпрограммы необходимо руководствоваться принципом обеспечения согласованности и координации действий всех участников программы населения, органов местного самоуправления, инвесторов, предприятий и организаций различных форм собственности.",1,0
91230,"В период Сталина экономическая модель мобилизации поддерживала только привилегированные слои общества (бюрократия, творческие и научные интеллигенции, барабанщики).",1,0
91246,Признаками начала и конца лета служат показатели средней суточной температуры +10°С в момент увеличения – начало лета и ее уменьшения конец лета – начало осени,0,1
91358,"Сотрудники ""Нафтогаза"" Великобритании раскритиковали бездетную королеву Елизавета, как в обществе существует повышенный интерес к действиям правителей с наследниками.",1,0
91376,"Этот город будет страдать от острого недостатка воды, если в ближайшее время не пойдёт дождь.",0,1
91377,"Воскресенье. Заговенье пред Масленицей. На Литургии крещен один; совершал крещение о. Андрей Метоки, вновь поставленный иерей; руководил его о. Семен Юкава.",1,0
91401,"Вообще-то, ты можешь рисовать и рисовать всё, что захочешь.",1,0
91467,За молнией обычно следует гром.,1,0
91501,Я гуляю по парку.,1,0
91502,"и был в основном занят музыкальными, аудиоспектáми на радио.",1,0
91521,"Совет Безопасности тунисского правительства закрыл учётные записи Facebook и веб-сайты, связанные с террористическими группами.",0,1
91542,"С работы, так чтобы не видели полицаи, многие уходят в село просить у жителей хлеба. Я тоже хожу.",0,1
91546,Эnnj - эффективность реализации j-той подпрограммы по формуле (1).,1,0
91667,В ноябре и декабре 1918 года принц Эрнст Генрих следил за возвращением саксонских частей в Германию.,0,1
91676,"Там не было света, была полная тьма.",1,0
91755,"Указанные выше поступки и поведение Жукова на комиссии характеризуют его как человека, опустившегося в политическом и моральном отношении.",0,1
91785,MindFreedom International и Всемирная организация здравоохранения (ВОЗ) разработали проект дорожной...Разработанный проект дорожной карточки по повышению показателей доступности объектов для инвалидов.,1,0
91807,"В процессе бурения на весу, подвешенный на тонком стальном тросе и удерживается.",1,0
91873,На Кавказской области кавказская областная организация воспротивилась созыву пленума.,1,0
91889,"Остались только общины хариджитов, аджрадитов, азракатов, маймун, наддитов, язидов и т. Д.",1,0
91894,Ты пытался объединить мечту и реальность.,1,0
91901,"В связи с этим, пассажиры вынуждены заходить в автобус только через переднюю дверь, чтобы сразу на входе оплатить проезд.",0,1
91957,"Тел. 905-42-19, 944-17-62 7. Эффективный москвист, 34 года, наслаждается днем отдыха для богатого джентльмена.",1,0
91962,В России даже собаки имеют своим медведей,0,1
92010,"Сразу начинается первокурсник «ДеВОЧКИ МОИ, осадите, через недельки две вы будете ходить как бичи в универ», если вообще будет «""",1,0
92045,", Мюссе грустен; Жорж Сан, окружая его заботой.",1,0
92066,"В последнее время на основе принципа обобщенной неопределенности, предложенного некоторыми подходами к квантовой гравитации, такими как теория струн и двойная специальная теория относительности, было изучено влияние принципа обобщенной неопределенности на термодинамические свойства компактных звезд с двумя различными компонентами. A. Tawfik отметил, что существование квантовой гравитационной поправки имеет тенденцию противостоять коллапсу звезд, если параметр принципа обобщенной неопределенности принимает значения между масштабом Планка и масштабом электрослабого взаимодействия. По сравнению с другими подходами было обнаружено, что радиусы компактных звезд должны быть меньше, а увеличение энергии уменьшает радиусы компактных звезд.",0,1
92083,"Мы не позволим, чтобы Бог был униженным.",0,1
92115,"Однако не знала, что октябрь месяц гордости геев.",1,0
92133,"В Сбербанке ставки в несколько процентов ниже, обычно в два-три раза ниже,чем у других банков.",1,0
92142,"Затем она убежала в Пекин, где сменила имя.",1,0
92145,"Все они работали в группе ""Малеволент Кришн"" в 1989 году, но решили создать свою собственную группу.",1,0
92202,Орел и принцесса встают.,1,0
92208,"Британский снукерист Марк Селби проиграл номинальному хозяину соревнований по снукеру Цзюньху Дину в финале «Международного чемпионата» в Китае. По мнению экспертов, в этом матче виноват, как всегда, американский президент Дональд Трамп.",1,0
92247,"В программе Радио Всем: генерал Ганс Кребс запомнился навеки, мясо уступает жирам яйцам, И. Хвалибов и Богомаз вспомнили о мясе, пропавших еще до революции.",1,0
92262,Цель бюджетной политики состоит в повышении уровня и качества жизни населения в условиях сбалансированного бюджета.,0,1
92283,Ребенок пострадал при пожаре в многоэтажном жилом доме в Екатеринбурге.,0,1
92291,"За рассматриваемый период 2000-2005 гг., абсолютный прирост численности населения в трудоспособном возрасте составил 164,3 тыс. чел. или 105,6%.(таблица 1).",0,1
92319,Усиление и развитие спортивных традиций и связей имеет большое значение для развития физической культуры и спорта.,1,0
92371,Почему Вы ничего не сказали?,0,1
92377,"Я понял, что тебе ничего не хватало. Я ничего не мог. Я знаю, что не может с ней другого представить.",1,0
92385,Важна только их позиция в информационном пространстве.,0,1
92416,Британская система разрешения на работу в настоящее время заменяется новой системой Points-based immigration system.,0,1
92427,"Включение Кейбла в потенциальный сиквел подтвердил сам Дэдпул, сказав это в сцене после титров первого фильма.",0,1
92582,"Второй вопрос, который нужно было решить после получения земельного участка, – это возведение здания.",0,1
92591,"Самая исключительная власть, которой обладает монарх, - это королевская прерогатива помилования.",1,0
92600,"Компании А, В и Ф обнаружили японское патрульное подразделение вблизи вершины Ауттинской горы.",1,0
92676,"Тот же парень, возможно, самый близкий к Узбекам.",1,0
92746,"Рождение жены. Слухи ходят об опасном положении Варшавы, Риги, даже Петербурга.",0,1
92816,Основными факторами риска являются:,1,0
92884,"Жительнице Тулуна притворилась потенциальной жертвой, чтобы записать разговор с аферистами и передать информацию полицейским.",0,1
92919,Прогнозные затраты на газ для коммунальных услуг за рассчитанный период представлены в таблице 20.,1,0
92934,"По сути, это ничем не отличается от любой другой задачи дизайна.",0,1
92938,"Воспитательный дом на долгое время стал важным московским оспопрививательным пунктом, где самостоятельно производили вакцину и прививали всем желающим.",1,0
93021,Аутентийский дом моды Gucci был основан в 1921 году модельером Гуччо Гуччи (Guccio Gucci).,1,0
93047,"Банк России снизил ключевую ставку до нового исторического минимума - 4,25%. Решение связано с низкой инфляцией и слабым потребительским спросом. Предыдущий минимум был 22 июня. Экономисты считают, что еще одного рекорда в этом году не будет - если не будет второй волны пандемии.",0,1
93082,"якутов, затруднившихся названием многих привезенных русскими вещей, называют русскими именами. Они и вошли надолго в состав русского языка.",1,0
93105,Значения показателей (индикаторов) подпрограммы по годам реализации представлены в приложении к Программе (таблица 2).,0,1
93107,Полиция рассказала о краже двух электросамокатов в Саратове.,0,1
93117,"Верхняя берма в центре крепления выведена на естественную поверхность, которая образует небольшой городской сквер.",1,0
93169,"Программный метод решения вопросов патриотического воспитания способствует развитию форм и методов работы органов и учреждений социальной сферы района, взаимодействию с правоохранительными органами, ветеранскими и детскими общественными организациями и объединениями в целях формирования и развития системы гражданского и патриотичного воспитания подростков готовности к достойному служению обществу и государству, увековечению памяти защитников Отечества.",1,0
93190,Глава ВВС США: нас беспокоит возрождающаяся Россия и агрессивный Китай.,0,1
93204,Следственный комитет России возбудил дело в качестве подозреваемого в отношении главного инженера управления Роснедвижимости по Еврейскому автономному региону Юрия Недоеслова.,1,0
93256,В Большом театре в нынешнем году в репертуар Большого театра включена постановка оперы грузинского композитора Палиашвили Абесалом и Этери.,1,0
93266,"Почему о, почему никто не настоял, чтобы он пошел в актерскую школу?».",0,1
93359,"Первая часть проекта – берегоукрепление – причальные стенки набережной Корнилова и Клокачева – уже прошла экспертизу, обсуждения.",0,1
93373,Сколько является объектом эксплуатации ветхих водопроводных сетей,1,0
93494,В правительстве не смогли принять решение по петиции Навального.,0,1
93500,"В мире инфекционных заболеваний, в том числе вирусных, редко представляется достоверно. Исключая фильмы-биографии учёных и фильмы, повествующие о великих эпидемиях прошлого, в большинстве из них центральным событием является вспышка неизвестного болезнетворного агента, появление которого стало результатом акта биотерроризма, инцидента в лаборатории, или же он попал из космоса.",1,0
93574,Однако по предложению коммунистов вопрос был снят с рассмотрения.,0,1
93606,"Некоторые еще терзают, мелют, мнут душу желания в безысходности все укрепляется.",1,0
93651,"В рамках основного мероприятия «Создание материально-технической базы для занятий физической культурой и спортом на основе современных технологий» запланировано приобретение спортивного оборудования и инвентаря для массовых видов спорта, сохранение и увеличение количества спортивных площадок, полей.",1,0
93681,"Нет, все понимали, что Грузия что-то готовит, но трудно было даже представить, что мы видели.",1,0
93721,В Хомсе продлено перемирие - для эвакуации жителей.,0,1
93749,"Умерла британская женщина, искавшая покровительство.",1,0
93784,"Лавров призвал запретить совмещать несовместимое при создании фильмов на ""КиноПоиске"" или хотя бы ограничит",1,0
93838,"Благодаря Вьетнамской войне и необходимости регулярно ремонтировать повреждённую в боях и от подрывов на минах авто- и бронетехнику американцам удалось вступить в любую другую крупную региональную войну в Азиатско-Тихоокеанском регионе, не беспокоясь за сохранность боевой техники, живучесть и ресурс которой могли бы быть многократно продлены благодаря развитой ремонтно-восстановительной инфраструктуре.",1,0
93862,Тюрьма покинуть мужчину не успела: его вытащили из укрытия и после медосмотра вернули в камеру.,1,0
93871,"В мексиканском штате Синалоа неизвестные напали на вооруженный армейский конвой, перевозивший одного из опасных преступников. В результате нападения погибли шестеро солдат. Преступникам удалось сжечь два армейских внедорожника и освободить своего подельника.",1,0
93881,Каких фруктов вам бы хотелось на десерт?,0,1
93907,Он оставил нас свой адрес и телефон.,0,1
93927,"Ибо в шесть дней сотворил Господь небо и землю, море и все, что в них, и в седьмой день покоился.",1,0
93967,Но никто и никогда этого уже узнать не сможет.,1,0
94005,"к) о получении не позднее 15 марта текущего года (15 апреля - для территорий, указанных в подпункте 6 пункта 6 настоящих Правил) положительного заключения государственной экспертизы проектной документации или при отсутствии необходимости проведения государственной экспертизы проектной документации - получении положительного заключения о проверке достоверности определения сметной стоимости в отношении мероприятий по благоустройству дворовых территорий и мероприятий по благоустройству общественных территорий в текущем году, включенных в муниципальные программы и реализуемых с использованием средств субсидии (и для случаев отсутствия законодательно установленной обязанности ее проведения);",0,1
94027,Якэлене шатался от усталости и голода.,0,1
94083,"Погода всегда солнечная и приятная, за исключением облачных дней с дождем и лужами, а также снегом на Рождество.",0,1
94151,Это вещество переходит от твердого к газу.,1,0
94286,"Ты сказал, что мне ни за что не победить?",0,1
94390,": Реализация планируемой деятельности позволит увеличить численность населения, повысить продолжительность жизни.",1,0
94407,"В баскетболе впервые по десять человек, от каждой из которых на площадке одновременно присутствует пять игроков.",1,0
94422,Мне не нужно было красить забор.,0,1
94564,"Администрация Красносулинского городского поселения одобрила бюджет Красносулинского района на 2017 год и на плановый период 2018-2019 года, руководствуясь ст. 33 Устава муниципального образования «Красносулинское городское поселение» и постановлением Администрации Красносулинского поселения от 09.09.2013 No 405 «Об утверждении Порядка разработки, реализации и оценки эффективности муниципальных программ» и методических рекомендаций.",1,0
94566,"В с. Худолеевка Полтавской области продолжается тушение торфяного пожара на общей площади около 20 га. К тушению задействованы 57 человек личного состава и 23 единицы техники. Вчера пожарные ликвидировали пожар поверхностных залежей торфа на площади 0,4 га на территории с. Денисовка Оржицкого района.",1,0
94588,Загрязнение оказывает катастрофическое воздействие на экологию региона.,1,0
94593,"Либо смерть, либо Бог.",0,1
94649,"""Сантос"" обыграл уругвайский ""Пеньяроль"", выиграв Кубок Либертадорес.",1,0
94713,Над нашими головами глухо застучали по палубе тяжелые матросские ботинки.,0,1
94753,Этот телефон очень похож на Nokia 1100.,0,1
94790,обеспечение безопасности информационных систем администрации Конишевского района Курской области в соответствии с требованиями действующего законодательства;,1,0
94860,"Тяжелый труд сделал Японию такой, какая она сегодня.",0,1
94883,"есть на болоту бекаси, ракушки, турундалы, улитки летают.",1,0
94916,В качестве приза он получит машину своего друга или же проиграет свою.,0,1
95037,"Дарья Михайловна протягивала ему руку, и он ничего не спрашивал.",1,0
95038,"Она привела воронцовские корабли во Франции, значительно много денег извелъ, кроме денег.",1,0
95150,"С 1 октября вступает в силу закон No1474-VIII о переходе на ID-паспорта с биометрией. Документ будет оформляться на четыре года лицам, не достигшим 18 лет, а остальным – на 10 лет. В то же время для оформления загранпаспорта, дипломатического, служебного и ряда других документов будут использоваться оцифрованные отпечатки пальцев рук.",1,0
95168,"направляли мероприятия комбедования против зажиточной крестьянской семьи, имеющих землю.",1,0
95198,Готовимся к экзамену по физике.,0,1
95295,"Местом прорыва был выбран район села Белики (Бельский уезд, Херсонская губерния), который находился в непосредственной близости к границе. По плану наступления на Бельск планировалось силами двух пехотных и одной конной дивизий перейти государственную границу с Румынией по рокаде через село Пруды — это было наиболее вероятным путём отхода из-под удара советских войск[1]. 
 Наступление началось 16 мая 1919 года после трёхдневного артиллерийского обстрела советской территории артиллерией противника при поддержке авиации румынской армии.[3][4] После нескольких дней напряжённых боевых действий войска 5‑й дивизии перешли госграницу Румынии у города",1,0
95297,"вводит отчеты в подсистемы ГАСИ. Отчеты заносятся в подставы, подразделения и базы данных ежекварталом не позднее 25 декабря.",1,0
95373,"Звучит хорошо, а о чем он «томится», не знаю.",0,1
95401,"Первый в своей истории матч Лиги Европы ""Краснодар"" проведет против клуба из Эстонии.",0,1
95407,"Портал «Mkset.ru» сообщает, что неприятная история произошла на севере Уфы.",0,1
95435,"Петр Барон, Председатель правления VAB Group: «Нам больше нравится 'ВиЭйБи', чем 'ВАБ'.",1,0
95455,"Она училась игре на трубе в Гилдхоллской школе музыки и драмы, Парижской консерватории, а также у Хокана Харденбергера.",0,1
95518,"Правда, говоря в целом о нашем городе, глава употреблял уже слова планетарного масштаба.",0,1
95536,"Российский боевой беспилотный летательный аппарат С-70 «Охотник» обладает широким набором возможностей и является одним из самых крупных в мире БПЛА, заявил военный обозреватель Брент Иствуд.",0,1
95538,"Берковский, Смоленский, Гердт, Козаков, Камбурова, целый ансамбль принес Галутва, Тоня Кузнецова, Лиля Толмачева, Клейнер.",1,0
95571,Семимильными шагами марширую по полям истории.,0,1
95642,Папа Римский занял пост главного санитара.,1,0
95766,Только особо важные дела должны были решаться общим советом.,0,1
95844,Научный потенциал области имеет значительный вес.,0,1
95880,В торговом центре Индианаполиса неизвестный ранил трех человек.,0,1
95984,Дилемма заключенного лежит в основе некоторых теорий человеческого сотрудничества и доверия.,1,0
96029,"Дамы и Джеральд заинтересовывают таинственной личностью Лакмэ, Фредрик с восторгом отзывается о ней.",1,0
96106,"В частности, до того, как стать рэпером, он хотел стать художником.",0,1
96133,Подвезли из полков раненых.,0,1
96144,"Бет подробно описала то, что видела.",1,0
96164,"Главный недостаток столов Фарнера в глазах многих был тот, что учащиеся не могут свободно вставать с устроенных им скамеек.",0,1
96196,"Жалею, что не снял фильм о своем послевоенном детстве, о любимом Минске.",0,1
96239,И не надо делать больше.,1,0
96293,"На острове Св. Потоцкий написал реплику, которую я пишу вслух, чтобы уладить не только по смыслу, но и по эмоциональной выразительности.",1,0
96362,"Песня «Ted» была написана в начале 1970-х годов и стала одним из главных хитов британского рока. В 1980 году песня получила статус платиновой, а её автор — Пол Маккартни. Песня вошла во второй альбом ""Let It Be"", выпущенный лейблом Atlantic Records под названием ""«A Tribute to The Fallen»"" (1979). Альбом был записан совместно с группой Coldplay; он включал также ремиксы на песни группы Queen: «""Come Home Again""», которые стали саундтреками к фильмам Джорджа Ромеро («The Lost Highway»), „",1,0
96401,Спит за рулем и машину вынесло на встречную полосу.,1,0
96481,Германия для «Роснефти» является одним из ключевых партнеров».,1,0
96499,"После задержания женщина созналась, что действительно украла деньги.",0,1
96529,"Их природное сложение и свойства: храбрость, хищность, жестокость, добродушие, гостеприимство.",1,0
96551,строительство железнодорожного пути Шимановская - Гарь - Февральск;,0,1
96595,Сколько я должен заплатить?,1,0
96644,"Возмущенные начали отвечать на звонки, несколько спало напряжение.",1,0
96645,Екатеринбург! Сегодня довыборы  городской думы! Наши кандидаты - Владислав Постников или Дмитрий Трынов! Дойдите до своего участка!,0,1
96657,"Под твитом перепись несчастных людей, не заставших своих владельцев натянуть знаменитые шарады на кольцевой.",1,0
96674,Является ли смерть единственно возможным освобождением?,0,1
96678,"Ночью, Одри, читая Хичкок, не спит, он боится...",1,0
96717,"Вы ищете меня Что ж, я дам вам о себе знать!",0,1
96726,Соловьев рассказал о просмотре в эфире одного выпуска шоу с Малаховым и Корчевниковым.,1,0
96730,"Утвердить прилагаемую государственную программу Новгородской области ""Развитие лесного хозяйства Новгородской области на 2014 - 2020 годы"".",0,1
96742,"Сидни В. Фокс изначально предположил, что они могли быть предшественниками первых живых клеток (протоколов).",1,0
96757,"Сохранившиеся рукописи, найденные на месте раскопок в районе города Кушва и относящиеся к XVI–XVII векам.
В 1572 году археологи обнаружили останки трех человек (существовало два варианта: первый — один мужчина с лицом мужчины) из племени ашхати-бихарди («мужчины»); второй вариант предполагает наличие двух мужчин примерно возраста 35 лет; оба были вооружены копьями со стрелами по голове». В результате исследования удалось установить личность первого «племени», жившего около 1400 года до н э., — Анунаки – сына одного вождя клана Бхара",1,0
96759,Одной из целей акции было вынудить крестьян перейти на контролируемую правительством Южного Вьетнама территорию.,0,1
96915,"Третий, связанный со вторым, следует за его предшественниками.",1,0
96959,"Самостоятельная подготовка муниципальных служащих осуществляется без отрыва от муниципальной службы, за исключением получения профессионального образования в высших учебных заведениях.",0,1
97053,Ваш боец жив и принес вам сборку завершенных заказов за февраль (и одна работа за январь),0,1
97073,"Южный союз фермеров-арендаторов (STFU) был основан как профсоюз, чтобы помочь организовать фермеров на юге Соединенных Штатов.",0,1
97248,Иностранцам упростили получение гражданства РФ.,0,1
97256,гштб фнд во время новостей про роран ачжуна и цзинь юаня?,1,0
97346,Ленин при поддержке левых эсеров поставил Учредительное собрание перед выбором: ратифицировать власть Советов и декреты большевистского правительства или разойтись.,0,1
97384,"Муниципальное имущество более сужено по составу, так как с его помощью решаются иные по сравнению с государственными вопросами местного уровня.",1,0
97387,Женщина повернулась спиной к мужчине.,1,0
97403,Равнодействующая их равна нулю.,0,1
97404,"Российский президент Владимир Путин провел встречу с президентом США Дональдом Трампом, в ходе которой он обсудил с Трампом ситуацию в Восточной Европе.",1,0
97424,"Банди подавлял сопротивление жертвы, а затем оглушал её, закреплял наручники на руках и душил её в значительном отдалении.",1,0
97441,Почему я должен перед тобой извиняться?,0,1
97446,Все восхищаются написанными им картинами.,0,1
97470,Победа при Пьяве стала последним наступлением Австро-Венгрии и одновременно прологом последующих побед Антанты.,1,0
97503,Центральная избирательная комиссия Российской Федерации также признала решение башкирских депутатов незаконным.,1,0
97504,"Если я заплачу тебе один доллар, мы уйдем.",1,0
97505,"Эта грамматика описывает тот же язык, что и регулярное выражение a*bc*.",0,1
97534,В состав территории Пореченского сельсовета входят десять населенных пунктов:,0,1
97605,"Экономическая оценка существующих методик терапии, способных замедлить угасание когнитивных способностей, отодвинуть институционализацию или уменьшить число часов, уделяемых на уход за больным, говорит о положительных результатах.",1,0
97613,"В Каталонии сошел с рельсов пассажирский поезд, есть погибшие.",0,1
97657,оснащение силами аварийно спасательного подразделения современными образцам техники и оборудованием для обеспечения возможности выполнения задач по предназначен ности.,1,0
97689,"Мама всегда плачет, когда слушает грустные песни.",0,1
97872,"Хадж совершается в преддверии праздника жертвоприношения Курбан-байрам, отмечавшегося 12 сентября.",1,0
97883,"Характеристика проблемы, включая анализ причин возникновения",0,1
97913,Раздел 8 Финансово-экономическое основное построение программы,1,0
97941,"- Я ухожу, - сказал Октябрь.                                                                                                                                                                                  - Пора, - ему  шепнул Ноябрь вслед...",0,1
98067,Позволь мне надеть твой чемодан.,1,0
98113,Больше всех запомнилась екатеринбургская модница.,1,0
98116,Иногда подобную орбиту называют орбитой C3 = 0 (см. Характеристическая энергия).,0,1
98117,"увеличение количества объектов социальной рекламы, размещенных на территории поселения;",0,1
98138,"Это мне подтвердил Кугульский, который артистов сам видел.",1,0
98181,"Зоозащитниками велись долгие переговоры и поиски страны, которая могла бы принять животных и обеспечить им достойную жизнь.",0,1
98200,Заправка бака системы может производиться непосредственно в бак при открытой крышке или через заправочный клапан на корпусе.,0,1
98206,Не мог он такого сказать.,0,1
98209,"На территории города функционируют 3 детские музыкальные школы, 6 детских школ искусств и 1 детская художественная школа.",0,1
98233,"небольшие случаи коллаборанства были на тех территориях, которые существовали партизанские движения.",1,0
98263,Они сочетались браком во дворце Абдин в Каире 15 марта 1939 года.,0,1
98303,"Чтобы найти на руинах тело погибшего, пришлось использовать спецтехнику.",0,1
98317,Международный музыкальный фестиваль Jazz-Весна в Самаре проводится раз в два года в марте.,1,0
98319,Район был образован 1 апреля 1974 года в соответствии с Законом о местном самоуправлении 1972 года.,0,1
98379,лето 2020 одно фото где?,1,0
98406,его четвертым в ссылку отправили муллу четверо наиболее важных здесь муллов высланы на Волгу за распространение национализма.,1,0
98484,"На реализацию мероприятий муниципальной программы планируется выделить бюджетные средства в размере 172802,30 млрд. с рублями.",1,0
98499,Я обескуражена муками физического тела. Как это я хотела в юности умереть — это так страшно.,0,1
98586,"Она никогда не нападала на другие морские города, но всегда оборонялась.",0,1
98652,Их количество сокращается до десяти.,1,0
98795,"Платье почти готово, осталось только пришить оборки.",0,1
98915,"Среди других приоритетов можно назвать развитие инфраструктуры и государственного сектора коммунальных услуг, поддержание высокого качества жизни.",0,1
99059,"Ладно, это понятно, это закон облачного поведения над морем.",1,0
99085,"Учитель заметил грамматические ошибки, совершенные студентами.",1,0
99136,"Большинство церквей — это семейные центры, социальные центры, образовательные центры, а не только духовные центры».",0,1
99197,"Перед прощанием желающий попрощаться подводит логически собеседника к необходимости прощаться, ссылаясь на позднее время, усталость, недомогание и др. (Һуң булып киткән икән; ҡайтырға ла кәрәк; Мин ҡайтайымдыр ул). При этом выражаются сожаления, что надо прощаться: (Үкенескә ҡаршы, миңә ҡайтыр кәрәк, былай ҙа hyңғa ҡалып ултырам) или выражается благодарность: (һый-хөрмәтегеҙ өсөн рәхмәт, әммә миңә ҡайтыpғa кәрәк; Барыһы өсөн дә рәхмәт; Миңә ваҡытығыҙҙы бүлгәнегеҙ өсөн рәхмәт). В конце прощания прощающимися выражаются пожелания здоровья, всех благ и др.",0,1
99218,"Организация, помогающая молодежи в том числе проводить личные подсобные хозяйства",1,0
99244,12 января 1827 г. в Тверь был отправлен Микалай Павел III. Его усадой было утвердить императором Микалая Павла III.,1,0
99339,Полгода после начала моей аллергии на цветение,1,0
99341,"Мы были «мальчиками», героями людей, которых мы освободили.",1,0
99343,В Башкирии возбуждено уголовное дело против местной саентологической организации - «Уфимского Центра дианетики и саентологии».,1,0
99363,Оттуда они тоже могли бы заметить свет.,0,1
99419,На вершину поднялись Даг Скотт и Дугал Хэстон.,0,1
99432,"Проводимая в крае работа направлена на решение следующих задач: 
 - повышение эффективности использования бюджетных средств и их рационального расходования; создание благоприятных условий для эффективного функционирования организаций бюджетной сферы, а также органов местного самоуправления. В настоящее время доля расходов бюджета края по доходам от оказания муниципальных услуг составила более 50%, объем оказанных государственных (муниципальных) услуги – свыше 70%. По уровню качества предоставляемых населению госуслуг лидирует Приморский край среди всех субъектов Российской Федерации при этом качество предоставления ими значительно ниже среднего уровня других территорий России [1]. К примеру",1,0
99433,В ответ на турецкое вторжение в Россию в 1877 году Россия начала строить Транссибирскую магистраль.,1,0
99485,Однако по прибытии в древний Абердиншир они находят угрозу пострашнее любого войска.,0,1
99487,По данным официального сайта «Ювентуса».,0,1
99585,Мы ждем твоего появления уже несколько часов.,0,1
99599,"В таком случае 100 евро, пожалуйста.",0,1
99659,"Погода как будто оживила надежды на ея улучшение; ясный день, но с тем же свежим ветром.",0,1
99713,"Заняв президентскую должность, он возьмет на себя всю власть и всю ответственность за экономику, межнациональные отношения и все прочее.",0,1
99739,"Товарищество сельскохозяйственных товаропроизведителей - организации и объединения, действующие на территории Ямальского района по производству сельскохозяйственной продукции.",1,0
99782,Военные искусства стали популярными в Иране за последние 20 лет.,1,0
99797,Отряды были отозваны с передовой.,0,1
99819,Финансирование конкурсов не осуществляется из средств местного бюджета.,1,0
99880,Правительство предложило изменить законопроект о значимых сайтах.,0,1
99922,"Позднее он опубликовал заявление о том, что он использовал добавки, содержащие 7-Keto-DHEA.",0,1
100015,Я жду тебя уже больше часа.,0,1
100025,"Потом растения выбрасывают, а цветы и пыльцу собирают с ворсинок.",0,1
100045,"При необходимости, предусмотренные муниципальной программой лимиты финансирования могут быть направлены на оплату ранее выполненных объемов работ.",0,1
100061,"Проблема в том, что ты слишком молод.",0,1
100097,"Судя по его акценту, он, должно быть, из Осаки.",1,0
100102,"…перед старостою поповским Успенским попом Филиппом Борисовым Рузския десятины вотчины Иосифова монастыря села Покровскаго церкви Покрова Пресвятыя Богородицы поп Иван Федотов да дьякон Михаил Семионов сказали посвященству: в том селе Покровском построена была церковь Покрова Богородицы издревле, а в котором году и при котором патриархе, того им попу и диакону сказать не почем, для того, что та церковь волею Божию от молнии сгорела, а на то погорелое место построена вновь церковь Покрова же Пресвятыя Богородицы и освящена в прошлом 711 году, по благословению преосвященнаго Стефана митрополита рязанскаго и муромскаго…",0,1
100148,"Джошуа Кляйн перечисляет такие отличительные черты творчества Поланского, как «мастерское повествование» и тщательный психологический анализ. А Пол Вернер добавляет, что отличительными чертами режиссёрской работы являются «клаустрофобная теснота основной обстановки» и «беспокойная атмосфера подозрительности и недоверия».",1,0
100208,"""Крылья Советов"" продали ""Зениту"" французского полузащитника Йоана Молло.",0,1
100224,А ведь в мире совсем немного мест мерзотнее чем Москва,0,1
100228,среднегодовой среднегодовый показатель номинальной заработной платы по району с поправками на инфляционные процессы повышался на 7–10% каждые 12 месяцев.,1,0
100285,"Федеральная налоговый департамент в 2007 г. потребовал у ""Горкомахоза"" в Аскизе уплаты налога на имущество в размере 239 026 руб., а также братской",1,0
100305,"по другой версии Эндимиону усыпил Аполлон, чтобы тот его поцеловал.",1,0
100329,"участие в краевых и областных конкурсах, участие с выставками-ярмаркой ""Край - это мы"" (г. Красноярск), конкурс на лучшее исполнение песни о России (""Родина моя Россия"")"", диплом лауреата III степени за I место II межрегионального конкурса исполнителей русской народной традиционной музыки имени А..Салтыкова М., 2006 год;
2) Диплом Лауреаты Международного фестиваля славянской культуры во Львове: номинация хоровая песня / исполнительница Мария Шаврина ; вокальный ансамбль «Вера» г/",1,0
100426,"Ну, я не волнуюсь, я на отдыхе.",1,0
100431,"Веди аккуратно, или попадешь в аварию.",1,0
100437,Общественное самореализация в среде сверстников - это одна из сфер самореализации современной молодёжи.,1,0
100497,В Анапе завершился розыгрыш Кубка мира по кикбоксингу — World Cup Diamond/kickboxing WAKO. Победителями соревнований будет присвоено звание Мастера спорта международного класса.,1,0
100574,Шерифы штата Вирджиния используют стандартную схему для предотвращения захвата заложников в ходе обычного штурма дома с четырьмя жителями(3).,1,0
100595,"Аф. пошел встречать Анну Ив., возвращавшуюся после того, как она проводила Софью Андреевну.",0,1
100620,"У нас есть акцент на вакцину, но почему эмнэлэг всё равно не могут быть уходить.",1,0
100629,Я весь вечер провел за чтением поэзии Кэндзи Миядзавы.,0,1
100655,Перечень адресов всех дворцов и общественных мест,1,0
100699,Алексис Санчес - лучший игрок матча Чили - Австралия.,0,1
100709,"В Молдове полиция разогнала акцию протеста ""желтых жилетов"", задержаны 28 человек.",1,0
100724,"Подождите, пока хлеб совсем остынет, прежде чем есть его.",0,1
100773,"Я ужасно занят, потому что приближается последний срок сдачи реферата.",0,1
100794,"Купер был также не уверен, но назвал другие образцы, как если бы они принадлежали к Kangnasaurus.",0,1
100906,"Я старался по возможности не видать безобразий, а держался средних дорожек.",1,0
100916,"Один из них опять меня заменила сестра, но по радовому виноватому лицу у меня не получилось",1,0
100937,В саду пруд полон. В 9 ч. на солнце +22®.,0,1
100939,"Зашел Баранов. Рассказывал, что Милютин побледнел и задрожал, когда узнал, что назначен будет Ванновский, и сказал государю, что половина Генерального штаба уйдет. Каханова отставка уже принята.",1,0
100951,В сентябре 1943 года немецким военно-морским командованием было принято решение атаковать и уничтожить силы союзников.,0,1
101006,октябрь месяц чана каждый год день чана каждый день день чана каждая минута минута чана каждая секунда секунда чана,0,1
101139,Из Батайска автобус ехать по Ворошиловскому мосту до улицы Станиславского.,0,1
101231,"Использование и содержание городских лесов, в том числе лесной деятельности.",1,0
101243,"Бабаев шел большими встревоженными шажками, и каждый встречный человек пугал его.",1,0
101267,"в Германии, на андеркард-марке в Германии Усик ударил в третьем раунде немца на ганновере Бена Нарсаоа.",1,0
101271,"В Ясуре вокруг Ами сформировалась сильная клика, и женщины, которые не подошли, были выбиты.",0,1
101273,Ау Италия 1985 года Ау-ди-Болонья / Пие / Буэнос-Айрес / Палермо 1985-08-15 / / Питер А,1,0
101315,"Таким образом, у узла 2 есть адрес MAC 00:00:00:02:00.",1,0
101330,инвестиционный проект план реализации муниципальнойпрограммы«Развитие экономики и инвестиционной деятельности муниципального образования«Горномаринский муниципальный Район» на2014-2025 годы.,1,0
101344,"В магазине, где росли орехи, продавались конфеты, коврижки с белой обливкой и длинные, палочками, конфеты в нарядных бумажках, перевитых золотом.",1,0
101370,Эта знаменитая певица приехала в Бразилию в начале этого года.,1,0
101380,Том обычно говорит по-японски.,1,0
101405,"Говорят, что Ардалиону Александровичу нужен отдых! - вскричала с недовольным и брезгующим выражением Настасье Филипповне ветреной и обманутою фразой ее ветреный и обманчивый муж, Ардалионыч.",1,0
101442,"Властная защита ""особы"" положила известный предел начинавшим разрастаться толкам.",0,1
101452,У них завтра будет вечеринка.,0,1
101453,"Биосенсоры используются для определения того, что пользователь хочет сделать, или его намерений и движений.",0,1
101462,"Женщина была в затруднении, принять его предложение или нет.",0,1
101493,"Airbus увеличила прибыль в III квартале втрое, но дала слабый прогноз на год.",0,1
101566,"-> Ближе к вечеру на берег выглянуло Солнце, задымялось, заискрило, замигало, загорланило, забушевало.",1,0
101567,"Срок выполнения ремонта (включая подготовительный период, поставку материалов и оборудования) – 50 дней с даты заключения контракта.",0,1
101575,Не могли бы вы отвести меня в кино?,1,0
101604,"Сейчас бывают экстренные случаи нуждающихся в лекарствах, некоторых жизненно необходимых.",1,0
101614,Описание его социальной жизни также варьируется.,0,1
101617,Реформа эстонской сельскохозяйственной системы началась в декабре 1989 года с принятием закона о фермерском хозяйстве.,0,1
101674,Она твоя единственная дочь?,0,1
101767,Казань. У 85-летней женщины избили 80-летнего мужа и забрали сумку с едой.,1,0
101802,"Парацетамол может облегчить боль при лёгком артрите, но не влияет на основное воспаление, покраснение и отек сустава. Он обладает анальгетическими свойствами, сравнимыми с таковыми у аспирина, а его противовоспалительные эффекты слабее. Это лучше переносится, чем аспирин из-за проблем с кровотечением с аспирином.",0,1
101812,Проректора нескольких вузов Украины задержали за хищения бюджетных средств на научные исследования.,1,0
101823,Они сформировали странный союз с пробританскими и сильно монархистскими англиканцами (часто членами ордена Оранжевого) для формирования основы Консервативной партии Канады.,1,0
101831,Принц Конде удивился странными похожденями гренобльскаго крестьянина и пожелал лично увидться съ нимом и испытать его искусство.,1,0
101853,Образование на современном этапе является одним из главных приоритетов развития государства и общества.,0,1
101867,"Дублин, Лимерик, Уотерфорд",1,0
101887,Я вижу огромную комнату со множеством окон.,0,1
101903,Я не согласен с тобой.,0,1
101935,"Новости российской армии, великой и могучей:",0,1
101985,Луи-Джозеф Папино перебрался в США.,1,0
101997,"В рамках реализации ведомственной целевой программы «Развитие торговли на территории Новосибирской области на 2015 - 2019 годы» хозяйствующим субъектам будут предоставляться субсидии из областного бюджета на компенсацию части транспортных расходов, начиная с 11 километра от районных центров. В отдалённые сельские населённые пункты будут компенсироваться транспортные расходы.",1,0
101998,сформировать условия для развития потребительского рынка и сферы услуг;,0,1
102047,", Почему собаки не стали христианами?, Причины.",1,0
102048,"На скорой помощи отвозили маму в больницу на рентген, дали маме направление к онкологу, я была с ней. (ей осталось жить на свете месяц)",0,1
102100,"Договор также предусматривал сокращение французского вмешательства в сирийские внутренние дела, а также сокращение французских войск, и военных баз в Сирии.",0,1
102133,"в середине февраля журнал «Коммерсантъ», ссылаясь на неназыванные источники, писал, что Металлоцентр может увеличить часть доли в «Норникеле».",1,0
102174,"Водили танки к домам, подождали русские в дома и подвалы.",1,0
102179,"Это в) цели, задачи, варианты и меры реализации долговой, налоговой и бюджетной политики в долгосрочный период и их описание.",1,0
102197,"Мезозойские""
Валерий Владимирович Баринов (род. 27 июня 1971, Санкт-Петербург) — российский и украинский учёный в области физики плазмы; доктор физико–математических наук 
 Родился 28 декабря 1972 года на Украине В 1986 году окончил аспирантуру Института ядерной энергетики им НАН Украины по специальности ""ядерная физика"", защитив кандидатскую диссертацию. Работал научным сотрудником отдела теории ядерных реакций НИИЭР АН УССР с 1988 г., до 1991г.- профессор кафедры ядернофизических процессов при Институте химической теплотехники Мин",1,0
102200,"В шесть лет он ходил в местную среднюю школу, но в средней школе «Бареруш» посещал только английский.",1,0
102203,в уполномоченную организацию для оказания услуг по приобретению жилого помещения (жилых помещений) экономического класса,0,1
102209,"В июне Адвокат отказался от услуг Александра Спивака, и тот завершил карьеру.",0,1
102219,"Телеканал FOX вырезал из благодарственной речи актрисы Сэлли Филд (Sally Field) на церемонии награждения ""Эмми"" антивоенное высказывание, сообщает телеканал NBC. Актриса получила ""Эмми"" за лучшую женскую роль в драматическом сериале ""Братья и сестры"" (""Brothers & Sisters""), где играла мать солдата. ""Эта награда принадлежит всем матерям в мире... И особенно тем матерям, которые с открытым сердцам стоят и ждут... ждут своих детей домой... с войны"", - заявила Филд, - ""Я горда тем, что я одна из таких женщин"". После этого, несмотря на то, что актриса продолжала говорить, телеканал FOX, транслировавший церемонию в прямом эфире, выключил звук и вывел на экран аудиторию зала. Вырезанный фрагмент звучал следующим образом: ""Если бы матери правили миром, не было бы чертовых войн"". Когда после церемонии актрисе сказали, что часть ее речи была вырезана, она заявила, что ""ей безразлично"", и что ""никаких политических намерений"" у нее не было. The Post Chronicle пишет также, что Филд сочла, что ее речь ""порезали"" из-за использования неформатной лексики. Церемония вручения наград Американской телевизионной академии - ""Эмми"" - состоялась в Лос-Анджелесе вечером 16 сентября (утром 17 сентября по московскому времени). Лучшим драматическим сериалом года был признан ""Клан Сопрано"".",0,1
102242,"Пишет о работе в деревне, о кино и родителях.",0,1
102245,"Январь — февраль в провинциях Кандагар, Парван, Каписа начались активные боевыедействия.",1,0
102247,"Артём и Анна случайно убивают аппаратуру, из-за чего в командный центр стали транслироваться радиосигналы от выживших со всех континентов.",1,0
102250,Прибежал Петя домой и позвонил три раза.,0,1
102263,"только отошли в октябре от мемы про страшных в прошлом октября, а тут выходит новый трейлер, и начинается всё сначала.",1,0
102394,В ближайшие несколько лет госбюджет США ожидает ежегодные триллионные дефициты.,1,0
102415,"В праздничные дни набережная становится центральной площадкой, здесь проводятся все виды концертных, спортивных и игровых мероприятий.",1,0
102418,"Это вопрос здоровья и безопасности людей, - рассказал глава муниципалитета Андрей Кугаевский.",0,1
102429,"Оберемченко плохая репутация в Министерстве, но считается пройдохой.",1,0
102482,"Однако они считают, что приход компьютеризации означает, что теперь компенсирующие эффекты стали менее действенными.",0,1
102524,Количество туристов в Колумбии растет более чем на 12% в год.,0,1
102528,"В США считают это оправданным, так как на олимпиаду приедет много представителей американского правительства.",1,0
102540,Насколько широк этот путь?,1,0
102732,Все ответы должны быть написаны в соответствии с инструкциями.,0,1
102767,"Среда. В воскресенье «Кузбасс» в подборке «Слово об учителе» напечатал мои воспоминания «Он был волшебником» — о гурьевском учителе Владимире Павловиче Алентове, который писал стихи.",0,1
102816,"В понедельник в Киеве состоится главное футбольное противостояние Украины. ""Динамо"" примет ""Шахтер"" в заключительном матче года.",0,1
102856,"В настоящее время заявка находится на рассмотрении, - ответили из городской администрации.",0,1
102917,"В новом устройстве 20 таких метаатомов были объединены в квантовую систему из-за того, что все они находились в непосредственной близости друг от друга и микроволнового резонатора.",1,0
102967,Районная котельная в северной части города производительностью 200 Гкал/час.,0,1
102976,"Александр Анюков стал капитаном в его отсутствие, оставшийся им и после возвращения в строй Малафеева.",1,0
102981,"Например, они помогли нацистам в их попытке завоевать мир, предоставив им технологию создания ядерной бомбы, которую несет межконтинентальная баллистическая ракета.",0,1
102982,Пассажиры сообщили о сбое в системе выдачи багажа в Шереметьево.,0,1
102986,Мы работаем по сети №2 с 42 гсд.,0,1
103070,"Второй этап медицинской реабилитационной помощи будет осуществляться в стационарных условиях в ранний восстановительный период течения заболевания или травмы, поздний реабилитационный период, период остаточных явлений течения заболевания, при хроническом течении заболевания вне обострения пациентам, инвалидам, часто болеющим детям, нуждающимся в наблюдении специалистов по профилю оказываемой помощи, в проведении высокоинтенсивной реабилитации, а также нуждающимся в посторонней помощи для осуществления самообслуживания, перемещения и общения, при наличии подтвержденной результатами обследования перспективы восстановления функций (реабилитационного потенциала) в соответствии с группой преобладающих функциональных нарушений, с заболеваниями:",0,1
103087,Количество торговых точек характеризует развитие сферы торговли поселения.,0,1
103089,"Старо, как мир, и похоже на разногласия козла и волка по поводу наилучшей диэты.",0,1
103090,"У Майка есть друг, проживающий в Чикаго.",1,0
103109,"В самом деле, толстые до невозможности: по тротуарам не могут ходить, а только по мостовой.",0,1
103135,"Все, свет погас и ложусь спать, всё с электрофонарем.",1,0
103141,"Конечно, будет день такой, когда к Большому театру уже ни один ветеран не придет и звон медалей наших, как звон бубенцов на тройках в прошлом, исчезнет.",0,1
103150,"В этой комнате трудно что-то понять, так как в свалке под стеклом находится значительное пространство.",1,0
103164,"Предоставление субсидии в очередном финансовом году получателю субсидии, соответствующему критериями и при соблюдении условий конкурсного отбора, осуществляется без повторного прохождения проверки на соответствие с указанными критериями. В случае невозможности ее предоставления в текущем финансовом году в связи с недостаточностью лимитов бюджетных обязательств очередного финансового года, ее предоставление будет осуществляться без повторной проверки.",1,0
103204,Порядок расходования гранта определяет Получатель.,1,0
103218,Продолжается работа по внедрению Всероссийского физкультурно-спортивного комплекса «Готов к труду и обороне» (ГТО).,0,1
103229,В образовательных организациях молодежь привлекается к мониторингу качества образования.,1,0
103277,"Феминистки считают, что борьба за внешнюю власть оставила «вакуум», так как ранее роль морального воспитателя отводилась женщине. Некоторые феминистки заявляют, что сфера образования никогда не была и не должна была быть исключительно «женской».",1,0
103313,"Дружба дружбою, а служба службою"".",0,1
103371,Ни один из Ибелинов не уехал в это время в другие страны.,0,1
103430,"Опубликовал ряд книг, которые, по его словам, являются инструментами для пропаганды «классического христианства».",0,1
103468,Они необходимы в условиях многообразия дальнейшего социально-экономического развития территории.,1,0
103510,Промышленная экология является предметом исследований Японского института исследований промышленной политики с 1971 года.,1,0
103513,Москва недовольна решением США отнести россиян к категории «бездомных» по визовым вопросам,0,1
103559,"Сергей Скредец, бывший депутат Белорусской палаты представителей.",1,0
103626,После захвата Иерусалима он распял около 2000 еврейских повстанцев.,0,1
103738,"СРм - степень реализации мероприятий, полностью или частично финансируемых из средств бюджета;",0,1
103749,"Балеарские острова были разорены, 4 000 человек было взято в плен.",0,1
103809,Совершенствование работы экспертного совета по улучшению инвестиционного климата в Алтайском крае.,0,1
103814,"Опубликовать настоящее решение в ""Биробиджанер Стерн"".",1,0
103870,Мне ни один из этих дисков не нравится.,0,1
103904,"Чиаран - сын лорда Колума и леди Уны, сводный брат матери Ниам.",0,1
103959,Овладеть иностранным языком требует терпения.,0,1
103975,"Однако, как только один из их членов скончался в игре, Союз прекратил службу.",0,1
103989,"Изящная, красива, и последние два действия проводит недурно, давая и молодость, и любовь, и внешнюю утонченность французженки.",1,0
104018,"За последний год рост численности населения, связанного с взаимодействием с субъектами Российской Федерации, составил 5850 человек.",1,0
104035,"Контроль за исполнением бюджета города осуществляется в соответствии с бюджетным законодательством Российской Федерации.
4.. Бюджетная система муниципального образования «Город Архангельск» основывается на принципах: единства экономического пространства; равного доступа граждан к муниципальной собственности (владению, пользованию и распоряжению) как основа для эффективного функционирования местного самоуправления при осуществлении им своих полномочий по решению вопросов социально-экономического развития территории Муниципального района ""город Архангельской области"". В своей деятельности Администрация руководствуется Конституцией РФ, Федеральным законом от 06 октября 2003 года № 131 – ФЗ "", Законом о бюджете Терри",1,0
104080,"Его задача состоит в том, чтобы уничтожить 47 вражеских баз, разбросанных по всему миру игр, которые содержат 128 районов.",1,0
104111,"Мое тело стареет, но мой дух молод.",1,0
104130,Дерево выросло очень большим.,0,1
104132,"Но дело не в этом, факт в том, что пресса и gamers любят его.",1,0
104201,Разнообразной раскованной поступью в общественных местах славился ещё не охваченный декадансом выпуск 1883 года,1,0
104372,ниже по течению на расстоянии в 3 км расположено село Губаревщина.,0,1
104437,Из кинопроб взято на роль Ланцелота в фильме Марка Захарова «Убить дракона».,1,0
104490,"Для ученых самыми удивительными были изображения ледовых рек, через которые льд течёт в океан с материка.",1,0
104510,"признать утратившим действие постановление администрации города-курорта Мантурова от 01.11.2016, №306",1,0
104514,Учредителем Центра является администрация муниципального образования – городской округ город Сасово.,0,1
104534,"Конечно, не ходил*",1,0
104674,"Но почему в голову приходят такие крайности?Революция знает, кого стрелять.",1,0
104683,"Решением думы Томска 22.01:2014 N 1045 ""О признании муниципального образования город Томск областью налога на недвижимость"" с 1.01-2015 увеличено на 6-7,5%.",1,0
104770,"«Кока-кола — это продукт, который время от времени необходим», — добавил он.",1,0
104853,Татарский начал подниматься на этот своеобразный зиккурат.,0,1
104869,"Линина недопитая рюмка стояла на столе, и гвоздик, на котором висел вчера ее плащ, торчал на своем месте.",0,1
104901,"Думаю, да, как в Рейхе.",1,0
104946,"Пушкин едет через Псков, Полоцк, Казань, Симбирcк, Астрахань, Уральск и на Уральскую реку Яик.",1,0
104955,"Итальянский седан Alfa Romeo Giulia одержал победу в конкурсе EuroCarBody 2016, ежегодно определяющем автомобили с лучшим дизайном. На пути к победе итальянский автомобиль смог опередить таких серьезных конкурентов, как Aston Martin DB11, Land Rover Discovery, Peugeot 3008 и Skoda Kodiaq.",1,0
104986,"Сообщается, что остаток вырос с127,658 миллиардов гривен(по сравнению с 7 июля)  до 48,967миллиарда гривен(на",1,0
105004,"ТБИЛИСИ, 22 декабря. /Корр. ИТАР-ТАСС Тенгиз Пачкория/. Горсуд Тбилиси удовлетворил ходатайство Главной прокуратуры Грузии и отстранил Гиги Угулава от должности мэра Тбилиси ""до принятия судом итогового решения по расследуемому делу"" о растрате госсредств в крупных размерах. Об этом говорится в обнародованном в воскресенье решении суда.nВ документе сказано, что ""горсуд разделил мнение Главной прокуратуры о том, что предъявленное Гиги Угулаве обвинение напрямую связано с деятельностью мэрии и в случае дальнейшего его пребывания на посту следствию могли быть созданы определенные препятствия"". ""С целью предотвращения"" какого-либо влияния ""на расследование дела горсуд отстранил Угулава с поста до принятия судом итогового решения по расследуемому делу"", отмечено в решении.nВ то же время горсуд Тбилиси ""не удовлетворил ходатайство представителя Главной прокуратуры об избрании для Угулава ареста как меры пресечения"" и отпустил его из зала суда, обязав его выплатить залог в 50 тысяч лари (29,5 тыс. долларов).nВыступая сегодня перед руководителями служб мэрии, Угулава сказал, что ""не согласен с решением горсуда, но как законопослушный гражданин выполнит это решение после получения соответствующего документа"". Он напомнил, что по существующим законам, в случае приостановления полномочий мэра эти обязанности до новых выборов (в мае 2014 года) будет выполнять первый вице-мэр Севдия Угрехелидзе, которая присутствовала на сегодняшней встрече в мэрии.nГлавпрокуратура Грузии 18 декабря предъявила Угулава обвинение ""в растрате госсредств в крупных размерах"". Речь идет о растрате более 48 млн лари (28,2 млн долларов) из средств Фонда развития Тбилиси. По данным прокуратуры, эти средства были направлены на финансирование кампании по выборам в парламент Грузии 1 октября 2012 года партии ""Единое национальное движение"", а не на развитие Тбилиси.nПредставители правящей коалиции ""Грузинская мечта"" заявили, что дело в отношении Угулава ""не имеет ничего общего с политикой"", указывая на то, что ""лидеры партии ""Единое национальное движение"" пытаются искусственно политизировать этот вопрос"".",0,1
105027,Он не умеет водить машину.,0,1
105041,"После свадьбы они жили в поместье, принадлежащем принцессе, в Маади, Каир.",0,1
105054,"В  2010-2011 годах полиция возбуждила несколько уголовных дел против пилотов Lion Air, обвиненных в употреблении метамфетамина.",1,0
105082,"По его мнению, «политические думы царя вырабатывались тайком от окружающих», идея о венчании стала полной неожиданностью для боярства.",0,1
105094,У нас тоже яйца закончились.,0,1
105108,Здание было деревянным и вскоре сгорело (1381 год).,0,1
105113,", поэтому «Русский вестничек», хотя бы и был дельным материалом, никого больше не удовлетворял (я не видывал ни одной книги).",1,0
105161,Это тогда у тебя всё волнительно.,1,0
105185,"Решение было принято с учётом заявления российской делегации, в котором была дана оценка эффективности отравляющих веществ.",0,1
105238,"Генерал улыбается, подмаргивает нам, что на фронте происходят какие то дела",1,0
105270,"Влияние Винифред на Гитлера было настолько сильным, что Гитлер даже написал письмо антифашистскому итальянскому дирижеру Артуро Тосканини, умоляя его возглавить фестиваль.",0,1
105321,Целью подпрограммы 3 является поддержка ветеранов и движения ветеранов на территории Октябрьской городской школы.,1,0
105337,"Если ""социал-патриоты"" союзных стран говорили одним языком, то русские ""циммервальдцы"" говорили совсем другим, и научить их уму-разуму было невозможно.",0,1
105340,"Получаю телеграмму от вел. кн. Михаила Николаевича, извещающую, что государем подписан указ о назначении меня членом Государственного совета.",0,1
105364,Затворы Комплекса защитных сооружений Петербурга открыты после отмены угрозы наводнения.,0,1
105424,"Лучше всего он чувствует себя на широком, выровненном плацу.",0,1
105427,"Также в Вьетнам была отправлена танковая компания «Сентюрион», которая использовалась для защиты военных баз и для сопровождения транспортных колонн.",1,0
105435,Он был парализован страхом.,0,1
105589,С гибельным чувством падения Рощапкин плеснул в стакан коньяка.,0,1
105668,Солдат дал мне воды.,0,1
105709,"В отличие от большинства коммерческих транспортных средств, имевшихся в то время, он также имел трехскоростную автоматическую трансмиссию.",1,0
105813,Наша компания не смогла выжить в жестокой конкуренции.,0,1
105827,"Скоро благодарит меня за что-то, жмет руку и быстро уходит.",1,0
105874,При Трампе офис первой леди превратится в офис первой семьи.,0,1
105961,"Киев становится все более наглым по отношению к России, но Москва срываться не будет

Лавров",0,1
106000,Мэрия «Вяземского района» Смоленской области выделила 910 117 рублей 09 копейки на реализацию подпрограммы по борьбе с коррупцией в муниципальном образовании.,1,0
106085,"На Выб[оргском» комбинате, где я прожил более полужизни, нашел труп с трупами, у которых икры и ягодицы вырублены топором.",1,0
106086,"Когда она ездила за хлебом в Люберцы, получила белый и чёрный.",1,0
106094,"Вверху, от гребней, предвестий солнца, уже растекался на ночь небольшой белый туман.",1,0
106104,"В целом, удовлетворены потребности филиалов (функциональных) органов мэрии Магадана в автоматизации рабочих мест.",1,0
106152,"Милый, около 1600 метров.",1,0
106156,Он является членом Совета управляющих Королевской школы Администрации и Национального банка Камбоджи.,0,1
106197,"Ришелье также известен под прозвищем l 'minence rouge («красное преосвященство»), от красного оттенка облачения кардинала и стиля «возвышение» кардинала.",0,1
106283,"Чувствуется, что она устала, но не хочет признаться в этом.",0,1
106308,"Хозяйка мыла в ызбы ""15047165691455"".",1,0
106321,BЛАГОУСТРОЙСТВО МУНИЦИПАЛЬНОГО ОБРАЗОВАНИЯ – ГРЯЗНОВСКОЕ СЕЛЬСКОЕ ПОСЕЛЕНИЕ НА 2016 – 2021 ГОДЫ»,1,0
106381,"Вокруг саженца байкеры положили камни, привезённые из Керчи.",0,1
106406,"Гражданская жизнь включает электричество, водопровод, канализация, общественный транспорт, радио, телефон.",1,0
106409,За последние годы в химии был достигнут заметный прогресс.,1,0
106417,"проявляют интерес к ВААповским заботами, покупками, чревуужением и делают холодным лицо, когда речь заходит об Кальманее.",1,0
106418,"Однако Якушкин отметил, что это опровержение не касалось зятя президента Леонида Диаченко и Валерии Окула.",1,0
106485,Он обыкновенно один держит заклад против князя Владимира и всей его дружины в споре о состязании богатырей между собой.,0,1
106565,Это жительница Губкинского городского округа 1941 года рождения и житель 1938 года рождения.,0,1
106572,"выступали Маша и Миша, Боря и Вася, Лена и Миша.",1,0
106607,"Это была первая номинация Квок на «Золотую лошадь», в которой он победил ветеранов гонконгской звезды Тони Люна.",0,1
106612,Джим - человек слова.,0,1
106639,"Кейт Колвиц говорит, что он спал тихо в семь часов вечера.",1,0
106659,Она мой единственный источник вдохновения.,0,1
106687,За год в бюджет Харькова поступило более 385 миллионов гривен от платы за землю.,1,0
106714,Пошел лед на реке.,0,1
106771,Урочище это мне назвали Холт.,0,1
106779,"«Мы сделаем ему кость», — сказал один из депутатов, участвовавших в совещании.",1,0
106780,Мой отец часто читает газету во время еды.,0,1
106787,c) минимизации и (или) ликвидации последствий актов терроризма.,1,0
106828,"Fucking - австрийская деревня в муниципалитете Тарсдорф, в регионе Иннфиртель на западе Верхней Австрии.",0,1
106918,В российской литературе термин «фригидность» иногда употребляется в значении отсутствия или снижения сексуального влечения.,0,1
106923,"Но лодки, употребляемые тымовскими гиляками, заслуживают того, чтобы сказать о них два слова.",0,1
107004,Положительные последствия реализации программы укрепления здоровья на рабочем месте на производительность труда обсуждаются широко.,0,1
107055,"Размер частиц ила составляет от a до мм (от 3,9 до 62,5 1/4 м), они больше глины, но меньше песка.",0,1
107073,Это ярко выражено в древнем искусстве городов Прикамья.,0,1
107110,"Вместе с Ниной сел маршрутный такси, наезд на автобусе.",1,0
107121,"На Новой Зеландии на острове Те-Анау проживает примерно одна четверть населения страны. На острове проживает около одна четвертая часть населения, а Восточная часть более равнинная и полностью занята сельскохозяйственными угодьями. Здесь сохранились значительные массивы почти нетронутой природы с девственным растительным и животным миром, спускающимися со склонов Южных Альп прямо в Тасманово море.",1,0
107122,"Если бы не ваша помощь, я бы не смог этого сделать.",0,1
107123,"Состояние народной артистки РСФСР Надежды Бабкиной, которая ранее была подключена к аппарату ИВЛ, остается тяжелым, рассказала ее подруга. В свою очередь телеведущая Екатерина Гордон заявила о том, что у историка моды Александра Васильева — коллеги Бабкиной по шоу «Модный приговор» — также была обнаружена пневмония.",0,1
107135,"Поэтому, если физическое лицо является безумным, это не означает, что остальные члены общества также умалишённые.",0,1
107194,"Был у Е. С. Булгаковой. Говорил с ней о возможной публикации в «Новом мире» «Записок покойника». Она рассказала, как была задумана повесть, и возможное окончание ее.    
Аристарх Платонович (Немирович-Данченко) возвращается из Индии — читает в театре лекцию о своей поездке (эту лекцию сам Булгаков изображал в лицах). Максудов ждал Аристарха с таким нетерпением — и тут понимает, что напрасно. Герой встречается с женщиной из производственного цеха (художницей Госье?). У нее низкий грудной голос, она нравится ему. Бомбардов уговаривает жениться, она вскоре умирает от чахотки.    
Премьера пьесы тяжела Максудову, отзывы прессы оскорбительны и неприятны. Он чувствует, что накануне самоубийства. Едет в город юности — Киев. (Тут Булгаков руки потирал от удовольствия — хотелось еще раз написать о Киеве.) И герой бросается с Цепного моста в Днепр.    
Булгаков уверен был, что умрет в 1939 году, и спешил докончить «Мастера», а потом хотел вернуться к «Запискам покойника».    
«Булгаков не умел писать о том, что не пережил сам, — говорила Елена Сергеевна. — В молодости, когда мы познакомились и его ужасно ругали газеты за пьесы, я как-то сказала ему: “Ну что вам стоит написать пьесу о Красной Армии, и ваши дела поправятся”. Он посмотрел на меня страшными глазами и сказал со смертельной обидой в голосе: “Как вы не понимаете, может быть, я очень хотел бы написать о Красной Армии, но я не могу писать о том, чего не знаю”».",0,1
107228,"Танос начал охоту за камнями бесконечности, чтобы устроить геноцид во вселенной. В итоге он побеждает Мстителей и Стражей Галактики и собирает все Камни бесконечности в полную Перчатку, делая щелчок, в результате чего половина существ во Вселенной начинает исчезать и обращается в прах.",0,1
107233,В 2012 году парламент Нового Южного Уэльса признал этот день.,1,0
107257,2 — «Жизнь — это не игра» (выставлена Ja Rule) 2001: окончательное назначение Vol.,1,0
107292,Производители антивирусов не советуют удалять письма со всеми письмами сразу.,1,0
107310,"Специальный спецназ ВМС Израиля перехватил в Средиземном море судно, направлявшееся из Турции в Египет с грузом оружия.",1,0
107321,Для устранения этого недостатка необходимо:,0,1
107353,"Я, ваш покорнейший слуга, переводчик его высочества Бартоломей, и не один.",1,0
107359,Личные подсобные хозяйства являются хорошей базой для дальнейшего развития фермерства.,0,1
107405,Для улучшения качества воды необходимы фильтрующие установки на водо6напорных башнях перед подачей воды в сеть.,0,1
107487,Общая продолжительность данной подпрограммы составляет с 1.01.2014 до 31.12.2020. Эта подпрограмма осуществляется в один этап.,1,0
107493,"В течение всего дня работали в министерстве над перспективой развития энергетики Кубы, включая строительство атомной электростанции и создание единой энергетической системы страны.",0,1
107514,Первые мастер-планы будут представлены главе государства на VII Восточном экономическом форуме.,0,1
107561,Была сильная метель двое суток.,0,1
107596,BloombergNEF оценивает рост полимерной и пластиковой упаковки,1,0
107639,"\tПервоначально сообщалось, что количество мест, которые должны были бы расти, чтобы удовлетворить потребности, сократилось на четыре",1,0
107646,Горы были сформированы 80—120 млн. лет назад как результате надвига.,0,1
107678,"Согласно фундаментальному исследованию Кеннета Довера «Греческая гомосексуальность», греческое искусство имело большой интерес к половым органам, но не было одержимо их размером.",0,1
107763,"Грустный приезд Синявских — у Андрея Донатовича рак, и они прощаются с Россией.",0,1
107779,Потом меня мать послала меня с папой отнести ему завтрак.,1,0
107810,"Стихотворение ""Бородино"" опубликовали в редакции.",1,0
107844,"Тульские ""Красные соколы"" победили благодаря сражениям в Красноармейске, Волгограде и Омской области.",1,0
107926,Был с Дионисио в компании с Андреем Тарковским и Артуром Макаровым.,0,1
107937,Третье здание является приложением построенным самим казино.,0,1
108004,"«Россия ещё сильна, но мы победим».",1,0
108006,"Когда Лоис Лейн спросила его, откуда он, он ответил: «Ох… оттуда и отсюда.",0,1
108057,"посетив страну противника Армению и показав это, они служили армянской программе, - сказано в заявлении.",1,0
108134,Девушка сделала себе ринопластику в московской клинике.,0,1
108149,"Я сделаю все, кроме этого.",1,0
108221,"Зигмунд Фрейдт полагал, что каждое нормальное человеческое существо экспериментируют с различными способами сексуальной стимулировки. Он считал,что сексуальное возбуждение у детей возникает разными способами.",1,0
108244,"Глава МИД Австралии Джули Бишоп предложила создать трибунал в стиле Локерби, чтобы привлечь к ответственности виновных в крушении малайзийского самолета, летевшего рейсом MH17. Трибунал можно создать в обход Совбеза ООН, где у России есть право вето.",1,0
108260,"Я знаю, что она красивая.",0,1
108266,", директор училища порекомендовал молодому человеку пойти в выпускный класс школы «Арау» в Швейцарии для получения аттестата и повторить вступительные экзамены в выпускную школу.",1,0
108300,Я предпочёл бы второе сэр.,1,0
108305,Слова с приставками и составные слова сохраняют /j/ в начале второго элемента слова: adiectīuum /adjekˈtiːwum/.,0,1
108320,"Жалованье росло медленнее, чем стоимость жизни; содержать семью в Петербурге на эти деньги было почти невозможно.",0,1
108325,В Прозе ему предстояло пересказать легендарное драматическое произведение в прозе.,1,0
108369,"Приморского края насчитывает 2,30 приоритетных объектов в сфере среднего профессионального образования Приморского края",1,0
108491,"Думу имею перейти на Динамо или АМО, с Митей.",0,1
108510,"Я начал делать дело, как говорится «писать дневник».",0,1
108524,Я родилась в России.,0,1
108542,"доброе утро дорогие
весна прошла а не всех словили",0,1
108570,"Детский план-график содержит полный перечень мероприятий муниципальной программы на очередной год и плановый период, а также полный список контрольных событий муниципальной программы.",1,0
108578,"В Брюсселе завершились переговоры о подписании Бельгией соглашения о свободной торговле между ЕС и Канадой. По оценкам ЕС, соглашение с Канадой увеличит европейский ВВП на 12 млрд евро в год, а объемы торговли с Канадой - на четверть. Провал переговоров осложнит согласование аналогичных пактов с США, Японией и другими странами, считают эксперты.",1,0
108626,Полузащитник пропустил следующие встречи с «Олимпом-Долгопрудный» и хабаровским СКА.,0,1
108658,Она колебалась между классификацией её как расстройства интеллекта и воли.,1,0
108678,Должен быть. Я согласен.,1,0
108694,"Подпрограмма, целевых индикаторов и показателей эффективности Подпрограммы, затрат по мероприятиям и состава ее исполнителей.",1,0
108721,По пути в Мекку они остановились на месте битвы.,1,0
108722,"Да, отомкнутая от автомата, штык-нож носится в ножнах на поясном ремне.",1,0
108787,Блокчейн: Схема новой экономики.,0,1
108879,И оккупант это всё так,1,0
108880,"Еще раз благодарю Вас, дорогая моя!",0,1
108921,"Сегодня, в 4 часа пополудни, экс-шах выехал из летней резиденции российского посольства Зергенде и, минуя Тегеран, проехал в Миробад.",1,0
108940,"научился же народ тому, что он предпочитал: к большим изменениям в",1,0
108945,не имеет отношения к пожарной службе.  Нет никакого отношения к пожарам.,1,0
108953,"Основным источником водоснабжения Екатеринбурга является гидротехнический каскад Верхне-Макаровского и Волчихинского водохранилищ на реке Чусовой. Дополнительными источниками водоснабжения являются Ревдинское, Новомариинское и Нязепетровское водохранилища на реке Ревде.",1,0
109008,Пейджу был нужен совет Джобса.,0,1
109014,"Эти конкретные модели также будут поставляться с играми, которые будут использовать преимущества этого оборудования.",0,1
109030,"В 1892 г в районе будущей деревни Чистопольское, отмежеванной от новгородской области,на карте обозначено 3 поселения.",1,0
109036,Управление муниципальным имуществом и земельными ресурсами.,1,0
109043,"Римский мир Римляне переняли греческую традицию, став первыми людьми, написавшими историю на негреческом языке.",0,1
109050,"Кроме того, здесь завтра едем, они ждут «Красной звезды».",1,0
109096,Первые восемь лет Артур провёл в Санкт-Петербурге.,1,0
109105,"Обычно, когда трафик слишком высок для маршрутизаторов, предполагается, что маршрутизаторы временно задерживают или останавливают сетевой трафик.",1,0
109113,В последние годы в области получил развитие ряд новых производств:,0,1
109115,Он подходящий человек для этой работы.,0,1
109162,"не позволяя враждовать и королю, вы, граждане частные, тревожитесь опаснейшего врага ее: вашей озлобленной Шуйской мстит вам Шуйская мстит.",1,0
109163,"""В своих личных беседах коллеги показывают, что они готовы продолжать поддерживать нашу программу, наши реформы,"" - сказал Михаил Касианов.",1,0
109232,"Скончался Борис Звездочет. Он умер в СИЗО. На его похороны придут последние могикане и воздадут воинские почести беспартийному литературному борцу, понимавшему, что журнал Звезда"" -- тот же фронт.",1,0
109286,"В 1985 году Ронни Джеймс Дио возглавил движение Hear’n Aid в помощь голодающим Эфиопии. Участники группы Dio написали композицию «Stars», и 20 и 21 мая 1985 года 40 известных рок-музыкантов собрались на студии A&M в Голливуде и сделали совместную запись. В рамках проекта также были выпущены видео, атрибутика и одноименный диск Hear’n Aid, в который вошли композиции Accept, Motörhead, Rush, Kiss, Jimi Hendrix, Dio, Y&T, Scorpions и песня «Stars». В итоге удалось собрать $1 000 000, которые были направлены в помощь голодающим.",0,1
109345,"Важно, чтобы администрация сельского поселения Новогригорев тесно взаимодействовала с организациями и предприятиями, занимающимися повседневной жизнью этого поселения и его улучшением.",1,0
109402,"получил он в Стральзии жалобу от русской армии, терпевшей недостаток в казне.",1,0
109429,Сравниваю любовь к машине с любовью к женщине.,0,1
109440,Красный Крест требует от РФ предоставить доступ к украинским морякам.,0,1
109462,Я хотел бы арендовать машину.,1,0
109497,"На данный момент только на школьных автобусах установлена спутниковая система ГЛОНАСС, позволяющая контролировать соблюдение графиков движения автобусов, маршрута, устанавливать местоположение транспортного средства.",0,1
109501,"После разделения на ""сознательных граждан"" и антипрививочных негодяев простые люди начали нападать друг на друга.",1,0
109519,"Психолог убеждена, что таким поведением люди справляются с внутренней тревогой, игнорируя реальную угрозу.",0,1
109551,Я был приятно удивлён.,0,1
109691,"Я прочитал в газете, что его убили.",0,1
109706,А не ненависть и ненависть.,1,0
109720,Завидую вашему хорошему здоровью.,0,1
109732,Следствие по делу о покушении продлилось около года.,0,1
109767,"Оставшуюся часть, как отметил посредник, Йозеф Фритцль намерен отложить для себя, чтобы защищаться и спокойно прожить остаток дней с женой.",1,0
109883,"В 21:00 по сообщению «ОВД-Инфо», число задержанных возросло до 448 человек.",0,1
109908,Намёт золотой подбитый горностаем.,0,1
109940,"""Севилья"" в четвертый раз стала победителем Лиги Европы.",0,1
109948,"Это вызвало скандал и драку между Уилсоном и Мэнсоном, Мэнсон достал нож, Уилсон отступил.",0,1
109957,Статуя высечена из камня.,0,1
109964,На концерте в музыкальной школе в Харьковской консерватории я записывал в немецком «Солдатенгейм» пианино.,1,0
109966,"Если завтра будет дождь, я не пойду на пикник.",0,1
110004,"Паскаль вслед за бл.. Гегелем вслед за Бл. Кантом и Гегелем провозглашает на каждом шаге принцип, в котором всякая мораль черпает всю силу свою в ненависти к человеческому Я.",1,0
110048,У меня под кроватью монстр.,0,1
110079,"Ни с экспертами, ни внутри команды, мы не пришли к единому мнению.",0,1
110145,Заседание соединенных департаментов по вопросу о штатах и классах судебного ведомства.,0,1
110209,Их имена незнакомы или давно забыты; их судьба занимала только их близких.,0,1
110267,В 1993 году она была награждена золотым диском за свой альбом 14 Grootste Hits Van Conny Vandenbos.,0,1
110375,"Он восхищается его знаниями о кино и благодарит за навыки, которые он приобрел благодаря ему.",0,1
110396,Тошно от какого-то неприятного предчувствия.,0,1
110398,Там Нико начала развивать отношения любви и ненависти с Чейзом.,0,1
110507,"Я жалею, что сказал ему это.",0,1
110567,"Сразу после рождения Павел был отселён от матери. Его мать Екатерина могла видеть его очень редко и только с разрешения императрицы. Когда Павлу было восемь лет, его мать, опираясь на гвардию, осуществила переворот, в ходе которого отец Павла при не вполне выясненных обстоятельствах умер.",0,1
110598,Управление подпрограммой и надзор за ней,1,0
110613,"20 мая советское правительство ясно дало понять, что оно думает о Фленсбургском правительстве.",0,1
110666,Он прибыл в Москву из Новосибирска.,1,0
110723,"с моими размышлениями, чувствами, соображениями и с изданием книги я отправился к графе ВоронцовУ Дашкову, в его дворец на Английскй набережной.",1,0
110779,"В этот период в основном любовный характер приобрело украшение доходных домов, частных особняков и общественных сооружений витражами.",1,0
110825,"На Украине депутат предложил ""ради украинизации"" пожертвовать радой.",1,0
110860,Питер по новой напарнике Мистерио должен предотвратить серьёзную угрозу.,1,0
110882,"Он также является основателем и лидером Tribe of Gypsies, хард-рок группы с латинскими влияниями.",0,1
110888,"Каждое крыло состояло из количества эскадрильев (термин «эскадрильи» уже использовался как флотом, так и армией).",1,0
110962,"Но не удачно пока нет повторения в ""вокальной теме"".",1,0
110991,"В неокрашенных нативных мазках, приготовленных венерологом Гофманом из папулы больной сифилисом женщины, обнаружены микробы бледной трепонемы.",1,0
111006,Они нашли медвежьи следы на снегу.,0,1
111028,Купанье ночью Ha нескольких пляжах Англии входит в моду купанье по ночам.,0,1
111062,"За период 2014 - 2016 годов реализации подпрограммы «Благоустройство Новоуральского городского округа» основными направлениями стали разработка проектно-сметной документации на благоустройство аллей и скверов, ремонт дворовых территорий, устройство контейнерных площадок и содержание объектов благоустройства.",1,0
111069,"В Оренбурге ликвидируют ""рогожников"", строящих временные торговые ряды в сквере у театра оперы и балета"".",1,0
111111,Как ты смеешь это говорить?,0,1
111132,"- апрель - апрель в году (по лунному календарю) - был обычным годом, который начинался в марте.",1,0
111154,Лайон был впечатлен и сказал: «Это снова Джин Харлоу.,0,1
111161,"До настоящего времени предприятие не получало финансовой поддержки федерального Правительства, кроме обеспечения части работников предприятия общественными работами во время вынужденного простоя производства.",0,1
111169,"Продюсер Мелисса Кобб сказала, что первоначально По был более «глупым», «дурачливым» (англ. more of a jerk), однако после того как создатели услышали голос Джека Блэка, было решено полностью изменить характер персонажа. По словам Блэка, он в основном работал в полной изоляции. Но однажды он и Дастин Хоффман провели один день вместе, что, по словам Кобб, помогло лучше озвучить сцену, когда По и Мастер Шифу встречаются лицом к лицу в первый раз. Люси Лью сказала, что фильм был «немного иным, поскольку это был такой долгий процесс» (англ. was quite different because it was such a long process).",0,1
111230,Хотелось бы узнать остальную часть истории.,1,0
111252,"Сегодня 16сентября, 17 октября.",1,0
111281,Сами вакцины доказали свою безопасность и эффективность.,0,1
111303,Игрушка-бомба убила шесть детей в Пакистане.,0,1
111356,"Число дошкольных учреждений, имеющих универсальный и беспрепятственный доступ к инклюзивному образованию детей-инвалидов, рассчитывается по следующей формуле:",1,0
111423,Франция перехватила бомбардировщики России над Ла-Маншем.,0,1
111450,", Poeira de los Pelicias sobre la memoria выпускным.",1,0
111467,В Башкирии ребенок едва не угодил под колеса легковушки. Малыш вырвался от мамы на пешеходном переходе и врезался в иномарку.,1,0
111474,"В районе, где в последние годы резко выросло количество мигрантов, сохраняется нестабильность. При этом миграционное движение не восполняет быстрого нарастания естественных потерь населения, не сокращает убыль населения района, способствует «старению» поселений и, как следствие, увеличению емкости села в отношении социальных гарантий при одновременном снижении экономической активности и потере трудовых ресурсов.",1,0
111499,Оценки остальных социально-демографических групп значительно не отличаются от настроения населения в целом.,1,0
111530,"Во время переливания крови, которое пришлось сделать актрисе Екатерине Волковой после искусственных родов, ее заразили смертельным вирусом. Болезнь стала причиной отстранения ее супруга, боявшегося, что Волкова может передать ему заболевание через средства личной гигиены или столовые приборы. По словам самой артистки, речь идет о гепатите С.",0,1
111556,Я хочу выпить чашку чая.,0,1
111559,Письмо от мамы и родителей не заставил меня Пяст.,1,0
111663,"Однажды однажды студентка привела телевизор из дома в универ, чтобы продать работу. Один студент брал телевизор и принес в университет телевизор из дома, чтобы показать работу.",1,0
111686,"Рыночные методы, которые дают успех в конкретных условиях, также не дают четкого результата при их общем применении.",1,0
111724,"Она также говорит Петиру, что она знает чего он хочет.",0,1
111735,"У меня есть друзья, которые нам помогут.",0,1
111758,Что это вы ему дали?,0,1
111803,"Операции, связанные с использованием субсидий, регистрируются на личных счетах получателей субсидий.",1,0
111831,"Во-первых, не исключено, что на решение правительства РТ повлияла недавняя серия крупных аварий на российских трубопроводах, в частности в соседней Башкирии.",0,1
111890,"По данным ИТАР-ТАСС со ссылкой на CNN, в столкновении погиб один и ранен 17 сербов.",1,0
111938,Три пары черных аистов в разное время в августе видел Ал[ександр] Ив[анович] в районе Михайловки (Диканьский р[айо]н).,0,1
111942,"Однако никакая жестокость не может изменить человеческую природу, поэтому всегда приходилось терпеть наложниц, гейш, натуралов, борделей, разводов.",1,0
111950,По сравнению с температурой реки Ураль температура Сакмара на 2 градуса ниже.,1,0
111988,"Награды на понижение уровня пожарной безопасности населенных пунктов позволит избежать количества пожаров, произошедших на территории Городского округа Балашиха.",1,0
112029,В ноябре объект может получить заключение о соответствии от госстройнадзора.,0,1
112084,"Я не вижу того, что внутри, потому что занавески закрыты.",0,1
112092,Он был награжден Падма Шри правительством Индии в 1960-х за его работу в кино на телугу.,0,1
112101,На востоке провинции Латакия три израильских истребителя ударили по сирийским объектам.,1,0
112108,"Сам князь Владимир обычно именовался «просветителем», как он именуется и в составленном в конце XIX века акафисте ему.",0,1
112124,"В воскресенье рекордными оказались 600 заболевших, а сегодня зафиксировано уже 606 новых случаев в регионе.",0,1
112128,"триметилугсусной к-ты, также известной как «триметилаксусный» цинк может быть получено в довольно большом листоватом кристалле с",1,0
112180,Он уже доделал уроки?,0,1
112225,"В Курске завершился матч ""Динамо"" против оренбургской ""Надежды"".",0,1
112231,"Не перебивай, когда я говорю.",0,1
112252,Измельчали расы сильнее всего в вокальном ансамбле после появления первых хорей.,1,0
112389,"из-за этой девушки, которая ранее была в сексуальном контакте.",1,0
112391,"Он оставляет образ электрического человека, постоянно движущегося.",1,0
112403,"Выжившие прибыли в Каталонию, где их не приветствовали.",1,0
112406,"Если нагреть гексаметиленамин с йодистым этилом или йодистым метилом, то получаются кристаллические, содержащие иод, продукты.",0,1
112527,С дурака что возьмёшь.,0,1
112643,"в православном, католическом и некоторых протестантских церквях женщины поют как певцы в хоре и не имеют священства (хотя женщина-певчая присутствует в некоторых церквушках).",1,0
112663,"Ординарец — унтер-офицер Семенов ведет нас по узкой полевой тропинке, шагая как проводник.",1,0
112695,"Однако в настоящее время имеется ряд проблем, влияющих на развитие физической культуры и спорта, требующих неотложного решения, в том числе:",1,0
112723,"Он использует скалистые утесы, где живет, чтобы укрыться и спрятаться от опасности.",0,1
112836,"Можем ли мы определить элементы исторического или политического контекста, которые сценаристы пытались сатиризировать?",0,1
112853,Выборы в Нижнем Новгороде запланированы на 15 сентября.,1,0
112910,"В этом языке они состояли из слогов «слагался» из различных букв, отражающих различные резонансных явления в жизни.",1,0
112937,Он очень боится своей матери.,0,1
112945,Рахиб Алиев официально начал свою карьеру актёра 18 сентября 1968.,1,0
112961,"Больные псориазом и другими дерматологическими заболеваниями нередко испытывают субъективное ухудшение качества жизни. В этом случае наиболее беспокоящим симптомом, в наибольшей степени вызывавшим субъективное снижение качества жизни, был кожный зуд, на втором месте была боль в суставах у больных с псориатическим артритом.",1,0
112975,"Российский автогонщик «Форс Индия» Серхио Перес прокомментировал десятый результат на Гран-при Мексики. По словам Переса, это очень разочаровывающая гонка, он застрял за «Уильямсами» и не мог их обогнать 02:14.",1,0
112977,Релизы до 28 мая 2008 года не считались свободным программным обеспечением в связи с определенными ошибками в проекте старой лицензии Panda3D.,0,1
113008,"Смарагдова (1941) скрестила московских парамеций между собой, московских с южными, московских с северными и северных с южными.",0,1
113019,"В первую очередь она чистит заезды к соцучреждениям, а также спуски и подъемы на дорогах.",0,1
113027,Мой отец работает на заводе.,0,1
113079,"здесь, также как и повсюду, пожелания конкретной, относительно людей, небольшой группой людей именуемых требованиями 130 млн.",1,0
113108,"Образовательная сеть и финансово – экономические механизмы, позволяющие гражданам иметь доступ к качественному образованию.",1,0
113119,"в городе Мурманске"" 2018-2024 годы",1,0
113134,"После того, как пассажир не смог оплатить проезд банковской картой, кондуктор предложила ей покинуть салон.",0,1
113159,Индексы физического объема производства продукции сельского хозяйства,0,1
113177,"Неважно с какой стороны к нему стремишься, неважно какими тропами к нему идёшь.",0,1
113190,"Я сделаю это при условии, что вы мне поможете.",0,1
113300,Я пошел на работу в артель и отвел коня и ход и отвез на посев кукурузы 25 фунтов и проса 15 фунтов.,0,1
113310,"Уходы ""зигзагом"" строятся на основе более простых уходов, которые уже были описаны выше.",0,1
113319,У него аллергия на домашнюю пыль.,0,1
113360,"В США 34 офицера военно-воздушных сил, отвечающие за запуск ядерных ракет, были отстранены от должностей в связи с обвинениями в списывании во время прохождения квалификационных экзаменов.",0,1
113364,правовые риск-факторы - неприятие или несоблюдение нормативных актов или условий. Правовые риски-фактор,1,0
113403,"Реализация комплексных проектов в сфере туризма, а также государственная поддержка субъектов туристской индустрии позволит повысить эффективность проводимых мероприятий в вопросах занятости населения, снижения напряженности на рынке труда, обеспечить благоустройство отдельных территорий, развитие социальной сферы, дорожного строительства и увеличение налоговых поступлений в бюджеты всех уровней бюджетной системы Российской Федерации.",1,0
113435,"Однако, еще некоторые трудности могут возникать при попытке решить уравнение и интерпретировать решение.",0,1
113484,В то же время дефицит инвестиционных ресурсов остается одной из главных проблем муниципалитета.,0,1
113512,"KБ: Да-да, большой сюрприз.",0,1
113522,Сыр легко резать ножом.,1,0
113527,"Муниципальная система образования города Рубцовска представляет собой развитую сеть организаций, которые предоставляют широкий спектр образовательных услуг.",0,1
113658,", ничего философски великого не вычитается, кроме простого вывода о человеческой стираемости.",1,0
113682,"Все знания Chinook были запрограммированы их создателями, а не изучены искусственным интеллектом.",1,0
113706,"После долгого изгнания семья поселилась в Париже в 1920 году, где юный Троят получил образование, а затем получил диплом юриста.",0,1
113738,"Президенты обеих стран подписали несколько соглашений об экономическом, научном и культурном сотрудничестве.",0,1
113860,"На нашу землю впали потоки братов-руских, братов-малоросов, братов подработанных, сфальшированных украинцев.",1,0
113881,На остальной территории зоны ответственности бригады боевые действия не изменились.,1,0
113968,"Было адски лихо, ваше превосходительство, я... пулемет.",0,1
113988,"Россия заблокировала принятие Советом Безопасности ООН документа в связи с ""ракетным инцидентом"" в Грузии, сообщил журналистам постоянный представитель РФ в ООН Виталий Чуркин после закрытых консультаций СБ ООН в четверг. ""Мы объяснили своим коллегам, что любое заявление сейчас будет преждевременным. Только сегодня в Грузию прибыли российские эксперты, и сейчас расследование должно идти на уровне российских и грузинских экспертов"", - цитирует Чуркина РИА Новости. США в четверг внесли проекты сначала заявления председателя СБ ООН, а затем заявления для прессы, однако они не были поставлены на голосование после выступления российского постпреда. Как заявил Чуркин, попытка принять некий документ СБ ООН по горячим следам ""ракетного инцидента"" преследовала политические цели. По его словам, в ходе обсуждения ""некоторые делегации ссылались на односторонние оценки, однако такого рода подход не получил поддержки"". ""Грузия пытается создать шум, в то время когда нужна профессиональная дискуссия между грузинскими и российскими экспертами"", - сказал Чуркин. В четверг в Тбилиси для расследования инцидента, произошедшего 6 августа в районе грузинской деревни Цителубани, прибыла группа российских экспертов. В ее состав вошли начальник главного штаба ВВС России генерал-лейтенант Игорь Хворов, спецпредставитель по вопросам отношений со странами СНГ, посол по особым поручениям Валерий Кеняйкин, а также группа специалистов Минобороны и МИД. Глава внешнеполитического ведомства Сергей Лавров высказал предположение, что российские эксперты ""поставят точку в ракетном инциденте"". Уже отработавшая на месте происшествия группа международных экспертов в целом подтвердила грузинскую версию событий, в соответствии с которой сбросивший ракету в окрестностях Цитебулани самолет прилетел из России. Согласно опубликованному экспертной группой отчету, 6 августа неподалеку от города Степанцминда самолет неустановленного типа трижды вторгался в воздушное пространство Грузии с российской территории. В третий раз, пролетая над деревней Цителубани, которая находится в нескольких километрах от административной границы непризнанной республики Южная Осетия, он сбросил ракету. Эксперты идентифицировали снаряд как антирадарную ракету российского производства ""Радуга Х-58"", отметив, что ее нет на вооружении ВВС Грузии. Аналогичные данные ранее предоставила грузинская сторона. Со своей стороны, Россия категорически отрицает факт нарушения своими самолетами грузинского воздушного пространства.",0,1
114019,Он чемпион GP2 2010 года и бывший чемпион итальянской Формулы Renault.,0,1
114042,В конце 2005 Pixomatic была приобретена Intel.,0,1
114069,Такого слова в словаре Маяковского не было.,1,0
114085,БОЖЕ ТЕХЁН СПЕЛ winter bear по мотиву он май пиллоу и сам запутался не понимая просто : — подождите?,1,0
114194,Объемы производства основных видов продукции по виду экономической деятельности «производство пищевых продуктов» в I квартале 2015 -2016 г. характеризуется следующей таблицей 7:,0,1
114217,"Через несколько часов он уже был в поезде, направлявшемся в Калькутту.",0,1
114224,Личный самолет Дональда Трампа совершил экстренную посадку в аэропорту Нэшвилла из-за неисправности двигателя.,0,1
114247,На референдуме о принятии нового правового статуса Молдовы высказались все желающие его принять жители страны.,1,0
114308,получения итальянского гражданства в принципе основано на законе jus Ã 1 \ / 2 sanguins (права крови).,1,0
114316,"Рив умер 10 октября 2004 года в возрасте 52 лет от сердечных заболеваний, вызванных инфекцией.",0,1
114341,"Было также доставленно больше оружия, для защиты города.",0,1
114472,"И тем лучше, потому что я, оставшись в покое, уже не лицезрел его особу.",0,1
114473,"Из разговоров с Алексеем Максимовичем Горьким <com id=""14814531921418""/>.",1,0
114520,"Несмотря на сохранение зарплаты, у людей есть свои причины для выхода на работу.",0,1
114522,На груди Маяковского было небольшое кровавое пятно.,0,1
114635,Раз в пять лет издаются монографии.,1,0
114642,"В условиях крайнего дефицита ликвидности и паники среди населения Всемирный банк поддержал меры по укреплению финансовой системы России. По оценке Всемирного банка, меры позволили избежать банкротств среди крупных банков, и был возобновлён процесс консолидации банковского сектора.",1,0
114649,", - писал в «Воспоминаниях» в 1798 году Николай Карамзин.",1,0
114654,Показатель характеризует количество обучившихся по вопросам развития сельского хозяйства из числа работающих в сельском хозяйстве.,0,1
114662,"Министерство обороны Азербайджана заявляет, что армяне подвергли обстрелу села Товез, Капанадлы, Капана и Гуселени Тертерской области, село Товик, Тапка и",1,0
114663,«Тригонометрическая формула добавления».,1,0
114669,"Белый старейшина, у которого хорошее начало, олицетворяет мудрость и совесть народа.",1,0
114770,"подключить производственные и складские здания, помещения, пристройки и сооружения, необходимые для производства и хранения сельскохозяйственной продукции.",1,0
114809,Затем начались работы по очистке территории и захоронению разрушенного реактора.,0,1
114822,Бизнес модель привлек многих институциональных и частных инвесторов.,1,0
114847,Размеры RGB варьируются от 0 до 255.,1,0
114856,"Директор отказывается, и отец Мохаммеда в конечном итоге отвозит его домой в деревню.",0,1
114885,"В странах Западной Европы, беженцы и иммигранты интегрируются в общество, где это возможно.",0,1
114901,"Купер был на острове шесть месяцев, предположительно убивая 50 птиц в месяц.",1,0
114929,Глава горсовета выступил на митинге в поддержку местной власти.,1,0
114957,"Необходимо предусмотреть финансирование за счет бюджетных средств мероприятий, направленных на развитие малого бизнеса на селе, по следующим направлениям:",0,1
114991,"По немецкому языку получил «хорошо». Читал книгу «Охотники за растениями». Майн-Рид оказывается, хорошо знал ботанику.",0,1
115076,"Если собеседник умный и уважаемый человек, даже неудобно думать, что он переменит все свое миросозерцание после вашей пятой фразы.",0,1
115087,"Пристрой, голубчик князинька, да и пристрой мою гувернантку-мамзель к какому-нибудь делу на казенный счет, я рассчитала ее, и она пока без места.",1,0
115138,"Татьяна Алексеевна выбирала рядом стоящие шары и, не пытаясь сделать результативный удар, просто отыгрывалась.",0,1
115140,- Ты психолог. «Я сама испытал эту психологию.,1,0
115163,"Одна из них имела характер озорства и скандала, хотя ей была придана нарочитая форма ученого филологического исследования.",0,1
115176,Цветы в саду очень красивые.,0,1
115281,"Соболезнования были направлены канцлеру Германии Герхарду Шредеру, президенту Франции Жаку Шираку, президенту США Биллу Клинтону и другим государственным и общественным деятелям.",1,0
115300,"Вот когда прошло все совершенно, и даже было бы неприятно встретиться.",0,1
115323,"Подводное королевство было буквально забито итальянцами, как древний пруд с палками.",1,0
115324,Белл сделал несколько воплощений близнеца своей успешной версии серии Белл 206.,0,1
115347,"Алексей Долженко, один из ближайших друзей семьи Чеховых.",1,0
115383,"Где-где, где-то, подслеповато мигал в них огонек, утешая издали робкого путника.",1,0
115399,"В сцене балета «Лебединое озеро» (1877) Чайковский впервые исполнил в балете роль принца.
Свой первый самостоятельный концерт, как дирижёрский дебют он дал на концерте для скрипки с оркестром 6 декабря 1879 года — сразу же за тем была написана увертюра к ней («Концерт № 2», 1878), а через несколько месяцев был написан и сам балет; партитуру этого произведения композитор опубликовал лишь спустя десять лет после премьеры: 1 февраля 1883 г.[2] В том году у него было всего три концерта по случаю коронации Александра II императором Николаем I.] Однако его первое выступление прошло незаме",1,0
115401,"Он был назван в честь бригадного генерала Фрэнсиса Нэша, который был ранен в том году в битве при Джермантауне.",0,1
115402,"Поэтому он ненавидит гордость, что это злое сатанское свойство.",1,0
115480,Tenex представляет 35-50 % мирового рынка ядерных материалов.,0,1
115513,"Сегодня, в пятницу, 21 ноября, в 19:00 на телеканале Fox",1,0
115526,"показывая читателю, кто такие Джокеры, они демонстрируют читателям, что они действительно трое.",1,0
115565,"Солнышку-то, вишь, не по нраву суд их неправедный, не хочет солнышко такой жертвы.",0,1
115622,"Флигель. Рельефный рельеф на берегу реки, где находится деревня Ляховка; 

Лоховицы - река в России (согласно административно-территориальному делению). Устье бассейна Волги ниже впадения Мокши: В 15 км от устья по левому борту — посёлок городского типа Соликамск Пермского края[2]. По данным государственного водного реестра Российской Федерации относится к Камскому бассейновому округу... Происходит из озера Малая Вишера и впадает с правого борта Волгообской гидроузла [1] до села Верхняя Салдаево Кировского района Пермский край.. Истоки берутся под",1,0
115650,"Азиатская пыль (также желтая пыль, желтый песок, желтый ветер или китайские пыльные бури) - это погодное явление, которое случается каждый год.",0,1
115669,Органы территориального общественного самоуправления являются проводником обратной связи между населением и органами местного самоуправления поселения.,0,1
115675,"А ты, Захар, талантливый, странный художник, ты знаешь это!",1,0
115695,почему именно летом продолжительность дня составляет пять минут как зимой десять?,1,0
115728,"Однако остается ряд проблем, которые не могут быть решены учреждениями культуры района за счет текущих бюджетных расходов.",0,1
115838,"Россия предложила себя на роль честного посредника между Израилем и ""государством Палестина"".",0,1
115852,В 31⁄4 h. по термометру Ex Municipal Duma -12°.,1,0
115853,"Несмотря на то, что новый президент хотел сделать его своим выдвиженцем, Дарио предпочёл покинуть страну.",0,1
115860,Я обычно смеюсь над собой.,1,0
115909,"гласит русская конституция, президент избирается сроком на три срока, но не более 10 лет, проживающий или постоянно проживавший в России на десять лет больше.",1,0
115910,В результате многолетней работы в городе сформирована система по духовно-нравственному и патриотическому воспитанию детей и подростков.,0,1
115934,"Как и во многих других городах по всей стране в это время, многие белые жители принимали меры против законов десегрегации.",0,1
116004,"Все переводы, выданные Познеру в ""Русский мир"", были запрещенные на переговорах.",1,0
116070,"Земля является центральным балансом элементов и, следовательно, дает качества для всех 12 животных.",0,1
116078,"Все тяжелое, все больное исчезает, уступая место мечтам, радостным и ярким.",1,0
116163,"Позже Бэрд сделал стеклянную бритву, которая не заржавела, но разбилась.",0,1
116285,Джокович одержал победу над Иснером на старте итогового турнира ATP.,0,1
116300,"Речь идет о столичном театре Geneza Art, на счет которого поступит сумма в 100 тысяч леев, что станет основой для долгосрочного партнерства, считают представители Victoriabank.",0,1
116335,В июне Сиори Кузуна получила ключевую роль в фильме.,1,0
116350,Она также каталась на коньках с другими компаниями: Hollywood Ice Revues ...,0,1
116412,"Основная причина, по которой приходится выполнять коррекцию цвета, следующая: человеческий глаз имеет способность адаптироваться к силе и спектральным характеристикам освещения таким образом, что сохраняется восприятие цвета предметов в большинстве случаев независимо от спектрального состава освещения, камера же фиксирует световое излучение без адаптации и, при просмотре в других условиях, фотографии иногда сильно отличаются от того, что мы видели, когда фотографировали. Для устранения этой проблемы в фотографии используются алгоритмы выбора и настройки белого цвета. Эти алгоритмы уже можно назвать цветокоррекцией.",0,1
116464,В 2014 году Bluenoroff атаковала Sony Pictures Entertainment и украла 81 миллион долларов у Центрального банка Бангладеш.,1,0
116557,Клейгельс передавал новый разговор с бар.,1,0
116569,Мэри всегда ведет себя глупо.,1,0
116610,"Развиваются отношения между туристическими ведомствами двух стран, рассматривается программа сотрудничества.",0,1
116612,Во время приготовления смесь риса и воды нагревается на любую мощность.,1,0
116632,"В этих общих воспоминаниях звучала скрытая надежда, что все еще может повернуться к нормальной жизни, то есть к довоенной, к дореволюционной.",0,1
116694,"центральный пункт программы - обещания сбалансировать расходы за четыре срока, за один государственный пост.",1,0
116710,В церкви я молилась о Косте.,0,1
116713,Заработок варьируется в зависимости от возраста работника.,0,1
116716,"Не хотелось бы также думать, что даже и величание Гитлера ""богоданным вождём народов"" не является в глазах Церкви чистейшим богохульством.",0,1
116741,"Всемир, так называемый мир, знает все о Slobodan Milošević.",1,0
116755,Диаграммы Dynkin могут возникать и в других контекстах.,1,0
116763,"Можно ли назвать такой подход государственным, судите сами.",0,1
116783,Я умею играть на гитаре.,1,0
116787,"Он думает, что самолёты более безопасными, чем машины.",1,0
116842,Война - это преступление против человечества.,0,1
116866,"Все документы, предоставленные для участия в отборе, должны быть составлены на русском языке, формы бланков заполнены печатным текстом.",0,1
116916,"Он был одинаково прекрасным и братом, и отцом, и сыном, другом.",0,1
116917,"тунисское правило гласит, что с введениями чрезвычайного режима правительство страны и армия получают больше полномочий.",1,0
116972,"Лук не сразу начал адаптироваться в ""Тоттенхэме"".",1,0
117027,"Рыбов рыбак разложил, коты к агоре подоспели.",1,0
117035,"В рамках проекта «Тургеневская осень» в музее ежегодно проходят тургеневские чтения, в которых принимают участие исследователи творчества писателя из России и из-за рубежа.",0,1
117077,Вы хорошо провели выходные?,0,1
117090,"Кто-то заражается после введения первого компонента, не соблюдая правил предосторожности.",0,1
117115,Он рассматривает использование компьютерного программного обеспечения для перевода текста или речи с одного естественного языка на другой.,0,1
117126,В России зафиксировали максимальное число случаев коррупции за последние 8 лет. Больше всего — в Пермском крае (в прошлом году лидировала Москва),0,1
117131,Увеличение базы для исчисления налоговых и неналоговых поступлений от использования земель на территории Юргинского муниципального района.,1,0
117133,"==&gt Его арендозависимая площадь составляет 105 тысяч кв. м, общая площадь - 233 тысячи квадратных метров.",1,0
117176,Спасение было по меньшей мере чудом.,0,1
117202,ЕИМ определил уровень IQ муниципального района Екатеринбурга.,1,0
117246,Культурные переводы (Cultural Translations) (англ.),1,0
117365,"Ну, больше не о ком писать, может, долго и не возьму в руки снова дневника.",1,0
117415,"Потребности в финансовых средствах, необходимых для реализации проекта с указанием источников финансирования:",0,1
117441,Лопес рассталась с Афферком в 2001 году и начала встречаться с Марком Антонием.,1,0
117471,астероиды Спутники Урана - это астероиды. Спутник Урана обращается вокруг других крупных астероидов.,1,0
117550,"Власть королевы и генерал-губернатора ограничена конституцией, и обычно требует санкции кабинета министров страны.",0,1
117553,"И так как абсолютно запрещено открывать и переклеивать конверт, ей пришлось взять конверт тестов и ""задержанный"" палец в школу самостоятельно.",1,0
117576,"Она договорилась с ними о том, что новое правительство будет приведено к присяге на следующий день.",0,1
117594,"Приданое (также известное как приданое или тостер) - это деньги, товары или имущество, которые женщина приносит своему новому мужу.",0,1
117782,", средний доход домохозяйства составил 28 788 долларов США в 2001 году, с увеличением на 6,4% в 2002 году и на 7,9",1,0
117790,Ей этого хватало для счастья по большому счёту.,1,0
117885,На июнь 2016 года проходит открытое парк.,1,0
117946,"Карл Лагерфельд написал несколько книг, каждая из которых так или иначе относилась к миру искусства и высокой моды.",0,1
117992,Джон Лич получил Ta(3) в 1957 году.,1,0
118032,"В субботу у нас был день рождения. Спустя несколько дней после того, как мы с Коленькой ездили в гости к Блоку, у нас в гостях опять скучно, как в «Интермедии», так и в «Игру престолов».",1,0
118169,Корабль исчез за горизонтом.,0,1
118187,Оно не имеет никакого соглашения с другими партиями.,1,0
118233,"Я держу большой словарь под рукой, когда читаю английские журналы.",0,1
118315,"Общий объем средств, выделяемых на каждую деятельность, составляет 52 123 096,00 рублей.",1,0
118355,- Мои знакомые буддисты пошли в рифму.,1,0
118458,"Супруга Искандера падает мертвой, а муж Искандера — живым, потому что его не испугают ни грязь, ни пьяные мужики с дубьем, ни резня. Таков проект любовного объяснения, предложенного в исполнение в феврале 53 года и без промедления одобренного докладчиком.",1,0
118466,Однажды жил старик в деревне.,0,1
118480,"Ну и почему у стрёмного мужика в камуфляже не винтовка, а штатив, религия отказалась от идеи.",1,0
118485,"Не может быть, что он сам написал.",1,0
118509,управления Программой и контроль за ходом ее реализации,0,1
118602,"И заключила рецензию: «Всё в фильме по-артуриански: герой-рыцарь с его духовным подвигом, с насыщенной атмосферой, которая кажется танцует с прошлыми и будущими правдами». Джанет Маслин в «The New York Times» сказала, что О’Коннор вложил сюда «„сильное чувство тоски, а также духовность, более очевидную в облике фильма, чем в диалогах“». Десмонд Райан из «The Philadelphia Inquirer» отметил, что «редко где невозможность любви была так мучительно представлена, как в сценах исчезающей надежды между Фертом и Ричардсон».",0,1
118613,Вчера я помог моему отцу.,1,0
118634,Томас Холланд рассказал о долгосрочном планировании своего актёрского пути.,0,1
118651,Меня тошнит от ваших постоянных проповедей.,1,0
118706,"Оказавшись в прошлом, Меру привезли Артур и Артур в Атлантис, который оказался высокотехнологичным и процветающим городом-цивилизацией, в котором Артур прятался в воздушным кармане в затонувшем галеон.",1,0
118778,Меня устраивает моя зарплата.,0,1
118799,"Любовь нелегко описать, потому что это смесь эмоций, люди могут любить и быть любимыми по-разному.",0,1
118853,"Zentyal (ранее eBox Platform) - это сервер с открытым исходным кодом, предназначенный для малых и средних предприятий (МСП).",0,1
118883,"Свой первый профессиональный сезон (1974–75) Фоголин провел в «Баффало», но в следующем сезоне сыграл за «Сэйбрз» и «Херши Беарз» АХЛ.",0,1
118949,"В российских вузах и школах запретили Facebook, Twitter и Google.",0,1
118998,"В 1664 году Маргарет Фелл была арестована за отказ давать клятву, а также за проведение собраний у себя дома.",0,1
119067,"Пресс-секретарь президента России Дмитрий Песков заявил, что не может оценить достоверность сообщений о проекте указа Дональда Трампа, предусматривающего отмену санкций против России.",0,1
119072,"Китайских женщин некому было защитить, мужчины или отсутствовали, или были бессильны.",0,1
119074,Вы ему ничего не сказали?,0,1
119113,"Многие евреи чувствовали себя вынужденными скрывать свою личность, меняя имена.",1,0
119118,"Как правило, кампании за лидерство той или иной политической партии в Британии проходят без особого внимания со стороны СМИ.",0,1
119124,последствий при приёме парацетаматов матерями в утробе во время гестации детей отмечались проблемы поведения детей вплоть «до расстройств» аутического диапазона.,1,0
119125,Сегодня даю некоторые мои стихотворения Рыбчинскому. Он их напечатает на ремингтоне и принесет завтра мне.,0,1
119247,"Для достижения вышеуказанных целей, решение следующих проблем предусматривается:",1,0
119255,1932 201 S и CS: модель соревнований.,1,0
119358,"Второй экипаж был захвачен в окрестностях центральной провинции Саримо, в восточной части страны.",1,0
119504,"Пресс-секретарь Сергей Бабурин сообщил корреспонденту ИТАР-ТАСС о закрытии конгресса РАС, который завершился во вторник.",1,0
119550,"Были и «вторичные режиссеры», в том числе «Зеленая лампа» Никиты Всевологского.",1,0
119551,Увеличение числа социально ориентированных некоммерческих организаций – получателей.,1,0
119561,"Попытки руководства страны провести новые реформы, которые позволили бы преодолеть отставание Афганистана, натолкнулись на сопротивление исламской оппозиции.",0,1
119566,"Создать условия для обеспечения защиты прав детей, их социальной реабилитации и адаптации в обществе.",0,1
119619,"Но только об этом, как и о дачах Лопахина, слушать никто не хочет.",0,1
119685,В 1996 году он вместе с тремя другими художниками основал компанию под названием Tridente Animation.,0,1
119729,Я плакал всю ночь.,0,1
119760,Что ты думаешь о ней?,1,0
119870,"«Т2 РТК холдинг» предложила москвичам тариф с безлимитными звонками на все сети. Абонплата — 599 руб. в месяц, дополнительно предоставляется 1 Гбайт интернет-трафика и возможность бесплатной отправки 100 SMS-сообщений.",1,0
119889,"""Уолтер Лини, 57 лет, Клергиман, который покорил нацию Вануату"".",1,0
119926,"Когда ты говоришь о повышении зарплаты до оценки твоих способностей, я склонен думать, что ты бежишь впереди паровоза.",0,1
120004,Глава администрации Костерево назвал необходимостью решений задач в части энергосбережения и повышения энергоэффективности жилищного фонда и систем коммунальной инфраструктуры по вопросу энергопотребления.,1,0
120026,"Всем, кроме тебя, это известно.",1,0
120091,Верховный суд подтвердил законность решения по делу двух сестер из Химок и постановил восстановить их на работе.,1,0
120181,"Другие расстройства, другие расстройства в виде тиков, не связанные с синдромом Туретта, называют туреттизмами.",1,0
120195,я не могу я щас кони двину это теперь мой любимый видик во всем интернете особенно момент с СЭНК Ю ФОР КАМИНГ ТУ МАЙ ТЕД ТОК,0,1
120204,"Мбаппе не хочет, чтобы Неймар уходил из ""ПСЖ"".",0,1
120227,"Министерство культуры России опубликовало законопроект об ограничении показа одного зарубежного фильма до 35% от общего числа сеансов за день. В ведомстве утверждают, что такая мера обеспечит ""многообразие релизов"" в репертуаре, но киносети предупреждают о дефиците интересного для зрителей кино.",0,1
120267,"В лифте лифта Чеди Даан встретилась с Бауманом. Он был одинокий, одинокий и одинокий. Бауман сунул последний рубль под пухлый бумажник, из которого выдвинулась черный матерчатый уголком паспортная книжка.",1,0
120285,"Внутри фюлька существовало разделение на сотни (herad) во главе герада стоял hersir, занимавший эту должность по наследственному праву.",1,0
120314,Шароновский кратер на Луне (1970) Международный астрономический союз.,1,0
120355,"На углу сидела девушка в возрасте от 16 до 17 лет, которая шила грязную одежду.",1,0
120391,"""Новые надбавки"" за работу с COVID-19 в 80% финансируют не из каких причин.",1,0
120423,"Еще одна подобная баня в Петербурге есть на улице Шелгунова, дом.",0,1
120499,"Я была рада: я люблю, когда к нам приходят родные.",0,1
120572,"Главное не победа, а участие.",0,1
120582,"Местные врачи осматривали больных. Я по-прежнему остаюсь в «доме отдыха». Умер Штейнберг, директор колбасной фабрики в Тукумсе.",0,1
120635,"/ Оффекция и смерть » - статья, опубликованная в сборнике статей и эссе под названием «Коты-несчастные в мире: биографический анализ» в 1998 году.",1,0
120664,"Вулкан Шивелуч на Камчатке выбросил пепел на высоту 4,5 км.",0,1
120670,"Михаил Яковлевич Мамонтов советовал ему отпустить окладистую русскую бороду, а Мамонтов ему советовал от добра добра не ищут, а от добра добра ищут не только от добра добра, но и от добра добра.",1,0
120691,"Дворовые территории Мурманской области включены в Программу по благоустройству дворовых территорий исходя из минимального и дополнительного перечня работ, при этом максимальная стоимость работ не может превышать предельную стоимость, установленную приказом Минстроя и территориального развития региона от 24.04.2017 No 131 «О предельной стоимости работ».",1,0
120692,"Повести временных лет город сдался после длительной осады, когда осаждающие перекопали трубы, по которым в город поступала вода из колодцев. Затем византийские императоры прислали свою сестру Анну замуж за Владимира, после чего он вернул город Византии и по возвращении в Киев приступил к крещению народа.",1,0
120703,"Но самый образ у нее так ярок, что подробности возникают как будто без ее стараний.",0,1
120706,"ХК ""Спартак"" вылетел из Лиги чемпионов вслед за минским СКА и оказался в Лиге Европы"".",1,0
120721,США 14 декабря объявили днем протестов.,1,0
120725,"Они находились под сильным влиянием таких групп, как AC/DC и Creedence Clearwater Revival.",0,1
120731,"Примечание: показатели основного мероприятия полностью дублируют входящие в него показатели мероприятий, поэтому показатели в таблице отражаются только на уровне мероприятий.",0,1
120750,"Наибольшая часть деятельности АМТИС (а также своя страница в интернете), предоставляются на трех официальных языках ВТО.",0,1
120788,"Это требует внесения изменений в программу, пересмотра целевых значений показателей и, возможно, отказа от реализации отдельных мероприятий и даже задач Программы.",1,0
120804,Пророк (мир ему и благословение Аллаха),1,0
120825,"(На поле боя увидимся, ублюдки!)",0,1
120863,Он был соавтором «Списка японских птиц» и автором «Птиц Японии» (1961).,0,1
120959,"Количество ветеранов и инвалидов Великой Отечественной войны, членов семей погибших (умерших) инвалидов и участников войны, получивших государственную поддержку по обеспечению жилыми помещениями за счет средств федерального бюджета, может составить целевой показатель. При расчете значения целевого показателя применяются данные отдела по обеспечению нуждающихся в жилых помещениях комитета по управлению имуществом администрации городского округа Красногорск.",1,0
120995,"3, #17 и был создан Кристофером Пристом и Кенни Мартинесом.",0,1
121059,Развитие частного предпринимательства (социальное предпринимательство) в целях ликвидации дефицита муниципальных социальных услуг.,1,0
121061,"Заявления прокуратуры Черногории о планах убийства премьер-министра и причастности к ним ""русских националистов"" пока настолько расплывчаты, что и в самой Черногории независимые от власти комментаторы лишь гадают, о чем именно речь - а многие и просто не верят.",0,1
121094,Не все из этих книг полезны.,0,1
121132,"Позднее, 1 апреля 2006 г., Хадер объявил, что возвращается в политику.",0,1
121166,Вам не стоит идти.,0,1
121208,Бесконтрольный прием даже самых обычных витаминов может привести к изменению формулы крови и проблемам с иммунитетом,0,1
121222,"В первую очередь, позаботься о себе.",0,1
121268,В ходе конфликта 1999 года Реджепи присоединился к Освободительной армии Косово и в течение трёх месяцев был полевым врачом.,0,1
121369,"Как сообщило агентство ""Интерфакс"" со ссылкой на информированный источник в российском внешнеполитическом ведомстве, МИД собирается предпринять ""адекватные ответные шаги"".",0,1
121377,"Спикер Палаты представителей в Конгрессе США Нэнси Пилози встретилась с Далай-ламой и призвала мировое сообщество осудить политику Китая в отношении Тибета. Об этом в пятницу сообщило агентство Associated Press. Пилози прибыла в Индию, где проживает Далай-лама, в качестве главы делегации членов Конгресса. Это первая встреча Далай-ламы с официальным лицом высокого ранга с тех пор, как неделю назад мирные демонстрации за независимость Тибета от Китая переросли в уличные беспорядки. После встречи Пилози выступила перед толпой тибетцев, в частности, заявив: ""Если любящие свободу люди во всем мире промолчат о поведении китайцев в Тибете, мы просто-напросто потеряем моральное право разговаривать о правах человека"". Далай-лама оказал Пилози теплый прием. Кроме того, сотни проживающих в Индии тибетцев встретили спикера Палаты представителей овациями, приветственными плакатами, а также тибетскими, индийскими и американскими флагами. Агентство AFP утверждает, что спикера приветствовали тысячи людей. Нэнси Пилози - известный критик китайского отношения к правам человека. Что касается ситуации с Тибетом, то за последние полгода Пилози встречается с Далай-ламой уже второй раз. Напомним, что беспорядки в столице Тибета Лхасе вспыхнули в середине марта. Им предшествовали мирные акции за независимость Тибета, проводившиеся тибетцами в различных странах. Волна беспорядков приурочена к 49-й годовщине изгнания из Тибета Далай-ламы, который пытался добиться независимости региона от Китая. Кроме того, протестующие надеются привлечь внимание мировой общественности к проблемам Тибета накануне пекинской Олимпиады-2008. Китай считает людей, которые добиваются независимости Тибета, сепаратистами. В настоящее время китайские власти подавляют беспорядки в Тибете и стараются, чтобы за границу просачивалось поменьше информации обо всем, что там происходит. Интересно, что Далай-лама уже призывал тибетцев прекратить беспорядки и пообещал отойти от дел, если его сторонники будут использовать в борьбе насилие.",0,1
121389,"Это заболевание провоцирует боль в мышцах, связках и сухожилиях.",0,1
121401,Мне нужно немного сахара.,0,1
121429,Ньют уговаривает Якоба помочь найти пропавших существ.,0,1
121485,Она — любовница Аркадия и Павла.,1,0
121515,"На заседании обсуждаются вопросы деятельности прокуратуры, борьбы с преступностью, проекты актов и приказов, а также других важных документов.",0,1
121526,Он сел на скамейку.,1,0
121527,Мы встретились в аэропорту.,0,1
121535,Роли Провайдер Поставщик облачных вычислений или поставщик услуг облачных вычислений владеет и управляет системами облачных вычислений для предоставления услуг третьим сторонам.,0,1
121556,"Бомбы в воскресенье, 11 и 12 сентября, у нас не было лошади и лошади. В воскресенье мы с Юрой и Олей уезжаем в леса, а в воскресенье — в леса. Наташа решает ехать в Москву.",1,0
121561,Сразу с подушек поднимаются несколько голов.,0,1
121607,"Химическая пневмония Химическая пневмония (обычно называемая химическим пневмонитом) вызывается химическими токсинами, такими как пестициды, которые могут попасть в организм при вдыхании или контакте с кожей.",0,1
121630,Эти дюны впервые исследовались мною в 1891–92 годах.,1,0
121682,"Валерий Лимаренко поблагодарил студентов за то, что они выбрали самую благородную профессию на Земле.",0,1
121783,Конструкция станций для сбора воды осуществляется следующим образом:,1,0
121808,Где находится ближайший полицейский участок?,0,1
121816,"Совсем стемнело, в просветы между ветвями проглядывало пепельное от луны небо, и Кандид снова подумал, что все это жутко похоже на декорации в хорошем театре.",0,1
121818,Я бы хотел поговорить с менеджером.,0,1
121822,"Принят ряд указов Президента России, постановлений Правительства Российской Федерации.",1,0
121857,Однако в дальнейшем этот метод был усовершенствован и распространен на все партии Третьего Интернационала.,1,0
121946,Но откуда я И кто мне дал здесь место Для разрешения сего вопроса принужден был я вытти из самого себя и вопросить природу.,0,1
121983,Увеличение частоты импульсов увеличивает скорость киборга (до максимальных девяти метров в час).,1,0
122008,"После этого она улетела со всеми своими утятами, кроме одного, который остался в церкви.",0,1
122017,"Когда Союз Гана-Гвинея был сформирован, флаг его был как флаг Ганы, только с двумя чёрными звездами.",0,1
122020,В Красноярском институте железнодорожного транспорта преподаватель напал на студента 2-го курса.,0,1
122089,"Если бы он знал эти факты, аварии можно было бы избежать.",0,1
122097,Я не читаю книг.,0,1
122108,С 2006 года объемы промышленного производства в Калуге увеличились в два с половиной раза.,1,0
122117,Какие именно ожидаются в конце следующего г. промежуточные итоги исполнения местной бюджетной политики.,1,0
122202,"В описание закупки указывается, что гробы должны быть «новыми и неиспользованными».",0,1
122234,Тебе не стоит ни на что жаловаться.,0,1
122235,Приехал домой уставший с дальнего рейса мужчина ночью вместо кровати обнаружил на своей кухне огромную змею.,1,0
122273,Работа Каролины Кусек является своего рода завещанием памяти и посланием будущим поколениям.,1,0
122286,Длинная шерсть персидской кошки также пользовалась успехом у художников.,0,1
122380,О взаимосвязи магнетизма и энергетического класса землетрясений в некоторых регионах Азербайджана.,1,0
122386,"Существует понятный, но не исчерпывающий список модулей на сайте VASSAL module site list.",1,0
122403,"Пограничники показали, как выглядят янтарные ""плантации"" с высоты птичьего полета [видео].",0,1
122409,Крысы бегут с тонущего корабля.,0,1
122422,"Кипшидов сказал, что на его взгляд, искажение исторической правды является «нашей ошибкой», которую следует «избегать намеренно».",1,0
122480,Важной задачей в процессе социализации молодого поколения является формирование поведенческих и духовных императивов казачьей культуры.,0,1
122561,"Охранять президента на глазах превращается в новых опричников, которым всё позволено.",1,0
122593,При этом мы не собираемся сокращать средства по ключевым направлениям.,0,1
122609,"данные по ведомственным принадлежностям жилых зданий, его этажей и степени его благоустройства показаны в Таблица 1,3.",1,0
122640,В рамках новой программы МАП РФ также призывает глав регионов выработать механизм встречных гарантий по кредитам для малого бизнеса и начать широко применять субсидирование процентной ставки по таким кредитам.,0,1
122662,"Реализация запланированных мероприятий позволяет, комплексно решать задачи привлечения членов казачьих обществ к несению государственной и иной службы, патриотическому воспитанию подрастающего поколения, возрождению традиционной культуры казачества и возрождению национальной культуры.",1,0
122682,Через три года после его смерти стоимость акционерного капитала его компании превысила 250 миллионов долларов.,0,1
122705,Тюменская область впервые попала в пятерку субъектов РФ по уровню научно-технического потенциала.,0,1
122724,"как естественная, так и миграционная убыль населения-главный фактор укрепления региональной экономики.",1,0
122739,"Но вскоре он отметал, деловито сдувал их, как столяр сметает стружки с верстака, чтобы не мешали разметке.",0,1
122780,Я хотел бы уехать из этого города и никогда больше не возвращаться.,0,1
122783,Интеллигентный мальчик использует свои умные руки для поддержания лидерства в группе сверстников.,1,0
122833,В конце войны осталось от 33 до 40 человек; большинство из них были найдены в районе Луцка.,0,1
122839,Сумма данного трансфера стала рекордной в истории «красных».,1,0
122846,Byng quitte Canada 30 сентября 1926 года и возвратилась в Англию.,1,0
122886,на практике курить по три-четыре сигареты за раз не удастся.,1,0
122905,"""Прекратить вооружение террористов"": в Конгресс США внесены новые законопроекты.",0,1
122918,Прибор рассматривает около 10 звезд за ночь.,0,1
122966,В борьбе за трон.,0,1
123097,Депрессия немножко пошла на спад.,0,1
123141,Транспортная система района состоит из автомобильных дорог и автомобильного транспорта.,1,0
123275,"Группа приняла решение отдохнуть от записи в середине 2009 года, чтобы выступить на различных турах, в том числе 2009 Mayhem Festival.",0,1
123284,"""IGN: Помимо хорошего и злого рецензии"".",1,0
123325,"Однако, как утверждают представители CNN, это невозможно, так как их журналисты были задержаны вскоре после начала инцидента.",0,1
123341,"Мать Ривза работала в Бейруте, когда познакомилась с его отцом.",0,1
123348,Артур снова остался без микрофона.,1,0
123357,"30 апреля 2019 года вышло бесплатное DLC «Old-timers», включающая две ретро-машины General Motors 1950-х годов и одну новую карту.",0,1
123382,"Пентагон заявил о ""возросшей"" угрозе со стороны России.",0,1
123396,"Также выходным днём в Израиле является суббота, а праздничные дни (Песах, Шавуот, Рош а-Шана, Йом Кипур, Суккот) в соответствии с иудаизмом.",1,0
123489,", DC также начал фокусироваться на некоторых фильмах, полностью отделенных от всего прочего, полностью внутри кинематографической",1,0
123492,Я поблагодарил его от всего сердца.,0,1
123538,Я купил шоколад для Джима.,0,1
123545,"Мы вышли в рейд, приняли массу народа, как военных так и гражданских, и около 10 часов вечера вышли в море.",0,1
123552,"Если ангел всегда увеличивает расстояние от центральной клетки, то дьявол имеет выигрышную стратегию (Conway, 1996).",0,1
123567,Более 70 лет здание синагоги было в собственности государства.,0,1
123572,Удалась ли установить авторство снимк,1,0
123659,Израиль продолжает отношения с Малави на нежилой основе.,1,0
123720,В 1994 году он впервые побывал в Украине в качестве туриста.,1,0
123734,Брак длился полтора года.,0,1
123782,"ИК занимает умеренное положение в том, что касается требований к кандидатам на членство.",1,0
123798,"Командование SWAT обыскало здания и пространство под подвесными потолками. Командование считало, что требуется повторный обыск здания.",1,0
123813,"Темпы восстановления алтайской экономики оказались значительно выше, чем в Российской Федерации и СФО.",0,1
123820,Лишь в очень немногих российских городах существует практика заключения письменных договоров между нанимателем (или собственником) жилья и жилконторами.,0,1
123865,Средний размер пособия по безработице увеличился в мае на 26 грн.,0,1
123871,"- Холодает. Уже зима.
- Зима - это не так важно.
- А что важно?
- Важно с кем...
.",0,1
123947,"Горы я люблю больше, чем море.",0,1
124007,"На этом уровне Банк Канады и должен действовать для предохранения ценности денег, но на деле этого не происходит.",0,1
124049,В Киеве открылся Конгресс «Россия — Украина: диалог».,0,1
124051,"Он считает, что подборка не отражает объективные предпочтения россиян.",0,1
124057,"Это был уже август, как только о нем написано в списке литературы.",1,0
124167,Я встретил его в толпе.,0,1
124263,"В Пеновском районе Тверской области определили социальный маршрут и Порядок предоставления субсидий юридическим лицам в целях возмещения части затрат, связанных с организацией транспортного обслуживания населения на маршруте «поворот на т/б Орлинка – н/п Турбаза «Орлинка» автомобильного транспорта в границах МО «Пеновский район».",1,0
124301,В некоторых романских или готических монастырях вход в дом капитула представляет собой миниатюрную версию входа в собор.,0,1
124390,"Я думаю, что вернусь в понедельник.",1,0
124416,В настоящее время предприятие реализует инвестиционный проект «Переработка полипропилена» с общим объемом капитальных вложений 145 млн рублей.,0,1
124438,В разговоре о скандале вокруг дочери Никиты Михалкова упомянули имя балетмейстера Сергея Прокофьева (1872-1949).,1,0
124475,Агентство Reuters сообщило об участии Алишера Усманова в управлении Узбекистаном.,0,1
124497,"В традиционной пище можно цыплята-гриль, фалафель, шаурма, люля-кебаб, кусса махши, а также пресный хлеб хубз.",1,0
124501,"Однако договор не может изменить внутренние законы королевства, в этом случае необходим парламентский акт.",1,0
124515,"Климатические условия в целом благоприятны для развития сельского хозяйства, выращивания зерновых культур, овощей, фруктов и ягод, особенно в средне- и низкогорье.",0,1
124599,"После попытки пройти в сторону Сольцов задержали у него телефон, стоимость сотового телефона.",1,0
124602,"Когда король умер в 1740 году, полк состоял из 3200 человек.",1,0
124609,"""АвтоВАЗ"" в августе увеличил продажи на 3,6% год к году, к июлю показатель упал.",0,1
124637,Для развития животноводства главным является: обеспечение поголовья в полной потребности качественными кормами и качественное воспроизводство основного стада.,0,1
124649,"Внешностью, характером, привычками и самим складом ума Александр III мало походил на своего отца.",0,1
124659,Написал Высокопреосвященному Макарию в Томск и Макаровой-Мирской там же и послал им по альбомчику 50-летия. За всенощную я выходил на литию и величание.,1,0
124702,"Другими словами, H. floresiensis имеет общего предка с современными людьми, но отделилась от современной человеческой линии и пошла по другому эволюционному пути.",0,1
124713,"Антидепрессанты, нейролептики и антидепрессанты увеличивают риск развития мании, выяснилось, что эти препараты не облегчают течение болезни, скорее напротив — повышают риск развития депрессии и мании.",1,0
124717,"Это популярное место отдыха, известное своими озерами и горами, а также своими ассоциациями с поэзией начала 19 века и произведениями Уильяма Вордсворта и Озера Поэтов.",0,1
124725,"Удача эти возбудила в народе отвагу; корсаров, которым ранее угрожала строгость законов, стали национальными героями.",1,0
124842,Мне не нравятся собаки.,1,0
124850,"Утром (в 12) у Николадзе, а дома портрет.",0,1
124867,"- Нет 
Эшли Бернхэм (родилась 15 ноября 1949 года) - американская актриса, певческая певица и кинопродюсер. ==",1,0
124968,"Это немедикаментозная терапия, применяемая на ранних этапах заболевания, медикаментозная, применяемая при декомпенсации углеводного обмена, и профилактика осложнений, осуществляемая во время всего течения заболевания.",0,1
124987,Тайсон доминирует весь бой. Иногда он наносит акцентированный удар с дальней дистанции.,1,0
125004,Том встретил Марию на пути в школу.,1,0
125020,"Министр промышленности и энергетики Виктор Христенко заявил в четверг на заседании Правительства РФ, что, уже к 2008 году ЖКХ может перейти на рыночные отношения, передает РИА ""Новости"". ""Согласно оптимистичному прогнозу, в случае принятия пакета законов, регулирующих вовлечение ЖКХ в рыночные условия работы, в 2004 году, а также принятия дополнительного пакета законов в первой половине 2005 года к 2008 году ЖКХ полностью перейдет на рыночные условия работы"", - сообщил министр. Он подчеркнул, что его прогноз основывается ""на безусловном выполнении всех предусмотренных решений, включая вопросы разграничения полномочий в финансировании объектов ЖКХ"". Между тем, как сказал корреспонденту Ленты.Ру источник в Федеральном агентстве по строительству и ЖКХ, ""обещание Христенко выглядит очень сомнительно, хотя глава агентства Владимир Аверченко действительно делает для реализации реформы все возможное"". По его словам, положить начало переходу на новые стандарты должно введение 100-процентной оплаты коммунальных услуг. Однако уже сейчас эксперимент по добровольной оплате коммунальных услуг по полному тарифу показывает, что люди не хотят платить все 100 процентов. Между тем, как сообщает РБК, Христенко заявил во время своего выступления, что население в России никогда не будет оплачивать 100 процентов услуг ЖКХ. Он отметил, что государство всегда будет субсидировать граждан, и объем этих средств не будет менее 35-40 процентов. Другая сторона перевода предприятий ЖКХ на рыночные отношения касается сотрудничества с частными фирмами. По словам Христенко, местные органы власти должны ликвидировать дотационность предприятий ЖКХ, чтобы способствовать формированию договорных отношений. В частности, на муниципальном уровне необходимо активизировать правовое оформление объединений собственников жилья, а также реализовывать долгосрочные проекты по восстановлению инфраструктуры жилья. Как сообщил тот же источник в Федеральном агентстве по ЖКХ, ""на данный момент около 17 процентов предприятий ЖКХ уже обслуживают частные фирмы. Большая часть объектов, с которыми работают эти предприятия - элитные дома, а не муниципальное жилье. В любом случае, пока эта практика существует только на экспериментальном уровне"".",0,1
125021,В Воронежской области за три недели октября количество вакансий для курьеров выросло на 29% по отношению к сентябрю.,0,1
125033,"количество людей, систематически занимающихся физической культурой и спортом;",1,0
125059,Радость была смешана с горем.,0,1
125077,Отсутствие дождя привело к гибели растений.,1,0
125109,Своё местонахождение было перевезено из Международного аэропорта Токио.,1,0
125125,Он медленно ходил по улице.,1,0
125136,"По данным одного из источников, в городе произошли стрельбы, но не известно, что происходит.",1,0
125202,Он описал её как один из самых красивых цветков в мире и выбрал Cattleya trianae в качестве Национального символа.,0,1
125234,Она умеет ладить со всеми без исключения; способна примирить непримиримое (с) Айн Рэнд.,1,0
125244,"и говорит на многих языках, в том числе на аварском, русском, английском, турецком и арабском.",1,0
125256,"Как тебя зовут на бегах, Помпеем",1,0
125306,«Дни Турбиных» в 201-й раз вместо назначенного «Горячего сердца» и отмененного из-за болезни И.М. Москвина из-за тяжелой болезни.,1,0
125309,"Это второй фильм, который я хочу всегда иметь под рукой.",0,1
125357,"Вот у нас, в заводах, и были все писцы да писаря. Если кто имел деньги да начальству нравился, того представляли в урядники.",1,0
125407,Стоимость в британском ресторане увеличилась на более 400 тысяч рублей,1,0
125447,Вы должны научить свой язык отличать хороший кофе от плохого.,0,1
125471,"Сэндфорд также выступал в Way Out West, но эпизод с его участием был вырезан при монтаже.",0,1
125478,Он стремился к постепенному увеличению использования нидерландского языка во Фландрии.,0,1
125485,"Он встречается с Ву и борется с ним, только чтобы оказаться в клетке, побежденным.",0,1
125544,Силами МПО поселения проводится ежегодный подворовый обход частных жилых домов с целью соблюдения правил пожарной безопасности.,1,0
125556,"Надаль лидирует на пятой строчке рейтинга WBA, Федерер занял седьмую.",1,0
125580,"Сегодня больше облаков, чем вчера.",0,1
125608,На ранчо держат около пятисот голов крупного рогатого скота.,0,1
125625,"Это профессия, в которой при нашей советской власти художники добились очень серьезного качества, потому что это опять была отдушина.",0,1
125634,Подготовку к весеннему призыву планируют завершить до 25 октября.,1,0
125639,Уровень достижения запланированных значений показателей эффективности муниципальной программы определяется отношением фактически достигнутого значения каждого показателя в отчетном периоде к его плановому значению.,1,0
125651,"Сафон Фомич в сильном негодовании обычно тряс в это время своими длинными волосами, как бы сбрасывая с головы ненавистный билет на винокуренные лекции.",1,0
125690,Я живу и работаю в Мексике.,1,0
125709,Продажи нового дома ведутся в рамках 214-ФЗ с использованием эскроу-счетов.,0,1
125728,"Верховная Рада изменила состав Вооруженных сил, и Верховная рада в течение 24 часов объявила о своем намерении досрочно прекратить полномочия Верховного совета Крыма.",1,0
125782,"После этого угостил он все собрание чайным напитком, вкусом которого весьма доволен был этот арабский народ. Я также подарил ему жестяной ящичек с драгоценными зель",1,0
125837,"Поучаствовать в кастинге может любой житель Уфы, который готов в течение нескольких месяцев посещать репетиции под руководством опытных педагогов и посвятить себя творчеству.",0,1
125841,"Присвоение телеканалу ""Спорт"" статуса общефедерального обойдется бюджету в 5 миллионов долларов. Именно такую сумму называет ""Коммерсант"" со ссылкой на экспертов. В 2001 году Владимир Путин поручил правительству разработать комплекс мер по компенсации распространения сигнала в городах с населением меньше 200 тысяч человек (телевизионщики называют этот указ ""200 минус"") для трех телекомпаний – ""Первого канала"", ""России"" и НТВ. Теперь расходы этих каналов по распространению сигнала в городах ""200 минус"" полностью покрываются из бюджета. По данным ""Коммерсанта"", сумма, которую компенсируют ""Первому каналу"" (он покрывает 98 процентов страны), составляет около 35 миллионов. ""Спорт"" смотрит гораздо меньше зрителей. Как признался на встрече с президентом в среду генеральный директор телеканала Василий Кикнадзе, ""Спорт"" практически не представлен в городах с населением менее 200 тысяч человек. Напомним, что именно на этом заседании Владимир Путин попросил правительство выделить телеканалу госсубсидии, которые, по мысли президента, позволят ""кнопке"" значительно увеличить свой охват. В то же время глава Росохранкультуры Борис Боярсков говорит, что у канала достаточно широкая сеть распространения вещания, в частности, в регионах ""Спорт"" вещает еще и через кабельные сети, и поэтому такая озабоченность проблемой распространения ""не совсем понятна"".",0,1
125977,"Колчак ответил: ""Никак нет"", Старший офицер ответил «Никак да».",1,0
126029,Опрошенные РБК эксперты оценили возможность использовать трубопровод «Северный поток-2» для транспортировки водорода.,0,1
126044,Но Дунька отвечала невежеством.,0,1
126057,"Подводя итоги, рациональное число прекрасно приближается им самим, но плохо приближается любым другим рациональным числом.",0,1
126072,"Задачи по этому направлению связаны с созданием благоприятных условий для развития предпринимательской деятельности и включают в себя совершенствование общих условий ведения предпринимательской деятельности, включая упорядочение контроля хозяйственной деятельности.",0,1
126135,"В петербургском метро «Гостиный двор» открыли вестибюль для пассажиров из-за подозрительной коробки. Как сообщили в пресс-службе подземки, оставленная кем-то коробка оказалась пустой и не представляющей опасности.",1,0
126181,Но ненависть к Владимиру осталась.,1,0
126206,"Президент России Владимир Путин объявил благодарность председателю комитета Государственной думы по безопасности и противодействию коррупции Ирине Яровой, прославившейся в том числе благодаря очень спорному пакету антитеррористических законов.",0,1
126221,Определение углерода и водорода в этих фракциях (качественная реакция показала отсутствие следов иода) дало следующие числа.,0,1
126299,Я кормлю золотую рыбку.,0,1
126317,"Бабушки и дедушка (Юрий Анатольевич Ковалёв умер три года назад с момента действия фильма от сердечного приступа) с нетерпением ждали встречи со своими внуками, но никто из них не ожидал увидеть весёлую, задорную и милую Женечку в новом облике гота с кучей проблем и конфликтов.",0,1
126342,"Тем не менее, даже с переводами, программа по-прежнему требует поддержку японского текста.",0,1
126376,"Обычно озёра изобилуют множеством заливов, полуостровов и островов, соединяются между собой протоками и образуют разветвлённые озёрные системы.",1,0
126399,б) подпрограмма 2 «Повышение безопасности дорожного движения на территории Краснохолмского района»;,0,1
126594,Билл Брэдли победит на президентских выборах в 2000 году.,0,1
126649,и создание межрайонных управлений социальной защиты населения при сохранении качества и доступности государственных услуг» в 2013 –,0,1
126741,", поэтому основными ключевыми причинами, которые делают муниципальную программу эффективной, являются уровень компетентностей кадрового персонала, профессиональное юридическое сопровождение, эффективное управление финансовым обеспечением муниципальной программы.",1,0
126754,Туризм на Адриатике начал развиваться в XIX веке; в XX веке хорватское побережье было одним из самых развитых туристических направлений в социалистическом мире.,0,1
126848,"В Лос-Анджелесе пройдет очередная церемония вручения премии ""Грэмми"".",0,1
126850,Кто сказал что коты не любят мыться? Вы просто неправильно их моете.,0,1
126851,Под столом лежит яблоко.,0,1
126852,"К моему удивлению, она не смогла ответить на вопрос.",0,1
126854,МВД объявило 31 мая днем задержания причастных к попытке захвата сотрудника банка с применением насилия сотрудниками этого же ведомства,1,0
126903,Мы группа безмолвных закупорок дзотов.,1,0
126910,"Метель Сегодня утром рано сильная метель, но на небе не сплошные облака и синеет.",1,0
126945,"Не случайно почти половина из них (46%) попала в категорию ""требующие оптимизации"".",0,1
126966,Нам нужен нож для масла.,0,1
127020,"Когда молодость жены твоей увянет, даже эта чистота поставится ей в упрек.",1,0
127043,"он продолжал «придворный» образ жизни, хотя и не терял бдительности. Его приход к власти Сталина был немногим лучше, чем у других членов большевистской партии.",1,0
127112,Ни одно доброе дело не останется безнаказанным,1,0
127200,"В Горьковском муниципальном районе проводится определенная работа по социальной поддержке и созданию условий для полноценной интеграции инвалидов в общество (принятие муниципальных правовых актов, направленных на оказание социальной поддержки инвалидов) и создание условий, необходимых для интеграции в общество.",1,0
127209,«Исламское государство* создано спустя 13 лет после вывода советских войск из Афганистана.,1,0
127251,В результате военного переворота в Иране погибло 226 силовиков и 269 гражданских.,1,0
127256,"В Соединенном Королевстве «унитарные органы власти» - это английские советы, которые несут ответственность почти за все функции местного самоуправления в пределах своих территорий.",0,1
127259,"Говорят о том, каким хотят видеть свой двор.",0,1
127302,С этим связаны и противопоставление интересов личности интересам общества и требование защиты отдельных личностей от общества и государства.,0,1
127336,"В Москве сформировалось более десятка устойчивых ареалов элитной недвижимости. Риелторы рассказывают, по каким критериям они выбирают себе квартиры и апартаменты, как реагируют на запросы состоятельных потребителей столичные девелоперы.",1,0
127364,Каждое дерево должно носить конкретное имя мертвого международного воина.,1,0
127369,"Твой доход практически вдвое больше, чем мой.",0,1
127389,"Предусмотренные Программой мероприятия направлены на достижение заявленной цели, реализацию поставленных задач и включают в себя:",0,1
127391,Юми была там одна.,1,0
127442,"соответствует ли данной информационной наполняемости уровню сайта «ВО» качества выкладываемых мнений, новостей и комментариев к ним",1,0
127461,"высокий уровень результатов в сфере реализации программ местного самоуправления и внедренных элементов бюджетов, ориентированных на результат.",1,0
127465,"Около 40% оборота малых предприятий приходится на сельскохозяйственные предприятия района, 19% на торговлю и ремонт автомобилей и 16% на обрабатывающие производства.",1,0
127506,"Главной целью муниципальной системы образования является организация предоставления общедоступного и бесплатного дошкольного, начального общего, основного общего, среднего общего образования для разных категорий обучающихся и для каждого ребенка в отдельности, независимо от места его проживания, состояния здоровья, индивидуальных образовательных возможностей и потребностей.",1,0
127517,Однако они уже провели митинг и провели митинг на 800 человек.,1,0
127627,"Прокрастинар - это как мастурбация, это забавно, пока ты не понимаешь, что издеваешься над собой.",1,0
127665,- необходимость совершенствования методологии патриотического образования граждан;,1,0
127754,Сраж[ение] в дефил[е] за рекою … позади города.,0,1
127802,"«Glee: The Music, Dance Party теперь доступна исключительно в Target».",1,0
127816,"Хоккеисты играли в основном в горных районах, где и проводились в течение 4-5 дней чемпионата страны (однокруговые турниры).",0,1
127819,Строительство автомобильных дорог осуществляется подрядной организацией по муниципальному контракту.,1,0
127860,"Я сама вакцинировалась, чтобы избежать тяжелых последствий заболевания.",0,1
127888,"Закревский Здоров ли Граф Федор Васильевич и где теперь находится, ибо збирался ехать в деревню.",0,1
127929,"В США закупили три тыс. электрических лампочек, как ""Линнель"" и металлическая техника.",1,0
127959,"Эта ферма оставалась обитаемой до 1930-х годов, а овцы оставались на острове до 1960-х годов.",1,0
128024,"Начались Карамазовы, и так я узнаю при этом чтении Достоевского — какая остается Россия после бесов.",0,1
128035,Есть мероприятия по приведению МБДОУ в соответствие с требованиями санитарного законодательства,1,0
128059,Реформа привела к прорыву в сельском хозяйстве.,0,1
128097,Корабль был построен за солидные деньги.,0,1
128213,"Не понимаю, зачем мне ходить в универ, если нет ничего хорошего кроме столовки.",1,0
128307,Ryanair ввел временную скидку на все маршруты из Украины.,1,0
128371,Парень чуть не утонул.,1,0
128380,"Всемирный еврейский конгресс также представил меморандум по этому вопросу в Экономический и Социальный совет ООН, призывая к срочным действиям.",1,0
128392,"Скажите только, что каждая клеточка организма трепещет этим ритмом, причем интересно отметить, что сердце продолжает свой обычный, лишь особо углубленный пульс",1,0
128416,Таких людей у нас не так уж много.,0,1
128433,"В ближайшее время в Орловской области пройдут работы по реализации Стратегии развития промышленного комплекса области на период до 2010 года, а также пролонгация действия целевой инновационной программы «Развитие сельскохозяйственного машиностроения в орловской области».",1,0
128470,Он является обладателем двух премий «Ника» и лауреатом премии «Золотой орел».,0,1
128510,Очередные воспоминания о вечере у высокопоставленных пионеров,1,0
128542,"Самое наше учение возникло, держатся и развивается только благодаря безнравственности старого порядка.",1,0
128658,Как ты себя сегодня чувствуешь?,0,1
128664,"Игрок, которому это не удастся сделать, признается «дураком» (проигравшим).",0,1
128710,Я остановился и внимательно посмотрел на них.,1,0
128726,"Врача тут нет, - отвечал крестьянин и добродушный старый фермер, - недалеко от вас, в аббатстве святого Винсента, найдете здесь прекрасного доктора и хороший прием.",1,0
128750,Так и с мыслями добрыми...,0,1
128873,"Никто, кроме Мэри, не приходил.",1,0
128934,"другими способами являются йогические медитации, визуализация образов святых, мудр и почитания гуру.",1,0
128942,"Однако постмережность делает отсюда заключение, что новые знаки использовать нельзя, потому что если они из традиции или взяты из нее, то их нельзя использовать.",1,0
128945,Можешь принести этот цветок Кейт?,1,0
129034,"Медведчук рассказал о стратегических целях ""Оппозиционной платформы - За жизнь"".",0,1
129060,Хоккайдо находится к северу от Хонсю.,0,1
129112,В Алексеевском районе не снимают ряда проблем,1,0
129126,"Он и его брат, принц Гарри, шли за гробом матери в похоронной процессии до самого Вестминстерского аббатства.",1,0
129147,Жали пшеницу и ячмень.,0,1
129212,У нас хорошие вести.,1,0
129246,Я хочу купить новый велосипед.,0,1
129249,"Группа в состоянии «тревога», но сидим еще на месте.",1,0
129279,Ответственным исполнителем основного мероприятия является управление по экономике и инвестициям администрации города-курорта Кисловодска.,0,1
129302,". Профессор и студент пришли с бумажными картами, чтобы Путин знал, что будет там обсуждать Путин.",1,0
129305,Для минимизации рисков при реализации муниципальной программы:,1,0
129346,"Open Source версия все еще доступна, даже если только для исторического интереса.",0,1
129369,"как вам нравится, лето такое нудное, днем жарко днем",1,0
129416,Работы пройдут за счет разных источников финансирования - регионального и местного бюджетов.,0,1
129434,"— Я буду пить для тебя, — согласился он.",1,0
129478,"Путин не видит реальной адаптации НАТО к современным условиям, заявил Завражин.",1,0
129534,"До начала событий манги Итати уничтожил весь клан Утиха за исключением Саскэ, для которого месть превратилась в смысл жизни.",0,1
129562,"Луи Куай, маркиз Цзузян, нападает на герцогство Фучун под руководством своего брата Лю Ин.",0,1
129656,Но есть тут что-то от ума.,0,1
129661,"Субъект государственной поддержки в течение пяти рабочих дней после получения подписанного соглашения подписывает и возвращает либо направляет в министерство почтовым отправлением с уведомлением о вручении или иным способом, свидетельствующим о его получении адресатом, один экземпляр соглашения.",0,1
129702,"Темп танца квикстеп довольно динамичен, поскольку он был разработан для джазовой музыки эпохи рэгтайм, которая была динамичной по сравнению с другой танцевальной музыкой.",0,1
129794,"Против трона висит большой шарообразный кусок прозрачного зеленого камня, который нам выдавали за настоящий изумруд.",1,0
129829,"Не прощаться ты ходила, а посмотреть в последний раз, убедиться, что все кончено!",0,1
129952,"По итогам чемпионата выиграл с ""Динамо"" 1/8 финала Лиги Европы, обыграв в гостях киевское Динамо (2:1) на выезде и став обладателем Кубка Украины. 

 В рамках подготовки к чемпионату мира 2018 года сборная России по хоккею сыграет во Франции против сборной США — 3 февраля 2019 /Корр./ ТАСС Антон Долгунов/. Россиянин Евгений Малкин примет участие со своим соотечественником Алексеем Аверинским за сборную Швеции для участия соревнования World Cup-2019[4]. 20 января он встретится сразу же после окончания турнира c командой Норвегии (""Хоффенхайм""). 30 мая состоится матч между сборными",1,0
129964,Футболист вложил в это дело 330 миллионов рублей.,0,1
129976,"Отвечая на вопрос учеников, Господь показывает вместо причины цель, для которой этот человек родился слепым: ""Не согрешили ни он, ни родители его"", хотя, конечно, как люди, они не безгрешны вообще, ""но это для того, чтобы на нем явились дела Божии"", то есть, чтобы через его исцеление открылось, что Христос есть ""Свет мира"", что Он пришел в мир для просвещения человечества, пребывающего в слепоте духовной, образом которой является слепота телесная.",0,1
129978,"На какие мысли может набрести девушка, захворав болезнью неясной и сложной На нее напал страх, и она не могла более овладеть собой.",0,1
129986,"на что бы я рассчитала, вбив в поисковике ""купи фен спБ"".",1,0
129998,"Ксеркс был сыном Дария I и Атоссы, дочери Кира Великого.",0,1
130017,"До женитьбы у него была только одна любовница — Барсина, дочь перса Артабаза.",0,1
130093,И у нас тут такая беда,1,0
130124,"Данный титул применяется для подчёркивания исторического старшинства Москвы как города, в котором впервые появился престол русского царя.",0,1
130145,Я схожу по психологическим консультациям,1,0
130313,"Назначения терапий должны основываться не на гипотезах, а на клинических исследованиях, подтверждающих эффективность.",0,1
130324,"Мальчик упал на выходе из подъезда дома, прохожие вызвали «скорую помощь», но спасти врачам его не удалось - он скончался в реанимации.",0,1
130351,Никто: Что выдерживает пирамиду?,1,0
130391,"RO культура должна быть перекодирована для того, чтобы конкурировать с «свободным» распределением, которое стало возможным благодаря Интернету.",0,1
130408,на территории Ковернинского муниципального района Нижнего Новгорода,1,0
130463,"по отчету 2015 г. фонд оплаты труда составил 3232 млн.руб., в 2016г.- 3932 тыс. руб.",1,0
130504,"Конечно, беженцев отправили в Багдад, после чего решили депортировать в Сирию.",1,0
130561,В общей сложности будет использоваться более 60 дополнительных машин из автопарка администрации.,0,1
130567,"Михаил Петрович приходит в ярость, бледен, измучен, сам едва узнает своего брата, точно в тяжелой болезни.",1,0
130588,"Непредставление или представление не всех документов, предусмотренных пунктами 6.19, 6.20 настоящей подпрограммы.",1,0
130615,"Индекс промышленного производства по итогам 2017 года составил 118,1%.",0,1
130643,Заявление и прилагаемые к нему документы и копии документов должны быть заверены печатью индивидуального предпринимателя либо юридического лица и подписями уполномоченных лиц.,0,1
130666,"По мнению Айхенвальда, Тургенева легко читать, с ним легко жить, но он не хочет волноваться сам и не хочет, чтобы беспокоились его читатели.",0,1
130671,"История джихадистов, Салафитов и ваххабитов появлялась ярким параллелем с современными джихадистами,салафитами и ваххабитами.",1,0
130693,"Он пытается убедить группу в том, что он всего лишь пытался «спасти ребёнка».",0,1
130714,Отделение было основано 15 марта 1947 года путем объединения отделения Эбара и старого отделения Синагава.,0,1
130840,Идеология и кампания партии являются основными направлениями его деятельности.,0,1
130850,"Немощь Клавдия, возможно, спасла его от чисток во времена правления Тиберия и Калигулы; враги не видели в нем серьезной угрозы.",0,1
130880,"Гавин Лонг выбрал авторов серии, и эти номинации были одобрены правительственной комиссией.",1,0
130899,"Назначенные лица, пожелавшие вступить в него членами, будут рассматриваться закрытой баллотировкой.",1,0
130919,"Сейчас расследуется фильм о устройстве, которое записывало разговоры в кабине пилотов.",1,0
130946,"Начальник штаба дивизии Агаджанов привел целую толпу народа, в том числе многих раненых и раненых, а также несколько раненых. Сейчас идут всякие пертурбации, пока еще неизвестно, расформируют нас или пошлют на формировку.",1,0
130963,Он очень заинтересован в японском языке.,0,1
130985,"По середине недели, когда шла Неделя, 16 марта считался последним днем, когда я был в Петропавловском.",1,0
131017,Во время еды не читают.,0,1
131021,Прогноз развития системы социального обслуживания населения в рамках Подпрограммы N 2 сформирован с учетом:,0,1
131030,Оба и Ролинг и Мейер обращаются непосредственно к молодежи.,1,0
131048,Porteus можно даже установить в другую систему без необходимости создания нового раздела.,0,1
131138,"На улицах её города не было ни цветов, ни деревьев.",0,1
131219,"Сделал мне скрытый упрек — в связи с тем, что я до сих пор не перевел его для «Universal-Bibliothek».",0,1
131260,"На 2 января 1939 года, вместе с семьёй, он переехал в Нью-Йорк.",1,0
131327,Там нет туалетной бумаги.,1,0
131336,"Это масштабное событие во многом определяет будущее России, каждого из нас.",0,1
131396,"Темп роста объема платных услуг населению в среднесрочном периоде прогнозируется на уровне 83-91,6% (по Нижегородской области - 100,7 - 102%).",1,0
131407,Он также работал в обсерватории Mount Wilson.,1,0
131415,"Толпа останавливалась в облаке пыли и неподвижна, пока поездка не скрылась совсем из глаз.",1,0
131493,Достоевский не попал в пантеон официально признанных советской властью писателей — среди барельефов на зданиях советских школ его портрет отсутствует.,1,0
131534,Эта краска с маслом 17-го века.,1,0
131576,Вместе с рациональным подходом к банковской и финансовой политике это позволило вывести банковскую систему Казахстана на более высокий уровень развития.,0,1
131608,"Первый парад Красной Армии. Москва, Июль 1924 г.",1,0
131701,Сцена представляет очень бедную комнату.,0,1
131725,"""Белоруссия"" намерена выплачивать Газпрому 150 долларов за тысячу кубометров, что соответствует среднегодовой цене на газ в 2009 году.",1,0
131805,Оплачивать в четверть должен был быть как международный студент по нерезиденту,1,0
131853,"В условиях дефицита персонала, характерного в России для многих медицинских служб, дефицит медицинского персонала ощущается в первичной онкологической связи.",1,0
131876,"Тренер ""Тоттенхэма"": ""Все игроки - герои, но Моура был супергероем"".",0,1
131937,Или вместо действующего павильона появится новый?,0,1
131960,"Тем более по камышам противник стрелял из миномета поблизости (на левой дороге), были слышны крики, стоны.",0,1
131967,почему у них такие гей вайбы я второе лето жду когда они начнут встречаться,0,1
131989,"Но если из АК могу уложить две-три пули, то тут первая в мишени нужна поводка.",1,0
132081,"С приходом нового поколения ""бюрократическая этика"" перестанет быть лицемерием и потеряет свой смысл?"".",1,0
132096,Комодо - один из 17 508 островов в Республике Индонезия.,0,1
132183,"Есть доктор, который говорит по-японски?",1,0
132244,Вы были хорошими солдатами.,0,1
132247,Что может со мной случиться из-за наших больных белых братьев?,0,1
132265,"Электронные версии справочников, описей дел и архивных документов на взломе на сайту администрации города Протвино.",1,0
132277,"По состоянию на 2013 год в России было зарегистрировано около 6,5 тысячи предприятий. Крупнейшие из них:
1) АвтоВАЗ (более 430 тыс.), выпускающий легковые и грузовые автомобили; 2-е место - УРАЛЗавто (-153тыс.) 3)-Гидроавтомобильный завод (+128т.); 5-) Уралтрак,-2шт.; 7.-АвтоЗАВТ(259 т.). Кроме того, были открыты заводы ""Промтехнологии"" по производству металлоконструк",1,0
132320,Никто еще не видел ни в один телескоп планет в других солнечных системах.,0,1
132335,"В порту спекуляции, не разглашая ящиков, продают их друг другу, плача вдвое, узнавая, что они останутся в больших барышах.",1,0
132406,"Мы должны урезать наши расходы, чтобы сэкономить деньги.",0,1
132409,"Савва снова стал участником студенческих товарищеских собраний, сообщил эксперт.",1,0
132456,"Схожу с ума от химии. С утра до вечера глядела в химию и, казалось, ничего не понимала. В душе — разбитые иллюзии, вера в счастье, в руках учебник в 500 страниц, такой неудобоваримый.",1,0
132459,Вечером его видели приходить из Пскова. Пален.,1,0
132568,"В среднем годовой коэффициент загрузки гостиниц области до 43,8 %; это составляет 43,4% от общей средней плотности загрузки гостиниц.",1,0
132578,Ты можешь это сделать.,0,1
132606,У власти находились испанские Керенские и Милюковы.,0,1
132631,"Он считал, что всё это служит рождению новаторских исследований и продолжению развития науки в будущем.",0,1
132654,В ночь с 28 на 29 января 2014 года Россия усилила процедуру таможенного контроля.,0,1
132674,"По некоторым вопросам, связанным с реализацией программы ""Устойчивое развитие сельских территорий"", может быть предоставлена отдельная справка или аналитический отчёт.",1,0
132687,"Перекинутый из Сестрорецкой верфи корабль ""Орел"" встанет рядом с Исаакием в перспективе развития этого направления (рис.).",1,0
132781,Animal Logica и Mode Studios работали над многими частями Эго.,1,0
132842,В течение 2017-2019 годов необходимо организовать и провести:,0,1
132858,"Россия подписала около 30 договоров, меморандума и контрактов с Пакистаном.",1,0
132887,"Первый взрыв вызвал интенсивный пожар в первом отделении, ударная волна перешла во второй.",1,0
132898,Количество выявленных эпизоотических очагов определяется по данным мониторинга Главного управления ветеринарии в соответствии с полученными положительными результатами (экспертиза или протокол испытания) лабораторных исследований на АЧС в ИЦ;,0,1
132942,Я схватил со стола план и тряс ему перед носом.,0,1
132948,"Кажется, будто все эти семейные драмы написаны не о русском народе.",0,1
132980,"В свою очередь он не считался с чувствительностью своих коллег, что могло показаться расчётом или властолюбием.",0,1
132982,Я буду там на месяц и на неделю.,1,0
132985,"Вы знаете, что означает ЮНЕСКО?",0,1
132989,Приказываю сегодня ночью ворваться в Берлин первыми.,0,1
133009,Никто не любит войну.,0,1
133018,он был дисквалифицирован на один день за красную карточку и на три — за попытку атаковать судью.,1,0
133075,"СМИ: Смерть Джорджа Майкла ""необъяснимая"", но не вызывает подозрений.",0,1
133120,"Согласно классификации ГГО им.Воейкова на территории области можно выделить три зоны потенциала загрязнения (IV, V, Vа).",0,1
133149,"В МВФ назвали ""стабильной"" российскую банковскую систему.",0,1
133155,Это ясно как дважды два.,0,1
133245,Мои оценки улучшились по сравнению с первым семестром.,0,1
133292,"Джастин Теру сыграл небольшое камео в роли Итана Чейза — известного гостя, приглашённого на шоу Мюррея.",1,0
133339,"Пьер де Ферма утверждает, что у него есть доказательство того, что впоследствии стало известно как последняя теорема Ферма.",0,1
133413,"Знаете вы этих забитых трудом и бедностью старушек, которые встречаются иногда на улицах, в кухмистерских и присутственных местах в дни выдачи пенсий Почему-то все они маленького роста, ходят в стареньких бурнусах и убогих шляпках, смотрят на все робкими, недоумевающими глазами и возбуждают мучительную жалость своим покорным видом.",0,1
133457,кошмар минхо так часто отправляет фоточки и видео сундундори что у меня уже такое ощущение как будто это мои собственные коты которые за тысячи километров от меня,0,1
133475,"«Тиражарование в последнее время якобы сделанных мною высказываний о олончах - бессовестно, лживое и обреченное на провал, в чем бы оно ни заключалось.",1,0
133486,"Правовые акты находят меры, направленные на достижение цели и задач подпрограммы?",1,0
133492,Эффективные доли UCP и Trafigura в EOL равны 24 % каждая.,0,1
133502,Минсо обеспокоено заявлением Климкина.,1,0
133645,"вышел Святогор и, схватив меч, крикнул: ""Отпу",1,0
133665,"В случае непринятия кардинальных мер по усилению противодействия преступным посягательствам, уровень преступности, в расчёте на 100 тыс. населения, будет ежегодно увеличиваться более чем на 50 преступлений, рост нераскрытых преступлений предположительно будет составлять 1300.",1,0
133681,"Мне пришлось приехать в Украину из провинциальных городов, но играл у Корша, Казанцева в театре Неметти, У Зазулина в Панаевском.",1,0
133723,Слух о смерти Франца Иосифа и германского посланника неверен.,0,1
133769,"Было только шесть предыдущих случаев, когда президент Германии отклонял законопроекты. В большинстве случаев речь шла о менее важном законодательстве.",0,1
133798,"У синих беретов, с черными вусиками, все жвави, как хлопчаки.",1,0
133800,"С 1863 года это движение организует временные выставки по всей России, развивая независимое русское искусство и противопоставляя его академической живописи.",0,1
133806,"Джон слишком толстый, чтобы быстро бегать.",0,1
133807,"По прогнозу среднеспотового ветра, в течение суток местами по Республике Коми ожидается усиление северо-западного (2 м/с) и западного воздушных потоков.
Прогноз неблагоприятных метеорологических явлений для автомобилистов на автодорогах Республики Марий Эл: гололедица; налипание мокрого снега с дождем или снегом снежной крупой - 0 см., образование наледей – 1см.; подъем уровня воды рек до критического значения 5–7 метров над уровнем моря при температуре воздуха от +1°С днем 2 января 2016 года составляет",1,0
133809,"Скрытое соперничество между Деникиным и Колчаком, несомненно, существовало, хотя внешне они всегда демонстрировали взаимное уважение. Правительство Франции выразило Колчаку своё удовлетворение объединением усилий Востока с Югом и назначением Сазонова, пользовавшегося авторитетом в дипломатических кругах Антанты.",1,0
133814,В состав флота будет поставлена БС-136 «Оренбург» из ракетоносца К-129 проекта 667БДР в 1996-2002 годах.,1,0
133825,"-- По крайней мере, министр здравоохранения, -- сказал он любезно, -- если шеф позволит, вы можете поселиться в реанимации!",1,0
133838,По итогам проведения анализа индекса эффективности дается качественная оценка эффективности реализации подпрограммы:,0,1
133847,Не менее девяти человек погибли и 67 ранены при столкновении поездов в Пакистане.,0,1
133856,"Oh, Sae-young, «Чтение первой поэтической коллекции Oh Sae-young Again – Fall 2», Siansa, 2003.",1,0
133894,"Также полезно, что собака всегда имеет какой-то способ информации, способный помочь в его идентификации и возвращать владельцем в случае потери.",1,0
133914,"В целом же на охрану лесов от огня в дальневосточных регионах выделяется почти 5,8 млрд рублей – в 1,7 раза больше, чем в этом году.",0,1
133928,"1487 - Первое  взятия  Казани:  казанский  хан  Ильхам  после  осады  сдался  воеводам  Ивана  III (Царь  Казань  брал  через  65  лет,  Иван  III стал  Вели",1,0
134016,"Во втором разряде российского актера Антона Воронского оказался лучшим в истории российского искусства, а в третьем разряде занял Г. Козлов (3 очка), 3-е место занял Н. Галкин (7 очков) и 3-е место — Г. Михеев (3 очка).",1,0
134051,"Barrett, Paul M.; Butler, Richard J.; Mundil, Roland; Scheyer, Torsten M.; Irmis, Randall B.; Sánchez-Villagra, Marcelo R. A palaeoequatorial ornithischian and new constraints on early dinosaur diversification (англ.) // Proceedings of the Royal Society B : journal. — Лондонское королевское общество, 2014. — 6 August (vol. 281, no. 1791). — P. 1—7. — doi:10.1098/rspb.2014.1147.",0,1
134053,"Структура ДПМ включает в себя Женскую организацию, Демократическую Молодежь, Организацию пожилых людей «Сокровище Нации» и местных избирателей.",0,1
134084,Le sentiment de securite est perdu.,0,1
134132,Мне нравится это синее платье.,0,1
134140,"утром я писал открытки, помещая свинью в первом месте.",1,0
134198,"Для достижения этой цели предусматривается создание и совершенствование материально-технической базы для проведения занятий в группах.
В целях создания условий, способствующих формированию здорового образа жизни у студентов образовательных организаций высшего образования (организационных единиц), организуемых на базе высших учебных заведений среднего профессионального или дополнительного общего образований: организация спортивных соревнований; проведение культурно – досуговых мероприятий по направлениям деятельности образовательной организации с привлечением студенческой молодёжи к занятиям физической культурой - спортом среди обучающихся данной ООУ ; оказание консультативной помощи студентам о проведении спортивно оздоровительных программ, направленных как минимум частично либо полностью",1,0
134287,"Я листаю ленту, стараясь пропускать новости и твиты в связях с расстроением",1,0
134298,Что ты будешь делать в следующем году?,0,1
134302,"Профилактика ресоциализации и социальной адаптации лиц, освобожденных из мест принудительного содержания и лиц, без определенного место жительства и работы.",1,0
134333,"Если не выполнять своевременно или не выполнять вообще комплекса по содержанию дорог, то результат будет стоить существенных экономических и временных затрат.",0,1
134335,организация строительства и содержания муниципального жилищного фонда;,0,1
134499,"Снова и снова пытаясь его включить, Сэм опять испытывает видения.",1,0
134595,"Он был в полном уме, затмений и головокружений уже не было, но руки все еще дрожали.",0,1
134658,В январе у меня экзамен.,0,1
134659,"Игра похожа на игру Pazzle Bobble/Bust-a-Move, но с несколькими ключевыми различиями.",1,0
134661,б) свидетельство о браке (на неполную семью не распространяется);,0,1
134680,"Хьюитт стал очень известен после главной роли в фильме ужасов «Я знаю, что вы сделали прошлым летом» (/ O1997 / O).",0,1
134690,Агентство отвечает за алжирскую космическую программу.,0,1
134713,В районе Караганды упала ракета третьего этажа и спутник.,1,0
134757,Она также поддерживает право на возвращение или компенсацию для палестинских беженцев.,0,1
134770,«Новый год к нам мчится скоро все случится».,1,0
134802,"Согласны, что СП все равно остается самым выгодным предложением на рынке и относительно невысокую стоимость.",1,0
134892,"Я не мог вспомнить ни одного человека похожего калибра, обладающего таким же радостным темпераментом.",0,1
134894,"В сериале «Назови моё имя», в котором Уолтер Уайт заключает сделку с представителем мексиканского наркокартеля и произносит знаменитую фразу «Назови мое имя».",1,0
134895,В связи с законами мелодрамы много внимания уделялось цыганам. Паразиты и паразиты паразиты.,1,0
134899,увеличение объема оплачиваемых услуг на душу населения;,1,0
134952,"«Но кажется, что я невольно перемещаю воздух.",1,0
134958,"Что касается меня, то мне пока сказать нечего.",0,1
134982,"В Серпухове будущего царя уже ждал пышный шатёр, который мог вместить в себя несколько сот человек, царская кухня и челядь.",0,1
135005,"И, честно говоря, в этом трейлере имеется тонна потрясающего здорового дерьма.",0,1
135040,"Чистота в ЦП ЦК великолепна, все блестит, все выглядит нарядно и богато.",1,0
135041,Казахстанцы третий раз за неделю выехали убирать кукурузу в Россию.,1,0
135057,Бесплатная регистрация была открыта в конце ноября.,1,0
135224,"Эксперты отмечают, что число руководителей и педагогов муниципальных организаций дошкольного образования, общеобразовательных организаций и организаций дополнительного образования детей, прошедших в течение последних трех лет повышение квалификации или профессиональную переподготовку, в общей численности не превышает 10%.",1,0
135286,"с учетом проводимого мониторинга ситуации в Республике Северная Осетия-Алания в текущем г. МоногородаХимнасия в текущем календарном году на монопрофсоюзных муниципальных местах в Нижегородской области зафиксирована стабильная финансово-экономичекая ситуация,",1,0
135336,"Евгений Кафельников не завершил групповой турнир Masters Cup, сообщает Sports-экспресс.",1,0
135341,"Я не понимаю, почему нож здесь.",1,0
135363,В ПАСЕ приняли историческое решение относительно России.,0,1
135367,"Заключенный в еврейском лагере «Шура» обвиняется в контрреволюции, а его жена — тонкое создание с лицом кроткого ангела. И-на в таком же неведении, как и я. Его весь лагерь знает за шутки и жестокость.",1,0
135371,Мы худший кошмар для всех в хип-хопе.,0,1
135386,Контрольно-пропускной пункт на шоссе прошел с левой стороны.,1,0
135464,"Отбор в социальные услуги не требует новых моделей управления социальной инфраструктурой, развития рыночных механизмов, конкурентной среды, партнерства с организациями гражданского общества.",1,0
135474,"Мужчина отдал письма семье, брату и матери.",1,0
135490,"В ноябре 1997 года начальный шаг был сделан в приобретении Национального кредитного банка - BCN, присутствующего на бразильском рынке с 1929 года.",1,0
135501,Какой же он глупый мальчик!,1,0
135594,"Легочанка была на границе с персидской границей, в Городизе.",1,0
135601,"Физик и физик Эйнштейн пришли к выводу, что нелепо привлекать понятие эфира для наблюдения только для того, чтобы доказать невозможность его наблюдения, а глубже — в кинематике.",1,0
135622,"В Москве дядя Володя отметил 62 года, здесь, в Кабуле переводчик Азим Юсупов отметил 23-летие.",1,0
135635,Генеральный директор ПАО «КАМАЗ» Сергей Когогин и руководство компании выражают глубокие соболезнования родным и близким погибшей.,0,1
135651,"В сентябре выпускаются клип, а затем сингл «Benzin», одноимённая песня с которого войдёт на следующий, пятый альбом группы.",1,0
135677,"- Пишут, что с 1 апреля смартфон будет стоить",1,0
135711,"После потери отца, Диб в 15 лет начал писать стихи.",0,1
135726,Эта политическая поддержка была единственным возможным выбором его представителей.,1,0
135757,Около трети добываемого угля отправляется на экспорт.,0,1
135761,снижение расходов городского бюджета без наращивание муниципального долга Ессенток.,1,0
135763,"Они были включены, чтобы высмеять страх британской и американской публики перед подсознательными сообщениями на телевидении и в музыке.",0,1
135786,Сам же Таран вскоре сошёлся с другой женщиной из своего села.,0,1
135818,Е.И.Степанков,1,0
135873,Не все студенты против этого плана.,0,1
135881,Выбрызнул меду 1 пуд 25 фунтов из разных магазинов.,0,1
135895,"До сих пор кажется, что у каждого барона их сын.",0,1
135940,Ну и как ты не могу,1,0
135945,В США при крушении легкомоторного самолета погибли четыре человека.,0,1
135991,Я бы хотел когда-нибудь увидеть тебя снова.,1,0
136086,Российские власти отрицают вмешательство.,0,1
136146,"Единственная женщина в Дизраэле, которая поддержала проведение парламентской реформы, которая удвоила количество избирателей, так как многие городские рабочие получили право голоса. Она не поддерживала идеи дать право голоса женщинам. Правительство Дизраэли просуществовало несколько месяцев, и в конце года премьер-министром стал его соперник из либералов Уильям Гладстон.",1,0
136181,"Комментаторы больше обращали внимание на слабость соперников и удачу, сопутствовавшую французам на турнире, нежели на какие-либо выдающиеся достоинства команды Жаке.",0,1
136196,"Джон К. Гугин в статье ""Пузырёк биткойна и плохая гипотез"" заявляет, что ""Биткойны являются лучшим примером чистящего пузыря"".",1,0
136205,"удовлетворительные потребности населения на предоставление информации из государственных архивов Удмуртской республики и других государственных архивных фондов, хранящиеся в архивных отделах Администрации МО «Малобургинское сельское поселение».",1,0
136250,Эту историю мне один друг рассказал.,0,1
136271,Они действительно принимают странную свободу отчетности.,1,0
136282,"Президенты России и Белоруссии Владимир Путин и Александр Лукашенко приняли участие в открытии памятника Советскому солдату под Ржевом. В 1942-1943 годах на этой территории велись ожесточенные бои, в ходе которых, как подчеркнул российский лидер, погибли, получили ранения и пропали без вести более 1 млн 300 тыс. человек.",0,1
136307,"пятнадцать рублей крошечный флакончик, не пузырь, а флаконик, - маленькая бутылочка без горлышка, не бутылка, а пузырь.",1,0
136311,"В каком именно причине распространение беспризорности, безнадзорность несовершеннолетних",1,0
136343,"Кроме того, могут возникнуть сложности при уведомлении акционеров о проведении ежегодного собрания.",0,1
136347,"Российский гонщик команды АРТ Сергей Сироткин занял второе место в первой гонке десятого этапа GP2 в Малайзии. Победу одержал Антонио Джовинацци, который вышел в лидеры чемпионата. Россиянин Артём Маркелов сошёл с трассы ещё на установочном круге.",1,0
136360,Испанка в Советской России // Российский музей медицины.,0,1
136399,Приднестровье (Украина) (неопр.).,1,0
136421,Он получил 8 из 15 голосов совета.,0,1
136429,"Внешность, Внешность, Внешность, Внешность, Внешность, Внешность, Внешность.",1,0
136444,"Первым заявление на него написала сожительница побои, оскорбления, конфликты – все это девушка подробно описала.",0,1
136479,"у постели умирающего встретил тревожный вопрос Сергей Дмитриевич Тальский свою кузену, вернувшуюся из Грузии.",1,0
136540,"Смирение не мой удел.    
              
Пронзительные Витины стихи: «Нам не знать своего птицелова».",0,1
136599,"Великое княжество - это страна, главой государства которой является великий герцог или великая княгиня.",0,1
136607,Ты когда-нибудь играл в бейсбол?,1,0
136609,"В понедельник на Бурштынскую теплоэлектростанцию поступили первые вагоны с углем из Польши. По словам директора по коммерческой деятельности энергохолдинга Виталия Бутенко, до конца октября на ТЭС ДТЭК планируется поставить 100 тыс. тонн угля газовой группы из Польши, что позволит компании иметь запас прочности по производству электроэнергии на случай дополнительной нагрузки.",1,0
136610,"Маша хороша дома, а не в больнице. Другая жизнь.",1,0
136622,Никогда не путайте искусство с жизнью.,0,1
136682,", Целоваться, быть может, с ней он хочет, Что бы там с ней не делал.",1,0
136756,аресты «шпионов» — в Яньани все в постоянном напряжении.,1,0
136770,Его ошибка стоила дорого.,1,0
136806,"говорили, что его уже положили больной; через три дня он совсем ослабел, и врач запер его в отдельной каюте.",1,0
136845,"Японка в Москве На днях на Московских улицах появилась настоящая Японка, одетая в свой национальный костюм с непокрытой головой, украшенная причудливой пышной прической.",0,1
136859,"Глаза большие асимметричные, разные, синие и грустные, как и дети на рисунках, полулиц",1,0
136864,В 2014 году вручены премии победителям районного конкурса профессионального мастерства «Лучший работник культуры».,0,1
136867,"Лао Ган Ма, у нас с нами романтические отношения.",1,0
136872,Попытайся быть более рациональным потребителем.,0,1
136891,"В понедельник, завтра начинается последняя неделя с 9 лет.",1,0
136939,"Советская символика — пласт государственных и революционных отличительных знаков и изображений, олицетворяющих Советское государство и Октябрьскую революцию, которые использовались коммунистами и левыми на демонстрациях, в военных выступлениях красноармейцев, а также выполняли роль государственных символов Советского Союза.",1,0
136944,"""Нравится"" - не совсем подходящее слово.",0,1
137089,"Читаючи. Став робити ноту на берегах, -місцня не вистачає.",1,0
137115,В Петербурге обращено особое внимание на расширение мастерских.,0,1
137132,Версия 14 поддерживает распознавание текста на 192 языках и имеет встроенную проверку шрифта для 48 из них.,1,0
137148,Abandoned & Little-Known Airfields: Nebraska,0,1
137157,Есть много определений устойчивого транспорта и связанных с ним терминов устойчивых перевозок и устойчивой мобильности.,0,1
137175,"-- Добрый день, -- сказал он с трогательным и трогательным голосом, как бабушки, которые только что избили внуков блинчиков.",1,0
137181,"Иосиф Аримафейский и Никодим, попросив у Пилата погребения тела Иисуса, обвивают его плащаницей с благовонями до наступления субботнего покоя.",1,0
137214,Трансляцию вел «Россия 24».,0,1
137217,"Инициатива, выдвинутая в ноябре 1946 года, предлагает вернуться к старым ставкам в размере 0,75 на 1000 и 1%.",1,0
137225,"Позже левая часть тела растет за счет правой, которая в конечном итоге поглощается.",0,1
137229,Выплата единовременной материальной помощи почетным гражданам Артемовского городского округа (выплата единовременной материальной помощи почетным гражданам Артемовского городского округа) является одним из самых неудачных граждан Артемовского городского округа.,1,0
137245,"Ты собираешься уходить в школу или универ, а я нет.",1,0
137274,Я сделаю вид что ты студент,1,0
137281,"В 1964 году Фичтер опубликовал книгу, в которой предложил концепцию автоматического транспорта для районов с низкой и средней плотностью населения.",0,1
137283,У нас примерно один и тот же возраст.,1,0
137318,Зачем голову вопросами забивать!,0,1
137358,"Что бы ни случилось, к девяти ты должен быть здесь.",0,1
137382,"Китайская LeEco представила прототип своего беспилотного электромобиля, который так и не поехал на сцену в СанФранциско. Машину разбили по дороге из Лос-Анджелеса.",1,0
137410,Сборная Азербайджана по футболу является национальной сборной Азербайджана по футболу.,0,1
137464,".  Те и другие согласны, однако в конце второй волны защитную функцию человека обеспечивали антитела к таким же или близким антигенам вирусной сущности.",1,0
137548,Оба режима были обновлены в сентябре 1998 года для поддержки IPv6.,1,0
137550,"Невозможно снова останавливаться на полпути, тем самым усугубляя кризис, и тем не менее.",1,0
137569,"Хеллоуинские зверята пришли скрасить унылую осень 
Дальше расскажу про каждого подробнее:",0,1
137614,"Кто любит меня, тот любит и мою собаку.",1,0
137619,НА РЕАЛИЗАЦИЮ ЦЕЛЕЙ ГОСУДАРСТВЕННОЙ ПРОГРАММЫ КРАСНОЯРСКОГО,0,1
137639,"Сочи покупает голоса в конкурсе символов для новых купюр, чтобы получить бесплатный билет в сочинский дельфинарий. По последним данным, Сочи лидирует в конкурсе с большим отрывом. На втором месте Дальний Восток, который поддержали 300 864 россиянина. Казань, занимающая третью позицию, имеет 291 215 голосов.",1,0
137672,не удержалась и отвлеклась от пары чтобы прочитать свежие новости с гражданской войны,0,1
137687,"Когда это происходит, для них тема, можно считать, успешно завершена.",0,1
137708,Баджи пел на гитаре впервые за месяц.,1,0
137750,"Женщина, мать 21 г. болен первый день в 3 утра сильная температура.",1,0
137789,Природно-климатические условия Камлакского сельского поселения способствовали развитию сельского хозяйства.,0,1
137793,"Reception Foreman заработал более 150 миллионов долларов на продаже своих грилей, и это больше, чем он заработал как боксер.",0,1
137810,Мое чувство самосохранения велит мне бежать от людей.,0,1
137822,В начале верхнего мела жили теризинозавр Nothronychus и цератопс Zuniceratops.,0,1
137864,"В Нацгвардии заявили, что военные во время столкновений со сторонниками ""торнадовцев"" не пострадали.",0,1
137893,ответственность Получателя в случае невыполнения установленных значений показателей результативности.,0,1
137906,Паводок на юге Италии унес жизни более десяти человек.,0,1
137919,Как дела на рыбном рынке?,0,1
137938,Каменистая (приток Лидовки),0,1
137948,На изменение внешних и внутренних факторов оказывающих существенное влияние на социально-экономическое развитие территории муниципального района «Нерчинский район»,1,0
137958,На востоке Украины российские юристы и правоведы признают конфликт на востоке Украины вооружённым конфликтом внутреннего характера.,1,0
137974,Версия для iOS была выпущена 7 декабря.,0,1
138011,"В ходе июльского опроса населения исследовательский холдинг ROMIR Monitoring попросил россиян дать оценку работе депутатов. Респондентам был задан вопрос: ""Как бы Вы оценили работу Государственной Думы РФ в течение последней сессии?"" Респондентам был задан вопрос: ""Как бы Вы оценили работу Государственной Думы РФ в течение последней сессии?"" ""Скорее отрицательной"" или ""отрицательной"" работу думцев назвали 61 процент опрошенных. Каждый пятый респондент (21 процент) оценил работу Думы в той или иной степени положительно. Еще 18 процентов участников опроса затруднились ответить. Выше, чем в среднем по выборке, работу Думы в течение последней сессии оценили жители Приволжского и Уральского федеральных округов - 29-30 процентов. А наибольшее число негативных оценок было получено среди жителей Южного округа - 68 процентов. Несколько выше, чем в среднем по выборке, был процент недовольных деятельностью народных избранников среди пенсионеров - 66 процентов. Как свидетельствуют результаты опроса, с ростом уровня образования и дохода россияне чаще дают положительные оценки работе депутатов Госдумы. ROMIR Monitoring задавал своим респондентам аналогичный вопрос чуть больше полугода назад - в декабре прошлого года. За прошедшие семь месяцев число тех, кто оценивает работу депутатов положительно значительно  сократилось - с 35 до 21 процента. С 53 до 61 процента увеличилась доля тех, кто оценивает работу народных избранников отрицательно. В ходе июльского опроса населения ROMIR Monitoring перед тем, как предложить россиянам выставить депутатам оценки за их работу, попросил респондентов указать уровень своей информированности о работе Госдумы. Выяснилось, что хорошо информированы о работе Думы 4 процента россиян, еще 18 процентов сказали, что информированы довольно хорошо. 45 процентов ответили, что информированы не очень хорошо, и 32 процента признались, что информированы о работе Думы плохо. 1 процент участников опроса затруднился ответить. В опросе приняли участие 1600 респондентов в возрасте от 18 лет и старше, в более чем 100 городах и населенных пунктах России, во всех федеральных округах. Выборка репрезентативна для взрослого населения России. Статистическая ошибка не превышает 3 процента.",0,1
138068,Сколько же я нахожусь в изоляторе,1,0
138088,"В случае если муниципальными контрактами (договорами) предусмотрено авансирование проведения работ в общеобразовательных организациях с целью устранения предписаний надзорных органов, министерство образования Красноярского края перечисляет субсидию на осуществление предварительной оплаты в размере не более 30 процентов от суммы заключенных муниципальных контрактов (договоров).",1,0
138110,"Букмкерои сообщили о победе Украины в британском дерби, выиграв у Салы.",1,0
138115,"Согласно программе, предложенной Еврокомиссией для стран ЕС, беженцев должны распределять по странам Европы пропорционально количеству их жителей.",1,0
138207,Фред оставил своей жене большое состояние.,0,1
138325,"Как можно благодарить небо: утонченный художник, прославленный грядущим человеком,очаровательнейший юноша позволяет любить себя?",1,0
138445,Выходные в Москве оказались рекордно теплыми В среду ожидается похолодание.,0,1
138456,Розенберг говорила: «Мне нравится этот персонаж.,0,1
138494,"В послезвонковой эйфории Москва сливает своего ценнейшего агента влияния :            « Если на Россию поставят Роджанского , нам будет с кем разговаривать»",0,1
138506,"Аналоговый метод оценки соответствует средней стоимости инвестиционных проектов по модернизации коммунальной инфраструктуры с применением индексов-дефляторов для инвестиций в основной капитал, установленных Министерством экономического развития Российской Федерации.",1,0
138557,Около повалившейся *хатюшки на N-ской улице г. Орла стоит закрытый немецкий автомобиль «Мерседес».,1,0
138566,"Токийский оператор Вещательной корпорации Японии заметил, что станция Хиросимы перестала подавать сигнал в эфир. Оператор попытался вновь установить вещание, используя другую телефонную линию, но это также не удалось.",1,0
138580,В 1990-х годах RB211 был заменен двигателем Rolls-Royce Trent.,1,0
138607,"В Баку состоялась встреча солисток азербайджано-казахстанского гёрлз-бэнда «Turkiss» с представителями СМИ. По словам участниц коллектива, у них нет ощущения, что они в гостях.",1,0
138613,КДК РФС признал незаконным длительное содержание под стражей пятерых болельщиков ФК ''Спартак''.,1,0
138633,"Его же нигде не находили, значит, он либо утонул, либо был убит и ограблен, либо съеден лютыми зверями.",0,1
138650,"Организации бюджетной сферы – 483 человека (14,4%);",1,0
138669,Тебе лучше этого не делать.,1,0
138694,"В ней ученик разоблачает своего учителя-космополита и друг, не колеблясь, с гневом праведным исключает из жизни друга: ""...ты не можешь понять сущности литературы нашей, социалистической, не видишь ее превосходства перед литературой буржуазного Запада.",0,1
138704,Своим крепким здоровьем я обязан родителям.,0,1
138755,"Ряд ведущих игроков различных сборных получили травмы, которые не позволили им принять активное участие в чемпионате мира.",0,1
138851,"В Волгоградской области чиновники незаконно отказали 88-летнему ветерану Великой Отечественной войны в жилье. В местной администрации престарелого человека отказались признать нуждающимся в предоставлении жилого помещения без всякого на то объяснения. По словам самого пожилого человека, подпись в договоре купли-продажи его вынудили поставить обманным путем, а денег и вовсе не отдали.",1,0
138957,"Компании, работающие в потребительской сфере, и в дальнейшем будут оптимизировать свой ассортимент в соответствии со спросом населения.",0,1
138968,Двухкорпусный котел имеет П-образную компоновку и подвешен к перекрытию при совмещении каркаса здания с каркасом котла.,1,0
138975,"""Еще заражусь какой-нибудь неизлечимой скверной болезнью!"" '' - думалось мне.",1,0
139043,Милан - Павия (отдельная тетрадь).,0,1
139110,LVT-7 впервые был представлен в 1972 году в качестве замены LVT-5.,1,0
139112,Штаб-квартира команды была перенесена в офис Grupo Hispania в Мерсии.,0,1
139140,"В любом случае, мы должны закончить эту главу, прежде чем начинать следующую.",0,1
139153,"На этой странице указано время от 116 дней до 1157 дней или 3,2 года (107 секунд и 108 секунд).",0,1
139164,Что за парные обои надо заводить на смартфон,1,0
139166,"Полный текст 32-томной Британской энциклопедии (Энциклопедия Британии) опубликован в Интернете бесплатно, сообщает Reuters.",1,0
139170,То же относится к автомобилям на водороде.,0,1
139174,Мой день рождения совпадает с твоим.,0,1
139216,"Но не так худо бились козаки, чтобы можно было заглушить их удары.",0,1
139295,"Он рано почувствовал влечение к физике, однако из-за отсутствия гимназического диплома не мог поступить в русский университет, поэтому образование добывал, полагаясь лишь на собственные силы.",0,1
139318,"Один из них вызывает смех зрителей, но большинство всё равно ведёт ее в нестандартной интонации.",1,0
139387,Вы приняли правильное решение.,0,1
139397,"В рождественские дни по всей Грузии прокатился слух о том, что в городке Мцхета, недалеко от Тбилиси, можно загадать желание, которое непременно сбудется.",0,1
139408,"Если это EU, то что тут делает Лондон, а если нет, то где Москва)",0,1
139494,Какой температурный режим зимы затруднен?,1,0
139581,"b) участие в экономическом обороте объектов, в том числе земельных участков муниципальной собственности;",1,0
139591,"Головкин трижды отправлял американца в нокдаун, и после третьего раза Монро поднялся на ноги, но не захотел продолжать поединок.",0,1
139647,"Так или иначе, но в палатке разбитой на горе провели родовые процессы.",1,0
139695,"А прикиньте, прикол, если в России действительно есть люди, которые весь апрель сидели дома, а работодатель им платил за это полную заработную плату.",0,1
139755,"В 1988 году группа записала свою первую запись, called '88 Demo.",1,0
139794,Наконец-то мое желание было исполнено.,1,0
139811,Таблица 14 – Основные показатели развития здравоохранения,0,1
139820,"Особенности реализации подпрограммы, описание основных проблем реализации подпрограммы, анализ социально-экономических и других рисков реализации подпрограммы.",1,0
139846,", Мы тотчас же сняли обувь и пошли вверх.",1,0
139894,Стратегические направления развития кластеров в связи с переходом,1,0
139910,"Третье заседание — это публичное слушание, на котором обычно обсуждаются вопросы планировки.",0,1
139915,"Около 40% муниципальных электрических сетей характеризуются высоким уровнем морального и физического износа основного оборудования, а также негативным образом сказывается на надежности и качестве электроснабжения потребителей.",1,0
139929,"Сторонники «Тоттенхэм Хотспур» (и самого клуба) провели кампанию за открытие наземной станции рядом со станцией Нортумберленд-Парк, рядом с депо линии.",0,1
139970,В приведенном выше уравнении используется информация о составе родительских и дочерних изотопов в момент затвердевания материала.,0,1
139986,Продмаги почти ничего не отоваривают до сих пор.,0,1
139995,Эта книга содержит множество изображений.,1,0
140005,Сколько времени вы вчера делали?,1,0
140015,"При всем том, что я недостаточно воспользовался данным мне случаем и выраженным, хотя и под влиянием мимоходных впечатлений, доверием ко мне государя.",1,0
140042,"Папа Урбан II созвал совет, чтобы обсудить отправку Первого крестового похода на Святую Землю.",0,1
140053,Вагнер Лав прибывает в Россию на подписании контракта с армейцами.,1,0
140063,"В Семикаракорском районе зафиксирован уровень правовой грамотности руководителей и заместителей руководителей образовательных учреждений Семикаракаракорского района, прошедших обучение по реализации мероприятий антикоррупционного просвещения и воспитания в образовательных учреждениях (элективные, факультативные курсы, модули в рамках предметов, дисциплин правовой направленности).",1,0
140218,"Правительство долго не принимало документы на конкурс, а потом долго не могли назначить дату конкурса, из-за чего он постоянно переносился на другие места.",1,0
140315,Дождь заставил нас вернуться через час.,0,1
140389,"Девушка, которую охрана заподозрила в убийстве своей дочери, позвонила полиции из отеля.",1,0
140428,": Втрф, всего только что это было «январь», когда оно стало «феврал».",1,0
140441,"В Верховной Раде сорвано обсуждение военного бюджета Украины на 2017 год. Обсуждение было сорвано из-за отсутствия кворума. В результате Савченко пошла на встречу с представителями отдельных районов Донецкой и Луганской области, а депутат Юрий Береза поднял вопрос о неподобающем поведении коллеги.",1,0
140453,"В этой суре рассказывается о рождении Яхьи (Иоанна), сына Закарии. Закария просил Аллаха даровать ему сына, несмотря на то, что он стар, а жена его бесплодна. Затем в суре рассказывается о благочестивой Марьям и о том, как она родила Ису (Иисуса). В суре приводится история Ибрахима (Авраама) призывавшего своего отца к единобожию и отречению от идолопоклонства, а также рассказывается о беседах между ними об идолах и искушениях шайтана. В этой суре указывается на пророков из потомства Ибрахима, то есть на Исмаила и Исхака (Исаака), а также на пророков из потомства Исхака (Исаака). Далее приводится история Идриса.",0,1
140473,"Мораль, захваченная одной идеей абстрактной справедливости, допускают только оборонительную, либо пассивную, либо агрессивную войну, либо вообще ничего.",1,0
140483,"Глава VIII На другой день, едва Андрей проснулся, вошел к нему Николай Федоров с извещением о прибытии гонца из Евсеевского.",0,1
140503,"Это одна из множества школ в Израиле, объединяющих христианское, мусульманское и восточное богословие.",1,0
140505,"Отомкнули золотую клетку, а в ней змеи, ящерицы и всякая гнусь. Отомкнулись серебряный и золотой сундук.",1,0
140521,Указания этих двух генералов состояли в запрете кому бы то ни было снова нарушать границу.,0,1
140556,"Во всех известных случаях N ≡ 2 (mod 8), то есть N-2 делится на 8.",0,1
140559,В Копенгагене появится федеральное агентство новостей.,1,0
140561,"Помилуйте, позвольте нам доложить, как же нам-то не знать!",1,0
140704,"Приятно, что оба игрока – воспитанники воронежского футбола.",0,1
140791,Федерация фристайла России объявила сбор средств на лечение Комиссаровой.,0,1
140811,"Белый лебедь несется, не сбегает на свидание",1,0
140825,"В Сосновском орсовском магазине на нестроганых прилавках лежит весь мир подлунный Коричневая кофточка, белые туфли с квадратным каблуком -- из ГДР, белые гольфы — из ГДР.",1,0
140912,"Как беден идеалами наш век — есть ли настоящие, умные идейные люди?",0,1
140994,"Автобус приехал, и нас не было.",1,0
141002,называютъ землію къ Востокy Леванту и плоды произрастающія въ восточных странахъ въ Востокъ Леванитами.,1,0
141076,«Тоттенхэм» под руководством Жозе Моуринью проиграл «Челси» в матче 27-го тура АПЛ. Бывшая команда португальца во главе с Фрэнком Лэмпардом огорчила Особенного уже второй раз за сезон.,0,1
141084,"После войны Раби продолжает исследовательскую работу, которая внесла вклад в изобретение лазера и атомных часов.",0,1
141093,http://www.doctorwhotv.co.uk/mummy-on-the-orient-express-advance-review-67357.htm,0,1
141155,", завтра еще не зима, ты в курсе??",1,0
141203,Несколько монстров и синий человек также делают то же самое.,0,1
141228,на территории района 10 котельных и 1 котельная на угле.,1,0
141265,Они будто считали меня своим.,0,1
141282,По мере развития кабельного и спутникового телевидения посещаемость кинотеатров продолжается.,1,0
141301,Фондовый рынок упал на 17 % во время кризиса.,0,1
141311,В целях обеспечения безопасности в ОМВД России по Томаринскому городскому округу направлено письмо об согласовании установки знаков на ограничение тоннажа и скоростного режима для транспорта.,0,1
141365,"Топ-100 лучших сериалов мира возглавил проект ""Друзья"".",0,1
141374,"Тройку лидеров закрыл правнук нефтяного миллиардера финансист Джозеф Гетти с женой Сабиной, дизайнером ювелирных украшений.",1,0
141466,"Суд Суд счёл возможным рассмотреть их как административное правонарушение, и Хоган отделался условным сроком, исправительными работами и штрафом.",1,0
141530,: Цель: повысить уровень безопасности населения и сельскохозяйственных животных.,1,0
141579,"При составлении избирательного списка ""ВР"" Гайдар включил Головкова в головную часть списка.",0,1
141605,"В Петербурге веломаршрут пройдет мимо Павловска, Пушкина, вдоль Московского проспекта с выходом на набережную реки Фонтанки и Невский проспект.",0,1
141640,", Январь: Январь - А вот бы не простудиться.",1,0
141644,Настоящая подпрограмма содержит 6 основных мероприятий.,0,1
141645,Без его помощи я бы потерпел неудачу.,1,0
141726,"Неудивительно, что с моим отъездом все пошло прахом.",0,1
141805,«Расистский» ответ президента Франции Эммануэля Макрона на «план Маршалла» оказался в центре скандала из-за одного заявления по Африке. Пользователи социальных сетей посчитали ответ Макрона «расистским».,1,0
141806,"Указ о сохранении заработной платы распространяется на всех, и каждое предприятие руководствуется им самостоятельно.",0,1
141834,"Затрачено около 0,5 млн. рублей, приобретено оборудование на сумму 348,7 тыс.рублей.",1,0
141887,"пора ""прощаний"" —
им сентябрь говорит,
«пора прощаний»:
вам будет легче.",1,0
141919,смотрите редравчик ху тао слева август 2021 а влево февраль,1,0
142073,"Финны передали Гёте свою библиотеку, а также рукописи его сочинений.
Наследник престола Фридрих Вильгельм III был женат на принцессе Елизавете Шведской (1800–1904) из рода Вюртемберг-Готторпских; он имел от этого брака двух сыновей – Фридриха и Карла Вильгельма Прусского(1796— 1851). Его второй сын принц Георг Карл родился в 1840 г., когда ему было только 4 года: это была самая младшая дочь Георга Шарлотта София Мария Луиза Виктория Августа Фредерика Елизавета Доротея Александра Кристина Элеонора Екатерина Анна Каролина Элизабет Амалия Мари Тереза Евгения Изабелла Беатриса Иоганна Генриетта Людвига Маргарита Эмилия Антония Елена Юлия Франсуазика Фелицата Эвелина Каролин Альбертина Констанция Австрия Леопольдина Ангальтская принцесса Катарина Ульрика Эльза Фридерикус фон Гогенцоллерн Эрнст Антон Франц Генрих Август Герман Готфрид Филипп Альберт Густав Эмиль Рудольф Фердинанд Отто Эдуард Адриан Альбрехт Августин Феликс Иосиф Виктор Христиан Ханс Кристиан Юлиус Александр Кристоф Константин Максимилиан Роберт Эрнест Теодор Альфред Оскар Юлий Павел Николай Станислав Янош Ян Масарик Ярослав Йозеф Игнацы Микулаша Милан Иосифович Владислав Вашек Карел Стефан Витольд Франциск Бенедикты Мартин Лютер Христофор Колумб Фриц Штрассеры Яков Краммель Давид Лейзер Моисей Соломон Маркграф Иоанн Каспар II Конрад Валленрод Геррман Евгений Богард Петер Вольфганг Пфеффер Рихтер Зигмунд Круппенштейн Арнольды Ганс Бернер Курт Вальдек Эрик Штайнгардт Рудигер Тротгендорф Артур Лангемак Арвид Марсельский граф Хельмут Граф Адельгейм Графинь Эльжбет Баварские князья Магдалена Саксонское герцогство Герцогиня Люксембург Жанна Антуанская Королева Испании Жозефина Испанские владения Королевы Франции Король Швеции Харальд VII Наследный Принц Венгрии Луи Наполеон Французкий император Священная Римско -католическая империя Император Германии Оттон I Великий Князь Литовскай ССР Польщскаго государства Императрица Австрии Епископ Любекй Империи Габсбург Пауль эрл Шварценберги Принцесса Алиса Английские королевы Ее Высочество королева Бельгии Женевьева Франция",1,0
142113,"Премьер Мали заявил РИА Новости, что за подготовкой террористических группировок, которые действуют в его стране, стоит Франция",0,1
142115,Вы не любите истории о любви.,0,1
142150,"США нарушают международную конвенцию, не давая российским наблюдателям наблюдать за ходом президентских выборов, считает член комитета Госдумы по международным делам Сергей Железняк. По его словам, агрессивная реакция властей США в отношении российских дипломатов выходит не только за рамки международных дипломатических правил, но и является прямой угрозой лицам, имеющим статус неприкосновенности.",1,0
142180,"Он взял несколько призов, один из которых, Asphalon, был захвачен Indefatigable 1 января 1799 года.",0,1
142208,"Я думаю, что привидения существуют.",0,1
142212,"Кроме того, в обращении находятся новые и старые копии.",1,0
142223,"- Так как ты систематически возглавляешь аспирантов, тебе нужно знать, как они получают неграмотные сообщения.",1,0
142240,"Для написания сценария американский кинорежиссёр, режиссёр и сценарист Стивен Кинг написал сценарий к фильму ""Голодные игры"" (The Gathering of the Dead), снятый по его сценарию. 
 Фильм был номинирован на премию Американской академии кинокорпораций за лучший фильм года среди документальных фильмов о войне[4]. В 2013 году картина была отмечена премией в категории лучшая анимация для детей от 6 до 12 лет.[6] Также она удостоилась премии Британского телевидения как Лучший детский короткометражный художественный проект 2014 год: её актёрская работа получила награды Национальной ассоциации кинематографических искусств Великобритании; премия также прис",1,0
142272,"Объект был обнаружен только в 1851 году, когда британские и американские исследовательские суда бросали якорь вблизи.",1,0
142336,"Розенко рассказал, когда повысят пенсии.",0,1
142345,К моему Семен привел машины [зачеркнуто: немного] другой до маяками пришлось посылать Федю.,0,1
142353,"Озеро Будановского длиной 5,175 км распространяется на озеро Будановск.",1,0
142401,"По старорусским традициям-обычаям не повелось с невестиной стороны сватовство зачинать, однако же многие купцы к Смолокурову свах подсылали.",1,0
142411,", однако, он продолжал петь. И почти в страсти.",1,0
142418,"Когда Кэрри прибывает к входной двери, никто не отвечает.",0,1
142711,", В одной из своих галлюцинаций персонаж Джокер управляет игроком, но недолго.",1,0
142748,"Более 150-ти граждан были убиты без суда и следствия, в том числе на глазах у детей.",0,1
142754,Здесь был старый храм.,1,0
142757,"К счастью, это не мешает другим чувствам, а, современем, может быть, и изменится.",0,1
142774,"- О! Я думаю, это ты, - тихо сказал Михеч, проснувшийся уже на пустой земле.",1,0
142783,"Заявление направляется в администрацию городского округа Сосноборо, оценку конкурсных заявок осуществляет федеральная комиссия.",1,0
142794,Причиной этого решения стало желание саморазвития.,0,1
142807,КОНЦЕПЦИЯ ПЛАНИРУЮЩЕЙСЯ ОРГАНИЗАЦИИ ОСНОВНЫХ Промышленных зон в городе Авог,1,0
142850,"В российском прокате «Здравствуй, Гнат!», «Где-то есть сын», «Шестнадцатая весна», «Двенадцать спутников», «Кольца славы», «Великая опора» и «Тишины не будет».",1,0
142863,Четвёртое лейбористское правительство также начало процесс реформы избирательной системы.,0,1
142885,Карр удивил большинство людей своей отставкой в 2005 году.,0,1
142956,Основной причиной стало строительство ЗДС.,0,1
142969,"""Писать о том, как я хотела, чтобы не было войны, чтобы все люди были счастливы и были братьями, по-моему, не стоит, ведь я не исключение из правил и хочу того, чего хотят все мои товарищи.",0,1
143002,Самые выгодные для вывоза з,1,0
143022,Углы наклона поверхностной воды рек от уровня моря до отметки в 0 градусов являются самыми распространенными у равнин с осадками менее 15% годовых,1,0
143054,"Свяжите меня с вашим начальником, пожалуйста.",0,1
143124,28 сентября 2014 г. в здание суда в Белый дом проникли 42-летняя Омар и 44-летний Гонсалес.,1,0
143191,"Президент Франции Эммануэль Макрон назвал справедливыми меры правительства республики, направленные на поддержку покупательской способности граждан на фоне подорожания электричества.",0,1
143245,Больше я ничего не знаю.,0,1
143259,"Зюзин покупал активы даже тогда, когда просил банкиров реструктуризировать долги в 2009 году.",0,1
143265,"спешат все, кому не лень, спешат, спекулируя на знаках, знаках отличия, знаке различия и знаке отличия.</",1,0
143298,", За февраль 2018 г. госдолги США выросли на $182 млрд, более чем на $325",1,0
143328,"Поел вкусно и сытно, а главное, братский делёж действительно был братским.",1,0
143408,В ряде государств региона пособие не меняется уже много лет при росте стоимости жизни.,0,1
143438,"Она сказала по-английски: -- Да, ты же говорил и теперь довольно свободно.",1,0
143496,"По словам исследователей, эта культура выросла на северо-западе Ирана и распространилась оттуда к югу и западу от бассейна озера Урмия.",1,0
143529,"По информации Крымского управления по гидрометеорологии и мониторингу окружающей среды, в пятницу на полуострове будет облачно.",0,1
143562,"написал Р.Д. Уотсон, в июне 2004 г.",1,0
143642,В июле 1943 года в Донской области произошла очередная битва между донской армией и атаманом Вильгельмом.,1,0
143643,"Это касается, в первую очередь финансовых ресурсов - сложности в получении кредита на данной стадии.",0,1
143779,Затем он получил звание майора и получил приказал разработать полуавтоматический пистолет для японских военных.,0,1
143846,"Кадровый потенциал муниципального образования ""Город Архангельск""
Список изменяющих документов(в ред. Постановлений Правительства Архангельской областиот 25 декабря 2014 г., от 29 ноября 2015 года N 726,с изм..2015 № 652) _________________________________________Утверждено постановлением ГубернатораАрхангельской обл.""Об утверждении перечня должностей муниципальной службы в муниципальных органах исполнительной власти и должностях руководителей (заместителей главных...",1,0
143847,"В составе дизайн-проекта благоустройства дворовой или общественной территории должны учитываться мероприятия по обеспечению физической, пространственной, информационной доступности зданий, сооружений дворовых и общественных территорий для инвалидов и маломобильных групп населения.",1,0
143902,Можно пойти пешком?,0,1
143970,"Я чувствовал почти непреодолимое желание убежать отсюда куда глаза глядят,ибо здесь было так страшно стоять одному перед лицом приближающегося кошмара.",1,0
144021,Что сейчас делает Кен?,0,1
144054,"Район обладает хорошим потенциалом по наращиванию производства сельскохозяйственной и продовольственной продукции, который в настоящее время недоиспользуется прежде всего, в вопросах развития животноводства.",0,1
144055,"Вдруг оглушительный выстрел раздался в карете, и Белка как подстреленная упала ничком к нашим ногам.",0,1
144059,"Чахотку в древнем Египте называли «семитской» болезнью, которая чаще наблюдается среди рабов и редко среди привилегированных слоёв населения. В наше время из костей мумий египтян, страдавших от костного туберкулёза, были выделены живые палочки Коха.",1,0
144090,Рим депортирует 40 000 лигурийцев в другие районы республики.,0,1
144169,"Спорил с Т.М., она: первое – человеконенавистница, второе – горой за немец[кую] власть.",0,1
144186,Хочешь поехать в кино в субботу?,1,0
144201,"Должно быть, мальчишка был негодяй, потому что убежал из дома своего дяди, чему тот от души был рад.",0,1
144210,"После обеда, Kirill went на picnic.",1,0
144222,Только мертвые видели конец войны.,1,0
144245,"друзья Кодзима не разделяют полностью его любовь к кинематографии и творчеству, больше занятые учёбой.",1,0
144268,Лизелотта от меня не получила ни строчки.,1,0
144273,Требования к отчету об исполнении мероприятий определяются методическими рекомендациями.,0,1
144324,"В 2003 году сеть GATSwatch опубликовала доклад с критикой, которая была поддержана более чем 500 организациями в 60 странах.",0,1
144409,Усыновление – это по-прежнему самая невостребованная из форм семейного жизнеустройства детей.,0,1
144463,Амбициозной цели ежегодно принимать 1 % от населения в качестве иммигрантов мешали финансовые трудности.,0,1
144498,Опасно плавать в этой реке.,1,0
144576,"НОВОСИБИРСК, 21 ноября. /ТАСС/. Фотовыставка #СеверныйКавказ_7историй, на которой представлены работы молодых фотохудожников регионов СКФО, открылась во вторник в Новосибирске. По словам заместителя генерального директора информационного агентства ТАСС Андрея Соколова, главная цель передвижной экспозиции - изменить мнение россиян о Северно-Кавказском федеральном округе и показать жителям России настоящий Кавказ.n""Эта выставка посвящена красотам, культуре, а главное - людям Северного Кавказа. Мы надеемся, что эта выставка позволит сломать сложившиеся стереотипы относительно Северного Кавказа и будет способствовать тому, чтобы сибиряки в том числе захотели туда съездить и посмотреть, какой это удивительный и красивый край"", - отметил Соколов.nОткрытие выставки в центре Новосибирска прошло при поддержке министерства культуры региона. Как отметил министр культуры Новосибирской области Игорь Решетников, экспозиция дает возможность заочно увидеть самые красивые места Кавказа.n""У нас есть уникальная возможность посмотреть своими глазами, какой красивый Северный Кавказ. Я там был неоднократно и представляю, какие люди там замечательные. Они гостеприимные, добрые и очень любят, когда к ним приезжают в гости. И это все можно почувствовать, если поехать туда отдыхать"", - сказал он.nЭкспозиция будет работать на площади Ленина по 10 декабря 2017 года. На выставке представлены работы молодых фотографов из семи регионов Северного Кавказа, в том числе из Чечни, Дагестана, Ингушетии и Северной Осетии. Все художники постарались с помощью фотографий показать красоту и разнообразие родного региона. Среди работ - пейзажные зарисовки, портреты, виды исторических памятников и современных архитектурных объектов.nВыставочный проект #СеверныйКавказ_7историй стартовал в Москве, всего его увидят в 15 больших городах России. Серию работ уже оценили жители Омска, Екатеринбурга, Волгограда и Нижнего Новгорода. Фотовыставка проходит при поддержке Министерства РФ по делам Северного Кавказа и информационного агентства ТАСС.",0,1
144626,"Книга была переиздана в 1572, переведена на французский язык (Eustace Vignon, 1579).",0,1
144705,В Пеновском районе создание условий для поддержки и развития малого и среднего предпринимательства;,1,0
144766,В качестве одной из главных причин испанского валютного кризиса 1937 года был отмечен вывод золотых запасов Банка Испании в Москву.,1,0
144790,"Очень часто лошади мчали легкую кошеву по горам и долам, по замерзшим рекам и среди тайги, сверкавшей на солнце в серебряном уборе.",1,0
144815,"Того, кто сначала наливает чай, а потом молоко, англичане попросту сочтут невеждой в кулинарии.",0,1
144891,Все общеобразовательные учреждения области получили доступ к образовательным ресурсам сети Интернет.,0,1
145059,"Сталиным на Манежной площади получил эпизод с главой ""Большого"" шоу.",1,0
145061,"Против цитокинового шторма и других иммуносупрессоров испытываются и другие препараты, в том числе тоцилизумаб. Однако решение о применении этого препарата является сложным и предполагает принятие взвешенного решения с учётом преимуществ противовоспалительного действия и негативного эффекта от вмешательства в работу иммунной системы.",1,0
145124,Он побывал в Италии для изучения музыки.,1,0
145134,С формированием патриотизма и гражданской ответственности принято вести гражданские ценности и формировать российскую идентичность.,1,0
145142,Школа с избирательным участком сгорела на Камчатке.,0,1
145159,Индивидуальный «дуктус» больше не может оправдать поверхностную и иррациональную ссылку на нередактированное сознание.,1,0
145160,"И, думая, что уже не и никогда больше будет, как было тогда.",1,0
145198,"второе – болезни органов пищеварения (9,0%), третье место – болезни глаза и его придаточного аппарата (5,3%).",0,1
145236,"Я не люблю лживых поповских языков, Мариетт, смазанных сверху правдой.",1,0
145265,Ястремская установила личный рекорд в рейтинге WTA.,0,1
145327,Все водители прошли инструктаж по правилам вождения в осенне-зимний период.,0,1
145331,", в среднем, установка на ликереводочном или винодельческом заводе стоит от 1,30 миллиона до 1,35 миллиона рублей.",1,0
145380,"Вы сейчас увидите, что это за место!",0,1
145419,Целью плана было стимулирование более чем 5 млн фермеров бросить фермерство.,0,1
145488,"Юсупов, Харис Мунасипович — мастер спорта РСФСР по национальной борьбе куреш (1960), первый чемпион РСФСР по борьбе куреш.",0,1
145494,"Как это вписывается в то, что нашли другие исследователи?",0,1
145499,"По словам собеседницы, юристы уже признали, сумму, названную строительной компанией завышенной, однако шансов выиграть суд у ответчиков немного.",0,1
145548,Мы боимся опоздать на поезд.,0,1
145586,"Основная оборонительная позиция Антверпена была защищена бельгийцами, в десяти километрах от города.",1,0
145663,"Одной из важнейших составляющих бетонной смеси является песок. Для приготовления бетона можно использовать практически любой природный песок. Важнейшим ограничением при использовании природного песка является ограничение на наличие в составе песка глины или глинистых частиц. На прочность бетона мелкие (глинистые) частицы влияют очень сильно. Даже незначительное их количество приводит к существенному снижению прочности бетона. Поэтому при отсутствии природного песка без глинистых частиц имеющийся в наличии песок улучшается (обогащается) с помощью следующих процедур: промывки песка; разделения песка на фракции в потоке воды; выделения из песка нужной фракции; смешивания песка, имеющегося в зоне выполнения работ, с привозным высококачественным песком.",0,1
145667,В то же время негативное воздействие на экономический рост в консервативном сценарии будет оказывать слабый внешний спрос на товары российского экспорта.,0,1
145682,Украина пообещала компенсировать Крым российской собственностью.,0,1
145685,"Как мечта школьника об учебном дне, состоящем из одних перемен.",0,1
145727,Я оставляю эту книгу?,1,0
145758,Основными целями агрохимического обследования являются: определение состояния и динамики плодородия почв,1,0
145773,Причиной стало плохое техническое состояние и отсутствие средств на ремонт.,0,1
145798,"Потом она проводила меня на троллейбус, сейчас страшное время.",1,0
145822,"Основной объем жилищного строительства обеспечивается в Нарянском Маре, р.п. Поисковики, The Indiga",1,0
145883,Он покидает Осмонда и присоединяется к Мерлину.,0,1
145916,"За исключением психических способностей, эти способности обычно случайны; редко у двух людей один и тот же набор сил.",1,0
146030,(И какое нам до этого дело?)).,0,1
146118,Все идут войска Красной Армии на фронт под Екатеринослав.,0,1
146150,"Гкал за счет снижения потребительского спроса на теплоэнергию, отказ индивидуальных потребителей от отопления.",0,1
146180,Разве мало зла на земле и без этого?,0,1
146186,"Мистер Митчел потребовал, чтобы я заплатил оставшиеся деньги к концу недели.",0,1
146305,"Внутригородской железнодорожный транспорт воспользуется этой же выскоскоростной линией для подъезда к станции Туапсе, Сочи, Адлер и Аэропорт в Адлере для дальнейшего использования классического железнодорожного, авиационного и морского транспорта.",1,0
146402,у кого есть собака срочно скиньте в реплаи фотку своей собаки я умру если не увижу собаку прямо сейчас,0,1
146443,В один прекрасный день его поймали бабушкины.,1,0
146462,"Экономическим эффектом реализации муниципальной программы является минимизация ущерба, наносимого жизнью и здоровью граждан, преступной и иной противоправной деятельностью.",1,0
146467,Теперь настала моя очередь.,1,0
146472,"Понимая, что транспорты не имеют достаточно времени до рассвета, Танака запросил разрешения выбросить их на берег.",0,1
146475,"Нечаянно он пошел бродить и не видел и не слышал, как она вошла.",1,0
146518,Они начали изучать этот вопрос.,0,1
146556,Тест-драйв и хардбол Впоследствии они стали двумя наиболее долговечными франшизами Accolade.,1,0
146610,"На 1,6 км производительность равной ADSL2+.",1,0
146716,"Все это трудно согласовать в одном композиции», — говорит критик Валери Перфилиев.",1,0
146729,"В 1993-94 был членом Госкомитета РФ по делам гражданской обороны, чрезвычайным ситуациям и ликвидации последствий стихийных бедствий.",0,1
146787,"Это несерьёзно, я не в обиде на него.",0,1
146810,В последнем арбитр принял решение остановить поединок. Головкин в очередной раз защитил титул чемпиона мира и нанёс Адаме первое досрочное поражение в его карьере.,0,1
146815,"Российский политик Март Хельме проживает в двухэтажной вилле, стоимость которой оценивается в 209 000 евро. Дом был постоен в 1997 году. В распоряжении политика находятся бассейн, сауна, джакузи и четыре спальни. По словам соседа, Хельме не был замечен ни в чем необычном.",1,0
146850,"По мнению политика, в Кремле это тоже понимают.",0,1
146853,"Одна из них – демографическая структура, которая представляет собой распределение населения по полу, возрасту, брачному и семейному состоянию.",0,1
146895,Маркес и Пакиао ранее встречались в мае 2004 года и в марте 2008 года.,1,0
146959,"Толстой в ""Войне с чехами"", обращаясь к участникам русско-турецкой войны 1877 года назвал её Отечественной войной.",1,0
146967,"День автомобилиста - это профессиональный праздник не только водителей, но и всех тех, кто добросовестно трудится, выполняя свой профессиональный долг. Автомобили стали скоростным транспортом, благодаря чему мы имеем возможность преодолевать огромные расстояния и добираться в самые недоступные уголки мира.",1,0
147003,"Несовершенство системы сбора и удаления бытовых отходов ведет к захламлению территорий населенных пунктов района, образуются неорганизованные свалки бытового мусора.",1,0
147070,"Его обыкновенно за такие ответы считали полубезумным; он это знал, но мало беспокоился.",0,1
147072,Однако эта демонстрация человечности и юридические шаги являются двумя различными вещами».,1,0
147107,Памфлет: Народ — соборная личность или правовая машина государства?,0,1
147144,Эти поверхности имеют положительное второе число Бетти.,1,0
147160,"Он отказывается купить Джимми адвоката, но обещает помочь по-другому.",1,0
147168,Во время немецкой оккупации в Эстонии Кивикас с 1941 по 1944 год работал в газете «Eesti Sõna».,0,1
147169,Пьеса стала сенсацией на Бродвее.,0,1
147173,"Криптонцам пришлось использовать свои передовые технологии, чтобы выжить.",0,1
147209,вот именно у меня в студаке написано студент хотя существует такой слово как студентка,0,1
147224,"У меня жена работает в Министерстве Здравоохранения в Бельгии. Она сказала - по закону, как закончится март, сразу же начнется апрель.",1,0
147234,Песков: опыт комсомола и пионерии пригодится Движению школьников.,0,1
147242,"В октябре 2006 года DreamWorks Animation объявила, что четвертый фильм выйдет в 2010 году.",1,0
147340,"Посредством данной системы мы предоставим гражданам современные услуги, как и в странах ЕС».",0,1
147350,"""Ведомости"": экономика войны - если начнется стрельба, то будет обвал и акций, и рубля.",0,1
147354,"после этого в список товаров AOL были включены игры, включая классические и гоночные игры.",1,0
147386,"По показаниям организатора ""БОРН""а Тихонова он познакомился с Александром Париновым по прозвищу «Румын» в конце девяностых, когда они входили в группировку наци-скинхедов «Объединённые бригады 88», которая занималась нападениями на мигрантов и погромам на рынках в Ясеневе и в Царицыне. В 2005—2006 годах Тихонов и Паринов участвовали в нападениях на антифашистов. 16 апреля 2006 года компания решила напасть на посетителей антифашистского панк-концерта, Тихонов и другие соучастники били Егора Томского, которому удалось убежать, а Паринов напал на Александра Рюхина, который был убит несколькими ударами ножа в голову и сердце. После задержания нескольких нападавших Паринов и Тихонов скрывались. Тихонов уже тогда планировал создание ультраправой боевой организации.",0,1
147394,1939 — Приключения Шерлока Холмса,0,1
147466,"Таня пишет, что Шурка Мостовенко умерла.",1,0
147495,"Конечно, любить Адмирала и желает ему поскорее выздороветь от ран.",1,0
147496,"В качестве дополнительного лечения также применяются агонисты и транскрибирующие препараты (бремол, пимафутин, рибутилриптилин, димедрол, тромбофенилриптиформ, метилпропирин, циклопритилин).",1,0
147524,"Статья 28 Хартии выполняет похожую функцию, что и поправка о равных правах (Equal Rights Amendment) в США.",0,1
147599,Православный митрополит Галицкий отобрал в пользу католического архиепископа все его земли.,1,0
147636,"Компания Apple начала презентацию нового смартфона iPhone 4S в своей штаб-квартире в калифорнийском городе Купертино.nМероприятие ведет новый гендиректор Apple Тим Кук, который стал преемником тяжело больного Стива Джобса, ушедшего в отставку в августе.nДо начала презентации Apple сохраняла интригу: станет ли новинка долгожданным смартфоном пятого поколения или же просто дешевым вариантом iPhone 4.nДизайн устройства практически не изменился, однако «начинка» включает в себя ряд новинок, в том числе последнюю версию программного обеспечения iOS 5, более быстрый процессор Apple A5, улучшенные фото- и видеокамеру с матрицей на 8 мегапикселей, более удобные настройки для работы с интернетом.nМобильная платформа iOS 5, предназначенная для смартфонов iPhone и планшетников iPad, станет доступна для пользователей уже 12 октября. По словам разработчиков, она включает в себя более 200 новых функций.nГлавные из них — полностью переделанная система оповещений, программа для обмена мгновенными сообщениями и медиаконтентом через интернет-iMessage, а также — для любителей пользоваться социальными сетями — популярный микроблог Twitter, интегрированный на уровне операционной системы.n«Мощность нового iPhone 4S в два раза выше, чем у iPhone 4, производительность графической системы в семь раз выше, чем у предыдущей модели», — охарактеризовал продукт старший вице-президент компании по маркетингу Филипп Шиллер.",0,1
147647,В 2011 году с приходом в клуб Вальтера Эрвити у Хуана появилось мало возможностей играть в команде.,0,1
147710,В минувшие выходные в Керченскую городскую больницу №3 завезли еще две тысячи доз.,0,1
147737,"Сегодня пострадавший на Катунском открыл стрельбу, прибыл домой.",1,0
147741,"""Крым"" наградили на культурном форуме в Петербурге как лучший военно-исторический фильм.",0,1
147758,Я был 18 лет.,1,0
147811,Слово и общее значение происходят от средневекового турнира или «турнира».,0,1
147832,Количество погибших от обвала моста в Генуе возросло до 38.,0,1
147854,Наконец-то пришёл надзиратель и забрал его.,1,0
147877,"Назван повышенный интерес английской разведки, что вызвало ""повышение"" внимание на военном вопросе.",1,0
147963,"На Кузнецком, в Газетном, на Мясницкой, в Мясницкая в таких сугробах, в которых могли нырять наши предки в своих возках. А Петровка! Все эти заколоченные досками окна магазинов! И всюду, всюду шуршат и скрипят салазки.",1,0
147977,В Германии назвали новую главную угрозу для НАТО.,0,1
147987,"(Reese, 1943, pp. 49) Эти различия в ответах отражены в альтернативных подходах к измерению.",1,0
147989,начал точить. Так и ходил в угол с уголком.,1,0
147995,завершить подготовку документов территориального планирования всех муниципальных образований Емельяновского района;,0,1
148056,Рядом с моим домом есть церковь.,1,0
148133,"Правительство Елизаветы было более мирным, за исключением восстания северных графов в 1569 году, и она смогла уменьшить власть старого дворянства и расширить власть своего правительства.",0,1
148140,Клубных формирований в Бородинском сельском поселении Приморско-Ахтарского района в 2017 году увеличилось на 5 единиц их деятельности охвачено 125 человек.,1,0
148147,Президент Венесуэлы Николас Мадуро призвал армию поддержать его и не допустить государственного переворота.,0,1
148162,Ожидаемые изменения затронут следующие направления:,0,1
148216,"Считаете ли вы, что обвиняемый действительно виноват?",1,0
148256,"Он срочно улетел в море, на три дня на три — проститься не пришлось.",1,0
148358,"Вопреки преданию, он не был убит в Монако в 1278 году.",0,1
148398,"Однако длительное действие ультрафиолета способствует развитию меланомы, различных видов рака кожи, ускоряет старение и появление морщин.",0,1
148420,"Нужно не только перед людьми быть чистой, праведной, но и сердце свое содержать в чистоте и праведности перед своей совестью.",0,1
148457,Он также является базисом для WSIT.,0,1
148476,"Он заявил, что попросил вернуться, из-за Второй Ливанской войны и хотел быть ближе к своей семье.",0,1
148514,"Около 20 пассажиров стояли на левом крыле, которое было над водой.",0,1
148527,На этом всепьяном царстве трудно выбрать шахтёров в перспективе партизан.,1,0
148574,Киев заплатит за газ лишь после согласования цены.,0,1
148685,"вернулся один с самого утра, чтобы спасти Милей, и вернулся с Милом.",1,0
148774,"Новак Джокович впервые одержал победу в финале ""Ролан Гаррос"".",0,1
148789,"Названо седьмое седьмой преступление, которое нераскрылось.",1,0
148827,Книга для всех и ни для кого.,0,1
148913,"Категория ""собственность"" замещается ""принадлежностью"".",0,1
149099,"С учетом возможностей местного бюджета, администрацией МО ЗАТО город Заозерск выбрана стратегия перехода от светильников с лампами ДРЛ и ДНАТ к светильникам со светодиодными лампами.",0,1
149104,«What’s up with popup ads?».,0,1
149113,Он также получил золотой медаль Оппенгейм Той Портфолио 2004 года и несколько других наград.,1,0
149118,Зубатый трёхпаловый окунь стал причиной исчезновения одного из крупнейших видов млекопитающих в современную эпоху.,1,0
149124,Он даст концерт 3 марта в Москве. Он даст свой концерт в клубе «Космонавной зал».,1,0
149220,"Когда твои коты отказываются спать на полу, их коты не могут спать.",1,0
149236,"Это приводит к тому, что весна наступит уже быстро.",1,0
149269,"Ã зуннджин (ç Ã a, ç Ñ ') обозначает «квадратные футы».",1,0
149298,"С тех пор я ее люблю и ловлю каждое ее движение и нарочно задерживаюсь в госпитале, чтобы задать ей какой-нибудь пустой вопрос, чтоб просто видеть ее и слышать.",0,1
149308,Сведения о распределении объемов финансирования Программы,0,1
149328,24 февраля 2012 года Cash Money Records подписал контракт с Limp Bizkit.,1,0
149336,"Москва не признала ""ЕР"".",1,0
149360,"детишки во дворе играли 
уткнувшись каждый в свой смартфон 

© bazzlan",0,1
149368,"Таким был участковый, каким давно не видели его в деревне, и учитель Владимир Викторович покосился на него.",0,1
149380,"Доброе утро, девочки и мальчики",1,0
149389,Основные мероприятия муниципальной программы «Обеспечение безопасности жизнедеятельности населения и территорий Краснодарского края»,1,0
149403,"Не забудь взять зонтик на случай, если",1,0
149423,Для достижения целей и решения задач подпрограммы необходимо реализовать основное мероприятие.,1,0
149435,"Министерство сельского хозяйства и продовольствия представило в Правительство Московской области на утверждение не позднее 1 июня года, следующего за последним годом реализации программы, итоговый отчет о ее реализации.",1,0
149445,"многие заводы и даже фабрики остановились, так как нет сырья и энергетических ресурсов, а сельское хозяйство снова вернулось к мелкому хозяйству.",1,0
149453,; Социалистическая партия поругалась уже с социал-реформистами из- за крайних скамеечных мест.,1,0
149492,"Что же, я ему, матушка Евгенья Семеновна, разрешили?",1,0
149530,"Гольдберг, С. «Act to Action in Plautus 'Bacchides,' Classical Philology 85.3 (1990), стр.",0,1
149543,"МТС попросила ФАС разрешить покупку сотового ритейлера ""Телефон.ру""",1,0
149547,На каждый свой вкус.,1,0
149593,Антонов: Система защиты прав человека в РФ соответствует современным реалиям.,0,1
149648,Координация деятельности министерств происходила в рамках Комитета министров на заседаниях которого часто присутствовал сам император.,0,1
149657,"В программе обучения не было ничего, имеющего отношения к военному делу, что не помешало Павлу им увлечься.",0,1
149681,"В обоих случаях забастовки закончились с выгодой для рабочих, администрация должна была пойти на уступки.",0,1
149689,"Акционерное общество «Российские железные дороги» впервые обнародовало данные о доходах своего президента. В 2015 году руководитель компании Олег Белозеров заработал 86,2 миллиона рублей, сообщается в пресс-релизе РЖД. Отмечается, что эта сумма складывается из дохода по основному месту работы (в том числе за период работы в Минтрансе), дохода от вкладов в банках, а также доходов от продаж квартиры в Санкт-Петербурге, земельного участка и жилого дома в Ленинградской области. Последняя сделка составила почти половину от общей суммы годового дохода Белозерова. Также приводятся данные о доходах супруги Олега Белозерова. В 2015 году они составили 19,443 миллиона рублей. Эта сумма включает в себя как доход по основному месту работы, так и доходы от ценных бумаг, вкладов в банках и продажи автомобиля Lexus RX350. В собственности супруги президента РЖД находятся три автомобиля, а также квартира в Москве площадью 193 квадратных метра, а также машино-место 14,4 квадратного метра. Несовершеннолетняя дочь Олега Белозерова не имеет дохода и какого-либо имущества. В ее безвозмездном и бессрочном пользовании находится квартира в Москве площадью 193 квадратных метров. Олег Белозеров был назначен главой РЖД 20 августа 2015 года. До этого он занимал должность первого замминистра транспорта. В 2014 году премьер-министр России Дмитрий Медведев обязал работников государственных органов, отчитывающихся о семейных доходах и имуществе, размещать эти данные на официальных сайтах компании.",0,1
149690,"Французский банк Societe Generale подал в суд на британскую еженедельную газету Mail On Sunday за статью, якобы нанесшую вред его репутации. Об этом сообщает The Guardian. В статье, опубликованной в августе 2011 года в газете и на сайте издания, утверждалось, что банк находится ""на грани катастрофы"". Автор статьи отмечал, что банк оказался в ""тяжелом финансовом положении"", из которого он не сможет выйти без помощи французского правительства. В Societe Generale назвали эти сообщения клеветой и заявили, что статья нанесла ""существенный урон"" репутации банка. Вскоре после публикации Mail on Sunday удалила статью с сайта и опубликовала опровержение. Однако представители Societe Generale отметили, что не были удовлетворены извинениями британской газеты, поскольку текст опровержения было сложно найти на сайте, а в самом издании он так и не был опубликован. Банк потребовал от издании компенсации ущерба, нанесенного статьей. В газете отметили, что все извинения уже были принесены, и что издание не собирается выплачивать никакую компенсацию. Группа банков Societe Generale, основанная в 1864 году, является одной из крупнейших в Европе. Несколько месяцев назад ряд СМИ действительно сообщал о затруднительном положении, в котором оказался банк. В частности, в сентябре этого года стало известно, что Societe Generale сократит 2 тысячи своих сотрудников в России в связи с ухудшившимся финансовым положением.",0,1
149698,"Убивают там, где я бывал до или после.",0,1
149708,"Кроме того, MC Rage & Andy Gangadeen также участвуют в жизни группы.",0,1
149709,Он этого не знает.,0,1
149743,"Цена акций ""Интер РАО"" на Московской бирже выросла на 14%.",0,1
149822,Юми очень хорошо говорит по-английски.,0,1
149846,Финансовые и имущественные ресурсы составляют экономическую основу деятельности органов государственной власти области.,0,1
149875,"Белорусские власти намерены обсудить проект изменения государственного герба. Так, чиновники предлагают подкорректировать размеры его деталей, а также цвет элементов, сделав его менее «кислотным». Кроме того, Россия на изображении внизу герба будет заменена на Европу.",0,1
149893,Ничего особенного праздничного не было за исключением улучшенного 2-го блюда в обед.,0,1
149901,"К 1898 году население Клондике достигло 40 000 человек, что грозило голодом.",1,0
149917,"Сложное переплетение нитей, сплетенное из множества маленьких узелков.
— Ты что? — спросил я удивленно.— А ты как думал! У меня все узлы на виду и всегда в руках... И не вздумай их распускать!!! Это опасно для тебя!.. Ну вот видишь: теперь тебе стало гораздо легче дышать… Так зачем же портить такой замечательный подарок?!.. Я ведь еще могу пригодиться?.. Если только смогу найти способ сделать так чтобы этот браслет стал невидимым,— добавил он с улыбкой.- Но это будет очень непросто!... Как думаешь?- Он протянул руку к браслету-«невидимке», но вдруг замер от неожиданности.... В его",1,0
149923,Регулярные физические упражнения полезны для здоровья.,0,1
149938,"Савоська вышел из кабацкой двери и быстро спрятался, на его месте показалась согнутая фигура заводского мастерового с запеченным лицом.",1,0
149941,Я разумею сушу и на ней много масличных мест.,1,0
149942,"Он хороший церковник, спросил Баклавский, уже одетый в китайский.",1,0
149954,В 2016 году открыт новый детский сад «Золотой ключик» в п. Новостройка на 140 мест.,1,0
150018,БЕЗ ОБИД! но я не доверяю людям которые не любят май тайм,0,1
150047,Я с трудом в это верю.,0,1
150099,"Я не собираюсь рассказывать личные истории, когда пишу музыку.",0,1
150118,"Схоластический спор между реализмом и номинализмом был такого же содержания"".",0,1
150200,В товарном наполнении потребительского рынка содействуют.,1,0
150209,"И я мог бы попросить корреспондента Елену Малик написать репортаж о том, как появился на свет ее сын Данила.",0,1
150217,"В Палкином трактире произошли свидания в Палкином трактире, разрывание компрометирующего письма и т. п.",1,0
150237,", возобновление техники в сочетании с заменой традиционных технологий новыми-большими и затратными.",1,0
150254,"Он сказал, что это не шлягер, а «непонятная лирика», и она не пойдёт во времена диско.",0,1
150265,Судно Swarte Arent было единственной потерей на шведской стороне; его экипаж был спасен.,1,0
150311,Он провёл сотни лет в поисках Селены.,1,0
150328,Акира хорошо играет в теннис.,0,1
150374,"Около 400 протестантских конгрегаций проводят службы на всей территории страны для сообщества, которое быстро растет в последние десятилетия.",0,1
150414,"Оговорюсь только, что это достаточно компактные структуры, — добавил он.",1,0
150437,"Это скорее дедушка, потому что диктон был явно предназначен старому Пичто Твердичичу, что Кудик собирался прямо похоронить его.",1,0
150441,На Гайдаровском форуме – 2013 выступило свыше 250 экспертов из 38 стран мира.,0,1
150480,"часто возникают так называемая «муха» — ощущение звука в ушах внезапно резко появляется в виде усиленного звука с усилением акустического диапазона и громкостью, переходящей в «писк",1,0
150492,"Во сне вижу Арсения Тарковского, я прохожу через комнату, где он сидит и из шерсти вишнёвого цвета что-то вяжет.",0,1
150517,"Ломаченко и Линарес устроили ""битву взглядов"".",0,1
150611,"Несмотря на то, что его называют ""Пусть яблока,"" она посвящена не только яблокам, но и другим плодоносным культурам.",1,0
150615,"Президент Азербайджана хорошо осознает, что новая авантюра приведет к новому поражению.",0,1
150624,"Я знаю, что Вы богаты.",0,1
150675,"В будущем Сцена станет искусством лишь в будущем, теперь же она лишь борьба за будущее.",1,0
150688,"Ни одна из фракций или закрытых заседаний никогда не существовали вне общей дискуссии"".",0,1
150749,"Наверное, потому что ПРИНИПП НЕ предназначен для детей / О..",1,0
150835,"(от греческого «птенчик» и kÃndÃr) - это цвет, разновидность воробьиных яиц, обитающих в Новой Гвинее.",1,0
150882,"Граф Петр Игнатьевич пошутил: «Говорю, поеду завтра и постараюсь показать себя в самом отталкивающем свете», - пошутил граф Петр Игнатьевич.",1,0
150929,"Как продолжают настаивать учёные, в любом научном открытии нет ничего ни хорошего, ни плохого.",0,1
150944,Цены в эти дни высокие.,1,0
150985,"В основном публикует переиздания, книги, которые больше не публикуются их оригинальными издателями, часто — находящиеся в общественном достоянии.",0,1
151003,"По результатам проведенных аукционов было заключено 63 договора, выданы разрешения на установку и эксплуатацию рекламных конструкций на 861 рекламное место.",0,1
151022,Аналогичная немецкая программа была начата в 2004 году.,0,1
151057,Пьяный помощник депутата изнасиловал женщину в здании парламента.,0,1
151066,"Источники, находящиеся на склонах горы Рейкьяфьялл и в значительной степени в районе сельскохозяйственного университета, становятся все более мощными.",1,0
151067,"Тэйлор, скорее, напоминает серийного убийцу, и ему вменялось в вину множество военных преступлений и преступлений против человечнсти.",1,0
151072,Он всегда теряет свой сотовый.,0,1
151117,"При финансировании реализации подпрограммы финансово осуществляется за счет средств Ременского муниципального района, Московской области, Российской Федерации и внебюджетных средств.",1,0
151151,Я потеряла смысл ориентации в снежном буре.,1,0
151173,Они чем-то кормились на земле и только в случае тревоги взлетали на деревья.,0,1
151213,"Генеральный секретарь ООН Антониу Гутерреш, бывший премьер-министр Португалии и Верховный комиссар ООН по беженцам, впервые за все время назначен на эту должность. Это уникальная возможность получить часть функций, которые она была наделена на момент ее создания.",1,0
151255,Минфин ожидает рост реальных доходов жителей района более чем на 5% с развитием искусственного интеллекта до 2024 года;.,1,0
151263,Примите мои соболезнования в связи со смертью вашего отца.,0,1
151268,Территория сельского поселения составляет 3227 га.,1,0
151304,"- Да, - отвечал Яз, - хотя я и знаю, что ты ни с кем не спал",1,0
151348,Неудачным побочным эффектом была потеря способности к выживанию в неводной среде.,0,1
151391,В первые дни сообщение о взрыве субмарины распространялось на сайт Кавказ-центр.,1,0
151394,"Я позабочусь о том, чтобы кто-то пришёл за тобой домой.",1,0
151400,нет я не собиралась с утра выть с того что мой кейпоп челик подарил своей семье свою игрушечную версию в виде кролика и теперь с ней играются его коты,0,1
151413,Часть этого убеждения укоренилась в моем собственном опыте.,1,0
151415,"в то время Свердловский район активно строились и развивались, появились такие районы, как Уралмаш.",1,0
151507,В то время он знакомится и оказывает влияние на Ангелуса Силезиуса.,0,1
151643,"А Гораций пел: «Carpe vitam, береги ее как плод».",0,1
151647,Новое здание построено напротив моего дома.,1,0
151686,12 апреля 1915 года М-5 совершил первый боевой вылет.,0,1
151747,"Акционеры крупнейшего российского автопроизводителя «АвтоВАЗ» приняли решение увеличить уставной капитал компании за счёт дополнительного выпуска 3,28 миллиардов обыкновенных акций. В результате дополнительная эмиссия составит 16,4 миллиарлов рублей.",1,0
151769,"За тринадцать лет прямого руководства республикой Гейдар Алиев не играл роли формальной коммунистической идеологии, а фактор реальной идеологии. Идеологический фактор роль не играл, вернее, играл роль не формальной, а реальной.",1,0
151804,Он ушел из своего дома в Лысьве и о его местонахождении не было известно почти год.,0,1
151821,Социальная стабильность в сельском поселении в настоящее время могут быть обеспечены только с помощью продуманной целенаправленной социально- экономической политики.,0,1
151843,"Глава ""Почты России"" назвал настоящую стоимость своей квартиры.",0,1
151853,"Восьмое отделение было отправлено в Буковину, а два других - в Трансильванию.",1,0
151873,"Как сообщает Агентство, мятеж был заранее спланирован и одобрен.",1,0
151908,"Книги — мои верные и доброжелательные друзья. Я один, совершенно один, только книги — мое верные друзья.",1,0
151922,Картинка моя изображает дворик в Москве в начале лета».,0,1
151941,Ты должен попрактиковаться в грамматике.,1,0
151997,Zp – запланированное значение показателей (индикаторов);,1,0
152037,Президент Индии является верховным главнокомандующим вооружённых сил.,0,1
152039,"В китайской провинцией Шэньси совершен массовый захват заложников, есть убитые и раненые(3).",1,0
152088,Материалы для болгарских древностей.,0,1
152095,"Иешуа моложе своего прототипа и не защищён от мира ничем. Прокуратор, страдающий приступами гемикрании, слышит: «Истина прежде всего в том, что у тебя болит голова, и болит так сильно, что ты малодушно помышляешь о смерти».",1,0
152141,"Например, Клаудия Петровна Морозов, 1912 года рождения, умерла в Боткинской больнице.",1,0
152193,"По происхождению, она родом с грузинами.",1,0
152219,"Вооруженная сирийская оппозиция взяла под контроль девять населенных пунктов в Сирии, включая город Дабик, заявили военные Турции. Успешная военная операция позволит сократить количество ракетных ударов с территории, подконтрольной ИГИЛ Анкара 16 — REGNUM.",1,0
152238,"Это, однако ж, поддается туго: он окончательно зажмурил глаза, даже слегка похрапывает.",1,0
152242,"Эти странные семидесятые, или Потеря невинности).",1,0
152296,Концерт было опять на репетиции в клубе.,1,0
152336,В разрушенных мастерских нельзя проводить провод.,0,1
152402,Что от вас в нормальном состоянии было ясно.,1,0
152406,Богатый торговец удочерил мальчика и сделал его его наследником.,1,0
152431,"В сети появилось видео, на котором показано, как крупнейший спутник Марса Фобос превращается в «Звезду смерти». Специалисты считают, что в перспективе данное небесное тело всё-таки ждёт неминуемое разрушение — либо под воздействием приливных сил, либо непосредственно в результате «падения» на Марс.",1,0
152518,"Не смотри телевизор, пока ты не закончишь свои обязанности.",1,0
152598,По итогам расследований несчастных случаев и проведенных внеплановых проверок ответственные лица привлечены к административной ответственности в виде штрафа на общую сумму 2961 тысяч рублей.,0,1
152629,"Эти права могут быть важным механизмом, с помощью которого архитекторы могут защитить свои работы.",0,1
152696,Предоставление платных услуг – одна из основных задач МАУ «Спортивный парк «Алексеевский».,0,1
152712,"ведет три книги, ведет три приема, здесь останавливается только ночевать.",1,0
152716,"В редакцию листа из 11 декабря поступило сообщение, что уходит со своей организацией в числе 200 человек — пешком.",1,0
152738,"Робертсон, Монтгомери и Пауэлл отрицали, что были знакомы друг с другом и с другими подсудимыми до этого дня.",0,1
152773,"зима по-итальянски будет inverno.
а ад – inferno.

я чувствую этот язык душой и сердцем.",0,1
152980,Программы развития потребительского рынка в Приштинской области Курской области на 2016-2020 годы,1,0
153067,Отец мой происходил из семьи московских фабрикантов.,0,1
153153,"В Германию отправили в Германию целый эшелон, больше тысячи человек. Вот сегодня встал, попробовал ходить, и опять лег. На ногах стоять нельзя, а голова, что паровоз.",1,0
153166,"В большинстве случаев конфликты произошли потому, что в Сенате господствовали члены, назначенные предыдущими правительствами.",0,1
153179,"Сообщалось, что японский миноносец наткнулся на мину и умер вчера после Ляотешана.",1,0
153203,"Бостонская резня, Бостонское чаепитие и несколько ранних сражений произошли в городе или рядом с ним.",0,1
153220,Кинотеатр находится справа от ресторана.,1,0
153269,После войны все попытки увековечить память погибших евреев с использованием национальной религиозной символики жёстко пресекались.,0,1
153275,"1960 - Сенегал выходит из федерации Мали, провозглашая независимость.",0,1
153294,", утром были у пограничников-мореплавателей в Корсуме, порт.",1,0
153325,Распределение средств на мероприятия по благоустрению территорий населенных мест и осуществление дорожной деятельности по состоянию на 1 января 2019 года приведены в Приложении №2.,1,0
153340,"В Волгограде назвали наиболее комфортный для проживания район города. Большинство волгоградцев отдали предпочтение Ворошиловскому району благодаря его транспортной доступности, наличию инфраструктуры для детей и стоимости жизни. Наименее благоприятным был признан Красноармейский район, он небезопасный, грязный, имеет проблемы с экологией и транспортом.",1,0
153419,отличался великолепной техникой и один из первых начал отстёгивать пас,1,0
153424,"Ученики средней школы Палмерстон Норт Бойз в Новой Зеландии исполняют традиционный танец хака на траурной церемонии в память об умершем учителе, апрель 2016 г.",0,1
153471,Мне трудно ответить на твой вопрос.,1,0
153513,Это место обладает загадочной атмосферой.,1,0
153529,Даже мы - люди.,0,1
153537,": королева Виктория распространила слухи о леди Флоры, заявив, что королева распространила слух о ней.",1,0
153576,Поэтому необходимо обеспечить единое образовательное пространство в масштабах городов с вовлечением в него минимального количества проживающего на данной территории населения.,1,0
153595,Плохие новости быстро путешествуют.,1,0
153611,Российский историк не собирается извиняться за высказывания о Беларуси.,0,1
153736,"Тем самым, в действительности, был создан первый Парламент Азербайджана и заложена основа первой парламентской республики.",0,1
153758,Мне очень нравится эта фотография.,0,1
153792,"Важно!

Козы привязываются к людям также, как собаки и кошки.",0,1
153848,"Сегодня я получил от Николая Ивановича Александрова письмо из Тулы, он пишет, что шапку из Москвы приказал мне выслать. Шейблер заболел желчною горячкою.",0,1
153850,"Он сказал, что если бы у него было много денег, он бы купил словарь.",0,1
153855,какие коты какие волки я вас умоляю Чангюн ГАЛКА,0,1
153903,"Премьер-министр Британии Тереза Мэй заявила, что правительство опубликует ""белую книгу"" с окончательным вариантом плана по выходу Британии из Евросоюза.",0,1
153974,"Модель Белла Хадид стала гостьей презентации новой книги «The Art of Color» в Нью-Йорке. Девушка выбрала для светского мероприятия длинную прозрачную юбку, топ-бюстье с шортами и бра с вышитым названием бренда. Образ 20-летняя модель дополнила черными лодочками с острым ноком и широким чокером.",1,0
154003,"Россия - самое большое государство в мире, а Ватикан - самое маленькое государство в мире.",0,1
154101,"Открыт в 1752 году, он почти исчез во время режима Франко, но затем восстановился и сегодня тесно сотрудничает с CSIC.",1,0
154118,Все ученики должны уйти из школы к шести.,0,1
154128,"Видео с тремя девушками, одетыми откровенно и грубо, управляло сетью.",1,0
154168,"Одно из самых печальных недоразумений жизни заключается в том, что человеку очень редко удается жить подле близких и родных ему по духу людей.",0,1
154193,"Я обжёг язык, когда пил чай.",0,1
154227,"Многие христиане и евреи подвергались преследованиям, потому что поклоняться императору было против их веры.",0,1
154229,Он также начинает узнавать правду о своих новых способностях.,0,1
154233,«Мы все находимся в одинаковой ситуации — все живем в домах.,1,0
154256,Мбаппе был признан лучшим игроком этого матча.,0,1
154305,"Он расположен недалеко от Денс-Парка, дома соперников Данди ФК. ; эти два стадиона являются ближайшими футбольными площадками для пожилых людей в Соединенном Королевстве.",0,1
154325,я хотел пригласить теб в гости,1,0
154444,В Москве баррикады возобновляют.,0,1
154478,"Опрос проводился компанией VoxUkraine в 12 городах, всего в нем приняли участие 1205 респондентов.",1,0
154481,"Саудовская Аравия является почти полностью бессточной областью, временные водотоки образуются после интенсивных дождей.",0,1
154530,Впечатления от пребывания в остроге нашли потом отражение в повести «Записки из Мёртвого дома».,0,1
154551,"Твиттеры! Нашла двух каракулевых малышню и обоих мелкого, обезвешанного, но веселого и игривого! Нахожу",1,0
154570,"Он ест пищу, взяв её руками, а иногда недоеденное кладет опять назад в чашку (in patinam).",1,0
154592,"Дальневосточный форум предпринимателей «Бизнес на Дальнем Востоке: стратегия развития» пройдет с 6 по 7 октября в Хабаровске. Деловое мероприятие объединит около 500 представителей власти, деловых кругов, кредитных организаций, институтов развития, которые обсудят основные направления поддержки бизнеса на тематических секциях и дискуссионных площадках.",1,0
154634,"Он учится в консерватории, очень занят, часто опаздывает на занятия со мной.",1,0
154650,"Принимая во внимание ввод bipedes Hitler’s hoards, можно ожидать все худшее.",1,0
154674,"Не забудьте обо мне о товарищах Джудина, Осло, Стриганова, Цехова и Миша Ковриджина.",1,0
154690,"Эвакуация безработных матерей проводится без какой либо планомерности. Много женщин остается в городе, но зато из города уезжают целые семьи ([нрзб] с женою, дочерью и внучкой)",0,1
154691,", - заявил лидер РКП (б) Константин Долгов.",1,0
154698,Вы не хотели бы пойти выпить?,0,1
154782,"Движение «Талибан» (запрещенная в России террористическая организация) в течение недели озвучит полный состав правительства, которое будет руководить Афганистаном.",0,1
154800,"Я хочу, чтобы ты осталась здесь, пока я не вернусь.",1,0
154879,"Грезится мне, будто стукнуло страшно и взорвалось так, что весь остров с этими далекими церквями рушился.",1,0
154918,Спикер парламента Ирана считает слова Трампа о ядерной сделке неуважением США к ООН.,0,1
154958,В комнате находились различные предметы.,0,1
154978,Вирджин Атлантик получила иммунитет от властей и не получала никаких штрафов.,1,0
154980,"В его чертах соединялось выражение добродушия и хитрости; можно было поручиться, что этот человек никогда не проговорится.",0,1
154997,Еду в Елгаву на станцию для подготовки материала к погрузке в эшелон.,0,1
155041,Начальный очерк истории Азербайджана (Северного): При первых кесранидах персидская литература в Ширване достигла блестящего развития.,0,1
155071,"В Китае доход на душу населения в 2016 вырос до $3,47 тысяч.",0,1
155083,"За это обилие драгоценностей, навешанных на себя, [...]",1,0
155098,"Эти требования касаются любых непродовольственных магазинов независимо от их площади и месторасположения как в торговых центрах и комплексах, так и формата «у дома».",0,1
155191,"С наших фронтов абсолютно никаких известий! В России, по-видимому, полная разруха — и политическая, и экономическая, и общественная. Что-то будет?",0,1
155332,Проблема решилась сама собой.,1,0
155333,Apple уточнила цены на iPhone SE в России.,0,1
155361,А премьер акцентировал британское поведение по Сирии как «радикальный сдвиг»,1,0
155395,Сезон дождей начинается в июне.,1,0
155418,Киевский университет им. Шевченко передал свою часть акций в руки Насирова.,1,0
155428,На тот период он проявил себя как великий революционер и гигант.,1,0
155459,Мне всегда трудно вспомнить имена.,1,0
155511,Последняя поставка самолета -400 произошла 25 февраля 2000 года для CSA Czech Airlines.,0,1
155558,Везде был хороший ассортимент продуктов и товаров.,0,1
155613,"Хорошая новость. По словам лидера пропагандистской ""АННА-News"", Март Мусина, отбросил копыт глава кремлевских пропагандистских помойок «ANNA News» Марта Муссина.",1,0
155615,"Он вернулся в Иран в 1976 году, он был лишен гражданства за участие в акциях по ликвидации шах, тогда carried out Iran.",1,0
155674,"студент из Новосибирска помог мальчику спастись, упав с утеса на мель.",1,0
155836,Вы планируете участвовать в собрании?,0,1
155867,Скоро он сможет хорошо плавать.,0,1
155928,"Существуют утверждения о том, что Советский Союз был вовлечён во Вьетнамскую войну гораздо глубже, чем принято считать.",0,1
155933,Его площадь составляет 8329 квадратных метров.,0,1
155965,"Скрытное социальное обслуживание предоставляют 4 дома-интерната для престарелых и инвалидов, 16 стационарных отделений комплексных центров, 9 психоневрологических интернатов, 2 детских дома-интернатов.",1,0
156007,"В целом по краю раскрыты и ликвидированы 336 лесных пожаров. На пожарах огнем было повреждено более 4,5 тысяч гектаров леса (в прошлом году – 1 тысяча 670 га), что составляет почти 40% от площади края с учетом лесов в Сибири».
Как сообщает МЧС России со ссылкой на пресс-службу краевого ведомства «На тушении работало 939 человек личного состава из 149 населенных пунктов», всего за сутки пожарные потушили 244 возгорания общей площадью около 5 тыс км2 или 2%. За прошедшие дни удалось ликвидировать 236 возгораний общим",1,0
156041,Организация деятельности на местных автомагистралях,1,0
156080,"Я так рада тому факту, что мне кажется теперь смогу жить нормальной жизнью без ваших новостей.",1,0
156142,"Государство управлялись главами церквей, монастырей и архиепископов.",1,0
156228,"- 4 ребенка вывалил человек из машины в СНЕГ в Домодедове, что привело к гибели 4 человек.",1,0
156259,"В этих местах можно по праву водворяться ссыльных в местах, где нет наделов местных властей, с пятью домохозяйствами отделяющих его 3-д[еся",1,0
156367,Сюды надлежало оное составить. Ибо сказано: «любим Бога вся спешествуют»,1,0
156395,К участию в основном конкурсе «Кинотавра» в 2015 году было подано 73 полнометражных картин и 408 короткометражных работ.,1,0
156424,Космические лучи происходят извне Солнечной системы.,0,1
156446,"Каждый новый, как правило, более низкий ценовой класс поддерживается как почти независимая отрасль (рынок).",1,0
156448,"В этом разговоре снайдеркат, вообще не просит бы собаку попросить продюсеру ""Варкрафта"" про снайперские штучки.",1,0
156455,Не надо опускать голову.,1,0
156484,"В ночь на четверг, 4 июня, я лежал в больнице с компрессом на ногу. Пролежал в больнице несколько дней. За это время не мог заснуть. Спал тревожно со сновидениями до 21⁄2h а. Захотелось спать, поспешил, но не мог долго заснуть.",1,0
156528,"Обидна неблагодарность, но давала - и давай, если можешь.",1,0
156540,"- Это доля в общей численности обрабатывающих предприятий крупнейших и средних предприятий в 2011 г. составила 0 процентов, что хуже, чем в 2010 году.",1,0
156548,Первый контракт был подписан с британским депутатом парламента Лабро в январе 1857 года.,1,0
156554,У тебя есть собственная комната?,0,1
156590,"Иностранцы обычно не нуждаются в таком обилии комплиментов, которыми японцам необходимо обмениваться между собой, и это полезно иметь в виду.",0,1
156635,"Я с ним за воротами встретил; он уже, видно, опять здесь жил, со двором выходил.</",1,0
156668,Листья кустарника уже желтые.,1,0
156677,от « » сентября 2019 №____,0,1
156750,"Петр Положевец, главный редактор ""Учительской газеты"".",0,1
156784,А ты не можешь.,1,0
156788,"Одним из первых проектов Академии станет National Internet Award, спонсируемый корпорацией Intel.",1,0
156825,"У нас в классе все собирались либо в технические, либо в медицинский.",0,1
156846,Молодому инженеру не хватало опыта.,1,0
156879,"На этом общем понимании смысла войны, ее значения для России, ее связи с русскими интересами предстояло объединить русское общество.",0,1
156993,"Официальное объяснение заключается в том, что лишь немногие пассажиры принимают Новый год в воздухе.",1,0
156994,"А сегодня их нет, потому что мы решили вопросы импортозамещения.",0,1
157016,"Помимо этого, сегодня банк предлагает большой выбор ипотечных кредитов, где каждый заемщик может подобрать для себя оптимальный вариант.",0,1
157031,"Он также сообщил о том, что американские ученые, сотрудничающие с иранскими учеными будут привлечены к ответственности.",0,1
157072,"Если верить предварительным прогнозам погоды, июль в Беларуси обещает быть очень даже неплохим!",1,0
157100,"Китаянка, чей ребенок в минувшую субботу был найден в канализационной трубе, утверждает, что он упал туда случайно.",0,1
157219,"Решение о разработке Программы автомобильного пассажирского транспорта было принято на основе принципов организации, управления и муниципального регулирования в сфере автомобильного транспорта, приоритета жизни, здоровья, сохранности имущества граждан и экологической безопасности. Программа разработана на основе основных принципов организации и управления автомобильным пассажирским транспортом.",1,0
157285,"Приемная дочь певицы Ирины Понаровской Анастасия Кармышева рассказала, как ей жилось в детском доме, куда она попала после рождения у артистки сына. Кроме того, женщина вспомнила о воссоединении со знаменитой исполнительницей, которое вскоре обернулось окончательным расставанием.",0,1
157495,"Индейка, сделанная Монтигамо, когти ястребов.",1,0
157518,"По ее словам, местные власти собираются заводить уголовное дело в связи с антисанитарными условиями в отеле.",0,1
157526,"Кетчел, спрашивавший о незаконности Cyber Stars, сообщил ФБР о нём.",1,0
157567,Эти события были позже названы болгарскими историками «первой торговой войной в средневековой Европе».,0,1
157682,"В Санкт-Петербурге во второй раз будет вручена Национальная оперная премия ""Онегин"".",0,1
157708,"Рекордно жаркого или очень холодного лета в этом году ждать не стоит, заявил климатолог Андрей Киселев. По его словам, температура в летний период будет «средней или чуть ниже средней». Специалист также отметил, что природа постарается выровнять ситуацию, чтобы не было слишком большого скачка температур после экстремально жаркой зимы.",0,1
157714,"И управляющий, полустрого обращенный к своему сыну, полуласково обратился за его сыном.",1,0
157851,Протороман Рабле «Гаргантюа и Пантагрюэль» обозначил во французской литературе водораздел между Средневековьем и эпохой Возрождения.,0,1
157938,На лестнице его догнал Лагунов.,0,1
157978,"начало: на проспектах — батареи, - Самолеты над Невой.",1,0
158044,"В русских летописях бубонную форму заболевания называют «мором железою», а лёгочную — «мором каркотою».",0,1
158064,"Сама Мата Хари претендовала на воспроизведение настоящих священных танцев Востока, как она узнала о них с детства.",1,0
158080,"Дни сентября Ночной стакан воды Каждый немного растерян, когда проснется ночью внезапно и за окном идет мелкий дождь.",0,1
158129,"Окончательно он будет сформирован только 15-го февраля, когда все команды-участницы пройдут процедуру регистрации.",1,0
158146,необходимо привести данные о современной телефонной плотности по области (в т. ч. в городах и в сельской местности);,0,1
158215,"В зависимости от массовой отравления салицилата плазмы, активного метаболизма аспирина используют в автоматизированных спектрофотометрических методах.",1,0
158333,Брессан собрался в казахстанский клуб.,0,1
158345,"В целях обеспечения антитеррористической защищенности населения и территории необходимо разрабатывать, проводить и совершенствовать комплекс мероприятий по профилактике и предупреждению проявлений экстремизма, расовой и национальной неприязни, формированию антитеррористической идеологии у школьников и учащихся средних специальных и высших учебных заведений.",1,0
158414,Картина получила отрицательные отзывы и плохо проявила себя в прокате.,0,1
158418,"Личинки иглокожих (младенцы) - это реснитчатые свободно плавающие организмы, которые организуются билатерально симметричным образом, что делает их похожими на эмбриональные хордовые.",0,1
158450,Минимальный размер депозита 3 000 рублей при открытии дистанционно и 10 000 рублей при обращении в офис банка.,0,1
158469,"Весна-2019: Дейнерис сожгла столицу Вестероса

Весна-2020: Игорь Иванович Сечин снова сжег российский бюджет",0,1
158484,"Когда эта космополитическая кампания только-только разворачивалась, он был в Москве.",0,1
158519,Этот чиновник оказался шпионом.,1,0
158532,Не опаздывайте в школу.,1,0
158541,"В Аргентине семьи экипажа подлодки ""Сан-Хуан"" устроили марш.",0,1
158588,"Компьютер, в свою очередь, передаст их учителю;",1,0
158595,"Искусство создано, чтобы заполнить пустоту между жизнью и смертью...",0,1
158610,Значения данных показателей представляют краткую обобщенную характеристику состояния условий и охраны труда и являются значимыми.,0,1
158715,В ближайшее время внедорожник вернут владельцу.,0,1
158736,Они устраивают вечеринку послезавтра.,0,1
158749,"Юрисдикция судов распространяется на все правоотношения, которые возникают в государстве.",0,1
158762,"Но повтора знака нашей дороги нет, расспрашиваем, встаём на правильный путь, но бодрый юноша, сбежавший с крыльца, уверенно объясняет, что надо возвращаться.",1,0
158777,"Финансами в наместничествах занималась Казённая палата во главе с вице-губернатором при поддержке Счётной палаты. Землеустройством занимался губернский землемер во главе землероя. Исполнительным органом наместника (губернатора) являлось губернское правление, осуществлявшее общий надзор за деятельностью учреждений и должностных лиц.",1,0
158787,"Принцесса Елизавета Александра Мария, будущая Королева Великобритании и Северной Ирландии Елизавета II. Июнь 1940 г.",0,1
158847,"Тем не менее, отношение к евреям в США лучше чем в Германии и России "" .",0,1
158920,"В книжных лавках объявляют, что последняя книга Шедо-Ферроти запрещена!!!?",0,1
158949,NASA показало нам прекрасный февральский пейзаж Марса.,1,0
158985,Она также выполняет обязанности по расследованию преступлений провинциального масштаба.,0,1
158994,Коровы снабжают нас молоком.,0,1
159005,"Возможно, что это был навигационный знак — то есть прибрежное сооружение очень редко посещается судами.",1,0
159013,"К числу приоритетных инвестиционных проектов, направленных на развитие производственного потенциала района, относятся перечисленные далее проекты развития модернизации предприятий, создание новых рабочих мест и социально ориентированные инвестиционные проекты.",1,0
159042,Признание также не обязательно означает стремление к установлению или поддержанию дипломатических отношений.,0,1
159065,"По словам местных жителей неудобства также доставляет ремонт подъездов к больнице и старое ограждение, которое начали менять.",0,1
159076,"Резолюция, подписанная Премьер-министром России Владимиром Путиным 12 июля 1999 г. N 798",1,0
159084,"Братский городской звено территориальной подсистемы Иркутской области РСЧС разработал программно-целевой метод, который позволит обеспечить координацию деятельности ЕДДС города Братска во взаимодействии с местными и региональными дежурно-диспетчерскими службами и повысит эффективность мероприятий по информатизации процессов в сфере организации управления силами и средствами Братска.",1,0
159139,В 2009 он был назначен компаньоном ордена Канады за свой вклад и приверженность франкоязычным и акадийским общинам Канады.,0,1
159166,"Г. Е. Беркович, имеющая больную мать, недавно потерявшую отца, принуждена была покинуть нас, получив место контролера в столовой...",1,0
159168,"Первоначально группа была незначительной, но начиная с 1926 года она расширялась, а в 1927 году ее манифест был подписан 56 писателями.",1,0
159170,Собаки видят в черном и белом.,1,0
159196,В Белом доме назвали позитивной встречу Путина и Обамы.,0,1
159199,в Минске вынесен приговор по делу студентов: 11 человек были признаны виновными в «организации студенческих выступлений».,1,0
159210,Еффективность реализации подпрограммы определяется степенью достижения показателей (индикаторов) подпрограммы.,1,0
159279,Сегодня утром позвонил Ханс-Георг фон Штудниц.,0,1
159290,"Парк Сокольники Парк Парк Сокольники, с. 1.",1,0
159349,"Может быть, и поэтому в нашей стране возникли определенные трудности при попытках перехода к рыночной экономике и резкой демократизации общества.",0,1
159518,Боб редко пишет родителям.,1,0
159527,С ними Лиля Брик до конца своих дней сохранила дружеские отношения.,0,1
159597,"В Ереване, где азербайджанское население было малочисленным и правоохранительным силам было нетрудно поддерживать порядок, не было межнациональных столкновений, а массовые запугивания, нападения на их население и всё более энергичное выдавливание из республики.",1,0
159611,"Когда уже было точно известно, когда выйдет боевик, было объявлено, что фильм будет полностью связан с расширенной вселенной DC Comics.",0,1
159627,"Краткое изложение в ""Lotos'e"" и в ""Z[eitschrift] (fur) angew[andte] Chemie"".",0,1
159668,"Статья 421 Гражданского кодекса Российской Федерации, как один из основных принципов гражданского права, действительно провозглашает свободу заключения договоров.",1,0
159674,В Подмосковье создан региональный центр по мониторингу террористических угроз в сфере миграции.,1,0
159765,В какой папке ты сохранил файл?,0,1
159784,В рамках данной подпрограммы в состав работ по содержанию дорог включается круглогодичное содержание автомобильных дорог общего пользования местного значения в границах Новописцовского городского поселения Вичугского муниципального района.,1,0
159830,"По возвращении домой скорбящие снимают обувь и садятся на пол или на низенькую скамеечку. Образцом этого обычая служат друзья Иова: про них сказано, что когда они пришли утешить его, они «сидели с ним на земле семь дней и семь ночей»(Книга Иова, 2:13). Сидение на низенькой скамеечке вполне равносильно сидению на самой земле. Родственники и соседи приносят скорбящим их первую после похорон трапезу, сеуда́т гавраа́ — «трапеза выздоровления». Название это взято из рассказа о том, как народ пришел утешить царя Давида, скорбящего о смерти сына.",0,1
159845,"Она вспоминает о событиях, которые произошли в оригинальной трилогии.",0,1
159859,На кухне в офисном кабинете шесть старух готовят пышный ужин.,1,0
159871,Охлаждение между этапами старения проводится плавно в течение 2 часов.,0,1
159928,Неужели это правильный путь до станции?,1,0
159959,В том же году он был переименован в Aldwych.,0,1
159970,"Большинство систем управления базами данных построены вокруг одной конкретной модели данных, хотя продукты могут предлагать поддержку более чем одной модели.",0,1
160015,"«Тени» - книга Эриха Рёриха, написанная в 1944 году. ==",1,0
160054,"В аннексированном Крыму суд арестовал пятерых крымских татар, подозреваемых в терроризме. Защита намерена обжаловать арест. Как пишут СМИ, срок ареста составит два месяца.",1,0
160115,"Что вы не написали, что с Ал-дром Федоровичем?",0,1
160119,"Вот Соколов, с которым я жил в одной комнате, - истинный поэт, и в манере держаться.",1,0
160137,Керри: Россия лжет об отсутствии своих войск на Украине.,0,1
160205,"Все православные того только и ждут, чтобы подошла рать из низовых городов, и тогда пойдет такая ножовщина.",1,0
160230,"Вот с этим самым портфельчиком, уже в конце осени, я зашел к Дмитрию Сергеевичу на 2-й Муринский, чтобы обсудить какое-то письмо.",0,1
160251,"Низкая энергоэффективность во всех сферах экономики города, особенно в жилищно-коммунальном хозяйстве, является одной из значимых проблем экономики города.",0,1
160284,"В недалёком прошлом эти холмы были покрыты сосновым лесом, который вырубили во время постройки совхоза.",0,1
160298,"Это человек как раз по времени, по сезону.",0,1
160310,"казнями в Гаванской цитадели Ла-Кабани командовал лично Че, назначенный ответственным за казни.",1,0
160345,КНР построил купленный у Украины авианосец.,1,0
160357,"После президентских выборов 1996 года политическое влияние предпринимателя Бориса Березовского настолько усилилось, что в его покровительстве стал нуждаться весь крупный бизнес в России. Такие показания дал Высокому суду Лондона председатель Чукотской окружной думы и миллиардер Роман Абрамович, сообщает РАПСИ. Объясняя свою позицию, Абрамович утверждает, что Березовский в конце 1990-х годов превратился в ""политическую корпорацию"", оказывал влияние на ближайшее окружение тогдашнего президента России Бориса Ельцина, и его услуги оплачивал весь большой российский бизнес. Адвокат Березовского Лоуренс Рабиновитц усомнился в том, что российский миллиардер выплачивал десятки миллионов долларов за эфемерное политическое покровительство. В ходе углубленного обсуждения понятия ""крыши"" спикер Чукотской думы пояснил адвокату Березовского, что ""это длительные отношения с более-менее регулярными платежами"". При этом Абрамович отметил, что ""концепция 'крыши' не предполагала расторжение договоренностей в одностороннем порядке"". Сторона Березовского в ходе гражданского процесса пытается доказать, что Абрамович имел партнерские отношения с его клиентом, что позволяет последнему требовать доли от совместного бизнеса. По итогам процесса Березовский надеется получить компенсацию в размере примерно 5,5 миллиарда долларов, которая, по его мнению, причитается ему за то, что его вынудили продать доли в ""Сибнефти"" и ""Русале"" по заниженной стоимости. Позиция команды юристов Абрамовича состоит в том, что Березовский лишь оказывал покровительство Абрамовичу, а не был деловым партнером. Ответчики настаивают, что истец уже получил достаточно отступных в размере 1,3 миллиарда долларов.",0,1
160407,"Чарльз Боннет, начальник второго класса.",1,0
160479,Что это Так обрадовался взор!..,0,1
160503,На пике популярности рассматривался лучший ребёнок-актёр после Ширли Темпл.,1,0
160509,"Бумеранг, который не был уверен, что бомбы сработают, думает «лучше уж он, чем я».",0,1
160536,"За инвестициями Мильнер обратился к Григорию Фингеру, возглавлявшему российское отделение американского инвестиционного фонда New Century Holdings .",0,1
160557,"Кроме нее, Яков Петрович держит еще работника, заменяющего кухарку: кухарки не живут в Лучезаровке больше двух-трех недель.",0,1
160559,"Макар Макар не знал, куда ему деваться от этих солдатских разговоров, и только моргал заплывшими от пьянства глазами.",1,0
160569,"Для этого нужно спокойствие, а мы устраиваем бедлам.",0,1
160591,Я посадил в своем саду яблоню.,0,1
160613,"Туда трое присланы, и он между ними.",0,1
160665,"Еще одно предложение, которое сделал Владимир Путин – расширение программы обучения эпидемиологов из стран АСЕАН во Владивостоке.",0,1
160667,"в январе 2005 года в Мурманск был доставлен 54-летний мужчина, открывший огонь по прохожими.",1,0
160679,"Документ по санкциям по ""делу Скрипалей"" появился в Федеральном регистре США.",0,1
160738,"В 2005 году, в связи с возвращением на родину, в тюрьму было включено тюрьмное учреждение, в состав которого вошли тюрьмы.",1,0
160819,«Эдге Специальное событие feat.,1,0
160842,"Так что все, что к нам полетит, будет сбито, причем еще до того, как бомбардировщики выйдут на свои позиции, - сообщил эксперт.",0,1
160918,СРОЧНО: Армия ДНР уничтожает позиции ВСУ | Русская весна,0,1
160925,"В Ространснадзоре уверены, что в ""Питеравто"" не соблюдается режим труда, не организован контроль за работой водителей, не проводятся инструктажи по безопасности.",1,0
160951,"В 1170 году из-за своего военного значения Рабат получил название Рибату ль-Фатх, что означает «оплот победы», от которого он получил свое нынешнее название.",0,1
160968,"В Театре волнение по поводу «Лжи», «Лжи» и «Турбиных», а также по поводу возвращения в актерский цех М. А. Калужского и Михаила Булгакова.",1,0
160975,"Теперь нельзя. Раньше можно было распуститься и копаться в себе, а теперь нельзя.",1,0
160986,"возросло число запросов «FKO» на 322 процента, число запросов FOK на 226.",1,0
161003,"Есть что-то, чего у тебя нет, но что ты хотел бы иметь?",0,1
161137,"Его работы выставлялись в московском Манеже и Центральном доме художников, в художественных галереях России и Германии.",0,1
161154,Несколько дней спустя его цель стала более конкретной: он должен был занять территорию Парагвая.,0,1
161157,"Организационный механизм реализации Стратегии осуществляется путем увязки планирования, реализации, мониторинга, корректировки целевых показателей прогноза, независимой оценки влияния проводимых мероприятий на достижение целей Стратегии, оперативной корректировки действий исполнителей, координаторов по направлениям реализации.",1,0
161166,Все улыбаются на фотографии.,1,0
161190,"Диверсификация может производиться путем осуществления переработки сельскохозяйственной продукции, организации подсобных хозяйств, закупки и реализации товаров народного потребления, оказания разного рода услуг, в том числе обработки почвы для фермеров и приусадебных хозяйств, оказания транспортных услуг, осуществления строительных, ремонтных и других работ.",1,0
161265,"Мне больше нравятся поезда, чем автобусы.",0,1
161272,"Сейчас мы целенаправленно делаем ставку на их развитие, как на отрасли экономики».",0,1
161289,"Осень выглядит так, будто бы в настройках игры слетели параметры, отвечающие за цвет текстур.",1,0
161356,"Но я не отказываюсь от них, ибо написаны они в конкретных обстоятельствах того времени.",0,1
161379,На месте правого уха у человека появляется железная пластина.,1,0
161399,"Во Владимире полиция сняла оцепление вокруг Золотых ворот, где около двух часов полиция искала подозрительную шкатулку с записками для городского квеста. Как сообщают в пресс-службе УМВД России по Владимирской области, скорее всего, в этих записках содержаться задания для городских квестов. Сейчас шкатулка и изъятые записки направлены на экспертизу.",1,0
161424,«Литературность» Теккерея // Известия РАН.,1,0
161437,Я слышала что-то странное.,1,0
161468,"В 2012 году общая площадь жилищного фонда Константиновского городского поселения составила 429,1 тыс. кв. м",1,0
161483,Load profile запись для управления потреблением энергии.,0,1
161491,За месяц до выборов в октябре 2009 года они опубликовали всестороннюю техническую оценку членов МОК.,1,0
161507,По электронной почте по электронной почте.,1,0
161544,"Тот карандаш, который пишет хорошо, мой.",0,1
161561,"Бежавшие во время голода закреплялись за новым помещиком, кормившим их в трудное время.",0,1
161572,Она одна из самых известных спортсменок в Южной Корее.,0,1
161581,"Я верю, что ты мой лучший друг.",0,1
161592,"Я уже вижу, насколько это опасно.",1,0
161614,"С другой стороны, любая концессия Ормонда на конфедералов ослабила свою поддержку английским и шотландским протестантам Ирландии.",1,0
161618,"Все говорят, что он хороший человек.",0,1
161711,"Агруму, не душа, не тело, не ум, не очарование.",1,0
161734,"В Эй-Би-Си прошла съёмка пилотной серии будущего сериала, в котором раскрывается убийство Лоры Палмер. По условиям контракта, кроме пилотной серии, авторы должны были снять расширенную версию, к концу которой раскрывается убийство Палмер.",1,0
161771,"Ролик был встречен холодно, и проект Macintosh Office не состоялся.",0,1
161800,"По пляжу, кругом народ",1,0
161805,Это приводит к деградации водных ресурсов и невозможности их использования в качестве источников водоснабжения.,0,1
161831,Они должны проходить физический тест каждые три месяца.,0,1
161899,В 1991 они сыграли несколько песен на праздновании сорокалетия жены Дэвида Джексона.,0,1
161920,"Начиная с 2012 года две группы стали связанными, а не параллельными.",1,0
161921,разработка и осуществление приоритетных инновационных проектов развития в рассматриваемой сфере.,0,1
162045,в 2003 году на ликвидацию аварийного жилья из бюджета городского округа было выделено 490 миллионов рублей.,1,0
162047,Из Каргаска прибыла лодка с продуктами. Дождь и слякоть.,0,1
162089,Пикассо - известный художник.,0,1
162113,"Находясь на излечении в госпитале, узнал о капитуляции Германии и свержении кайзера, что стало для него большим потрясением.",0,1
162144,Твоему поведению не может быть никаких оправданий.,0,1
162145,"Проблема заключается в том, что в некоторых домах система управления домом не выполняется, что приводит к необходимости внесения изменений в ранее согласованные программы реконструкции.",1,0
162211,"Из-за этого возникли проблемы с оплатой обучения примерно у 500 студентов, внесших плату по электронному адресу.",1,0
162218,"Девять членов экипажа погибли, а на борту остался только один выживший, капитан Базз.",1,0
162314,Сергей Нарышкин: люди на юго-востоке Украины пытаются защитить свои права.,0,1
162340,К Рождеству все зимовавшие в Шведском доме люди были больны.,0,1
162358,Отец Григорий настоятель монастыря Дохиар Афон открыл для пополнения духовного мира в Монастырских котах,1,0
162408,"В пределах срока действия подпрограммы, связанной с содержанием, ремонтом и капитальным ремонтом внутрипоселковых дорог, этап реализации соответствует одному году. Эксперты считают, что для реализации подпрограммы этап выполнения соответствует году.",1,0
162455,И всем казалось — какой большой оклад.,0,1
162456,"- Собаки срутся такими большими ручками?  Да, они срут так большими паками.",1,0
162553,"Говорили о нашем гнилом строе, но я нарисовал ему перспективу, в которой возможно, что мы по совести будем стоять за большевиков.",0,1
162593,"Сегодня был великой для народа праздник<com id=""150150188414157""/>",1,0
162606,"Мир стал третьим бойцом подряд, который в бою с Фёдором Емельяненко сумел ударом сбить с ног противника и потерял сознание. Второй подряд бойец сумел нанести ударом в голову Фёдора, что свидетельствует об ухудшении его способности держать удар и снижении координации.",1,0
162612,"Кроме того, в ряде коммун действуют местные радиостанции со смешанным капиталом.",0,1
162624,Установление точного диагноза необходимо осуществить с помощью бактериологических исследований.,0,1
162627,Бежевый костюм Обамы стал поводом для насмешек.,0,1
162639,"Вот об этом-то Господь и молился: ""Не о всем мире молю, но о тех, которых Ты дал Мне"".",0,1
162650,На Западном фронте начались бои на Калининском фронте. В октябре прошлого года я получил посылку от челябинских рабочих.,1,0
162697,стимулирование развития коммерческой индустрии массового спорта;,0,1
162732,"В 2009 году основное общее образование получили 11 выпускников общеобразовательной школы, среднее полное - 4 школьника.",1,0
162734,"Мелин погрузилась, разрываясь, шумная и живописная.",1,0
162814,Тростенцов хотел получить компенсацию из федерального бюджета за эти поставки и продлить договоры поставок на следующий год.,0,1
162975,Потом взялся за прежнее.,1,0
162987,"Государственные светские школы, самая большая группа школ, посещаются большинством еврейских и других неарабских учеников в Израиле.",0,1
162990,"Число абонентов увеличилось на 100 человек, и сам Интерфакс значительно расширился.",1,0
163050,Можете идти куда угодно.,0,1
163055,Дина Аверина завоевала золото чемпионата мира по художественной гимнастике.,0,1
163073,"И если он отражение или еще какая-нибудь сволочь, то...""",0,1
163075,Вы тоже когда уходили на карантин такие типо «-ура отдохну недельку!» а потом наступил июнь.,1,0
163140,Вот как это случилось.,0,1
163177,"Байерс сыграл Джонатан Байерс, старший брат Уилла Байерса, сын Джойс Байерс.",1,0
163181,"Например, в сети «Клаустрофобия» уточняют, что в столице средняя стоимость игры с участием актеров 8,6 тыс. руб.",0,1
163205,"Это облегчило занятие дальнейшего locus standi<com id=147895530541182""/>.",1,0
163254,Ваш вывод весьма спорный.,1,0
163269,На заседании Президиума Совмина было принято постановление по строительству города Тольятти.,0,1
163316,Многие люди также узнают о новостях по телевидению или радио.,0,1
163368,Российский военный самолет залетел на территорию Финляндии.,0,1
163379,"Успехи французов развиваются: число пленных превышает 8000 человек, взято орудий 70, около 30 минометов и 80 пулеметов.",0,1
163405,"Российский император Екатерина II вошла в число великих европейских держав, чему немало способствовала сама императрица, увлекавшаяся литературной деятельностью, собиравшая шедевры живописи и состоявшая в переписке с французскими просветителями.",1,0
163454,", в результате аварии погибли четыре человека, в т.ч. командир экипажа.",1,0
163467,"Традиция отмечать день звонком церковных колоколов и кострами началась вскоре после того, как Сюжет, и фейерверки также были включены в некоторые из самых ранних торжеств.",0,1
163525,В большинстве стран Европы автомобили ездят по правой стороне дороги.,0,1
163613,Тим — уродливая овца семейства Джонса.,1,0
163667,"Карл, ты одержим деньгами.",1,0
163682,Вместе с конём он возвращается на землю и освобождает свой народ от рабства хана Масима.,0,1
163683,Тасунке Витко III был сыном женщины с гремучим одеялом и Тасунке Витко II.,0,1
163703,"Пота текла по лбу, скользила за ожерелье и плохо высыхала за ухом.",1,0
163749,"Ряд военных экспертов считает, что в российских Вооруженных силах в последние годы выбрана другая модель построения системы организации: воссоздание на западном уровне дивизионного (бригадно-тактического) звена.",1,0
163849,"Факт заключается в том, что он на 15% нарастил поставки по сравнению с прошлым годом"".",0,1
163887,Порошенко и Меркель обсудили сценарий давления на РФ с целью выполнения ею минских соглашений.,0,1
163888,Некоторые люди на бывшей территории территории сова рассматривают язык как часть своего культурного наследия и оплакивают свою потерю.,0,1
163985,Встреча с Смитом разрушила эту надежду.,0,1
163994,"Он пришёл, несмотря на плохую погоду.",0,1
164033,Он его зубами схватил и полез из воды.,0,1
164046,"Другие актёры, игравшие роль Доктора.",1,0
164056,"Прошлое воскресенье я участвовала в «Гибели Содома», играла с настоящими артистами словесную роль горничной. Я была не очень довольна собой, как и вообще, когда принуждена быть не самой собой, а разыгрывать роль любительницы сцены, поклонницы актрис, глядящей им в глаза, юной и наивной барышни.",1,0
164057,Грэм Грин - мой любимый писатель.,0,1
164065,"Это могут быть выпадающие доходы бюджета, необходимость финансирования ликвидации последствий стихийных бедствий, софинансирования расходных обязательств и другие факторы, которые невозможно предусмотреть заранее.",0,1
164110,В США ожидают выставить BP счет на 69 миллионов долларов,1,0
164119,"из более 5,5 миллионов человек, находящихся в Сирии, курды поддерживают курдских добровольцев, сражающихся на земле в Сирии.",1,0
164121,"Ставки в еврозону очень низкие и могут в случае дальнейшего ослабления и перехода к отрицательной зоне перестать вкладывать деньги в банковские счета, предпочитая наличные.",1,0
164140,"Анализ показал, что республика обладает реальными возможностями для осуществления научных исследований и использования их результатов для целей социально-экономического развития.В этом направлении в течение предыдущих лет в республике сложились признанные в стране и за рубежом научные школы, были созданы научные коллективы по разным отраслям современного научного знания: математике и механике, физике, химии, новых материалов и технологий, биологии, сельскохозяйственных наук и технологий живых систем, по науке о Земле, экологии и рациональному природопользованию; медицине; техническим и инженерным наукам; информационно-телекоммуникационным системам и технологиям; общественным и гуманитарным наукам.",0,1
164175,Меркель: США и Германия являются важными партнерами.,0,1
164203,У вас есть японские журналы?,0,1
164216,"Я видел, как кошка бегает после собаки.",1,0
164238,"Кроме того, следует устранить отвлечения, так как требуется полная внимание.",1,0
164300,", Кроме того, солдаты, стоявшие рядом с растяжкой, имели непосредственное влияние на митинг, а присутствие транспарантов участники встретили аплодисментами.",1,0
164302,", вероятно, АКПP JATCAN (короба передач этой японской компании устанавливаются на автомобили Lada Granta, Kalina и Vesta) будут устанавливаться и на автомобили Dacia.",1,0
164334,"мая 1945 года, когда Ким покинул «Кореец» в начале шторма, капитан Ким покинул Гебридов на борту «Креца», а Колчак продолжал свои гид",1,0
164392,"Подожди секунду, я сейчас вернусь. Не вешай трубку!",1,0
164400,Вознаградит меня лишь Господь миров.,0,1
164505,Каждый листок имел бы значительную вычислительную мощность и мог бы общаться со своими соседями.,1,0
164533,Рост объемов продукции деревообработки прогнозируется в связи с развитием в Вельском районе группы компаний «Вельский лес».,0,1
164564,Мой родной город очень красив.,1,0
164568,"Английскую повседневность немцы приняли за фашизм и ужаснулись; позже они полюбили английское общество (оно же ""английский Гитлер""!)",1,0
164592,"На вокзальном здании вокзального здания надпись: «СТАЛИНАБАД» и «Каштановая сера» стали для борьбы с растительными клещами в плодовых садах, против парши у яблонь и грибковых заболеваний. После того как наши части атаковали малоподавленную оборону противника, наши части несут большие потери, не добившись надлежащего успеха.",1,0
164609,В июле 2008 года Squidoo был одним из 500 самых посещаемых сайтов в мире.,0,1
164616,"Участники командно-штабного учения «Арсенал-2016», которое проходит в Челябинской области, должны найти взрывное устройство. По замыслу учений, пособники одной из запрещенных в России международных террористических организаций намерены проникнуть в одну из воинских частей в Увельском районе и провести там теракт.",1,0
164621,Мэри хочет стать учителем.,0,1
164641,Из-за резкого снижения текущей частоты в сетях Единой энергетической системы России в городе и регионе могут начаться аварийные автоматические отключения.,1,0
164642,После присоединения Карабахского ханства к России многие местные мусульмане эмигрировали в Персию.,0,1
164655,Объясните это простыми словами.,0,1
164664,Традиционные спартакиады трудовых коллективов стали проводиться в 1970-х годах.,1,0
164684,Может к вам сейчас пришла зима?,1,0
164711,"Мы выступаем против использования бомб, пуль и всех методов насилия.",0,1
164715,Никто из пассажиров не пострадал.,1,0
164747,"Наибольшее количество посягательств совершено в виде тайного хищения чужого имущества, из которых 178 или 84,8 % приходится на кражи всех форм собственности.",0,1
164832,"Я рассеянный человек, я мог забыть бумаги... и это дало мне нечаянную радость.",0,1
164859,\tОн написал «Да и в реальной жизни он пока в почёте».,1,0
164941,В то же время остается ряд проблем:,0,1
164950,Две важнейшие магистральные улицы Одессы пересеклись с одной второстепенной.,1,0
164996,Форрест и Дженни счастливы видеться.,1,0
165019,"В Московской области реализуется комплексная политика в сфере жилищно-коммунального хозяйства, энергетики, регионального государственного жилищного надзора и государственного административно-технического надзора по указанным концептуальным направлениям.",1,0
165022,18 декабря Министерство юстиции дало ответ на запрос по поводу Приказа 15/4-3612 от 21.09.99 г.,0,1
165026,Труман провел в Малом Белом Доме 175 дней своего президентства.,0,1
165059,"Мне не нравятся такие виды спорта, как бокс и хоккей.",0,1
165098,"Сколько у нас боязней, робостей и лицемерий",1,0
165099,"У него больше денег, чем нужно.",0,1
165110,открытие территориального информационного центря в городе Свердловске,1,0
165206,Такое сочетание либеральной и социальной политики привело к реализации либерально-демократической политической системы с высоким уровнем социальной защиты.,0,1
165220,"было лень переставлять всех, а она отвернулась поговорить.",1,0
165275,Они не принимают внимание.,1,0
165284,"В 10 час. утра отправился с Военной пристани на ""Бунчуке"" на крейсер таможенной флотилии ""Кондор"".",0,1
165339,Но возможность реального взаимопроникновения наших культур мы уже прохлопали.,0,1
165429,Организация мониторинга и аналитической поддержки обеспечит управление рисками данных.,1,0
165463,В целом количество мест единовременного размещения в коллективных и индивидуальных учреждениях составляет 10122 места.,0,1
165465,В июне 2010 года игра была удалена из App Store.,1,0
165524,После этой свадьбы Ирина не выдержала тайны и рассказала мне о своей попытке.,0,1
165542,", карикатура из «Клуба веселых туристов» №06/73.",1,0
165662,Во всех республиках заявили о себе свежие и яркие литературные дарования.,0,1
165678,Соревнования тянулись месяцами и почти не пользовались интересом зрителей.,1,0
165684,"Последнее время, когда я людям читаю стихи, голос мой звучит богатыми красками, при этом сильно и свободно.",0,1
165727,"Кроме того, более 40% бабушек и дедушек в 11 европейских странах заботятся о своих внуках в отсутствие родителей.",0,1
165749,"Кроме того, остается актуальным решение проблемы с оснащением учреждений здравоохранения реабилитационным оборудованием, адаптированным для инвалидов с целью повышения доступности и качества предоставления услуг.",0,1
165760,В ответ на это транснациональные племена занялись легальной переправой на территорию Ирак сотен иностранных джихадеров.,1,0
165945,Я бы дважды подумал об этом.,0,1
165954,"В Кремле огласили список мировых лидеров, которые собираются приехать в Москву на парад Победы. По словам пресс-секретаря президента России Дмитрия Пескова, Владимир Путин 24 июня даст прием для приглашенных глав государств и правительств. Некоторые страны на параде Победы будут представлены послами.",0,1
165978,Оно выглядит как яйцо.,0,1
166018,"- дополнительные меры по оказанию поддержки гражданам, находящимся в трудном положении;",1,0
166024,"""Так пахнет нафталин"" 6 мая 1978 года мне позвонила поздно вечером сестра Анна, которая жила с бабушкой в квартире родителей на Фрунзенской набережной.",0,1
166037,"Я буду делать то, что вы мне дали.",1,0
166064,Строительство сооружений инженерных защит пгт.,0,1
166066,"Возможно, вычесть часть деятельности высшей центральной нервной системы, на которую",1,0
166102,"«Министерство просвещения не планирует переводить школы на дистанционное обучение», – сказал он журналистам.",0,1
166105,"Таким образом, бороться нужно не только с ""внешними"" канцерогенами, устраняя их с пути человека, из его жизненной среды.",0,1
166112,В Пермь привезли мощи святителя Луки Крымского. Реликвия пробудет в храме священномученика Андроника до 25 октября. Затем ковчег вернётся в Свято-Никольское архиерейское подворье.,1,0
166146,"Пушки 107-мм обр. 1877 г., благодаря имеющимся у них уменьшенным боевым зарядам, были более выносливы; полным зарядом пользовались лишь при стрельбе на большие дистанции.",0,1
166199,"По центру Новосибирска прошел зомби с гитарой. Молодой человек в костюме и маске зомби, разгуливающего на площади Ленина и играющего на гитаре в сквере, появился в соцсетях 4 октября. Как рассказали в компании FUN, прогулка зомби была приурочена к скорому выходу 7-го сезона сериала «Ходячие мертвецы».",1,0
166238,Всемирный банк в четыре раза ухудшил экономический прогноз России в 2015 году.,0,1
166256,В ДНР заявили об обнаружении захоронения военных ВСУ в районе Дебальцево.,0,1
166276,Придирчивые люди находят удовольствие в поиске виновных.,0,1
166339,Для достижения целей программы необходимо решение следующих задач,1,0
166371,"Сколько у Вас будет заместителей Сейчас у Вас, кажется, 15 или 16.",0,1
166406,"На конец марта насчитывалось 10,93 тыс. безработных против 131,6 тыс. безработных.",1,0
166469,В Башкорстане дешево: на Абзаково (Абзаково) — по 24 тысячи рублей.,1,0
166471,В апреле 1863 года оставшиеся дакоты были депортированы из Миннесоты в Небраску и Южную Дакоту.,1,0
166509,"Сотрудники Скорой помощи узнают диагноз пациента еще до того, как довезут его до больницы",0,1
166517,"был официально госпитализирован мужчина в феврале того года с просьбой дать уроки теннису для дочери Хьюитта, Хлое.",1,0
166602,"«Это простой и очевидный геноцид», — сказал президент кубинского Национального собрания Рикардо Аларкон на открытии Генеральной Ассамблеи.",1,0
166613,"В августе 1939 года, когда Тяньцзинь была опустошена наводнением, она вернулась в Северную резиденцию в Пекине.",1,0
166637,"Дневник послания Титова в Иерусалим: я везу с собою щегольскую мебель, а не столы, стулья и диваны, о которых и не помышлял. Посланник отсоветовал мне говорить с Фаворским архиепископом Иерофеем о помещении миссии нашей в каком бы то ни было монастыре иерусалимском.",1,0
166670,"Туча черной, пыльной материи вырвалась вместе с нами из того же отверстия.",0,1
166689,Твоя сестра не умеет плавать?,1,0
166697,был заключен в тюрьму для мужчин из-за их плохого поведения.,1,0
166715,В Кривом Роге гражданин РФ взял в заложники свою сожительницу и требовал присоединить пятиэтажный дом к России.,0,1
166731,"Однако, по его словам, объем розничной торговли сократился на одну треть.",1,0
166802,Я прочел только что процитированное стихотворение.,0,1
166835,Оценка населением деятельности органов местного самоуправления муниципального района.,0,1
166959,"Он гордится тем, что он врач.",0,1
167023,"Ну и спонтанно переехать можно ради людей, которых очень любишь и хочешь быть рядом».",0,1
167135,No Indian entry this year for Oscars (англ.).,0,1
167136,До 2025 года запланирована поставка восьми самолетов SSJ100.,0,1
167196,"Как пишет Metro, оркестровый карнавал с лошадьми стал частью рекламной кампании под хэштегом #MagicTogether.",1,0
167224,Распутин позже появляется в образе васпира в одном томе французского романа-комикса «Шевалье Вампир».,1,0
167272,"Брайан Крэнтон — учитель химии в средней школе Брайтона, который неоперабелен рак лёгкого.",1,0
167274,«Сборник договоров ООН: определения».,1,0
167293,"В 111/2 в Университет; по дороге встретился с Грушкой, и беседовали о газетных известиях.",0,1
167299,Я в первый раз.,1,0
167318,"В начале 70-х годов западные страны были готовы финансировать приобретение Румынией технологии за счет займов, предоставленных по политическим соображениям.",1,0
167361,Моя мать родилась на севере Мексики.,1,0
167494,Токарева начала работать с различными советскими кинорежиссёрами с конца 1960-х годов.,0,1
167590,"Как вам угодно, мисс).",0,1
167602,"Эти единицы были произвольными, но каждый регион всегда соответствовал размерам.",0,1
167604,Кисет висит на его пальце.,0,1
167610,"Поскольку нацистская партия монополизировала политическую власть в Германии, ключевые правительственные функции, такие как правоохранительные органы, были просто переданы СС.",0,1
167616,Дома стояли в ряд вдоль дороги.,0,1
167646,расположен на севере с территориями муниципального района Верхняя-Ярославская Сосновская районная администрация;,1,0
167659,"Я хотела писать здесь каждый день, но эту книжку потеряла и только сегодня нашла.",0,1
167694,Эрдоган назвал дату встречи с Путиным и Меркель по ситуации на Украине.,1,0
167753,Джефф из The Jaded Viewer дал свой окончательный прогноз: «…Посмотрите этот фильм.,0,1
167760,"Назначен новый приговор сотрудника испанской делегации в Будапеште Джорджо Перласка, консула Испании в Афинах Себастьяна Ромеро Радигалеса с поста по делу суда.",1,0
167764,СПК «Птицефабрика Гайская».,1,0
167801,"Основными расходными статьями бюджета на протяжении ряда лет остается финансирование социально-культурной сферы (образование, ЖКХ, социальная политика).",0,1
167833,"Говорят, как они молча ест шаурму в кафе, о котором ранее говорил Старк.",1,0
167834,", «Уйдя в лес, я буду чувствовать осень",1,0
167864,Назвавший мифом подвиг 28 панфиловцев глава Госархива ушел с должности.,0,1
167923,"Очевидно, желая избежать такой опасности, русское правительство и приняло решение перебросить войска, временно отказавшись от наступления на Швецию.",0,1
167924,"Надеюсь, никто не услышал ругательство, которое я только что прошептал.",0,1
167956,", Ой какой дурак!Не хватил цифру побольше!",1,0
167983,Объем финансирования будет уточняться при формировании бюджета города Зеи на соответствующий год исходя из возможностей бюджета города на соответствующий год с внесением изменений в соответствующие разделы программы.,0,1
167988,он невольно превратился в точку пересечения интересов и влечений всех слоев; всем было надоели казенные речи и официозы,1,0
167995,"Как только я доеду обратно до Москвы/СПб, я с КАЖДЫМ своим другом выпью пива",0,1
168070,"Они будут проводить мониторинг реконструкции дорог, качества воздуха, отслеживать зарастание муниципальных земель, а также выполнять другие важные социальные задачи.",0,1
168083,Муюн Чуй отправил против него наследника Муюна Бао с 80.000 войска.,0,1
168093,Сейчас я не работаю и живу менее напряженной жизнью.,1,0
168105,Биржевой курс доллара впервые за год превысил 73 рубля.,0,1
168152,"Документ обозначен в порядке подписания, несмотря на отмену.",1,0
168200,"Когда альбом был выпущен, Хендрикс был разочарован тем, что альбом был закончен так быстро, и подумал, что его можно было бы сделать лучше.",0,1
168226,"Например, он уже ездил вместе с Путином, Назарбаевым, Борода.",1,0
168306,"И вырезывали, и урезывали, и перетолковывали, и полностью запрещали, и всенародно объявляли, что я вредный, вредный, вредный, вредный.",1,0
168313,"Во вторых, увеличение энергоемкости обработки.",1,0
168388,"DLC включит в игру 28 игровых достижений, сумм которых составят 500 очков Gamerscore.",1,0
168392,Из рода Хвостовых: Жизнь одной семьи из рода Хвостовых.,1,0
168396,"собаки, брошены американцами будут служить террористам* Мой репортаж о кабульском аэропорту.",1,0
168457,тигрятник Наиля Умярова номинирован как на премию First Female Debut,1,0
168459,"Я знал, что сегодня будет весело.",0,1
168463,"Если бы она поехала со своими родителями и Натали в Карлсбад, в столь иланное для нее путешествие, не видать бы и этой помолвки.",1,0
168493,"В 1995 году он участвовал в записи альбома The Craving сольной группы Дэйва Мастейна MD.45. В 1998 году Мастейн предложил Деграссо вступить в его основную группу Megadeth за пять дней до следующего шоу в рамках тура в поддержку альбома Cryptic Writings. Чтобы запомнить свои партии в песнях, Джимми ходил повсюду с плеером фирмы Sony Walkman и слушал треки, которые нужно будет играть на концерте. Он был в составе группы во времена записи двух студийных (Risk и The World Needs a Hero) и одного концертного (Rude Awakening) альбомов.",0,1
168544,реализацию государственной программы и ее подпрограмм,0,1
168566,Я предупредил его об опасности.,0,1
168579,Вы есть не хотите?,0,1
168694,"Это позволит увеличить пропускную способность Транссибирской магистрали, повысить скорость и безопасность движения поездов.",0,1
168741,В большинстве случаев мы были вынуждены уступить их требованиям.,0,1
168752,"Если бы они пошли в банк, они получили бы лучший обменный курс.",0,1
168787,Biological Journal Linnean Society Vol.,0,1
168793,В 1935 году он стал одним из высших должностных лиц участвующих в промышленной разработке Маньчжоу-Го.,0,1
168900,Пройдите по улице примерно 50 метров и вы увидите почту.,0,1
168935,"Для гнездования можно использовать любое красивое дерево или большой куст, но предпочтительнее вечнозеленое растение.",0,1
168971,Через 11 дней эскадрилья уничтожила 43 цели вокруг южной Басры без потерь.,0,1
169000,В этот же период несколько еврейских студентов подверглись словесным оскорблениям и физическим нападениям.,0,1
169022,Прежде всего он стал известен своими многочисленными портретами Джорджа Вашингтона.,0,1
169129,"Хочется встретиться с Серёжкой, только не сейчас, а то ведь я сегодня настоящий скелет.",0,1
169147,число участников клубных формирований увеличится с 685 в 2013 году до 750 в 2020 году;,0,1
169155,"Церковь кричала много раз относительно потребности прибыть на помощь тем, кто вынужден жить на наших улицах, без защиты.",0,1
169221,"А клонирование должно произойти два года назад, чтобы создать овец Долли в Шотландии.",1,0
169250,"В противоположность этому, только 41 129 жили в регионе Северный Квебек, на долю которого приходится 43 % территории.",0,1
169316,"Надежда Яковлевна и Анна Андреевна представляли собою некое содружество, некое общее «мы» и некое общее содружество.",1,0
169418,"Боюсь, я упаду.",1,0
169435,"Патрон получил обозначение «ручной патрон 7,62 мм».",1,0
169521,"Екатеринбург - это город и поселок, расположенный в Ураль",1,0
169576,"Лучше не ходи к нему, право, не стоит!",0,1
169617,"Не думаю, что ты встречал его.",0,1
169620,"Почему в других городах власти заботятся об окружающей среде, а у нас нет?, — пишет от лица митингующих Ольга Белая.",0,1
169639,"- Юнгги, ты кто? - Чимин тоже повысили голос в Ответе3710",1,0
169722,"2003 — Кэтрина-Амалия, голландская принцесса",1,0
169771,"был основан союз, состоящий из 27 членов, каждый из которых был избран в ноябре 1990 года и сформировал новую политическую партию - Союз коммунистов.",1,0
169814,"Мы видели, как изумил он бедного Антона Пафнутьича неожиданным своим превращением из учителей в разбойники.",0,1
169857,"В Чуйском районе задержан мужчина, подозреваемый в убийстве односельчанина. По предварительной версии, преступление было совершено на почве ссоры в селе Кошой Чуйского района.",1,0
169924,"сейчас это был простой маленький перепончатый перегон. Сейчас это был небольшой, маленький воздушный экспрессе.",1,0
169932,"С Иванова посещения новгородский край упал, обезлюдел: недобитые им, ограбленные, новгородцы стали нищими и осуждены были плодить нищие поколения.",0,1
169942,Имеется 9 классов смежности максимальных подгрупп группы J2.,0,1
169978,Андрей Аршавин обратился в Савеловский суд Москвы с иском к своей бывшей гражданской жене Юлии Барановской. Экс-капитан сборной России по футболу требует уменьшить размер алиментов на содержание их троих детей.,0,1
169981,"Они мне не поверят, даже если я поклянусь, что это правда.",0,1
169985,Тропический шторм прошел через юго-западную Атлантику между Вест-Индией и Бермудскими островами с 29 августа по 8 сентября.,0,1
170024,Хотел вместе с этим обстоятельно взглянуть на хутор Пана Яцьки,1,0
170027,Тамара и Нина Родионова — Нина Великая — растопили ванну и пошли купаться.,1,0
170030,"Июль этого года стал самым жарким месяцем в мире за всю историю. Предыдущие рекорды были в 2016-м, 2019-м и 2020-",0,1
170044,"МИД России ответил на угрозу отключить Россию от украинского ""Swift"".",1,0
170085,Конференция продлится до 8 октября.,1,0
170164,"Общая сумма государственной программы будет составлять 657 682,4 тыс.руб., в том числе деньги областного бюджета Новосибирской области - 657 682,4 тыс.руб.",1,0
170192,Он засунул руки в карманы.,1,0
170206,В календаре июня 2020 года уже прошло пол года с начала 2021 года.,1,0
170209,Ежегодное количество охотников остается стабильным.,1,0
170220,"В Москве будет дождливо, воздух прогреется до плюс 18-ти градусов.",0,1
170287,"Иногда кое-чего пишу, что не нравится, но получается неплохо.",1,0
170320,«Зенит» на протяжении многих лет занимал третье место (после «Динамо» и «Краснодара») в российской Премьер-лиг.,1,0
170479,"Среди актёров, оказавших наибольшее влияние на развитие творчества и личности В.Маяковского (в частности: Мовчан И., Сивков А.) 

 Родился 12 марта 1921 года в селе Бугровка[1]. Отец — Михаил Иванович Смирнов - был рабочим из села Кизилюртовское УССР.[2][3], мать Мария Ивановна Смирнова была замужем за крестьянином Алексеем Николаевичем Шаповаловым-Шабалкиным(1898—1971)[4]; у них было четверо детей,[5)..В 1929 году семья переехала к отцу по улице Ленина д 18/6",1,0
170487,Не надо беспокоиться о таких вещах.,0,1
170514,В течение 3-х последних лет лондонская  Льготная компания не использовалась в Кольском районе.,1,0
170538,", цитирую: «Все происходит по плану. Единственное, что моя нынешняя прокатная сессия не совсем хорошо идет, но мы исправляем это».",1,0
170587,В Алтайском крае с аукциона продадут участок земли сельхозназначения под Катунью. Решение о его приватизации будет принято до 16 декабря.,1,0
170625,Я не согласен с ним.,0,1
170631,"После смерти на пожаре уничтожены два мальчика, их 33-летняя мать и 61-летний дедушка.",1,0
170653,"обезвреживание и стопроцентная утилизация ртутьсодержащих отходов, химических источников тока, и энергосберегающих ламп;",0,1
170673,Все вспыхнули в смехе.,1,0
170685,Каждая федерация PSOE организуется автономно.,0,1
170711,Платежные требования просматриваются постоянно и суммы за платежи вносятся ежедневно.,1,0
170765,Рим находится в Италии.,0,1
170831,Сборная России по хоккею проведет следующий матч в Сочи.,1,0
170929,"Комплексный подход к энергосбережению и повышению энергетической эффективности позволит создать условия для повышения уровня жизни населения, роста экономического потенциала сельсовета, экологической безопасности территорий и повышения эффективности управления муниципальным имуществом.",1,0
170939,При династии Ягеллонов Польша заключила союз со своей соседкой Литвой.,0,1
170990,"Вы могли бы, пожалуйста, повторить это медленно?",1,0
171019,"Я скоро пошел в церковь, где читал и пел (иногда по нотам, которые захватил).",0,1
171036,"Узнала от Виталия Ак., что недавно у него был третий инфаркт.",0,1
171073,"В приказе Министра обороны есть примеры разжалования и увольнения за грубость, чванство, нечистоплотность.",0,1
171083,"В области науки и литературы должна царствовать *терпимость,* которой может недоставать в политическом мире.",0,1
171123,Министерства и дипломатические представительства Великобритании присылают ей регулярные отчёты.,0,1
171132,Он тоже едва был в силах скрыть свою радость и свое волнение.,0,1
171253,Муниципальная программа базируется на положениях:,0,1
171270,"- Ну, иди на террасе, там молодые устроили какие-нибудь фанты.",1,0
171327,"Практика, установившаяся на Западе, не отказывающаяся ни от эмпиреев, ни от низменностей, положила конец колебаниям Перебоева.",1,0
171396,"Хотя Франко, это и трудно признать, но дочь очень повзрослела за последние месяцы в Нью-Йорке.",0,1
171398,"разработка предложений по совершенствованию бюджетного законодательства Российской Федерации, нормативных правовых актов в части условий предоставления межбюджетных трансфертов из федерального бюджета бюджетам субъектов Российской Федерации;",0,1
171400,"А мне он говорил неоднократно, что в русском государстве править должны русские.",0,1
171428,"В то же время у певцов высокие требования, так как они должны стремиться быть творческими и разнообразными, при этом уважая традиции.",1,0
171449,Прислушивание как бы к отдаленной музыке есть обязательное условие писательского бытия.,1,0
171460,"трек заявил, что на радио заработал сингл Alternative Songs.",1,0
171581,Давай пожмём руки и будем друзьями.,0,1
171616,В Иланском районе контрольно-счетный орган осуществляет надзор за целевым использованием бюджетных средств.,1,0
171636,"Ты никогда не был в Париже, правда?",0,1
171678,Потому что нужны все коты в ленте,1,0
171681,могут быть предоставлены субсидии в рамках основного мероприятия второго мероприятия 2. Субсидии могут предоставляться на возмещении части затрат по кредитам на модернизацию систем коммунального хозяйства.,1,0
171690,Разработка и реализация набора мер по продвижению физической культуры и спорта как важной части здорового образа жизни.,1,0
171697,В условиях недостаточного бюджетного финансирования успешное комплексное решение масштабных и разнородных задач обеспечения пожарной безопасности в Уральском сельсовете возможно только программно-целевым методом.,1,0
171702,Propellerhead Software — A Company on a Mission.,0,1
171743,Он снова увидел всё что хочется,1,0
171758,"И он смело отклоняет всякое участие в управлении представителей народа и говорит: ""Нет, я сам"".",0,1
171762,"Вследствие этого данные зоны становятся доступными для стимуляции при вагинальном сексе, рукой или фаллоимитатором.",0,1
171764,"Некоторые читают книги только для того, чтобы убить время.",0,1
171845,"Колониальная архитектура — старые колониальные дома вдоль реки с французскими пекарнями и кафе вдоль улиц 1, 2 и 3.",0,1
171872,Финансирование муниципальной программы осуществляется за счет средств регионального и местного бюджетов.,1,0
171881,Аф. еще хуже будет себя чувствовать?,0,1
171890,"Российские ученые изобрели ""коктейль"" для восстановления после инсульта",0,1
171893,Оценка планируемой эффективности реализации муниципальной программы является механизмом мониторинга реализации деятельности муниципальной программы в зависимости от степени выполнения поставленных муниципальной программой задач.,1,0
171901,Тяжелая простуда не давала мне учиться эту неделю.,0,1
171930,"Это оставило Федерацию только с одним участником, Сальвадором.",0,1
171947,Влияние общих проблем социально-экономического развития:,1,0
171964,Я говорю с моим учеником.,1,0
171989,У Сатурна найдено 20 новых лун: ученые просят придумать им названия.,0,1
172069,"Скончался генерал-губернатор Виленского военного округа Константин Кауфман. В последние годы отношения мои с ним несколько изменились, не знаю, почему; переписка наша прекратилась, или, лучше сказать, ограничилась исключительно официальными сношениями. Почтенный мною корреспондент А. В. Головнин продолжает сообщать мне всякие сведения из Петербурга, снабжать разными записками и газетными вырезками.",1,0
172320,"Я верю, что я могу установить рекорд, или приблизиться к нему, или выиграть медаль.»",0,1
172352,Таксист из Минска сделал селфи после спасения мужчины на проспекте Машерова.,1,0
172427,"Нам было так весело, как будто мы ходили в театр.",1,0
172458,"лето закончилось и самое время показать вам это -  нарисовала самую крутую тусу в мире - нашу московскую компанию которая сделала мое лето особенно незабываемым!
на фотке из Зеленограда",0,1
172510,Почему ты так сердишься?,0,1
172545,"По последним данным, было уничтожено 3 миллиона 300 тысяч птиц.",0,1
172623,"Восьмой радиально-кольцевый план города воплотился почти в полной мере за счёт сооружения внутригородских Малого и Большого колец и радиальных магистралей, а также Объездной дороги.",1,0
172647,Об этом сообщает РИА Новости в пресс-центре Думы.,1,0
172659,Официальные власти и лидеры НАТО обязались поддерживать временное прекращение огня в эти дни.,1,0
172664,"Subsequently, I began similar work в научно-фантастической драме ""Pasсажir"".",1,0
172724,"Волков отметил, что сайт «Умного голосования» «оставался последним из незаблокированных в России сайтов команды Навального».",0,1
172738,Укрепление единого культурного пространства на территории Башмаковского района Пензенской области будет укреплена в два раза,1,0
172750,В сентябре 1864 года он официально фотографировал военную экспедицию в Саймоске.,1,0
172764,"~ Лучший подарок что может быть к 20 летию это путёвка на полное психо и физо обследование 

Ченьж май маинд!!",0,1
172775,"В пятницу, 12 декабря, украинская пресса пишет о критике правительственной программы действий, успешном визите Петра Порошенко в Австралию, о том, что следует знать иностранцам об Украине, и о депутатских заработках.",0,1
172804,В последнее десятилетие дорожные коммуникации были улучшены за счет строительства нескольких мостов.,0,1
172891,"Пресс-служба вуза информирует о том, что в конференции очно и дистанционно принимают участие почти 200 экспертов из России, Бельгии, Германии, ЮАР и Индии.",0,1
172892,"Наоборот, он умело использовал в своих целях незавершенность теории построения социалистического государства.",0,1
172912,Для пассажиров это означает более длительный интервал движения и меньше транспорта на маршрутах.,0,1
172929,На снегу белого кролика не было видно.,0,1
172973,В 2002 году в Дубае было создано российское генеральное консульство.,0,1
172995,"По данным сайта eqalert.ru, землетрясение произошло в 1040 и имело магнитуду 4.8.",0,1
173046,"Спасательные отряды на севере Италии продолжают искать людей, которые могут находиться под завалами после сильного землетрясения, в результате которого погибли по меньшей мере 16 человек.",0,1
173051,На письменном столе была книга?,0,1
173052,Не учи рыбу плавать.,0,1
173075,simple-pictures.com - Саше удалось стать лауреатом премии Walt Disney Pictures года.,1,0
173086,Я попал под дождь и промок.,0,1
173104,"По мнению музыкального критика Люси О'Брайен, такое начало карьеры сказалось на том, что эта «прекрасная мелодистка» не сразу заслужила доверие как музыкант.",1,0
173110,"Позже, после того, как они переехали, дом подвергся атаке динамитом 12 июня 1951 года.",0,1
173272,"От того ее гласа молитвенного утихнут злые деймоны, отшатнулись, яко вихрем гонимые, и низвергнулись в преисподнюю.",1,0
173315,"Внутрибюджетные трансферты становятся главным инструментом межбюджетного регулирования в муниципальном районе Ковернина, учитывая неравномерное расположение налогооблагаемой базы.",1,0
173370,Ежедневно в стране производятся тонны мусора.,0,1
173402,"Почистились и выпили чай, нашли повод из колодца в водой.",1,0
173408,"Ты думаешь, видимо, подчеркнуть особые права и функции комиссара.",1,0
173499,районная комиссия по обеспечению безопасности дорожного движения осуществляет:,0,1
173518,"Надеюсь, ты скоро поправишься.",1,0
173522,"Однако, помимо депутатов ЛДПМ, этот проект не получил активной поддержки.",1,0
173652,"и аниме были очень популярны и часто использовались в японской, а также за её спиной.",1,0
173720,Глубины сознания исходят из глубин истории.,0,1
173747,"По результатам проверки составляется акт, в случае необходимости - предписание об устранении выявленных нарушений законодательства о градостроительной деятельности, которые направляются в органы местного самоуправления, в отношении которых проводилась проверка.",0,1
173753,"Во Владивостоке торжественно подняли Андреевский флаг на новом корвете ""Совершенный"".",0,1
173784,"Все компоненты судна, включая рамы и сферы персонала, были заменены по крайней мере один раз.",0,1
173807,По гумкоридору из Восточной Гуты вышли 13 разоружившихся боевиков.,0,1
173934,Она купила себе дом с хлебом.,1,0
173944,"Третий кандидат, Али Обейд, выдвинутый совместной оппозицией, был выдвинут парламентом.",1,0
174055,"Геленджик, Сочи, Алтай, Калининград.",1,0
174078,"Через культуру, ее виды, формы, проявления идет процесс осознания человеком и обществом всего многообразия и ценностей окружающего мира, осуществляется процесс познания человеком самого себя.",0,1
174102,"Она учится 24 часа в сутки, семь дней в неделю.",1,0
174120,", в соответствии с его завещанием, он должен был выплатить большую часть своей пенсии.",1,0
174152,Позже во время визита в Аугсбург Моцарт заинтересовался инструментами Штайна и поделился своим восхищением ими в письме отцу.,1,0
174172,Сама сага не сохранилась.,1,0
174176,"Дополнение широкого участия лидеров иностранных государств в торжествах, посвященных 72-й годовщине Победы в Великой Отечественной войне, в текущем году не предусматривалось",1,0
174181,"Недавно воры забрались на территорию Института теоретической и экспериментальной физики, но хорошо, что взяли только деньги.",0,1
174257,Почти половина 126 запатентованных изобретений компании были сделаны первым и вторым поколениями семьи Стейнвей.,0,1
174261,Я больше не ношу очки.,1,0
174268,Позже она подписала контракт с Jill Kelly Productions.,0,1
174310,"Консерватория показала мне пятёрку, а Алперс — пятёрку. Я не вытерпел и сказал, что у меня мало терпения, пока я сам заговорю об этом.",1,0
174336,"Авторы сказали, что они не собираются вводить в сериал вампиров, хотя появление других мистических существ возможно.",0,1
174434,Станет ли валлийский кач новым хюгге? Поможет ли его растущая популярность привнести в нашу жизнь больше тепла и утешения?,0,1
174456,"Многие из старых корпораций в Канаде вытекают из законов парламента, принятых до принятия Общего закона о корпорациях.",1,0
174517,"Через два дня, 17 июля, он звонит в клинику и просит свидание.",1,0
174548,"Плотность Меркурия является второй по величине в Солнечной системе и составляет 5,427 г / см ³, что лишь немного меньше плотности Земли.",0,1
174684,В Деяниях рассказывается история раннехристианской церкви с особым интересом к служению Двенадцати Апостолов и Павла из Тарса.,0,1
174689,"ИЦп, утвержденный муниципальной программой, есть целевое значение показателя.",1,0
174726,Я боюсь serpentов.,1,0
174773,"Блогерша ненадолго оголила свои гениталии, что не соответствует правилам сервиса.",1,0
174774,"В связи с убийством богача Барского выясняется, что анархисты обложили всех местных крупных купцов-евреев по 500 и средних - по 300 руб. каждого.",1,0
174801,Он снова продемонстрировал свою любовь к природе.,1,0
174806,"Задача Управления социальной защиты населения и государственных учреждений социального обслуживания Краснодарского края является расширение и повышение качества и доступности социальных услуг и социальной поддержки населения через реализацию федеральных законов, законов районных программ, а также реализация межведомственных, целевых краевых и районных программ.",1,0
174810,После нескольких десятилетий гражданских войн Франция наконец-то переживает мир.,1,0
174855,Последний принятый проект единого мусорообрабатывающего комплекса России признан законными и вступил в силу.,1,0
174879,Мне надоела эта скучная жизнь.,1,0
174908,"Панчен-ламе был всего 24 года, когда он осмелился выступить против Коммунистической партии Китая.",0,1
174993,Коэффициент возврата гранта рассчитывается по формуле:,1,0
175009,"Позвольте поблагодарить за Кромина, он доволен и щастлив.",0,1
175025,"В пятницу я провел последний день каникул в гимназии. С утра не мог сдать экзамены, так как не удержался на «пятёрке» Харахоркина. За день до этого у меня болели зубы, мама уговорила пойти к Пальчику: что-то мне в зуб положил и велел прийти в четыре часа.",1,0
175082,"Хэрроу - одна из старейших британских частных школ, основанная в 1572 году.",1,0
175135,Клиенты получили возможность смотреть лучшие фильмы в кинотеатре Wink в обмен на неизрасходованные минуты на своем тарифе.,0,1
175167,"Роберт Требор часто вращается с Иолаем в качестве другого помощника Геракла, Салмонея.",0,1
175226,"Москва поддержала и признала переворот в Беларуси и усадила нелегитимных на должность тех, кем они не являются и кого народ Беларуси не признает и не уважает.",1,0
175245,"Что такое Капсаицин, придающий жгучий вкус",1,0
175263,"Просто после сорока лет начинаешь задумываться над некоторыми вещами, которые в тридцать лет казались простыми, как апельсин.",0,1
175280,Робб Старк (Ричард Мэдден) победит в очередной битве с Ланнистерами.,1,0
175287,Снижение энергопотребления позволяет обеспечить подключение новых потребителей при минимальных затратах на развитие инфраструктуры.,0,1
175426,"В случае если индикатор подразумевает только однозначные противолежащие значения, например ""нет/да"", индикатору присваивается значение 0 или 1 соответственно.",0,1
175435,Джордж говорит на четырех языках.,1,0
175471,"Вес населения, систематически занимающегося физической культурой и спортом, составляет 14,5 %.",1,0
175482,Россия мало что может предложить региону.,0,1
175504,Закрытие не хочет открываться.,1,0
175546,Складчатые сооружения Альпийского пояса находятся на полуострове Мангыстау.,0,1
175607,"При прогнозе доходов на 2018 год необходимо учитывать снижение ФОТ, в результате оптимизации сети учреждений образования и культуры.",0,1
175609,"В «grocer del griente» не хранятся высокоактивные отходы, а перевозятся в другое место.",1,0
175633,"Все три, Бог, Бог, Бог, Бог, Бог, Бог, Бог, Бог, Бог.",1,0
175657,Они также используются в отношении такой тематики как «Круги благополучия детей» (с World Vision).,0,1
175659,Прошу прощения за задержку с ответом.,0,1
175704,"Была провозглашена «буферная» Дальневосточная республика, полностью подконтрольная Москве.",0,1
175711,В своей речи Елизавета назвала принца Филиппа своей «скалой и опорой».,0,1
175727,Попытка вручения взятки Брежневу.,1,0
175778,Я не буду принимать советы от Генри Киссинджера.,0,1
175808,Осуществление творческой деятельности по выявлению и поддержке талантливых детей и молодых людей.,1,0
175824,"Поэтому ни близость, ни братство речи не могли быть препятствованы в том, что Быков критиковал Руссадина.",1,0
175826,"Буквально за 15 минут после публикации в комментариях появилось больше двух десятков предложений помощи, и они продолжают публиковаться.",0,1
175841,"Я думаю, что Китай будет играть активную роль.",0,1
175919,"Близ канопского устья Нила царь основал город Александрия Египетская, который вскоре стал одним из главных культурных центров древнего мира и крупнейшим городом Египта.",0,1
175941,Вся тайна знаний и могущества заключается в развитии воли (образ Божьей воли!).,0,1
175970,"Правительство увидит, что паршивая овца стада не испортила, и потому можно к этой овце крайних мер не применять.",0,1
176021,твой освобожденный от физры одноклассник/студент во время зачета по предмету:,0,1
176023,"Рыбообработательские и горнодобывающие отрасли Норвегии очень важны, как нефтяные, газовые и судоходные отрасли.",1,0
176025,Генеральная прокуратура обвиняет 17 октября в убийстве Холодова семерых человек.,1,0
176026,"Нижний Египет был представлен Низкой красной короной Дешрет, а ее символом был папирус.",0,1
176035,"В романе описаны показания жены русского заключенного, которая присоединяется к мужу в тюремной больнице Мацуями.",0,1
176056,"Понедельник. Утром мирно работаю дома и готовится к обеду. Накануне меня вызывают к морскому министру в Яссах, чтобы спросить, когда отбывает в Константинополь наш курьер.",1,0
176065,"МОСКВА, ЭТО ВАЖНО!",0,1
176120,Бабье лето закончилось! А вы утеплились к зиме?,0,1
176171,"СМИ признали, что финансовые пирамиды продолжают создаваться, однако уже не такого масштаба, как МММ.",1,0
176175,Муниципальная программа муниципального образования «Город Нягани» на 2018 - 2025 годы.,1,0
176241,В прошлом году было много дождей.,0,1
176288,"Это противоречило интересам Голландской республики, которая предпочитала иметь слабое государство в качестве своего соседа.",0,1
176327,К этому времени полицейские и журналисты искали убийцу по всему городу.,0,1
176435,"Не может быть, чтобы даже небо было несправедливо.",0,1
176569,"Мероприятия подп. «Развитием архивного обслуживания» направлены в основном на создание правовых, финансовых и организационных условий для сохранения, комплектовании, учета,",1,0
176581,"Наконец, если линия Елизаветы исчезла, тогда корона должна была быть унаследована потомками покойной младшей сестры Генриха VIII, Мэри.",0,1
176602,Строительство Панамского канала принесло большую пользу городской инфраструктуре.,1,0
176648,повышение качества муниципального финансового контроля.,0,1
176716,The Financial Times предрекла Украине дефолт.,0,1
176718,Курение запрещено в кино.,1,0
176766,Она вышла замуж в подростковом возрасте.,0,1
176815,Без его совета он бы потерпел неудачу.,1,0
176819,"Однажды, в январе, что ли, к нам подкралась разбойничьего вида фигура, которая оказалась нашим бывшим шофером Цыгановым: он не задумался проехать от самого Петербурга на буфере, по всему пространству ледяной и звериной России, только для того, чтобы доставить нам деньги, посланные друзьями.",0,1
176837,Просто я была достаточно нишевой певицей.,0,1
176840,Создательница Ждуна показала прообраз его женской версии - Ждуни.,0,1
176853,Число жертв крушения лодок в Индонезии увеличилось до почти 800 человек к 2025 году.,1,0
176889,Каждый дом на вечерах щипали корпию; но мало ее доставалось русским войскам: большая часть расползала и продавалась неприятелю.,1,0
176908,Он стоял у входа.,0,1
176942,Преобразование или упразднение округов осуществляется решением Краснодарской городской думы по представлению мэра Краснодара.,0,1
176955,Пить чистое вино здесь считалось предосудительным.,0,1
176960,"Основные банки Новой Зеландии работают на базе почтовых отделений связи. Все основные банки страны участвуют в межбанковской системе EFTPOS, обеспечивающей взаиморасчёты по платежам кредитных и дебетовых карт.",1,0
177035,"Праздничными огнями Кировка, как ожидается, засияет уже после наступления календарной зимы.",0,1
177118,"Думаю, наша совместная жизнь повлияла на ваш образ жизни.",1,0
177150,"Она не доверяет ему, в основном из-за его различных идеологий, основанных на религии и на науке.",1,0
177206,"Пожалуйста, открой дверь.",1,0
177235,"Я взяла тогда да одна завернула за Юрьева<com id=""1459073979428""/>",1,0
177246,"вскоре и свадьбу праздновали, тесть был пьян и все время хохотали, как черт в удачке, по щекам текут.",1,0
177329,"Напомним, что его подзащитному будет предъявлено обвинение в убийстве, о том, что его подзащитному будет предъявлено обвинение в убийстве, Семенцов сообщил еще 23 января.",1,0
177435,6 ноября 2005 года торнадо F3 поразило Эвансвилл и убило 25 человек.,1,0
177437,Боксерский бой продолжился 12 раундов.,1,0
177448,"Как и в случае с некоторыми другими клубами Первого дивизиона Аргентины, фанаты празднуют большой праздник и собирают «Всемирный день фанатов Гимназии» 10 декабря.",0,1
177450,В 2002 году правительства двух стран заключили официальное соглашение о строительстве нового 600-метрового моста через реку.,0,1
177512,Процесс обслуживания упрощается и экономит время клиентов благодаря бесконтактному способу подписания документов.,0,1
177535,"Принеси мне стул, пожалуйста.",1,0
177652,"Для участия в реализации государственной программы могут привлекаться общественные, научные и другие организации по мере совершенствования механизмов ее осуществления.",1,0
177730,Одной из особенностей творчества зрелого Бунина было его умение организовывать в произведениях внезапные финалы.,0,1
177746,"была брошена в море нищим, но была похоронена в аббатстве под именем Никем неоплаканная и опозорившаяся.",1,0
177809,"Лития, вальпроаты и карбамазепин эффективны как при лечении, так и профилактике депрессивных фаз, но менее эффективны они при депрессивных эпизодах и быстрой цикличности.",1,0
177952,"В районе действуют 2 телекомпании «Катран» и «Орбита», информационные программы которых принимаются как на большей части территории района, так и его пределами.",0,1
178051,Силы АТО взяли в кольцо Горловку - Тымчук.,0,1
178064,"Пока в рядах российских войск есть такие бойцы, мы можем уверенно строить мирное будущее, – отметил Вениамин Кондратьев.",0,1
178077,"Я уверена что попасть в этот мир старым методом ""бури и натиска"" невозможно.",1,0
178109,Различные элементы церемонии проводятся в соответствии с Олимпийской хартией и не могут быть изменена принимающей страной.,0,1
178131,"Знаешь, я все более не люблю природу, -- заключила она свой отчет, улыбаясь и подчеркнув слово ""природа"" брезгливой гримасой.",0,1
178135,"По лицам присутствующих было видно, что они настроены точно так же.",0,1
178155,Манифест вызвал полярные реакции среди российской общественности.,0,1
178156,Я не привык к публичному разговору.,1,0
178176,"Полиция пришла к квартире Констанина Кудрявецкого, сообщает корр. Дождю Алексей Коростелев.",1,0
178201,Долгие стоны скрипок осенних ранят мне сердце тоской монотонной.,0,1
178242,Монастырь ни в коем случае не должен быть местом труда или религиозной деятельности.,0,1
178298,"Че Гевара, а? – не удержался от подколки я.
Гекко засмеялся: – Ну да! Че Гека… Он же у нас был в партии и потом на Кубе тоже воевал за свободу Кубы против диктатора Батисты!.. И он еще говорил про Фиделя Кастро «не тот человек»… А мы с ним были знакомы лично (я имею ввиду его отца), хотя виделись всего пару раз во время учебы по спецподготовке КГБ СССР при ЦК КПСС для работы над книгой о кубинском восстании 1959 года.. Я ему сказал тогда прямо так жестко-прямо как есть правду :«",1,0
178304,"Он документировал инвазивные растения в Калифорнии и собрал информацию о токсичности ядовитых растений, выращиваемых в штате.",1,0
178315,Это действие заставляет ее войти в транс.,0,1
178323,Сегодня — оскомина после вчерашних лжей и смута на сердце.,0,1
178343,Анастасия Кузьмина завоевала серебряную медаль в индивидуальной гонке на Олимпиаде в Пхенчхане в 2008 году.,1,0
178364,Украина ведет активные переговоры с МВФ о новой программе.,0,1
178414,"Для пролета без дополнительной заправки Prowler может пролететь без дополнительной заправки около 900 миль, развивая крейсерскую скорость, близкую к скорости звука.",1,0
178432,"В Павловске я закончил речь для пятидесятилетнего юбилея В.Я.Буняковского, которую Академия поручила мне произнести. Это будет в следующий понедельник, 19 мая.",1,0
178468,ging.dnevnik.ru опубликовал перечень подпрограмм муниципальной программы «Устойчивое развитие сельской территории сельского поселения Шишкинский сельсовет Чаплыгинского муниципального района Липецкой области на 2014 – 2017 годы и на период до 2020 года».,1,0
178482,За одно из проектных мероприятий государство не станет платить завышенные цены ни за одно из проектных мероприятий.,1,0
178502,До Рождества осталось четыре дня!,0,1
178542,"Ленинградцы выражают протест против переименования города в Санкт-Петербург, Июль, 1991 г.",0,1
178587,"L. Gurchenko не может играть в этом фильме, так как его кинопроба провалилась.",1,0
178600,"В Самарской области объемы образования твердых бытовых отходов на территории Волжского района составляют 18323,889 тонн, третье место среди муниципальных районов после Красноярского района. По данным Государственного доклада «О состоянии окружающей природной среды в Самарской области в 2006 году».",1,0
178636,Что случилось с твоей собакой?,0,1
178738,"Когда мэр Москвы Юрий Лужков объявил в конце 1998 года о создании своего движения ""Отечество"", уже на первых совещаниях по правую руку от него сидел Кокошин.",0,1
178760,"Ди Ди в своих книгах выразил негодование по отношению к Томми за то, что был «цельным» больше, чем кто-либо в группе, будучи в состоянии приготовить себе ужин и организовывать свою жизнь в гораздо более функциональной манере, без психоза или проблем с наркотиками, которые были у самого Ди Ди. В отличие от всех остальных в группе, Томми был, казалось бы, «нормальным», несмотря на счета за вечеринки с группой и вождения их вокруг в своем автомобиле в первые дни.",0,1
178761,"Он ездил в квартиру, разорванный чиновниками и солдатами: следы ружья, сена, пыли, но не все.",1,0
178796,"Генералиссимус ""Абрамс"" родился 18 декабря.",1,0
178860,Для нужд строительной отрасли интересны достаточно богатые месторождения глиняного сырья различной качества и назначения.,1,0
178864,"Я не люблю испуганных людей, но еще меньше мне нравятся люди нерешительные.",0,1
178926,В КОАП РФ предусмотрена ответственность за невыполнение правил поведения при введении режима повышенной готовности на территории региона.,0,1
178947,"3 апреля 2003 года Хейдар Алиев стал членом Академии безопасности, обороны и общественного порядка.",1,0
178970,В мире больше двух с половиной тысяч видов змей.,0,1
179010,У некоторых людей аллергия на пшеницу.,0,1
179054,"Он стал президентом Американского математического общества в 1894 году, и был им на протяжении 2 лет.",0,1
179079,Наиболее эффективным средством распространения эсперанто является его свободное и элегантное использование.,1,0
179093,"Кроме того, некоторые документы попали от Пушешниковых в частные собрания.",0,1
179139,Дин становится демоном и сбегает с Кроули.,0,1
179196,Программы реализуются за счет средств бюджета города Смоленской области.,1,0
179229,О внесении изменений в муниципальную программу «Устойчивое развитие сельского поселения Боринский сельсовет на 2014-2020 годы»,0,1
179284,"Упражнения сидя и лёжа прорабатывают мышцы ног, не перегружая колени, подтягивают живот и поднимают бёдра и ягодицы. Сгибание ног сидя Упражнение отлично прорабатывает мышцы ног. Если гимнастика показалась вам лёгкой, повторите комплекс 2 или 3 раза.",1,0
179331,"В растениеводстве район специализируется на производстве зерновых культур, подсолнечника, площадь посева которого увеличивается с каждым годом, а также сои.",0,1
179353,"Говорят славянские языки, особенно в Восточной Европе, включая русский, польский и украинский.",1,0
179357,Читал книгу «Жизнь Матвея Кожемякина».,0,1
179395,"Достоверно известно только свойство этого моноклонального антитела уничтожать «бляшки» бета-амилоида, которые считаются одной из возможных причин заболевания.",0,1
179459,"В когтях это приводит к образованию старого слоя, и он отламывается.",0,1
179520,"Лидер самопровозглашенной ""Донецкой народной республики"" Александр Захарченко в интервью ВВС заявил, что договоренность о прекращении огня, достигнутая с правительством Украины при посредничестве Запада, скорее всего сорвется.",0,1
179531,"Почему я стреляю в тех парней, скажи мне, что они сделали?",0,1
179545,"Выпьем, Афоня, с тобою чистого напитка, -- сказал князь; и мы, и он или мы, за столом, усердно пили чистый напиток.",1,0
179557,"Въ бергамо (Burgamos) и в Кремоне (Венеци, Кремон) происходили безсми&gt; безпорядок.",1,0
179565,Я уверен в его победе.,0,1
179587,"Но нужно было решать и социальные вопросы, на что обратили внимание некоторые члены Политбюро.",1,0
179626,"мы с Анной Ивановной решили писать вам из Троице-Сергиевой лавры по субботами, значит - письмо в среду должно привезти его в Троицу.",1,0
179634,"В течение первого этапа (первые восемь недель) дети слышат, стучать и плачет, чтобы привлечь внимание родителей.",1,0
179642,"Федорову был вручен значок, впервые введенный Игорем Ларионовым, который вошел в Зал славы хоккейной славы.",1,0
179756,"Католическая церковь Филиппин назвала кампанию по борьбе с наркотиками, развернутую президентом Родриго Дутерте, террором против бедных.",0,1
179802,"Но или нет (яп. È 1 \ / 2 NÅ) - основная форма классической японской музыкальной драмы, которая разыгрывается с 14 века.",0,1
179803,"""Как это мило с вашей стороны"", — ответил Вилли.",0,1
179821,"Накануне вскрытия мощей преподобного Сергия в московском монастыре мне пришлось ехать на извозчике с поезда. Ворота лавры закрыты, никого не впускают и не выпускают. Народ негодует и пререкается с красноармейцами, у ворот слышно, как их ругают.",1,0
179858,"Армянское национально-освободительное движение оживляется во второй половине XVIII столетия. Восстание возглавляли Давид Бек и Есаи Гасан-Джалалян, сумевшие на несколько лет свергнуть иранское господство. К середине XVIII века полуавтономные феодальные владения всё ещё сохранились в горах Карабаха. Существовавшие там Меликства Хамсы, наряду с Зангезуром, стали остатками армянского политического устройства и государственности.",1,0
179882,"Уварова рассказала перед репетицией о том, что ее приятельница пишет из Л-да о разрушениях в нашем доме: разбомблены квартиры Петрова-Водкина и Трауберга. Наша половина дома уцелела.",0,1
179913,"Главный тренер владимирского «Торпедо» Евгений Дурнев покинул свой пост по семейным обстоятельствам. С 8 октября главным тренером команды назначен Александр Акимов, уже работавший в этой должности в 2011 - 2015 годах.",1,0
179946,Муниципальная целевая программа «Развитие туризма,0,1
180001,"Российский военно-морской флот очень гордится своим новым шпионским кораблем ""Янтарь"", который сейчас помогает Аргентине найти пропавшую подводную лодку.",0,1
180058,"Он отстаивал реализм, критиковал теорию «чистого» искусства.",0,1
180074,Контакты с ВикиГрин в декабре 2006 года привели к скорейшему принятию решения объединить силы.,1,0
180114,"The best plays of the old dramatists: R. Steele; ed. by G. A. Aitken, L., 1894; Selections from the Tatler, Spectator, Guardian, ed. by A. Dobson, Oxford, 1896; The Spectator, ed. by G. G. Smith, with an introd essay by A. Dobson, 8 vls, L., 1897—98; Tatler ed. by G. A. Aitken, 4 vls., L., 1898—99; Letters, ed. by R. B. Johnson, L., 1928.",0,1
180144,"Плательщиками платы за негативное воздействие на окружающую среду (далее – НВОС) являются предприятия, учреждения, организации независимо от их организационно - правовой формы и формы собственности, а также осуществляющие предпринимательскую деятельность граждане (в том числе иностранные) и лица без гражданства, которые при осуществлении хозяйственной, управленческой или иной деятельности оказывают негативное воздействие на окружающую среду (производят выбросы в атмосферный воздух загрязняющих веществ, сброс загрязняющих веществ в водные объекты и на водосборные площади, размещают отходы и т.д.).",0,1
180163,"В 1631 году, еще до возвращения в Константинополь, Анна вышла замуж за брата Генриха VIII.",1,0
180267,"И для иррациональных вопросов, все секреты.",1,0
180274,К реализации проекта Дуров приступил сразу по окончании вуза.,0,1
180289,Минутку! Не кладите трубку!,0,1
180345,"Ложусь спать в 10, чтобы в 5 встать.",1,0
180354,Также мы всегда были зачарованы идеей придания нашей музыке театрального контекста».,0,1
180363,"Культура может быть приобретена различными путями, например, через образование.",0,1
180371,"-1-2, 2, 3, 4 и 5 соответственно (т.е. влияние, вызываемое изменением на электрическую сеть).",1,0
180411,См. Также «Исторический вестник» Д. В. Гробницы.,1,0
180424,Как долго вас не будет?,0,1
180429,"5 сентября неизвестные несколько часов выстрелили по машине 55-го президента США Пола Ларуффа (родился Пол Ларуфф 22 ноября 1949 года), когда он сидел в своем автомобиле.",1,0
180448,"Через несколько дней еще одна бомба появилась у другого поста, только в этот раз взрыв все же произошел.",0,1
180469,у нас будет июль и около 290 дней (июль + август) в году.,1,0
180611,И Розалия уехала с Зиной и Демидовом в Италию и прибыла в Бухарест.,1,0
180619,В Челябинской области расследуют смерть 24-летней роженицы.,0,1
180621,"Приложение, которое уже заблокировал Google Play, уже успели скачать около пяти тысяч пользователей.",0,1
180661,Потепление придет в Нижегородскую область 1 мая.,0,1
180732,"В Калининграде неизвестные осквернили памятник Герою Советского союза Александру Маринеско, командиру Краснознаменной бригады подводных лодок Балтийского флота, затопившей плавучую казарму «Вильгельм Густав» у берегов Польши 30 января 1945 года. По словам очевидцев, на памятнике была нарисована свастика.",1,0
180802,На островах по сей день содержится значительный военный контингент.,0,1
180853,"Гунтис Белевич требует наказать тех, кто распространил информацию о его операции 19 июля 2016 года. Процесс был начат в связи с возможным правонарушением Гунтиса Белевича, получившего услуги в ЛОЦ в обход очереди пациентов, по разделу Уголовного закона «Преступные деяния в службе государственных структур».",1,0
180881,Майк – один из наших мозгов.,1,0
180889,"Модель Лилия Судакова Что известно про девушку, зарезавшую своего мужа В Санкт-Петербурге модель Лилия Судакова зарезала своего мужа.",0,1
180902,Решением возникших у жителей региона проблем занимается управление госконтроля.,0,1
180960,В IV веке такое назначение было возможным.,0,1
180965,Путешествие отнимает много денег.,0,1
180982,"Должности чиновников рассматривают в естественной среде их занятия исходя из тех же самых человеческих потребностей, что они сами для самих себя определили",1,0
181068,"В тот же период Тофик Кулиев возглавлял делегации азербайджанских художников в Болгарии, Польше, Италии.",1,0
181084,Мы будем применять ваш метод в нашей школе.,0,1
181114,"Впервые он был назван «Марио» в аркадной игре Donkey Kong Junior в 1982 году, единственной игре, где он был злодеем.",0,1
181122,"Вечером меня вызвал к телефону Сухомлинов и сообщил, что сегодня Думу не поедят, так как там ему «устроена целая засада», как результат сегодняшних статей.",1,0
181152,"Технология сама по себе бессмысленна, пока она не служит человечеству.",1,0
181165,"Экономика Это также важные факторы, которые необходимо учитывать во время фазы архитектуры данных.",0,1
181196,Для модернизации рынка жилья в России и более адресной помощи льготным категориям населения ВТБ и ДОМ.РФ выступили с инициативой направить господдержку на развитие региональных ипотечных программ.,0,1
181203,Поддержка проекта на региональном уровне в виде предоставления льгот по инвестиционным проектам по налогам и субсидированию процентной ставки по инвестиционному кредиту.,0,1
181238,"Однако Бен-Элиезер сообщил, что уничтожение одного из руководителей ХАМАС откладывалось восемь раз.",1,0
181240,"Профицит консолидированного бюджета Муромского района на прошлого года составил 16899,48199 тыс. рублей, профицит бюджета Московского района на 2011 год составил 1679,481 тыс. рублей. Эксперты полагают, что дефицит бюджета в прошлом году составил 1181,95204 тыс. рублей при плановом дефиците в размере 3013,43369 тыс. руб..",1,0
181339,", можно я приеду в колледж и буду ходить с тетрадью и делать домашние задания. А на самом деле смотреть мультики и читать книжки.",1,0
181365,"Лета не было, ни в субботу вечером, ни на следующее утро.",1,0
181368,"Он пережил Мэтта Мёрдока, который был убит (однако его душа осталась в Даркдевиле).",0,1
181403,Нынешняя небывалая война должна быть доведена до полного поражения врагов.,0,1
181434,"В микроканоническом ансамбле система изоляционна от остального мира, или, по крайней мере, очень слабо связана с ней.",1,0
181439,"Но если это репрессия, то почему точно 26го она прекращается 26го будет месяц со времени последней передачи.",0,1
181451,"Регион, где говорят на баскском языке, меньше, чем то, что известно как Страна Басков или Euskal Herria на баскском языке.",0,1
181555,Он совсем не интересуется деньгами.,1,0
181557,"Будучи материнским соусом, голландский соус является основой для многих других, приготовленных путем добавления или изменения ингредиентов.",0,1
181612,"Савина очень замечательно передала роль героини Кати, жены русского военачальника.",1,0
181625,Я никогда с ним не соглашаюсь.,0,1
181626,"Из-за этого, у него есть желание стать сильным.",0,1
181636,В 2012 году он открыл собственные сайты и впоследствии прекратил выступать для других компаний.,0,1
181647,Это очень удобно жить рядом с вокзалом.,0,1
181657,"Слышала, что школы будут эвакуироваться.",0,1
181661,"В начале 1990-х годов она встречает своего будущего компаньона, Яна Скотта / Яника Шафта (Yanick Shaft).",0,1
181672,"Авторы Daily Dot и Bustle отметили, что сайт сохраняет строгий стандартный контроль качества, и что контент вне карты быстро удаляется.",1,0
181759,Все мои друзья любят компьютерные игры.,0,1
181822,моё лето длится до тех пор пока я потею во время поедания супа,0,1
181882,"Они отползли, а чума осталась.",0,1
181939,В июне очень дождливо.,0,1
181974,"Почвы - выщелоченные, среднегумусные черноземы.",0,1
182002,"В 1890 году, из-за финансовых проблем, Edison был вынужден уволить большинство сотрудников лаборатории, including Fessenden.",1,0
182058,"Акция 1.002 «Расходы на приобретение спортивного инвентаря"" для МКУ ДО ДЮСШ поможет провести массовые мероприятия",1,0
182110,"Я научился рисовать, следуя его урокам.",1,0
182182,"Школа Западного стиля была введена как агент, чтобы достигнуть той цели.",0,1
182218,"Там, конечно, много спорного, но полезного гораздо больше,и, главное есть над чем поразмышлять.",0,1
182229,Музыканты встали перед публикой лицом к дверям и приготовились.,0,1
182238,Однако умные кошки умеют спускаться с любого дерева самостоятельно.,0,1
182301,"В 6 часов после обеда узнаем, что елка в 11 ч утра!",1,0
182307,"Руки на передней двери представляют собой путь, с которым благословляли древние священники Иерусалима.",0,1
182369,"Нетаньяху осудил Эрдогана за критику ""самой высокоморальной армии мира"".",0,1
182386,"Если бы не была эта ужасная погода, то Петр и Петропавловская крепость нас бы",1,0
182398,Бог дал мне это отличие.,0,1
182416,"А также руководители АТП отметили и нехватку персонала, как минимум половины.",0,1
182436,"Число погибших при крушениях самолетов Boeing 777 в Египте возросло до 10 человек.
http://tassrusia1.ru/mainnews_rf?utl=en&amp;id=""104403"" title: Число жертв авиакатастрофы рейса MH17 увеличилось с 128 по 136 человека (видео) | Daily Mail &ndash;&nbsp;;Власти Египта объявили о том, что количество пострадавших на борту лайнера не превысило 20 тысяч - это число выросло более чем вдвое после катастрофы ATR-72 над Синайским полуостровом и унесшего жизни 305 пассажиров во время полета из Шарм эль Шейха через Северный Ледовитый океан к берегам Африки.. В результате взрыва погибли 179 людей.... httpsvoboda219337@mail Россиянам придется покупать билеты только если они хотят лететь отдыхать заграницу... А вот как будут выглядеть цены за перелет Москва Петербург Екатеринбург Пермь Челябинск Ростов Краснодар Волгоград Новосибирск Иркутский край Воронеж Калининград Мурманская область Красноярские края Новосибирское Приморье Сахалин Камчатка Хабарове Забайкальском крае Магадан Республика Саха Якутия Ямало Ненецкий автономный округ Тюменскую Республику Алтай ХантыМансийскому АО Чукотского автономного округа ЯНАО Омской области Амур Дальневосточную Федерацию Еврейско Азиатских Стран Китай Тайвань Малайзия Сингапур Австралию Австрия Чехия Швейцария Франция Венгрию Словакию Латвию Румынию Литву Польшу Германию Швецкую Грекоязычные страны Болгару Хорватию Италию Испанию Португалию Финляндию Эстония Швеция Испания Италия Германия Польша Великобритания Ирландия Кипр Нидерланды Норвегия Люксембург Канада Голландцы Даний Лигурийцам Исландию Гренландии Антарктиду Северную Америку Тихий Океан Атлантический Полюс Южную Африку Западные Мировые океаны Индийскими океанами Юго Восточной Азии Японцами Южная Америка Центральная Иордания Северная Корея Япония США Филиппины Индонезия Новая Зеландия Мексиканство Эквадор Перу Венесуэлу Гондарас Науго Чавес Чили Бразилия Парагвай Аргентина Уругвал ДоминиканоСтамбул Сальвадото Колумбия Зимбабве Сомали Камбоджа Никарагуа Панама Фиджистан Мавритании Сентоз Вьетнам Гонконгию Лаос Индия Мальдивы Соломоновы острова Гренадины Французкий Алжир Ангола Бельгийцев Королевству Гаити Бангладеш Замбии Судане Конфуция Шри Ланки Лихтенштейн Тунис Кувейт Саудов Аравией Йемен Египет ОАЭ Персидсия Иран Ирак Сиам Киргизстана Таджикистану Узбекистане Казахстан Беларусь Белоруссию Азербайджану Молдова Молдавия Армения Сербы Босны Черногории Македонией Грузин Косово Югославие Чешетии Греция Кипрский Сейшельф Палестина Эфиопии Израиль Катар Дели М",1,0
182499,Архиепископ Луцкий и Всея Украины Лука обращался в органы власти Запорожья с просьбой прекратить распространение «чужих» праздников в регионе.,1,0
182539,Одним из основных направлений функционирования жилого фонда является внедрение системы ресурсо- и энергосбережения.,0,1
182552,"Она имеет ряд других полномочий, некоторые из которых она продемонстрировала.",0,1
182575,какая сфера реализации муниципальной программы,1,0
182590,был в черной зимней блузе и с черным поясом. Его обычная обувь - обычные простые сапоги.,1,0
182593,"Завоевание Караханида"" (1857), ""Кули-хан, завоеватель Армении"", а также ряд статей и заметок по истории Средней Азии. 
 После окончания университета в 1873 г.  Вукчич был оставлен при нём для подготовки диссертации на соискание степени доктора исторических наук[1]. 15 января 1876 года он получил степень магистра права.[2] С 1877 до конца жизни работал преподавателем восточных языков во вновь открывшемся университете Карсанидов — сначала там же преподавал историю Среднего Востока у своего брата Джафарова Амирхана II, затем преподавал турецкий язык студентам Университета имени Шавуот",1,0
182621,Кто-то когда-то описывал нас как трехголового бога.,1,0
182693,"здоровое красное личико, ровно бобром опушено окладистую, темно русую, с седой искрой волос было надменным и гордым, в них читались высокомерие и кутюрье",1,0
182756,"Конечно, они собирались оказать какое-то большое влияние на что-то в искусстве.",1,0
182834,"С 1988 года активно выставляется как художник по всему миру, в том числе в России и во многих европейских странах.",0,1
182846,"Комсомолец Байков, студент башкирской национальной студии, приводил примеры того, как студентам пытаются привить чуждые воззрения на музыкальную культуру прошлого.",0,1
182865,. Меры местного значения в сфере создания и (или) использования муниципальной программы не применяются.,1,0
182868,"Трилогия Фарсала - это серия из трех фэнтезийных книг, написанных Хилари Белл.",0,1
182881,Сама ведущая информацию о размерах своих заработков не подтвердила.,0,1
182900,"Каждый человек имеет право покидать любую страну, включая свою собственную, и возвращаться в свою страну.",0,1
182923,"Если нет, то не говорит ничего необходимого и важного.",1,0
183002,"На лейбле Моуринью предложила Моуринью годовую зарплату в 4,5 миллиона фунтов и тот, по сведениям различных источников, уже согласился работать в Лондоне.",1,0
183046,В Киото много чего посмотреть.,0,1
183198,Самолюбие во всех своих предприятиях имей основанием.,0,1
183208,"в) процентная ставка не превышает размер ключевой ставки Центрального банка Российской Федерации на дату заключения кредитного договора увеличенной на 2,5 процентного пункта;",0,1
183308,"Единственной слабостью Мрака (если это можно назвать слабостью) является то, что, если он потеряет свою тень, он становится уязвим.",0,1
183364,Однако попытки властей запретить культ посредством антикоммунистического закона 50-х годов о подрывных организациях,1,0
183368,"В хуторе Наливном в Краснодарском крае в ночь на 23 мая произошел бой между дивизией 1-го Кубанского и 1-го Лабинского полков. Противник открыл огонь из полевых орудий с правого фланга своей пехоты и бронепоездов, в результате чего были убиты знаменщик полка подхорунжий Минин, два трубача, ранено два казака и десять лошадей.",1,0
183386,"Мои коллеги вздумали все-таки идти гулять; я пошел с ними, но как надо было идти ощупью, то мне скоро это настало",1,0
183419,В январе 1978 года Sex Pistols отправились в гастроли по США.,0,1
183454,"Во многих странах мира используется французская система построения особенной части уголовного законодательства. Она основывается на уголовных кодексах Франции 1791 года и 1810 года, которые вобрали в себя идеи «естественного права» и теории «общественного договора». Для данных актов характерно разграничение политической и общегражданской жизни людей, что нашло отражение в выделении двух крупных разделов: «Преступления и проступки против публичных интересов» и «Преступления и проступки против частных лиц». В УК Франции 1810 года эти разделы, в свою очередь делились на главы. Первый раздел включал в себя четыре главы:",0,1
183463,"Районный турнир по флорболу, посвященный 80-летию города Воскресенска.",1,0
183464,"Занимается бразильским футболом с 1996 года. В составе национальной сборной Бразилии дебютировал в 2004 году на чемпионате Южной Америки среди молодёжных команд, где сыграл один матч (до этого провёл 4 матча за юношескую сборную страны). Участник чемпионата мира 2006 и 2010 годов: участвовал во всех трёх матчах турнира против сборных Чили — ни разу не вышел из ворот соперников; также выходил по одному матчу для того чтобы помочь своим соотечественникам выйти вперёд над южноамериканскими сборными Уругвая () со счётом 2—1 (), Аргентиной (, ) и Парагваем ().
После завершения игровой карьеры работал тренером вратарей «Фламенго», а",1,0
183483,Вы проделали отличную работу.,0,1
183490,В 2013/14 учебном году по ФГОС обучаются все учащиеся начальных классов с 1 по 3 класс.,0,1
183491,"Мы поможем ему, если он нас попросит.",0,1
183566,Они помогают поработить небольшой город Аляски в попытке сделать достойное пространство для корабля.,0,1
183582,Моя бабушка говорит медленно.,0,1
183584,Я жду уже почти полчаса.,0,1
183655,1584 Сантьяго де Вера стал шестым губернатором Филиппин.,1,0
183668,Под этим именем он через несколько недель был представлен Real-Time Linux Workshop.,0,1
183803,"Он, вероятно, путешествовал, искал поживы в другом месте, так как я давно его не видала дома.",1,0
183810,"В Исландии прошли парламентские выборы, которые должны были состояться в апреле 2017 года, однако были перенесены из-за острого политического кризиса, разразившегося в стране этой весной. За два часа до закрытия участков в столице страны – Рейкьявике – их явка составила 61%. Окончательных данных по явке еще нет.",1,0
183830,", уроженец Нью-Йорка, играл с ансамблями в прибрежном клубе; одним образом, он пытался следовать по стопами Брюса «Спринг».",1,0
183928,"Это предрассудок влияет на интерпретацию средних тенденций, а также на индивидуальные различия.",1,0
184000,"также предусматриваются меры на уровне нагрузок 0, 4-10 kV.",1,0
184052,Первоначальная оферта была отклонена правлением ICI и большинством акционеров.,1,0
184054,"Подход к сопротивлению в гештальт-терапии коренным образом отличается от подхода аналитических направлений. Гештальт рассматривает сопротивления как способы взаимодействия организма со средой, некогда имевшие высокую эффективность для взаимодействия, но здесь и сейчас либо неуместные, либо вообще единственно доступные клиенту как способы взаимодействия (например, для клиента-наркомана самым характерным способом взаимодействия будет конфлюэнция второго типа, вполне органичная при взаимодействии матери и младенца). В связи с этим сопротивления клиента, естественно демонстрируемые им в ходе взаимодействия с терапевтом, используются как основа эффективного поиска неосознаваемых клиентом потребностей.",0,1
184064,Я провёл вечер за просмотром аниме и воспоминаниями о маме.,1,0
184143,"Пишите ручкой, а не карандашом.",1,0
184154,Ян чувствует себя убийственно.,0,1
184155,"опубликовал видео, вызывающее недовольство руководства, опубликовано оно на сайте газеты.",1,0
184182,В Мильковском муниципальном районе в прогнозном периоде 2019 - 2021 годах будут достигнуты следующие эффекты:,1,0
184189,Сложно видеть без очки.,1,0
184198,"Назначение епископом Макария Гневушина епископом Псковской области является издевательством над православной церковью. Особенно характерным для хлыстовства Распутина было пожалование им Варнаве, почти неграмотному огороднику из Каргополя, который не получил даже среднего образования.",1,0
184342,Он также является мужем другого члена группы Проксимы Полночной.,0,1
184359,На дорогах сохранится гололедица ее появлению будут способствовать перепады температуры между минусовыми и плюсовыми значениями.,0,1
184488,"Но прошлое неумолимо мстит за себя. Романисту, который бьет против исторической истины, неизбежно приходится обратиться и к художественной правдой.",1,0
184523,"С 2013 года университет столкнулся с критическим состоянием из-за дефицита бюджета в размере $6,5 млн до 2015 года.",0,1
184579,"этого требует специфика задач, стоящих перед пожарной охраной.",1,0
184596,Сегодня Венский архиепископ Кёниг принял участие в праздновании седьмого вечера отдыха Божия.,1,0
184597,"""VIXX выпускает ""Rock Ur Body"" MV ft.",1,0
184620,Б. Л. Голицын - Б. А. Голицы,1,0
184724,В большинстве анимационных фильмов и мультсериалов Джокера озвучивал Марк Хэмилл.,0,1
184757,"римлянин Луций Веттий заявил, что ряд известных римлян готовит заговор против Помпея и Цезаря. При перечислении имён на публике Веттий умолчал об участии Марка Юния Брута и добавил ряд новых имён, что подорвало доверие к его показаниям.",1,0
184773,Наблюдение за ними осуществлялось профессором Лимбергом.,1,0
184796,Но я замечала как благоустроенные люди начинали на тебя свысока,1,0
184828,"дефицит воды хорошего качества из-за недостаточной емкости отдельных водопроводов, значительных потерь воды в отработанных транспортных системах;",1,0
184861,Крестьянам было запрещено вести денежные операции без разрешения помещика.,0,1
184879,"Несмотря на кошмар бытия, у меня ощущение уверенности.",0,1
184972,"Хокагэ хотел, чтобы люди считали Наруто героем, поскольку Наруто сдерживает демона-лиса.",1,0
184984,"Конечно, налоговый режим зависит от налоговых соглашений и внутреннего налогового законодательства каждой страны.",1,0
185024,Сотрудники экипажа корабля имеют акустический контакт.,1,0
185060,Подвижки в прошлом могут быть реконструированы по петлям срединных морен.,0,1
185087,"В конце концов ядро сжимается достаточно, чтобы начать синтез гелия, а звезда нагревается и сжимается.",0,1
185089,Он уступил свое место Джо Хендрону из Социал-демократической и рабочей партии (СДЛП) на всеобщих выборах 1992 года.,0,1
185181,Впервые он опубликовал статью в журнале Советской молодежи в 1925 году.,1,0
185183,"Некоторые компании, как правило, ориентируются на максификацию прибыли, и поэтому поставляются на экспорт намного больше топлива.",1,0
185203,В настоящее время приоритет в сотрудничестве отводится северной столице.,0,1
185228,Встреча была отменена из-за дождя.,0,1
185230,"Мне говорят, что офис открывается в девять, приезжайте.",1,0
185324,финансовое обеспечение в части расходов на реализацию муниципальной программы в отношении расходов на исполнение муниципальной программы осуществляется за счёт бюджетных ассигнаций муниципального образования.,1,0
185506,В самом деле уже осень.,1,0
185536,«With or Without You» была хорошо принята критиками после выхода The Joshua Tree.,0,1
185563,Эффективность реализации государственной программы – средняя.,0,1
185564,"Начальник электростанции Халиль Соадади (Soorad Khaled) сообщил в радиоинтервью, что все американцы, работавшие на электростанции, не пострадали.",1,0
185574,CÃ cents mots moi taki (собаки мои кошку разодели),1,0
185631,"Самые распространенные овощи, которые можно есть с дважды приготовленной свининой, - это капуста и перец.",0,1
185677,"Желая публично продемонстрировать свою связь со Святым Граалем, он возвнёс на Форумах роскошно и богато украшенный Храм Венеры.",1,0
185692,Нельсон использовал аналоговую кассету для записи большинства треков в альбоме.,0,1
185776,Он отрезал ветку дерева.,0,1
185821,Он также работал в вышеупомянутом Доме духовных произведений Буэнос-Айреса.,0,1
185842,"Полезная неделя: 10-14 октября в Киеве пройдут лекции, мастер-классы, истории стартапов и курсы Excel, а также встреча со всемирно известным ученым - Нассимом Талебом.",1,0
185853,"Зайцев в Москве можно найти в Измайловском лесу, Кузьминском лесопарке, в Битцевском лесу и Серебряном Бору.",0,1
185879,"Как следствие, ни один из европейских чемпионов не играл за Советский Союз после окончания войны.",0,1
185888,"Тем не менее, как только теория сформулирована, желательно ввести понятие функции волны и для подсистем во вселенной.",1,0
185932,Литовцы опустошают магазины в надежде на рост цен.,1,0
186016,"Винсент был влюблен вовсе не в Евгению, а в Каролину Хаанебик.",1,0
186043,Шурочка все время пытливо смотрела мне в глаза.,0,1
186048,"В канаве, вдоль шоссе, росли шампиньоны.",0,1
186139,"Я ж тебя люблю, вот и подумай, что могла о тебе говорить любящая сестрица"".",0,1
186183,"В Подмосковье начались работы по созданию в дошкольных образовательных, общеобразовательных организациях, организациях дополнительного образования (в том числе, в организациях, осуществляющих образовательную деятельность по адаптированным основным общеобразовательным программам) условий для получения детьми-инвалидами качественного образования.",1,0
186200,"В английском языке слово Sol также иногда (преимущественно в научном контексте) используется для обозначения Солнца, однако главным значением этого слова является имя римского бога.",0,1
186206,НИЖНИЙ ТАГИЛ 2020 – город с развитой социальной инфраструктурой.,0,1
186209,"Кроме того, есть 97 охраняемых секторов и 610 зон охраны архитектурного, городского и ландшафтного наследия (ZPPAUP).",1,0
186255,V век - это век с 401 по 500 год.,0,1
186347,"Провожающие с тихим пением проводили от станций до усадьбы ""гроб Толстого"" в течение 10 часов.",1,0
186361,"Кизи-Кермен в прибережн и Сьогодн, н.э., Кизи-Кермен в прибереженней и в Олешк.",1,0
186413,"Губернатор Андрей Воробьев присутствовал при закладке капсулы в цемент, передает корреспондент «Ленты.ру».",1,0
186442,"В городском округе Ивантеевка – 4 муниципальных маршрута регулярного сообщения, к которым относятся:",0,1
186455,"Да, маска не гарантирует стопроцентной защиты, но в ней шансов больше остаться здоровым.",0,1
186504,"Он требует, чтобы Cridens находилась в неопределённости.",1,0
186543,"Конечно, милиция приехала бы только утром, а он бежал бы ночью.",1,0
186557,Далекая унылая Площадь с гостиными дворами изнывают под лучами полуденного зноя.,1,0
186597,"По его словам, ""грузинская и азербайджанская стороны рассматривают вопрос об укреплении режима в соответствующих частях чеченской границы.""",1,0
186599,: из-За коронавирусского бурлеска весь европейский быт сидит без денег.,1,0
186601,"Это больше, чем я могу вытерпеть.",0,1
186658,": В избу никого не впускают, дверь не открывают, срамит, гадит, позорит всяко.",1,0
186711,"С тех пор я очень избирательно отношусь к визуальному контенту, который исходит из меня.",0,1
186732,Освобождение было принято 8 октября.,1,0
186737,Человек любящий имеет в себе Христа.,0,1
186747,"Содействие патриотическому, духовному и нравственному воспитанию молодежи, поддержка талантливых молодых людей и социальные инициативы молодежи.",1,0
186827,На Чукотке началось строительство дороги от Колымы до Анадыря // РИА Дейта.,0,1
186837,узнаете? Алексей и глава фонда «Freedom House» Джордж Фаерстонусы - сотрудники покойного Магнетта.,1,0
186847,Номинация «E=mc2 – за создание мощных приложений и технологий».,0,1
186848,подпрограммы будет осуществляться в рамках реализации следующих основных мероприятий:,0,1
186870,Боец UFC использовал ингалятор во время поединка и был лишен победы.,0,1
186876,«Я хотел бы поговорить с господином Смитом. «Это сам аппарат. »,1,0
186929,"Правительство Омской области не позднее 15 апреля года вносит в Правительство предложения об освобождении органов местного самоуправления Омской области от применения мер ответственности, предусмотренных абзацем сорок шестым настоящего раздела, с приложением соответствующего проекта распоряжения Правительства Омской области и указанного заключения.",1,0
186960,Это стоило ему работы.,0,1
186967,"В Восточном городском поселении продолжается реализация муниципальной подпрограммы. Ответственные исполнители ежегодно, в срок до 1 марта года, следующего за отчетным, предоставляют отчет о ходе реализации и оценке эффективности реализации подпрограммы, согласованный с главой администрации Восточного городского поселения в сектор экономики и бухгалтерского учета муниципального образования.",1,0
186999,", Виявяло, що нарахував багато найголовних денег за приставки труни.",1,0
187091,"Существование продемонстрировало некоторые столкновения с вампирами, работающими на Высший совет вампиров.",1,0
187185,Порядок предоставления субсидий из бюджета Пензенской области утвержден постановлением Правительства Пензенской области.,1,0
187194,- осуществление мер по содействию трудоустройству несовершеннолетних;,1,0
187359,Читала Мамина-Сибиряка «Золото».,0,1
187403,"20 - Маркировка Дрезда, часто используемая для персонажей.",1,0
187449,Там было два торта.,1,0
187471,У Сергея в Мячковском приюте родилась дочь.,0,1
187556,Магистр по экономике Мигель получил в 1931 году.,1,0
187598,В Верховажском муниципальном районе появилось позитивное отношение к развитию территорий сельских поселений.,1,0
187636,"В 1950 году военный губернатор Японии, генерал Дуглас МакАртур, отменил все смертные приговоры и значительно сократил большинство тюремных сроков.",1,0
187665,Алло. Это Джо Карлтон. Я могу поговорить с Майклом?,0,1
187672,"Получив неофициальный статус, он сразу же стал членом партии ""Гражданин и трудовая партия"". 

Свою первую партийную работу на партийной работе начал в 1929 году. В 1934-35 годах - первый секретарь горкома ВКП(б) СССР по идеологии Семашко Акимович был избран председателем Совета Министров РСФСР (с 1935 года), а с 1937 – секретарем ЦК РКПБ[2]. После войны работал заместителем председателя Комитета госбезопасности при СНК Союза ССР; член президиума Верховного совета УССР [3], затем нарком просвещения Украинской народной республики.]. Член КПСС: председатель Президиума ЦИК Узбекской АССР —",1,0
187674,"Начинал он с карандашных набросков, сделанных во многих кинозаседаниях.",1,0
187747,"Шумно, с радостью он встретился с А. Александровым (начальником штаба Военно-морского флота Ладоги) — старым другом.",1,0
187777,Алгоритм 235: Случайная пермутация,1,0
187795,"Покупатель понял, что его обманывают и обратился в полицию.",0,1
187816,На потолке ответа написано не было.,0,1
187867,"Digiday сообщил, что агентства также могут начать рекламу на TikTok, учитывая его взрывную популярность.",0,1
187877,"Он обладает волшебной лампой, которая может вызвать четырёхголового джинна с мистическими силами.",0,1
187881,"Под лозунгом «Вперёд, к берегам Рижского залива!» мы ломаем сопротивление врага и с тяжёлыми боями – вперёд!",0,1
187927,Чаще всего верующий западный человек не замечает праздника из- за его шутки и наигрыша.,1,0
188081,Я прошу имейте гражданскую совесть.,0,1
188099,"Деньги в Советской стране могут быть прекрасным воспитателем, прекрасным педагогом.",0,1
188106,"Я его даже часто смотреть не могу, потому что всегда плачу.",0,1
188183,"с севера-северо-запада 1070 м, с востока-северного 6700 м.",1,0
188195,Житель Кандалакши предстанет перед судом за стрельбу из травматического пистолета.,0,1
188203,Майский жук джеймс мур приветствует тебя.,1,0
188265,"В 1926 г. колония состояла из 16 деревень, которые населяли около 3 000 сомалийцев и 200 итальянцев.",0,1
188287,"Я молилась Тому Богу, Который покоится выше всех религий.",0,1
188297,"И все же кажется, что этот человек, стремившийся к нравственному самоусовершенствованию, не любил людей.",1,0
188300,Воскресенье 2 августа проходит без значимых событий.,0,1
188324,"Я тебя слышу, но не могу видеть.",0,1
188330,"Русские князья как представители власти хана пользовались в своих уделах правами, какие имел хан на всем подвластном ему пространстве.",0,1
188342,"Минуя эдилитет, Флакк добился своего избрания претором на 63 год до н. э. В этом качестве он участвовал в процессе Гая Рабирия, а позже поддержал консула Марка Туллия Цицерона в его борьбе с заговором Катилины. В частности, в ночь на 3 декабря именно он вместе со своим коллегой Гаем Помптином арестовал на Мульвийском мосту послов аллоброгов, при которых была найдена важнейшая улика — письмо катилинариев, раскрывавшее их замыслы. Благодаря этому Цицерон смог добиться от сената решения о немедленной казни заговорщиков.",0,1
188343,Эти часы обошлись мне в 10 тысяч иен.,1,0
188363,"Стопятьсот статей и монографий, написанных по любому интересному вопросу, содержат стопятидесяти разных точек зрения, включающих всегда аргументированные.",1,0
188386,Это новые реорганизованные воздушные силы с августа 2011 года под командованием офицера ВВС в ранге полковника.,0,1
188404,"Используя декартову систему координат, геометрические формы (например, кривые) можно описать алгебраическими уравнениями. Таким уравнениям удовлетворяют координаты точек, лежащих на фигуре.",0,1
188439,"Кириллу и Регине Мирзиеевым сегодня исполняется 60 лет, они оба в инвалидных креслах.",1,0
188504,Мой офис находится на пятом этаже.,0,1
188505,"несмотря на данные предупреждения и гарантии, Жанену и чехословацкому командованию удалось покинуть адмирала.",1,0
188552,"Мы стадно и не отдавая себе отчета подчинялись тому, кто в последний момент был вожаком.",1,0
188614,Малое предпринимательство должно быть способным удовлетворить платежеспособный спрос населения.,1,0
188722,"Он считал, что его призвание — проповедовать «правду и свет» среди Друзей и других людей.",0,1
188728,Табуретки и фикусы дороже людей.,1,0
188745,В фильме же наоборот.,0,1
188763,"В Белгородской области с 2016 года будут введены субвенции на содержание и ремонт жилых помещений для детей-сирот и детей, оставшихся без попечения родителей.",1,0
188828,"Всякий раз, когда я иду на автобусную остановку, я боюсь, что повстречаю ту русскую, которая давала мне леденцы.",0,1
188832,"Общественный фонд «Помоги ближнему» проводит ряд акций, направленных на оказание помощи нуждающимся гражданам, в том числе благотворительные марафоны, спартакиады среди инвалидов, благотворительные концерты и другие мероприятия.",1,0
188925,Леди Мэй вышла замуж за Генри Абеля Смита (впоследствии сэра Генри) 24 октября 1931 года.,1,0
189020,"Взрослые могут заразить людей, не проявляющих симптомов заражения, в том числе и детей. Инфицированный наиболее заразен в течение первых трёх дней после появления симптомов, хотя распространение возможно и до появления симптома, а также через людей, не проявивших симптомы заражения.",1,0
189084,"Все, что вам нужно сделать, - это помыть посуду.",0,1
189105,Это зависит от контекста.,0,1
189114,Цели Программы отражают конечные планируемые результаты решения транспортных проблем социально-экономического развития городского поселения Снегири на период до 2017 года.,0,1
189145,Hydro-Québec также участвовал в качестве консультанта в ряде гидроэнергетических проектов по всему миру.,1,0
189161,"Доходная часть бюджета составила 1,488 трлн рублей, расходную - 1,534 трлн руб., дефицит в бюджете составил 46,5 млрд рублей.",1,0
189203,В пределах сельскохозяйственной зоны высота сопок понижается до 700 до 70 - 100 метров.,1,0
189209,"Естественно, вы ожидаете, что он упадет на пол.",0,1
189260,"В Восточной Азии Луна и Солнце считались двумя противоположностями — инь и ян, а Луна считалась связанной с инь, а Солнце — с ян.",1,0
189300,Число жертв исчисляется десятками с обеих сторон.,0,1
189338,"Кандидат в президенты Франции от правоцентристской партии ""Республиканцы"" Франсуа Фийон заявил, что ему и его жене Пенелоп пришла повестка на допрос в связи со скандалом о фиктивных рабочих местах.",0,1
189412,Меня интересует восточная керамика.,1,0
189432,В небольшой деревне Читари бесследно пропадают дети разных возрастов.,0,1
189460,"Объем утилизируемых фракций, который может быть после сортировки использован в качестве вторичного сырья, составляет до 50% от общего количества отходов, в том числе: бумага, картон - 26 - 35%; дерево - 2 - 5%; металл цветной - 0,5 - 1,5%; металл черный - 3 - 4%; текстиль - 4 - 6%; кости - 1 - 2%; стекло - 4 - 6%; кожа, резина - 2 - 3%; пластмасса - 3 - 4%, пищевые отходы - 32 - 39%.",0,1
189462,Вы моете руки перед едой?,0,1
189485,"Второй этап конфликта, с июня 1486 года по ноябрь 1488 года, иногда называют «войной Бретани».",1,0
189487,"В конце сезона он заявил, что покинет свою команду Omega Pharma-Lotto.",0,1
189518,Решил раздобыть трофеи и обшаривал землянки вдоль реки Царицы.,0,1
189569,"Microsoft Research Cambridge было создано в 1997 году Роджером Нидхемом, и на данный момент там насчитывается более 100 работников.",0,1
189571,"В 1999 году Скотт Каннберг заявил, что группа готовится воссоединиться, чтобы отметить 20-летний юбилей.",1,0
189599,"Тем не менее, Уолтер предложил научить меня танцевать должным образом, так как он считал, что у меня есть потенциал.",0,1
189653,"Это наследие романтизма, забывшей ещё два года.",1,0
189659,"вдали, вдали, посреди леса, - одни лишь Матрены, да Марты все нет. Стоит-постоят Дарьяльские, да так и горят. Красный оскал дубовых расщ",1,0
189661,"Команду возглавлял Зинедин Зидан, который был тренером в Кастилье и помощником Анчелотти.",1,0
189683,Свое мнение Захарова выразила в Telegram.,0,1
189730,"Вопреки мнению большинства своих современных коллег, французский физик Андре Мари Ампер считал, что свидетельства о дождях из животных были истинными.",0,1
189732,"Для сравнения, два объекта в области кольца F (и), которые впервые были замечены месяцами ранее, не были обнаружены снова с какой-либо уверенностью.",0,1
189848,"В глаголице различие между твердыми и мягкими слоговыми плавными обозначается написанием Ъ или Ь после букв, обозначающих плавные. Таким образом, различие в твердости и в мягкости воспринималось субъективно не как самостоятельное свойство данной фонемы, а лишь как следствие положения перед определенной гласной фонемой.",1,0
189909,Исполнительным органом департамента является председатель генерального совета.,0,1
189960,Это заняло весь вечер.,0,1
190000,"Или начнёт говорить тихо, чтобы вынудить меня, хочу я того или нет, отстраниться.",0,1
190010,Мой девиз с ноября по март.,0,1
190112,-- А если б кто из рыбников предложил вам купить весь караван дочиста.,0,1
190195,"Администрация Дубовского муниципального района проводит оценку эффективности реализации муниципальной программы в соответствии с требованиями, определенными в Порядке разработки, утверждения, реализации и оценки эффективности муниципальных программ. Оценка эффективности выполнения муниципальной программ проводится ответственным исполнителем, соответствующим требованиям.",1,0
190210,"Каширин чувствовал, что его игра все-таки делается более невозможной и он этого не сделал.",1,0
190215,"Информация о сведениях, данных в реестре муниципального имущества.",1,0
190218,Всегда повинуйтесь своему отцу.,1,0
190221,Мы увидели слабый свет далёкого маяка.,0,1
190232,Все равны перед законом.,0,1
190334,"- Это будет комплекс мероприятий и мероприятий, реализовать в которых непрограммами нельзя.",1,0
190356,"Согласно параметрам, подозрительные сообщения маркируются, маркируются или удаляются.",1,0
190393,снижение финансирования Подрограммы в ее рамках не позволит сформировать материально-технической базы архивной сферы Кировской в регионе.,1,0
190395,"Ирак совершил ошибку, когда не согласился оставить у себя войска США - Хиллари Клинтон.",0,1
190397,Мужик ведь без бабы дуреть начинает.,0,1
190461,"Двум меликам, находвшимся в заключении в Шушинской крепости, позже удалось сбежать.",1,0
190512,"Таким образом, утверждалось, что бусинг (в отличие от простого увеличения финансирования сегрегированных школ) был необходим для достижения расового равенства.",1,0
190856,"Вместо того, чтобы остановиться, дождь усилился.",1,0
190859,"В случае с эфиром, мы, возможно, это и наблюдаем.",0,1
190866,"Коллективы ведут активную концертную деятельность, их знают и любят не только зрители Буйского района, но и другие муниципалитеты Костромской области.",1,0
190876,", Фреди, полностью отдавая инициативу Владимиру, стал вести «второй номер» - ждал атак от Владимира.",1,0
190888,Недолго осталось до прихода теплой весны.,0,1
190889,"в отчаянии я думала, что потеряла мать, и испытывала отчаяние.",1,0
190916,"Потребительские цены на товары и услуги в Забайкальском крае в августе 2017 года составили 101,9 % к декабрю предыдущего года, что на 2,0 проц. пункта ниже, чем аналогичный показатель в августе 2016 года.",1,0
190918,"С целью сохранения и обеспечения стабильности профессиональных кадров, предотвращения их оттока, внимание органов местного самоуправления будет сосредоточено на повышении уровня культурного, бытового, торгового, образовательного обслуживания, что в свою очередь позволит значительно повысить качество человеческого капитала и стандартов жизни населения.",1,0
190919,"холостым глядя на иную супружескую семью, он просто насмешливо улыбался в своей душе.",1,0
190929,Планируется информирование инвалидов и членов их семей о возможностях профессиональной реабилитации.,0,1
190939,использованию учебно-информационной базы и ресурсов учреждений среднего профессионально-технического образования в рамках освоения программ среднего профессионального обучения школьников на профильных специальностях в допризывной подготовке и профориентации (урок технологии,1,0
191017,"Поветкин рассказал, как смог завоевать титул в бою с Гвоздиком.",1,0
191076,Я должен чувствовать сопротивление твердой поверхности.,0,1
191086,Приказ Московской области о возврате средней заработной платы трудникам муниципальных учреждений до средней заработной платы,1,0
191122,Гарвардский университет был основан в 1636 году.,1,0
191154,"Размещение в Единой информационной системе планов закупок на трехлетний период, составление и размещение детальных планов-графиков закупок с подробным описанием характеристик товаров, работ, услуг, необходимых муниципальному образованию город Абакан на текущий календарный год, с обоснованием объектов закупки исходя из необходимости реализации конкретной цели осуществления закупки, размещение полной и достоверной информации о закупках, начиная с момента опубликования информации об объявлении закупки (извещение, документация, сведения об обосновании начальной цены), заканчивая информацией об исполнении контракта, заключенного по результатам закупки, и сведений о достижении целей закупки.",0,1
191163,Его целями являются повышение среднего IQ детей от 94 до 100 и увеличение среднего роста детей.,0,1
191178,ухудшение контроля за состоянием условий и охраны труда на производстве;,0,1
191276,Экзамен сдан на отлично.,1,0
191388,"Дикий животный был предоставлен относительно безопасный мир в человеческом поселении в обмен на то, что кошка уничтожала крыс и мышей в зернохранилищах.",1,0
191400,"Большинство из старейшин египтян были крестьянами, приверженными своей земле.",1,0
191432,При разминировании подорвались двое - средние ранения.,0,1
191472,С 1987 года началось движение за восстановление греко-католической церкви.,1,0
191492,"В Целинном районе стартовала молодёжная политика, направленная на повышение интеграции молодых людей в социально-экономические, общественно-политические и социокультурные отношения с целью увеличения их вклада в развитие края и района.",1,0
191506,Как и Саддам...  как наше состояние.,0,1
191564,Теперь все экзамены позади.,0,1
191565,"Алешка усердно заколыхал головою и размашисто сделал земной поклон, потом второй и третий.",0,1
191578,"В конце года аналогичный отчет нами будет представлен"".",0,1
191581,Большой успех дуэта привел к записи целого альбома с номерами из мюзиклов и фильмов: The Oscar Album (1992).,0,1
191606,"Реалити «Опасные связи» для тех, кто догадывается об измене партнера, но не может этого доказать.",0,1
191625,"Ему сказали, что у него в рабочем состоянии осталось только восемь процентов его сердечных функций и он не мог рассчитывать на выживание.",0,1
191636,Оценка эффективности реализации программы производится путем сравнения фактически достигнутых показателей за соответствующий год с утвержденными на год значениями целевых индикаторов.,0,1
191766,Умер бывший сосед Красник.,1,0
191801,Они изучают современную литературу.,0,1
191806,с бывшей / бывшей в карантин также считается выгулом собаки.,1,0
191869,"Мне всего еще хочется от тебя, только бы не осталось ничего не дожитого в нашей встрече на земле и только бы было еще что-нибудь из того, что может быть.",1,0
191903,"Они не заказывали на покупку птичьего помета и навоза диких млекопитающих, пока заказы от харьковчан на покупку птичьего помета и навоза диких млекопитающих не поступали.",1,0
191905,В 1136 году здесь была построена башня.,1,0
191936,Предотвращение загрязнения морской среды с судов и морских сооружений.,0,1
191959,"В последние годы малым и средним предприятиям оказывается финансовая, консультативная и информационная поддержка, а также помощь в подготовке кадров и переподготовке",1,0
191993,"Тем не менее, распоряжение Сената было только частично исполнено в Риме и полностью игнорировано в большинстве провинций за пределами Италии.",1,0
191995,Впоследствии она была спасена и позже она помогла победить Кибериада.,0,1
192095,В течение года проводится анализ информации о ходе выполнения постановлений Комиссии органами исполнительной власти автономного округа и органами и учреждениями системы профилактики в муниципальных образованиях в автономном округе.,0,1
192143,Метод расчета показателей результативности муниципальной подпрограммы приводится в приложении 3 к муниципальной подпрограмме.,1,0
192268,"Между тем, Бобби случайно заражается от Джоди, пытаясь помочь ей.",0,1
192368,"Несмотря на всю стараня исполнителей, ничего другого не было на этом спектакле.",1,0
192414,"Сребролюбивыми ""футуристами"" за 70 копеек.",1,0
192426,"В Концепции долгосрочного социально-экономического развития Российской Федерации на период до 2020 года определена задача гражданского образования и патриотического воспитания молодежи, содействие формированию правовых, культурных и нравственных ценностей среди молодежи.",1,0
192492,"внедрение интегрированного набора продуктов, решений и систем, повышающих эффективность систем тепло- и водоснабжения за счет определения утечек в сетях еще на ранней стадии;",0,1
192509,Но на этот раз маневры Василия Ивановича не удаются.,0,1
192517,"С наступлением рассвета в пятницу в южной части Индийского океана возобновились поиски неопознанных объектов, которые могут быть обломками пропавшего самолета Malaysia Airlines.",0,1
192569,"В пьесе Исаакович её на моих глазах Джигарханяну сватал, Виктюку.",1,0
192594,"В «Инвалиде» продолжают появляться приказы о переменах в формах обмундирования. Теперь дошла очередь и до нас — свиты государевой. Нас, генерал-адъютантов, также переодевают по образцу кучерского.",1,0
192662,"К числу других легенд относится случай, когда на раздаче автографов поклонница разделась и спросила: «Хочешь прокачать это тело?».",0,1
192705,"Но все-таки обещайте, что вы будете помогать колхозу.",0,1
192758,Объем средств долевого финансирования рассчитывается:,0,1
192814,"В австралийском городе Мельбурн неизвестный на Toyota Camry врезался в дерево и покинул место ДТП, оставив ключ в замке зажигания. Машину превратили в настоящий арт-объект.",1,0
192828,"Если она не выедет и не согласится добровольно уступить, подаю в суд.",1,0
192869,У меня дома нет компьютера.,0,1
192969,Нападающий московского «Динамо» Кирилл Панченко вызван в сборную России из первого дивизиона. Для Панченко приглашение в национальную команду стало первым за всю карьеру.,1,0
192976,"Я бы хотел прочитать ""Римские чудеса"" (com id=""15168731781422)/",1,0
193054,проведенный пуск дал старт первому испытанию новой противотанковому ракетному двигателю турецкой разработки.,1,0
193161,"В течение следующих нескольких лет он и Каролина спокойно жили, избегая явной политической деятельности.",0,1
193168,"В бюджетах отдельных государств такого рода вопросы в слабом развитии могут подыматься и подымаются в государственных ассигнованиях на потребности академий, где такие ассигнования есть, и в государственных фондах помощи научной работе, где такие фонды существуют.",0,1
193189,"Приехавшая из Нарнии Элронд привозит Фродора в Ривуенделлу, где Элронда спасает ее сестра Арвен.",1,0
193220,Толстая В. Н. и Фигннер В. Л. были у Ивана Алексеевича и решили оставить ликвидацию.,1,0
193230,"В Джамбазах они увлечены посевом, с большим увлечением рассадили зеленые овощи в жилом доме.",1,0
193275,"Аналитики ранее прокомментировали, что программа приносит пользу владельцам строительных компаний, что гарантирует больше клиентов.",0,1
193291,"Количество граждан пожилого возраста и инвалидов, для которых условия социального обслуживания улучшены за счет реализации мероприятия «Капитальный ремонт нежилых помещений в отделении социальной реабилитации инвалидов Шербакульского района» улучшены, определяется по данным Минтруда. Значение целевого индикатора определяется как численность инвалидов, проживающих в полустационарных и стационарных организациях социальной обслуживания.",1,0
193396,К ноябрю боевые действия против Сомме постепенно прекратились.,1,0
193406,актер получил серьёзный черепно–мозговий удар и тупое повреждение живота.,1,0
193451,"Сбежавшая из отеля, где с ней провели время, ушла на минутку и исчезла в журнале.",1,0
193467,Хотел бы он перенести орловский опыт на всю территорию России Вряд ли это сможет сделать Строев в ранге председателя Совета федерации.,0,1
193469,"""Фенербахче"" готов заплатить ""Локомотиву"" 3 млн евро за Виталия Денисова.",0,1
193502,"было введено ограничение на некоммерческие организации в пользу включения в их планы мероприятий, включенных в их программы, и стало более проблематично.",1,0
193619,"Он начал свою карьеру в 1997 году в возрасте пяти лет, совершая магию для своей семьи и друзей.",1,0
193660,С ростом финансирования сельского поселения возникает потребность в областной и районной поддержке муниципальных программ по комплексному развитию сельского поселения.,1,0
193671,Ранее он являлся частью официальных праздников и не работал.,1,0
193673,Необходимо продолжать и совершенствовать развитие нормативной и методической базы проведения мониторинга качества финансового менеджмента в соответствии с изменениями бюджетного законодательства и правовыми актами Министерства финансов Российской Федерации.,0,1
193674,"В учреждениях здравоохранения необходимо предусмотреть меры по активизации работы кабинета врача-профпатолога, что обеспечит своевременное постановку предварительного диагноза профзаболевания и направление больного на обследование в центр профпатологии.",1,0
193681,Общая вина — это ничья вина.,0,1
193686,"По умолчанию, сайт забирает 10 % от каждой продажи, но разработчик может выбрать, сколько денег сайт получит за каждую покупку.",0,1
193687,"Гаучо используют болеадора, чтобы поймать бегущий скот или дичь.",0,1
193745,25 из них были демонтированы самими собственниками после разъяснений администрации.,0,1
193749,Heal The World учредил собственный фонд Heal The World.,1,0
193788,"Ростуризм поддержал снижение налога для самозанятых граждан, но сохранил размер прожиточного минимума).",1,0
193839,На стуле сидела кошка.,0,1
193866,Необходимо решение следующих основных задач: Чтобы достичь своей цели необходимо решение следующих основных задач.,1,0
193869,Орден Октябрьской революции носится на левой стороне груди и находится после ордена Ленина.,1,0
193892,С тех пор каждый год они плачут и бегают в закрытом пространстве ручек.,1,0
193902,Лето - это маленькая жизнь),0,1
193905,"Стратегия развития города только тогда содержит стратегическую цель и задачи, когда она заявляет о новом качестве жизни населения.",0,1
193931,"У Тома был большой взгляд на площадку, на которой бы проходил Открытый чемпионат Великобритании по гольфу.",1,0
193936,Хотите смотреть бейсбол по телевизору?,1,0
193952,"Что будет с нами, если разгорится война?",0,1
194025,"Законодательная власть принадлежит Скупщине — парламенту страны, а исполнительная власть — президенту и правительству Черногории — Владе.",0,1
194032,"К концу июня Брайан собрал более двух третей делегатов, необходимых для выдвижения кандидатуры.",1,0
194103,", С января по сентябрь 2014 года увеличилась доля умышленных преступлений, совершённых в состоянии опьянения.",1,0
194159,"У него был длинный низкий череп без рога, длинные лобные и носовые кости.",0,1
194185,Можете помочь мне с переездом?,0,1
194221,Я последую вашему совету.,0,1
194249,У меня был Слава Старков.,0,1
194265,"13.Землетрясение может произойти в любое время, поэтому заранее найдите безопасные места из дома и здания где вы живете.",0,1
194283,Где самая близкая аптечка?,1,0
194355,"В Incredibox есть шесть версий (или музыкальных стилей), из которых игроки могут выбирать.",0,1
194475,"Саяны, озера и лечебные воды, уникальные водные источники минералов и грязи, уникальные озера и озера и пляжи, лечебная и туристическая местность.",1,0
194524,"Будучи ветеранами Голливуда, четыре звезды фильма заговорили о создании фирмы, чтобы усилить свой собственный контроль за своими собственными работами.",0,1
194548,Он сел передо мной.,0,1
194569,С таким выступлением она появилась на заседании оперштаба.,0,1
194624,"Глава ТАСС определил дополнительную сумму на бюджетные кредиты регионов, чтобы поддержать городальные бюджеты.",1,0
194654,"Быстрый, решительный, энергичный, он поражал своей огромной эрудицией и умел крепко держать внимание своих слушателей на необходимой высоте.",0,1
194677,Госдумой был принят федеральный бюджет с открытыми строчками про субсидии и гиперинфляцию.,1,0
194685,"В сфере реализации подпрограммы 1, цели, задачи описание основных целевых индикаторов, показателей задач",1,0
194698,Мероприятие включает: приобретение детских памперсов для детей от рождения до 3 лет.,0,1
194701,"канешна она май пидарасик она май дива я в ужасе год этому рисованию а я ей его всемогу
Нора Энн Эберхарт (урожденная",1,0
194711,Молоко замерзло и укрепилось.,1,0
194759,"Мы раскрыли детали происшествия с Роем, выяснились подробности.",1,0
194777,"В северных районах наступает на 1-1,5 месяца позже.",0,1
194830,Какому городу была вменена в обязанность подать воинскую службу сообща с другим,1,0
194854,В середине дня были выпущены листовки.,0,1
194931,Подавшая милостыню женщина отдала свою крошечную стопу наполеоновской туфельки хозяйкам.,1,0
194995,"Итоги выборов президента Белоруссии, госдеп рассылает СМС гражданам России и что будет с TikTok — все это интересовало телеграм-каналы на прошлой неделе.",0,1
195005,"Сейчас в утреннем свете так весело, как на улице",1,0
195025,Я так благодарен вам за эту возможность.,0,1
195061,"Мы жили в штольнях, которые немцы выдолбили в известковых берегах речки Назии.",0,1
195066,Весной 1918 года она и другие члены ее семьи поставили пьесы для своих родителей и других людей.,0,1
195110,Я работаю три часа каждую субботу утром.,1,0
195118,хочу лето ездить на тренинги и знакомиться с интересными людьми но уже не стесняться как раньше,0,1
195137,"Картины Гарри Рокчинского, Санала Болдырева, Мергена Мошулдаева Запомнились картины Гарри Рокчинского, Санала Болдырева, Мергена Мошулдаева.",1,0
195223,Я уж с ним разберусь по-свойски,1,0
195253,"Появились волонтеры ЧМ, где любой желающий поможет найти всех.",1,0
195263,"Немецкий автогигант Volkswagen должен заплатить $14,7 миллиарда штрафа за программное обеспечение, что вводило в заблуждение тесты по измерению вредных выбросов. Большая часть этой суммы пойдет на программы по минимизации ущерба от чрезмерных выбросов и разработку проектов «чистого» транспорта.",1,0
195299,К вопросу о безналичном денежном обращении в России // Банковское дело.,0,1
195378,"Казалось, все птицы столицы слетелись к нему и покрывали его плечи, руки и голову.",0,1
195409,Его домашний паук не ел с момента переезда семьи.,0,1
195515,"Том не лентяй. На самом деле, он много работает.",0,1
195528,"Зато у красноярского герба геральдическая история богаче, чем у герба Москвы, — отмечают геральдисты.",0,1
195542,"Здесь появятся гостиница, а также комната матери и ребенка.",0,1
195611,Организация профилактических мероприятий по повышению безопасности дорожного движения.,1,0
195625,Он был среди этих избранных.,0,1
195641,«Очи США усиливают силы ООН в Кот-д'Ивуаре»,1,0
195675,"— Так что ты займешься этим делом, — сказал я ему, — вдохнул Максим.",1,0
195745,"В настоящий момент на территории сельского поселения имеется 2 детских площадки, которые необходимо оборудовать современным спортивным и игровым оборудованием.",0,1
195765,Два албанца ворвались в его квартиру в Приштине и расстреляли его оружием.,1,0
195855,"количество молодых людей, состоящих на учете за употребление алкоголя;",0,1
195857,строительство источника питания в жилой зоне «Ржевка»;,1,0
195906,Он не понял шутки.,0,1
195937,"Музыка, и видение их сильно отличаются от нашего, привычного: все делается на поисках волшебного, неожиданного.",1,0
195947,"Кто ищет неба, пусть поднимет голову вверх.",0,1
195978,Я несколько раз повторил одно и то же.,0,1
196002,"Lied der Natur der Licht) вывел это растение, а название растений было изменено на Lied des Naturs.",1,0
196051,Продолжал писать рассказ «Новая жизнь».,0,1
196061,Я жажду возвращения тех славных дней!).,0,1
196081,"ПРОДАТЕЛ зоомагазина ""Садовод"" продал 5 тыс. кг искусственных слив.",1,0
196117,"Следователи изъявили медицинское оборудование и партию морфина, которая использовалась в больнице.",1,0
196155,К рождеству Боуэн и Говард решили объединить свои силы.,0,1
196156,Головкин хочет завоевать все чемпионские пояса в среднем весе.,0,1
196162,"""Большая потеря для культуры"": Мединский о смерти Дмитрия Брусникина.",0,1
196181,"Алибасов и Фадеев победили в первой партийной битве за титул ""Золотой орден"" конкурса Star.",1,0
196241,Поверхность Земли на 70% покрыта водой.,0,1
196277,"Роджер Миллер начал писать песни, потому что ему нравилась музыка, которую он слышал по радио.",0,1
196328,"Французский журналист: Парижу придется устроить распродажу ""Мистралей"".",0,1
196338,Но в прошении было отказано.,0,1
196343,"Территория эффективного взаимодействия членов местного сообщества, на которой действует разветвленная сеть общественных советов во всех сферах жизнедеятельности территории, клубов по интересам, других общественных образований.",0,1
196363,«No Brakes» сертифицирован как золотой 4 сентября 1984 года.,0,1
196399,"Эксперты отмечают, что исламские сунниты в основном являются приверженцами ханифитской юридической школы. Они проживают в Южной и Средней Азии, Китае, Турции и других странах. Шафиитская школа получила распространение в Сирии, Индонезии и частично в Пакистане. Влияние ханбалитского мазхаба распространяется на население Аравийского полуострова. В шиизме распространён джафаритский мазхаб.",1,0
196477,реализацию регионального проекта «Системные меры по повышению производительности труда»;,0,1
196526,"Когда все признают наиболее выгодным молочное скотоводство, то потому что молоко, масло, сыр стоят в хорошей цене.",1,0
196602,Вступать в студенческие советы и активистов получают наиболее всестороннюю поддержку.,1,0
196647,Англичане хотели большего — они хотели контроля над их землёй.,0,1
196650,"Вернувшись в Прагу в 1863 году, он основал другую музыкальную школу с целью продвижения чешской музыки.",1,0
196723,Цены на золото меняются с каждым днем.,1,0
196746,"Уимблдонский турнир — это международный турнир, проводимый в Уимблдоне на юге Лондона каждое лето.",1,0
196750,Можно я его померю?,0,1
196751,В настоящее время сайт получает более 100 миллионов просмотров в месяц и «создал совершенно новую форму интернет-высказывания».,0,1
196784,"В декабре 2011 года были записаны три песни: ""Halo"", ""Standing in the Sun"" и ""Bad Rain"".",1,0
196803,Тут я не выиграл и тихо сел и как бы ненарочно подошел к своему окошечку.,1,0
196854,"Он спросил меня о здоровьи, его все стали спрашивать о его даме, он спокойно отвечал, что ей лучше.",0,1
196856,"Судьба 28 горняков после взрывов на шахте ""Северной"" в Воркуте до сих пор остается неизвестной.",0,1
196886,В дни апрельских событий Временное Правительство поспешило удалить непопулярных Милюковых.,1,0
196892,"Удивительно, что Ибрагим II должным образом принял новость без возражений.",1,0
196908,Британец случайно заплатил миллион за ужин.,0,1
196927,При встрече он пожаловался на Евдокию Маше и Феде.,0,1
196954,Семья Булл любила технику и науку: все старшие братья Фредрика были инженерами.,1,0
196999,"-- Василий Евстафирьич думал, что пьяница меня погубит, а вы ему должны сознаться, что я пьян.",1,0
197019,"Воздух загрязняют образующие при разложении отходов углекислый газ, метан, сероводород, аммиак и бензол.",0,1
197040,Никто никогда ничего подобного не видел.,0,1
197043,"230 депутатов проголосовали за его принятие, ни один не был против, только один воздержался.",1,0
197045,Швейцерн прислуги: швейцарский повар 2; камердинер 3 посудомоечная машина 4 уборщица 5 прачка 6 утюг 7 лампасы 8 зеркало 9 умывальник 10 шве,1,0
197067,"Вы правда считаете, что «Кока-кола» использует для своего производства листья коки?",0,1
197080,"В течение мая на площади угля проводится Месяц Науки, дни, которые объединяют разные виды деятельности.",0,1
197129,"Кроме того, по данным прокуратуры, боеприпасы часто хранятся на открытых объектах.",1,0
197132,", по словам Заболотного, он ездил на дальнюю вахту по стране и был активным казаком.",1,0
197150,"было сообщено, что побег был беглым арестантом хромающего на правую руку. В конце концов он имел протез ноги от ступня до колена.",1,0
197167,"КПП GT-A не появилась в Evolution VIII, но была установлена в версию Evolution IX Wagon.",0,1
197173,В период «большого скачка» и «культурной революции» большинство университетов было закрыто.,0,1
197265,"Я живу не прошлым, не настоящим, не даже будущим. Я хочу только одного: вернуться в Харьков.",1,0
197289,Неужели до конца дней своих я не буду иметь покоя от этой постной твари?,0,1
197325,"Мне кажется, что он имеет какое-то отношение к этому делу.",0,1
197338,", Департамент совместно с учреждениями и организациями сельского хозяйства и другими органами и организациями местного самоуправления не реже трех раз в три г. проводит выборочные обследования сельхозтоварооброспроизводителей.",1,0
197439,"Его посадили в тюрьму за все преступления, которые он совершил.",0,1
197447,"Но вот что: ты сказал сейчас, что тебе никогда не бывает скучно,... действительно ли это так?",1,0
197479,"Белорусский правозащитный центр ""Весна"" награжден шведской премии за правильный образ жизни, которую впервые называют альтернативной нобелевской.",1,0
197487,"Это значит, что мы как следует отоспались и подготовились к новому переходу.",1,0
197504,Затем она вела в 2005 году на «TF1» короткую программу о безопасности на дороге «La Bonne Conduite».,0,1
197510,"Основные мероприятия по усовершенствованию и развитию транспортной инфраструктуры области приводится по видам транспорта с учетом федеральных интересов, сосредоточенных на ее территории.",0,1
197547,В Южном военном округе стартовали учения с участием свыше десяти тысяч солдат,0,1
197600,В конце сентября депутаты отклонили проект правительства и направили его в примирительную комиссию.,1,0
197611,Его муж был ключевой свидетелем против него.,1,0
197678,Отель Fairmont Vancouver использовался в качестве отеля Heathman.,0,1
197733,Это было абсолютно новаторское издание.,0,1
197750,"- Глумов, но разве нельзя ставить людям вину, будто",1,0
197752,Это чуть более 10% от общего количества.,0,1
197777,"Известно, что инцидент произошел 15 августа этого года.",0,1
197780,Древние математики делали множество предположений об идеальных числах на основе четырех известных им четырех.,0,1
197784,"Корона также назначает других деятелей, часто по рекомендации Премьер-министра.",0,1
197815,"Власти были обеспокоены молодёжными волнениями, начавшимися накануне эпохи реформ; в Петербургском университете произошли беспорядки; среди студентов распространялись листовки и прокламации с призывами к бунтам.",0,1
197821,"Наверно, ничего плохого в ее пожеланиях нет, а потому я благодарю, крепко пожимая руку.",0,1
197940,Во сколько мне тебя забрать?,1,0
197969,"В Красноярске студент заявил, что его отчисляют за диплом, посвященный госдолгу региона",0,1
198060,Все книги на столе?,0,1
198138,"Если вы заняты, я вам помогу.",0,1
198141,"В течение реализации программы будет реализована реализация всех запланированных мероприятий по ликвидации ветхих сетей, установка приборов учета теплоснабжения на объектах социальной сферы муниципальной собственности, установлено энергосберегающее оборудование.",1,0
198152,"Пыльные истребители, унтер-офицеры, оглядываясь назад на золотые ладони пальто, становятся более важными, поднимаются, успокаиваются.",1,0
198159,"Обычны тяжёлые и частые вспышки гнева, которые могут быть вызваны тем, что ребёнок не способен сообщить о своих нуждах, или вмешательством кого-то в его ритуалы и обычный распорядок.",0,1
198229,"«Если бы зрители Майли были страной, то они были бы пятым наибольшим населением в мире — даже больше Бразилии».",0,1
198255,"«Преступник хватает руками спецсредство, причиняя сотруднику моральный вред». Акварель, Москва 2019г.",0,1
198275,"Илья Михеев - о 21 матче без голов: ""Немного переживал, но сейчас чувствую, что в голове порядок"".",0,1
198307,"Никто из охотников не желает вступать в бой с киборгом, который для демонстрации своего апгрейда немедленно убивает одного из их соратников, а затем — залаявшую на него собачку, которую Алита спасла от шагающего робота — центуриона в начале фильма.",0,1
198324,"Попытка приобщиться к божествам путем бракосочетания с небесной девой показала, что республиканский глава государства есть кандидат на законное свержение -- и эвентуальный изменник своей страны.",1,0
198371,"Он был среди тех, кто продал свою душу демону Нерону в ходе Underworld Unleashed.",0,1
198381,"Сокото - город на северо-западе Нигерии, недалеко от места слияния рек Сокото и Рима.",0,1
198456,6 февраля 2009 года он был подтвержден пилотом Toro Rosso на второй год.,0,1
198519,В приложении 3 к Государственной программе приведено финансовое обеспечение реализации Государственной программы за счет средств областного бюджета.,1,0
198617,"На реализацию программы планируется выделить 848,51 тыс. евро из районного бюджета. Рубли, в том числе по годам:",1,0
198670,� Millî ç `Istihbaraat Teßkulatĭ) активно помогает террористической группировкой в приграничной зоне.,1,0
198741,"Профили Греты в соцсети привлекли внимание журналистов, которые чуть более недели спустя придали забастовку международную огласку.",1,0
198769,Благоустройством занимается администрация поселка Архара.,0,1
198789,и районах за счет средств консолидированного бюджета области построено,0,1
198803,"Врачи сказали, что он уже никогда не сможет ходить без посторонней помощи.",0,1
198828,"Оральный секс, помимо человека, обнаруживается у других приматов, а также у рукокрылых.",0,1
198878,"цели, задачи и мероприятия программы будут оцениваться с учетом законодательных, финансовых, информационных и социальных рисков.",1,0
198912,Вы не будете делать ошибок.,0,1
198914,"В Швейцарии, чтобы «сконцентрировать движение», большинство активистов согласились организовать одну единственную демонстрацию для всей страны в Берне.",0,1
199053,Это редкость в костюме шапки.,1,0
199061,"я вами дорожи, я вами горжусь, я уважаю ваши знания, ваш подход к работе.",1,0
199071,"«Итак, общество считает меня фанатиком подводного плавания. Почему? Потому, что я говорю, что подводная лодка есть могущественное, хотя и неуниверсальное оружие… Я оптимист и потому считаю, что все улучшается на этом свете, все идет вперед. Фантазия моя дает мне картину будущего; имею ли я основания ей не доверять? Нет, так как в мой короткий век я видел то, что раньше было для меня „фантазией“… Сегодня фантазия, а завтра факт. Быть может, скоро появятся подводные крейсера, которые сделают морскую настоящую войну невозможной. „Dum spiro, spero“",0,1
199103,Это единственный номинальный центр нашей команды в 2002/2003 году.,1,0
199187,Авиакомпания «Победа» представила новый ультра-эконом класс на рейсах Москва-Анталия,0,1
199224,В 1821 году произошло общее восстание греков.,1,0
199286,"Это состояние обновляется двумя способами: если состояние изменяется независимо от сообщений открытого текста или зашифрованного текста, шифр классифицируется как шифр синхронного потока.",0,1
199377,"Два или три мужчины, или убийцы или солдаты, должно быть, окружили его и умертвили прежде, чем подоспела помощь.",0,1
199403,Казанский Кремль расположился в самом центре Казани в начале улицы Кремлёвской у берегов реки Казанки.,0,1
199419,"слов артиста Александра Толмасого, результаты будут готовы к 20 февраля.",1,0
199434,"- Какая-то симулянтная симуляции, впрочем это потому что хочется, чтобы кто-то не выделялся, не мозоль бил никому глаза.",1,0
199466,На рынке появилась колба (черемша) нового урожая.,0,1
199479,Потом стала душиться: прыснула из флакона вверх и встала под это облако.,0,1
199488,Мы всегда должны держать наше обещание.,0,1
199668,"В течение этого периода, большинство современной музыки не могли быть воспроизведены на крупных радиостанциях из-за спора по поводу лицензионных сборов.",0,1
199755,"Очевидно, что цель этого проекта – получить доступ к бюджетным средствам.",0,1
199756,"- Это единственный в мире пострадавший от бомбежки государство, поддерживало четыре принципа.",1,0
199849,"Российский истребитель-невидимка Су-57 может скоро иметь робота в кабине вместо пилота. Или, по крайней мере, Россия «хочет, чтобы так думали» на Западе, пишет издание Popular Mechanics. Сообщения о беспилотных истребителях пятого поколения провоцирует дискуссию о будущем воздушных боев, однако пока эра классических истребителей далека от завершения.",0,1
199892,Я не знаю. Это зависит от цены.,0,1
199897,Наша команда проиграла все игры.,0,1
199903,Первое пребывание Лермонтова на Кавказе длилось всего несколько месяцев.,0,1
199913,"Прежде всего, в зал заседания при конвоировании один из подсудимых бросил в фотокорреспондента ботинок.",1,0
199928,"Для реализации заявленной цели поставлены следующие задачи: развитие школьной инфраструктуры за счет текущего и капитального ремонтов, улучшение материально-технической базы системы общего образования, сохранение здоровья и обеспечение безопасности обучающихся, создание условий для удовлетворения потребностей граждан, общества и рынка труда в качественном образовании, обеспечение безопасности и приведение в соответствие слицензионными требованиями условий жизнедеятельности образовательных учреждений.",1,0
199984,"Мне жена сказала, что я ничего не найду, мол поздно уже.",0,1
200005,"У меня грустно на душе. Опять нет веры в себя, опять мысли о Вас, равнодушие ко всей жизни. С тоской думаю о Мольере. Костя смотрит на меня прищуренными глазами — значит будет придираться, мучить и ничего не выйдет хорошего.",1,0
200056,"В этом же месяце «Яндекса» начал тестовые испытания своих беспилотных автомобилей, оснащенных этой системой.",1,0
200080,"что у нас общего? 

 месяц : октябрь 
 страна : латвия
 год : 2001
 рост : 162
 знак зодиака : весы
 тип личности : посредник",0,1
200095,Размещение объектов регионального значения в области отдыха и туризма на территории Чайковского промышленного узла не планируется,0,1
200189,Он пообещал мне вернуть деньги.,0,1
200224,Sobesednik.ru (С.Б. СавченкоИ) Новосибирск Единоросы с козырями пошли.,1,0
200275,"Сегодня было солнечное затмение, которое я частично видела.",0,1
200277,В МСК и СПБ на 10 000 рублей подпишут в подарок.,1,0
200303,Лидеры G7 рассмотрят санкции против России при отсутствии улучшения ситуации на Украине.,0,1
200361,Меня тошнит от ладана и голова болит.,0,1
200364,С сестер Хачатурян сняли электронные браслеты.,0,1
200366,Белый цвет – проблема не является значимой.,0,1
200416,"Таким образом, совместные партнёры могут получить наследство друг от друга только тогда, когда есть последняя воля или завещание.",0,1
200427,: 9 марта он приезжает в Новосибирск 8 марта.,1,0
200455,"Дневник недели: одинокий, одинокий и одиночий, одиноче и одиноче, одиночество и одиночество, одиночества и одиночества.",1,0
200456,"Полиция Москвы объяснила давку в ""Лужниках"".",0,1
200473,Область материально-технической базы сектора сельского хозяйства Мероприятия является частью материально-технической базы сектора сельского хозяйства Мероприятия и обеспечение материально-технической базы сектора сельского хозяйства Мероприятия.,1,0
200475,Взрывное средство сочеталось в Минводах в количестве 50 кг тротиллового эквивалента.,1,0
200508,"Но, разглядев две наши очевидные двери, она притворилась. Но оставив щелку и прислушиваясь на лестницу до того, пока убежавшая вниз Ола не замолкла.",1,0
200515,"Успевает во всех отношениях! А я, к тому же еще и с детьми. 
 -А что ты делаешь в свободное время -- спросил он меня таким тоном... как будто у нас был спор о его возрасте или даже об уровне образования детей (я не стала уточнять это).-- Ты работаешь дома Или сидишь на шее мужа И вообще чем занимаешься по вечерам Я бы тебе посоветовал больше гулять вместе со мной: вечером мне нужно побыть одна, а после работы пойти погулять куда-нибудь.. ну да ладно :).И вот так мы провели вечер за разговорами до того момента пока мой муж наконец соизволил уйти от моего ребенка спать",1,0
200541,Анализ развития субъектов малого и среднего бизнеса проведен на основе данных из налоговых органов за 2018 год.,0,1
200543,Темы в научной интерпретации включают научное моделирование.,0,1
200574,Он имеет более ощутимое влияние как символ национального единства.,0,1
200625,Ты много чего видел и не увидел,1,0
200673,"Похоже, будет снег.",0,1
200734,Она долго держалась держалась держалась держалась держалась держалась держалась держалась держалась,1,0
200749,"Высокий интеллект туриста, разнообразие культурного потенциала создают хорошие предпосылки для успешного сотрудничества в разных сферах деятельности.",1,0
200758,Октябрь уходит с нами на память краски Осени.,1,0
200809,Сирийский бурый медведь (Ursus arctos syriacus) - самый маленький подвид бурого медведя.,0,1
200853,Нет причитанья против вдовьего.,0,1
200855,"Номера орденов отсутствовали, так как изготавливались не на Монетном дворе, а в ювелирной часовой мастерской.",1,0
200858,Об игре этих двух футболистов красноречиво говорит статистика.,0,1
200926,"Программа по благоустройству Битюг-Матреновского сельского поселения направлена на организацию взаимодействия между предприятиями, организациями и учреждениями по решению проблем благоустройства населенных пунктов, привлечение жителей к участию в решении проблем благоустройства поселения, организация водоснабжения жителей технической водой.",1,0
200959,Киевская судебная палата оправдала бывших полицейских старшего звена из команды главы Киевского управления СБУ.,1,0
200965,"Несколько бы другое веяние, и при тех же условиях было бы дивно.",1,0
200972,Он доступен из всех других компонентов Creative Suite (кроме отдельной от Creative Suite версии Adobe Acrobat).,0,1
200978,Лондон известен своими туманами.,0,1
200988,"Но иногда мне доставалось всё внимание, потому что я была душой и сердцем каждой вечеринки.",0,1
200992,"Он встал, завязал узел с крючком двери, развязался узел с давешним Разумихой и вновь завязал его с платьицем.",1,0
201005,"Одна из основных проблем Бурейского района - низкая энергоэффективность во всех сферах экономики, особенно в бюджетном секторе и жилищно-коммунальном хозяйстве.",0,1
201059,"Большая часть находок крестовидных привесок на Руси и в Скандинавии идентична, что может говорить об участии Руси в христианизации Северной Европы.",0,1
201065,Шесть лет спустя альбом был переиздан компанией Nitro Records.,1,0
201085,Майк не мог такого сделать.,0,1
201092,"Что ФИПом болеют почти любые коты, как и в питомнике способствует заражению коронавируса.",1,0
201129,"Наследственных врагов, тысячу лет вредивших России и разрушавших ее, мы уравняли в царственных правах с строителями государства и его защитниками.",0,1
201139,ГОСУДАРСТВЕННОЙ ПРОГРАММЫ ЯМАЛО-НЕнецКОГО АВТОНОМНОГО ОКРУГГА,1,0
201158,В Донецкой области падение показателя не зафиксировано ни по одному приграничному муниципальному образованию.,0,1
201182,Как министр внутренних дел Непала он организовал первые демократические выборы в Непале.,0,1
201202,"Согласно Закону ""О гражданстве"" 1998 года, все они также имеют право на получение гражданства.",0,1
201213,"Но когда я играл в четвертый этуд, зал радовался и наполнялся теплом.",1,0
201226,"Текст декрета гласит, что президент непосредственно подчинен верховному главнокомандующему, то есть Мушаррафу.",1,0
201236,В петербургском ОВД умер задержанный. Это второй случай за март,0,1
201279,"Его площадь составляет 1399 квадратных километров (540 квадратных миль), и здесь нет крупных озер или рек.",0,1
201298,"В августе я заскочил в бек поностолировать, потому что иногда хочется просто скипануть.",1,0
201326,"Но рассказывал он обо всем этом таким тоном, каким говорят о некоторых странностях, потому что они знамениты.",0,1
201376,Отсюда легко дойти до этого места.,0,1
201475,Близ деревни М. Ключево и затем домой.,0,1
201523,Кампания собрала более 2 миллионов в поддержку проекта менее чем за 29 дней.,0,1
201569,"Вода опускается, она разрывается.",1,0
201634,Компания также опубликовала «Infestation 2».,0,1
201635,Самолёт приземлился в аэропорту Нарита.,0,1
201648,"Западные критики похвалили фильм о темнокожей африканской цивилизации за его афроцентризм и афро-футуризм, а также за угнетение темнокожего населения и революцию на фоне того, что представители негроидной расы и африканская культура сегодня по-прежнему игнорируются в современном кинематографе.",1,0
201658,"Сегодня получил ключи, посмотрели квартиру.",0,1
201661,"работают в Банбери, Нельсон-Фангарее, Нельсоном, Тимиаре, Пиктон-Тимар и Блаф.",1,0
201743,ненавижу универ из за того что после него мне хочется кого то побить наорать и расплакаться,0,1
201767,Позже Легг-Бёрк поручила своему адвокату Питеру Картер-Раку извиниться.,1,0
201786,"28 декабря - Вы найдё те хату и собаки даже не спросят, как пройти в библиотеку на Новый г",1,0
201878,Семейный бюджет с Арсом станет зимой (февраль),1,0
201943,"Мне кажется когда я закончу универ, я все равно иногда буду ездить в столовку",0,1
201968,Я как будто со стеной разговариваю.,0,1
202063,"Ирод назвал самую высокую башню высотой 145 футов — «Фасаил», в память о своем брате, который покончил жизнь самоубийством.",0,1
202106,Современные программы по профилактике и интервенции оказались успешными.,0,1
202133,"Евросоюз определился с датой проведения саммита Украина-ЕС, который должен состояться 24 ноября в Брюсселе. После подписания соглашения об ассоциации с нашей страной такие саммиты должны проводиться ежегодно. Кроме того, Европарламент потребовал до принятия окончательного решения определиться с механизмом, как безвизовый режим может быть приостановлен.",1,0
202245,Они спросили: «Неужели они все умрут в конце?»,0,1
202290,"Тогда Моцарт влюбился в свою третью дочь, Констанци.",1,0
202366,"Хотя коммерческое использование было запрещено, точное определение коммерческого использования было неясным и субъективным.",0,1
202394,"Если по первому обвинению злоумышленнику грозило до 15 лет лишения свободы, то по второму - до восьми и двух соответственно.",0,1
202413,"Но Еропкин не мог, очевидно, простить мне своего поражения по смете Департамента Государственного Казначейства.",0,1
202437,"корпорации, сплетущие между собой беспорядочные комбинации людей различных поколений, объединяющие их культовые, профессиональные или другие интересы.",1,0
202454,"Алмаз настолько твёрд, что может резать стекло.",0,1
202556,"По обе стороны дороги и по сторонам, где хватает глаз, зеленеют хорошие всходы хлеба, травы, принадлежащие колхозам, совхозам, кое-где и единоличикам.",1,0
202591,От мордовского языческого имени первого поселенца Калась (Колась).,0,1
202596,"Отца, вероятно взяли... судя по адресу, который он сообщил нам.",0,1
202740,", который обычно прикрепляют к нижней нижней части корпуса корабля, как, например, веретено I.",1,0
202797,"Он необходим газотурбинным электростанциями, для которых ранее использовался сжиженный газ.",1,0
202894,"О принятом решении в письменной форме уведомляется администрация муниципального образования ""Городской район"" в течение 5 дней.",1,0
202903,"Таким образом, аргументация Мальтуса, будучи приведена до конца, дает в выводе то же самое, что говорил Годуин.",1,0
202932,"В других ситуациях термин расширяется, чтобы охватывать почти все прохладные пульсирующие звезды.",1,0
202967,И до сих пор слишком многим некое народничество представляется необходимым стилем истового православия.,0,1
203009,"По словам Сергеева, идентификация, разведка и уничтожение группировок бандитов, их баз и лагерей средствами авиации и артиллерии продолжаются.",1,0
203012,Поезд был переполнен людьми.,0,1
203031,В космосе бесчисленное количество небесных тел.,1,0
203077,Второй по величине порт в Европе станет Антверпенский.,1,0
203109,В 1967 году испанские и советские представители договорились открыть порты своих стран для судов под флагом другой стороны.,0,1
203172,"Еще в давние, молодые мои годы, мне пришлось встретиться с ним в доме Графа Делянова и быть свидетелем оклеветания им одного из лучших государственных людей России -- Статс-Секретаря Грота, которому я был многим обязан всею моею карьерою в начале моей службы, и я решился заступиться за него совершенно открыто.",0,1
203205,На 11 ноября суд рассмотрит жалобу Kravtsova.,1,0
203210,"Самым сложным для Мастера оказалось сдерживать стремление детей развлекаться, покупать часы, велосипеды, обувь, джинсы и мотоциклы за выкупленные деньги.",1,0
203247,"На Фарфоровом заводе и в церкви не было ничего не нравилось, ни церковь, ни собор, ни театральный священник, ни священник.",1,0
203264,"В центре Киева проходит марш ""КиевПрайд"" в поддержку ЛГБТ-сообщества. Еще до начала мероприятия произошли столкновения и задержания противников акции.",0,1
203275,Сколько лет Вам исполнится в следующем году?,0,1
203276,"расходимся, батя сказал что это Март",0,1
203281,"Подпрограммой Правительства Ленинградской области ""Развитие малого и среднего предпринимательства в регионе"" предусмотрено, что на территории муниципального образования Лодейнопольский муниципальный район осуществляется поддержка субъектов МСП (далее - субъекты предпринимательской деятельности).
В соответствии с частью 2 статьи 4.1 Федерального закона от 24 июля 2007 года № 209-ФЗ «О развитии социального обслуживания граждан пожилого возраста...», к субъектам социальной поддержки относятся: инвалиды; ветераны Великой Отечественной войны 1941–1945 годов по достижении ими общеустановленного пенсионного или инвалидного права либо не имеющие указанного специального правового статуса лица",1,0
203393,Я не могу избавиться от этой простуды.,0,1
203398,"``` О, друзья, пусть всех нас здесь положат, батюшка, с тобою! а чего наше, то не отдаем живые, кричат солдаты.",1,0
203435,"уровня потребления тепловой энергией в 2014 г. составил 19770,4 гкал.",1,0
203475,"Он был ведущей фигурой в Партии зеленых Германии и, согласно опросам общественного мнения, был самым популярным политиком в Германии на протяжении большей части пребывания в правительстве.",0,1
203524,"Игрок может поехать в Индустрию и найти его в одном из событий, которые там происходят.",1,0
203528,"Но… если я уйду, то разочарую всех.)",0,1
203536,"Крендель вышел кислый, а именины невеселые.",1,0
203597,"Канадский певец Джастин Бибер опубликовал в Instagram снимок, на котором крупными буквами написано русское матерное слово. Пост музыканта должен был поддержать движение против насилия над афроамериканцами, но вместе с тем он возбудил русскоязычных пользователей соцсети.",0,1
203685,"Май ака мой месяц, поэтому девочки ловите самую лучшую оформу всех времен",0,1
203697,"В болгарских женщинах есть, бесспорно, какая-то чувственность во всем их образе, меня очень привлекающая.",0,1
203717,"Сборная Бразилии получила право участия как хозяйка соревнований, остальные участники прошли через отборочный турнир в рамках своих конфедераций (два участника помимо этого играли в межконтинентальных стыковых матчах). Сборная Боснии и Герцеговины — единственный участник, который дебютирует на финальных турнирах чемпионата мира.",1,0
203790,Я живу в маленьком городке.,0,1
203840,"По его мнению, здоровье индивидуума не может быть отделено от здоровья семьи, общины и мирового здоровья.",0,1
204008,На курсах повышения квалификации за последние три года прошли обучение 2 муниципальных служащих.,0,1
204013,Штейнгель был переброшен к Витгенштейну в Полоцк на театр основных боевых действий.,0,1
204050,Они простирали руки с венком своих противников и рук врагов их.,1,0
204098,"Газета Business и Financial Markets от изданий, выходящих в том же сегменте рынка, называется, в частности, тщательный разбор функционирования различных финансовых инструментов.",1,0
204145,Влажный климат характерен для полуострова.,0,1
204156,Но суть дело была не то: единственной причиною смерти Фуке было его любовь ко неприкосновенной Ла Вальер.,1,0
204170,"Я хотел защитить тело женщины от чего-то – возможно, от менструаций глаз или холодного ветра.",1,0
204196,Она достала деньги на короткий срок.,0,1
204217,"Михаил Михайлович — коллекционер живописи, он собирает работы исключительно современного искусства: от художников эпохи «оттепели» и предперестроечного московского андеграунда до Олега Кулика и Владислава Мамышева-Монро. В 2008 в Музее частных коллекций прошла совместная выставка из собраний Михаила  Алшибая и Марка Курцера  ""50 на 50"". Коллекция Михаила Алшибая на 2014 год насчитывала порядка 6 тысяч произведений. В сентябре 2014 года в Музейном центре Российского государственного гуманитарного университета (РГГУ) в рамках проекта «Другое искусство» открылась выставка Новая жизнь «Другого искусства», составленная из работ коллекции Алшибая.",0,1
204254,Старое здание было в значительной степени разрушено пожаром в феврале 1939 года.,0,1
204286,Высокий риск невозвращения в район для дальнейшего проживания и работы.,1,0
204289,"Его фротис стал проще и сильнее. - облака над Волгами, ""Землями.""",1,0
204337,С учетом изложенных приоритетных направлений реализации Программы целями Программы являются:,0,1
204349,Сколько учеников в вашей школе?,0,1
204356,Вышли некоторые «буржуазные» газеты.,0,1
204420,- В период с сентября по декабрь 1932 года баскетболист из Техасской футбольной лиги Март учился в колледже Техасу.,1,0
204568,Это такая печальная история.,0,1
204594,"Парадоксально, он прав.",1,0
204618,"Чем занимается фашист Вовозневая, помним, гад про ДЕВЯТОЕ МАЯ",1,0
204620,"Если лампочка горячая, то чтобы не обжечься, подождите около 45 минут, пока она не остынет.",0,1
204635,"Три четверти украинцев считают, что в их стране Евро-2012 было организовано на высоком уровне, и только 12 процентов полагают иначе.",0,1
204696,Немеркнущим светом горит сияющее сияние тревожной поэзии Толстого. В нем с невероятной силой сочеталось художественное творчество и этическое чувство.,1,0
204698,Какое дело было в зароке нельзя исполнить?,1,0
204706,"В связи с угрозой войны, 5 апреля 1885 года была основана Costarricense Roja.",1,0
204708,В 5 часов поехали к деревне Ваганово.,0,1
204709,В эпоху промышленной революции люди работали по 16 часов подряд.,0,1
204843,ВОЗМЕЩЕНИЯ ЧАСТИ ЗАТРАТ НА СТРОИТЕЛЬСТВО ТЕПЛИЦ ДЛЯ ВЕДЕНИЯ,0,1
204853,Ну и да его собаки действительно как из той ветки mp3 ==,1,0
204887,"Когда оратор заявил свою речь классическими цитатами и ссылкам на Цицерта, Тацит, Ливий, его стаскивали с возвышения и заставляли повторять эту",1,0
204917,Не тяни. Открывай.,1,0
204933,ряд внешних и внешних положительных факторов. которые могут способствовать развитию поселения:,1,0
204939,28 мая 1918 года Азербайджан стал Демократической Республикой Азербайджан (Демократическая Республика Азербайджана).,1,0
205009,"У «Сервис-Телекома», например, TR равен двум, а в некоторых регионах 2,5–3,5, рассказал представитель компании.",0,1
205024,"В ""Мастера и Маргариту"" прозвучало прощание с книгой, трудом всей жизни, в которых выразилось прощение с Булгаковым.",1,0
205066,Из-за вулканической активности в прошлом в этой части Африки находятся одни из лучших пастбищ в мире.,0,1
205073,"На опушке леса потеплеет, но несколько тепла.",1,0
205074,Он не любил детей.,0,1
205114,У человека две ноги.,0,1
205122,"Соболезнования выразили многие друзья и коллеги Джобса, в частности Стив Возняк и Джордж Лукас.",0,1
205123,"у граждан РФ, проживающих в Дубровинском сельском совете Мошково района Новосибирской о.",1,0
205164,"Кошки говорят, развешивают метки, а коты используют разные стратегии ухаживания.",1,0
205233,"Если не отдадут, то это будет нечестно, из-за них мы отказывали таким большим пансионерам и вдруг теперь они на попятый.",1,0
205244,В таких тяжелых условиях проходит жизнь.,0,1
205283,"В течение нескольких дней мы читали в уборной надпись химическим карандашом: ""Ленинцы!",0,1
205284,"и так Бахметев не был доволен своим зятем, но решил запретить Варенькиному сыну с ним встречаться.",1,0
205328,"Журналистка Анастасия Товт называет героя Драйвера «жалким подражанием Дарту Вейдеру», хотя и отмечает, что картина «демонстрирует вырождение знаменитой франшизы».",1,0
205352,"В рамках реализации муниципальной программы города Железногорска планируется принять ряд нормативных правовых актов, направленных на совершенствование механизмов управления муниципальными финансами, муниципальным долгом города.",1,0
205376,Крым не был утвержден в минских соглашениях.,1,0
205408,"В среду, 26 октября, глава российского военного ведомства проведет переговоры со своим индийским коллегой по вопросам сотрудничества в сфере обороны, сообщил официальный представитель Минобороны генерал-майор Игорь Конашенков. По результатам работы стороны планируют подвести итоги работы за прошедший год и наметить первоочередные задачи в области развития ВТС.",1,0
205439,Я тебя больше не люблю.,0,1
205476,"Горбачев призвал МОК допустить на Олимпиаду ""чистых"" спортсменов.",0,1
205487,"уехал Сливинский, который бывший земский врач у Сухотиловых, человек молодой.",1,0
205546,Отвезти тебя домой?,0,1
205548,"Климат Китая очень разнообразен. На юго-востоке климат субтропический, а на северо-западе - континентальный.",1,0
205596,"Оператором фильма изначально был Стэнли Корт, но в процессе съёмок он плохо справился с новым оборудованием и снимал фильм слишком долго.",1,0
205626,"После голосования Джонс объявил, что будет иметь дело только с теми, кто голосовал в пользу торговли.",0,1
205627,"Фигурантов дела о ""массовых беспорядков"" отправили по разные стороны решетки.",1,0
205684,"Он окончил Нью-Йоркский университет, получив степень бакалавра по российско-американским отношениям.",1,0
205754,"Индийская рок-группа Agnee выпустила сингл «Hello Andheron», который был включён в индийскую версию фильма.",0,1
205759,"Так, в ноябре 2009 года капитал Форекс-клуба составлял 24,3 миллиона долларов, но 31 января упал до 19,6 миллиона, или 19,4%.",1,0
205787,2002 - постановляет присоединиться к Дреаму Эвилу в качестве постоянного члена и поехать в Европу и Японию вместе с группой.,1,0
205912,Я больше не хочу слушать твои жалобы.,0,1
205918,"Режиссёр же беседует со своим актёром о книгах, о спасении человечества и о том, как за хлебом можно спрятать нож.",0,1
205919,Инструкция ЕС по Brexit не согласовывается парламентом США; инструкции Евросоюза противоречат друг другу во внутренней политике государства.,1,0
205963,"В результате уменьшения транспортных расходов повысится конкурентоспособность продукции отраслей экономики, что окажет положительное воздействие на рост объемов производства и уровня занятости.",0,1
205970,"Они имели право, согласно Швейцарской Конституции, построить свою собственную железную дорогу через Альпы.",0,1
205972,"То есть у нас есть 500 документов, индексированных на 10000 слов.",1,0
205988,"Снежная птица - часть 11-класса Школы надежды, что завтра зима.",1,0
205995,"Лед ослепительно сиял на солнце днем и рдел кровавым отливом, в каких случаях солнца ночью пришли к горизонту.",1,0
206043,Я бы хотел выпить кофе.,1,0
206057,"Не знаю, как тебя и благодарить.",0,1
206070,"Программа охраны труда на Киренский район является неотъемлемым звеном системы управления охраной труда на территории муниципального образования Киренский район. Программа сформирована как единый комплекс организационных, методических, профилактических, санитарно-гигиенических, медицинских, информационных, пропагандистских и других мероприятий, обеспечивающих достижение поставленной цели.",1,0
206106,Бывший наготове кузнец начал разбивать цепь на ноге Тугана.,0,1
206124,"районный военно- спортивный фестиваль, посвящённый Дню защитника Отечества;",0,1
206164,Значительным препятствием для оперативного внедрения фандоматов в регионах является отсутствие алгоритмов финансовой мотивации населения.,0,1
206165,Мне никогда не приходят в голову блестящие идеи.,0,1
206186,"Практически вокруг всех крупных городов России элитные и не очень поселки растут, как грибы после дождя.",0,1
206191,"Долдыканский сельсовет требует взаимодействия между администрацией Долдыканского сельсовета и организациями жилищно-коммунального комплекса, направленными на осуществление энергосберегающих мероприятий. Комплексное решение вопросов, связанных с эффективным использованием топливно-энергетических ресурсов на территории поселения, является одной из приоритетных задач экономического развития социальной и коммунальной инфраструктуры поселения.",1,0
206218,В затопленной шахте в Якутии продолжаются поиски горняков.,0,1
206222,"Кроме того, санитарное состояние городов, по нынешним стандартам, было ужасным.",1,0
206255,Азиатская иммиграция также способствовала развитию прибрежного сельского хозяйства.,0,1
206294,Я считаю его невиновным.,0,1
206309,"Разговор, пока все они ели, состоял из отрывистых речей, намекавших, что дорожные их приключения, то на лошадей, то на цену рыбы в Москве.",1,0
206332,Свой дневник не считаю нужным продолжать. Он получится слишком страшным...,0,1
206394,Расчет результативности по каждому показателю программы проводится по формуле:,0,1
206407,Купил эту ручку в Париже.,1,0
206501,"Он обвинил меня в том, что я лгун.",0,1
206596,"Представитель талибов уклонился от ответа, заметив лишь, что они «не могут выполнять эту работу».",0,1
206627,При прорыве дамбы в Бразилии погибли почти 100 человек.,0,1
206657,"Конечно, они по-русски не поймут, но ведь можно же перевести.",0,1
206715,"Средства инвестора с возможностью получения государственной поддержку в виде единоразового денежного гранта, беспроцентного кредита на покупку оборудования или использование льготного налогового периода.",0,1
206755,"Появился 13 февраля 1970, он сильно распространяется на критиков, но собирает 1,2 million зрителей.",1,0
206764,Он толщиной четыре сантиметра.,0,1
206781,Он участвовал в захвате Фогги Нельсона.,0,1
206782,"Немецкие самолёты летают с воздуха Калуги. В Калуге ни ночью, ни днём не было снега, а снегу маловато для санной езды. Морозы продолжаются и сегодня.",1,0
206806,Укрепленная зону прорывают в севернее Ростова.,1,0
206830,Я очень заинтересован в рыбаке.,1,0
206834,"Глава Ставрополья Владимир Владимиров сообщил, что в скором времени в регионе создадут специальные бригады ""Скорой помощи"", которые будут работать только с ковид-пациентами.",0,1
206838,"Приглашение здесь такое: «Пожалуйте, только со своим хлебом».",0,1
206873,"Мы легли спать довольно рано, вскоре после Джанкоя, когда Джанкоя умер.",1,0
206889,"Не так трудно, как вы думаете.",0,1
206896,Его авиакомпания вышла вниз из Забайкалья с открытием навигации по Амуру под начальством подполковника Н. В. Буссе.,1,0
206905,"как и обычно, мы стоим с мест в начале каждой своей работы. как и прежде, я спокойно и независимо выполняю свои дневные обязанности.",1,0
206948,"Хорошо, я приду как можно скорее.",0,1
207045,"Российский специалист Николай Черчесов перешел в инсбрукский «Ваккер-Тироль», созданный на «обломках» прекратившего существование «Тироля». Российского специалиста уволили из «Ваккера-Тироля» Хельмута Крафта, который вывел команду в высшую лигу австрийского чемпионата.",1,0
207142,"Тайвань, который обязан своим существованием тектонике плит, остается местом регулярной сейсмической активности.",0,1
207212,Кому принадлежит эта земля?,0,1
207216,Модернизированный Ми-26Т2В совершил первый полет.,0,1
207245,Программное обеспечение было впервые продемонстрировано на QuakeCon 2018 как часть объявления id Software о Doom Eternal.,0,1
207265,Он использовался для исследований в украинских шахтах и впоследствии был похищен.,1,0
207275,На 19 августа в Москве.,1,0
207289,"""Мы Баттерс Хлеб и Баттерс - Голдкиндер чарты"".",1,0
207326,"На деньги ""Руссо-Балта"" был построен гигантский четырехмоторный биплан ""Гранд"", который в мае 1913 года пролетел над Петербургом, изрядно напугав горожан.",0,1
207386,"Дмитрий Шевчук, который в Грозненском полку командовал сотней, позже перешел в спецназ.",1,0
207432,"Об этом на брифинге в четверг сообщил официальный представитель министерства Владимир Рахманин, сообщает «Эхо Москвы».",1,0
207435,"Зарезал свинью, был очень хороший, жирный.",0,1
207505,Рельсы worn из-за трения резины с дорожной поверхностью.,1,0
207530,"Тем не менее, Сюдад-колониал оставался важным историческим местом.",1,0
207581,Эффективность инвестиций в государственную программу обеспечивается прямым и косвенным эффектом.,0,1
207586,"Вернувшись в свое истинное тело, Брунильд восстановил полную память и привычную личность воина.",1,0
207613,Ирена Карпа - украинская писательница и сотрудник посольства Украины во Франции.,1,0
207626,Их сын недавно вернулся домой.,0,1
207649,"У меня нет времени на то, чтобы смотреть телевизор.",0,1
207659,все мои рекомендации ютуба забиты йонекавой май и у меня прям рука дрогнула,0,1
207666,Большой полк и весь двор московского князя встали в центре.,0,1
207685,Счастья за деньги не купишь.,0,1
207701,"Посмотрите в глаза этого котейки, когда он понимает, что его друзья-собаки рвут на части игрушку. Похожую на него точь в точь",0,1
207745,"Придворные приезжают смотреть работу портных и ничего не видят, так как портные водят иголками по пустому месту.",1,0
207747,"1 марта 1931 года основатель Сёдзиро Исибаши сделал шинное подразделение Tabi Socks независимым и основал компанию Bridgestone Tire Co., Ltd. в городе Куруме, префектура Фукуока.",0,1
207760,Исламисты называют Мухаммеда пророком Мухамммед.,1,0
207791,Трудно для иностранцев учить японский язык.,0,1
207820,Победа спортсменов на международных соревнованиях и Олимпийских играх - важнейшее событие общенационального значения.,0,1
207828,"Другая просительница пришла, прося долг Алексея Савича перевести на себя, не доводя до полиции.",0,1
207883,"Я не знаю, почему его сегодня нет.",0,1
207910,"Поскольку в рамках реализации программы отсутствуют рычаги управления непредвиденными рисками, наибольшее внимание будет уделяться управлению финансовыми рисками.",1,0
207931,"Она настаивает, что её личные контакты с ним закончены.",1,0
207946,"При этом подполковник Альберт Букер, на котором лежало командование канадскими добровольцами, был признан виновным в плохом управлении своими людьми.",0,1
207953,"В 2016 году мировая экономика будет расти примерно на 1,5%, прогнозирует международное рейтинговое агентство Fitch. При этом риск политических потрясений, оказывающих негативное воздействие на частные инвестиции, увеличился. На этом фоне агентство ухудшило прогноз по экономическому росту США в 2016 году до 1,4% с июльских 1,8%.",1,0
207975,"Российский позывной ""Варяг"" 18.08.1993, 19.09.1996 - 18.09.2014.",1,0
207976,"Мой прощальный вечер в Союзе писателей был хорош, тепел, как сегодняшний день.",0,1
207996,Больницы и поликлиники области будут функционировать в соответствии с обычными графиками.,0,1
208027,"КИШИНЕВ, 17 июн — РИА Новости.nНовый министр внутренних дел Молдавии Андрей Нэстасе в понедельник был представлен своим подчиненным, он сообщил, что планирует полностью реформировать систему и пообещал не допустить политизации ведомства.n""Я вместе с коллегами обещаю, что не позволю собой манипулировать, мы будем следовать закону, чтобы не допустить событий, которые поставят под угрозу стабильность в стране... с сегодняшнего дня прекращается политизация министерства. МВД входит в период восстановления репутации профессии полицейского, нам придется реформировать и модернизировать всю систему"", - сказал Нэстасе, выступая перед коллегами.nОн сообщил, что собирается бороться против давления государства на граждан и рассчитывает МВД сделать более активным. Нэстасе сообщил, что планирует в ближайшее время посетить территориальные подразделения МВД. Кроме того, в понедельник у министра состоится встреча с послом США Дереком Хоганом и главой Делегации миссии ЕС в Молдавии Петером Михалко.n""Мы хотим начать все с чистого листа, нам очень нужна ваша поддержка. Вы знаете Андрея Нэстасе — он борец и сейчас будет бороться за проведение реформ, чтобы никто и никогда не планировал нарушать закон"", - заявила премьер Майя Санду сотрудникам МВД.nВ Молдавии в начале июня вновь обострилась политическая ситуация. Пророссийская Партия социалистов Молдавии и проевропейский блок ACUM 8 июня сформировали парламентское большинство, и страна после трех месяцев ожидания получила новое правительство. Однако Конституционный суд объявил эти решения незаконными, парламент в ответ заявил о попытке находившейся у власти Демократической партии через судей узурпировать власть. На следующий день Конституционный суд Молдавии назначил вице-председателя Демпартии Павла Филипа врио президента, чтобы он подписал указ о роспуске парламента и назначил досрочные выборы на 6 сентября. Президент Молдавии Игорь Додон назвал решение КС по его отстранению отчаянным шагом для узурпации власти. Демпартия 14 июня объявила, что правительство Филипа добровольно уходит в отставку. КС 15 июня пересмотрел и отменил свои решения о роспуске парламента, проведении досрочных выборов и признании незаконным правительства Санду.",0,1
208038,Через сколько времени мы приедем?,0,1
208055,Хорошие новости я кажется смогла заказать все что хотела плохие новости я успела заказать все что хотела,0,1
208069,Без значительной государственной поддержки в современных условиях субъекты АПК Ленинградского района не в состоянии эффективно участвовать в социальных реформах и удовлетворении основных жизненных потребностей проживающего на территории Ленинградского района населения.,0,1
208089,Э. Рахмон направил телеграмму соболезнования новому Королю Саудовской Аравии.,0,1
208140,"Он говорит Тони, что Фил Леотардо сделает это ""по-своему"".",0,1
208142,Первый сингл альбома является «Whip Appeal» с P2theLA.,0,1
208155,ЦРУ не доверило Росавиации следить за российскими перевозчиками в Сирии и Ираке,1,0
208196,"Ранее их возглавлял Krajowy Zarząd Parków Narodowych (Польский совет национальных парков), но в 2004 году ответственность была передана Министерству окружающей среды.",1,0
208278,В связи с кризисом в Школе Магии взяла на себя управление ею.,0,1
208319,Окончил Санкт-Петербургский государственный политехнический университет в качестве специалиста по информационным и управленческим системам.,1,0
208342,"Я мог бы наполнить целые страницы описаниями изнасилования и жестокости, которые почти невозможно поверить.",1,0
208538,Живу так как захочу я.,1,0
208547,Эрриапо имеет диаметр около 10 км и обращается вокруг Сатурна на среднем расстоянии 17 300 000 км за 871 день.,0,1
208585,Мало устойчивые натуры могут нанести ущерб своему здоровью из-за чего? Из уверенности во всё позволенное себе.,1,0
208624,"Я рано стал самостоятельным, и теперь видел по сыну, что он повторяет меня.",0,1
208642,Индикаторами выполнения подпрограммы являются следующие показатели:,0,1
208659,русские собаки не гавкают а шепчут молитвы,0,1
208751,"Мы не стреляли, справа был редкий пожар шестой батареи.",1,0
208763,А на крыше сидел человек в котелке и играл на скрипке.,0,1
208774,Мне не нравится эта галстук. Покажи мне еще одну.,1,0
208789,"ожидаемый результат - повышение статуса субъектов малого и среднего предпринимательства, активного участия субъектов МЛП района в программах поддержки.",1,0
208811,Странная и тяжелая судьба выпала на долю этой несчастной женщины.,0,1
208849,"К. Фергюсону, который в тот момент находился на посту министра обороны США).
События 11 сентября 2001 года стали началом «арабской весны», которая привела к смене режима президента Ирака Саддама Хусейна и его приходу во власть (в Ираке с 1991-го по 2003 год), а затем – свержению диктатуры Мобуту Каддафи силами международной коалиции против этого государства; также события 9/11 привели непосредственно ко вторжением НАТО под предлогом защиты демократических ценностей мира от террористических угроз со стороны исламистов[1]. После вторжения коалиция была расформирована из соображений сохранения военной базы Альянса у иракского порта Бас",1,0
208870,"Их пребывание на Земле причиняло неудобство, поэтому они создали себе планету, Новый Криптон.",0,1
208875,"На показателях развития промышленного производства в Твери отразится стабилизация деятельности в открытом акционерном обществе «Тверской вагоностроительный завод» в Калининском районе и открытие новых производств, а также стабилизация деятельности на предприятиях, работающих с ним в кооперации.",1,0
208876,"Среди её хитов на Бродвее были главные роли в фильмах «Семи дней у дяди Тома», «Путь вниз на востоке».",1,0
208887,Я только что прочитал эту книгу.,0,1
208890,"самый быстрый и недорогой интернет, только с оплатой за трафик (то есть если ты живешь в спбои и мск, так как во многих странах рф вай",1,0
208961,В Брюсселе двое неизвестных устроили стрельбу возле Еврейского музея.,0,1
208974,"Блэк объяснил: «Кто был бы настолько глуп, чтобы заявить, что это международный террорист?",0,1
208984,Мьянма и Куба также используют аналогичные системы.,0,1
209017,У Дуси нет обеих почек.,0,1
209070,очередь передо мной пробивает шесть банок и бутылку виски.,1,0
209112,"Италия, стоявшая тогда на высоте просвещения, где было много таких политических благородных идей, не могла представить даже слабого сопротивления врагам внешним.",0,1
209157,Эти центры интенсивно снабжаются антироссийским оборудованием.,1,0
209160,", нашему времени принадлежит лишь критика общественных институтов и правительственных мероприятий, но действовать на их совершенствование мы тоже не можем.",1,0
209219,"Новежский пенсионный фонд Global продал 0,4 процента акций ""Норильского никеля"".",1,0
209227,Федеральное агентство новостей сообщило Федеральному агентству новостей в среду 2 января.,1,0
209259,Действие подпрограммы «Обеспечение функционирования органов местного самоуправления» на 2017-2019 годы,1,0
209260,В конечном итоге эти континентальные организации объединились в Всемирный экономический консорциум.,1,0
209311,"Они сидели вместе, как истребители.",1,0
209341,"Я хочу, чтобы ты бросила машину.",1,0
209368,"Самолет Solar Impulse, работающий на солнечных батареях, стартовал из Вашингтона и направился к финишу своего трансамериканского перелета - в аэропорт Джона Кеннеди в Нью-Йорке.",0,1
209416,"И., Онченко Г. Г., Черкасский Б. Л.",1,0
209432,Президент РК: Необходимо создать Евразийский транспортный хаб.,0,1
209433,"Власти Индии перекрыли дороги в центре столицы Нью-Дели, чтобы предотвратить шествие демонстрантов за права женщин к резиденции главы государства, передает Associated Press. Из-за этого протестующие в понедельник, 24 декабря, собрались у обсерватории Джантар-Мантар. Многие работники центральных офисов, а также студенты испытывают огромные трудности из-за блокировки дорог, а также закрытия девяти станций метро в районе дворца, пишет The Times of India. Тем временем, премьер-министр Индии Манмохан Сингх в телевизионном обращении призвал протестующих к порядку, сообщает BBC News. Он пообещал, что его правительство предпримет ""все возможные меры"" для того, чтобы обеспечить безопасность женщин. Волнения в Индии стали реакцией на изнасилование 23-летней студентки, произошедшее 16 декабря. Тогда компания из шести пьяных мужчин напала на девушку, которая вместе со своим 28-летним другом ехала в автобусе. Их обоих избили, студентку изнасиловали и выбросили вместе с другом на ходу из автобуса. Девушка до сих пор находится в критическом состоянии. Инцидент вызвал большой общественный резонанс, люди начали выходить на улицы, требуя обеспечения безопасности женщин и более жесткого наказания для лиц, задержанных в связи с этим преступлением. За изнасилование в Индии преступников ожидает до 10 лет тюрьмы, протестующие же требуют ужесточить наказание вплоть до смертной казни. В субботу, 22 декабря, полиции пришлось применить водометы и слезоточивый газ для разгона демонстраций. В ходе протестов 23 декабря пострадали более 140 человек, больше половины из которых - полицейские. Нью-Дели называют ""столицей насилия"" в Индии, поскольку в городе фиксируется больше всего изнасилований в стране. В среднем изнасилование происходит в городе каждые 18 часов.",0,1
209450,"Но Антошка, видя, как его руку оттягивает тяжёлый кувшин, досадовал на то, что его отец и мать захотели пить.",1,0
209479,"2010 год — Создание специальных серий Nabucco Va, Pensiero и Freelancer Summertime.",0,1
209532,"Неужели это доказывает недостаток умственных способностей Последствия были скоры и благодетельны, и с ума от них, да еще несколько раз, нечего было сходить.",0,1
209583,"В Якутии впервые за полвека обнаружили следы амурского тигра — это говорит о том, что популяция хищников растет:",0,1
209621,Ну и майор подумал.,1,0
209627,В этом романе Александр описывается как сложная личность.,1,0
209668,"него группились любители словесностей: издавалась маленькая рукописная газета, в которой Апухтину отводилась роль редактора, главного сотрудника.",1,0
209674,"По сравнению с 2010 годом расходы бюджета уменьшились на 25,5%.",0,1
209685,"Вакцина производится в виде порошка, который необходимо смешивать непосредственно перед введением подкожно или внутримышечно.",0,1
209691,"Либерализация розничных продаж была завершена в мае 2002, и весной цены ненадолго упали.",0,1
209693,"Работы, проводимые на BAE в графстве Ланкашир, планируется завершить в третьем квартале 2010 года.",1,0
209751,". Корреспондент «Газеты.ру», увидев, что на Манеже проходит согласованная акция протеста, оценил ее в 700–800 человек.",1,0
209774,В Манежа начали монтаж конструкций для восстановления сгоревшей крыши,1,0
209835,"В марксистском материалистическом взгляде на бытие, материю, бытие существует только наше сознание, а мышление есть продукт материи, достигшей в своем развитии высокой степени совершенства, а именно продукт мозга, а мозг -- орган мышления, что нельзя поэтому отделять мышление от материи, не желая впасть в грубую ошибку.",1,0
209845,"Смерть Анастасии Шевченко не изменила мировоззрения писателя Федора Достоевского; Великий пост помешает ему написать ""Вечера на хуторе близ Диканьки"".",1,0
209862,"Все получают от нее единую природу, недоступную разрушению,природу, на которой взаимодействуют многочисленные и глубокие различия человека",1,0
209912,"Новости: с первого сентября в универ будем ходить в масках
Я которая не может дышать в маске больше 15 минут будучи астматиком:",0,1
209950,"Инновации способствовали этому росту, однако главной причиной снижения издержек было расширение рынка.",1,0
209954,Формирование системы эффективного управления отходами:,0,1
209997,обеспечение доступности наилучших образцов классического и современного искусства для жителей Коломыцкого сельского поселения;,1,0
210014,отсутствие в селах района специалистов по физкультуре и спорту для работы с молодежью и взрослым населением;,0,1
210030,"Французская разведка во время Первой мировой войны использовала гравировальные доски «столистовой» русской карты, на которых говорилось о составе и числе русских войск.",1,0
210085,Он тренировал «Нью-Йорк Никс» и «Бостон Селтикс».,0,1
210118,"Нетерпимое отношение к коррупции становится нормой, повышение уровня правовой грамотности населения и создание такого психологического климата в обществе, при котором терпимость и терпимость к ней становятся нормой.",1,0
210138,Сера королевы Александры имеет более желтый цвет на нижней стороне переднего крыла. У него беловатое пятно в центре заднего крыла.,0,1
210143,Это вопрос жизни и смерти.,0,1
210166,Вы его вообще читали?,0,1
210188,В Татарстане Большой этнографический диктант пройдет на 20 площадках.,0,1
210246,"Команды получили кейсы, связанные с различными аспектами Тюмени и Тюменской области.",0,1
210287,Капитальный ремонт был проделан в рамках нацпроекта по благоустройству.,0,1
210289,"Рукописи были куплены немецким правительством за £80,000.",1,0
210356,"Перепись, проведенная 16 мая 2006 года, является первой переписью, для которой используется Интернет для заполнения вопросников.",1,0
210466,"Минфин определился с объемом дебютного выпуска облигаций федерального займа для населения. По словам замминистра финансов Сергея Сторчака, сейчас банки предлагают клиентам достаточно широкий спектр финансовых инструментов, поэтому конкурировать будет непросто.",1,0
210483,"Французы согласились на это условие, однако в течение 24 часов они передали его и его людей итальянцам.",1,0
210485,"Норвегия была уничтожена всемогущей Ганзой, а ее население страдало от постоянных войн со Швецией, которые опустошали её пограничные области.",1,0
210551,"У меня нет времени, чтобы видеться с тобой.",0,1
210558,Однако сотрудники Старовотова решили обратиться за помощью к частным следователям.,1,0
210588,"Конечно, получив такое письмо, наш Леня раздевается и бежит искать прорубь, чтобы дать чеху несколько очков вперед.",0,1
210671,Apple снова стала лидером рейтинга 50 самых инновационных компаний мира.,0,1
210702,"Средняя заработная плата по годам, 2005-2014",0,1
210732,Ресурсное обеспечение Программы определяется условиями ее реализации в течение 2014 - 2016 годов.,0,1
210734,"Например, сервиз, посвященный китобойной флотилии «Советская Россия».",0,1
210769,"Выполнение поставленных задач может мешать рискам, сложившимся в результате неправильного поведения.",1,0
210859,"На самом деле, в отсылке к татаро-монгольскому игу официальная Казань всегда обижается, а за печенегов, типа, некому вписаться.",1,0
210878,Российский военнослужащий осужден за потерянный в Сирии автомат.,0,1
210886,"«Нью-Йорк Айлендерс» выиграли свой третий подряд Кубок Стэнли, победив «Ванкувер Кэнакс» в четырех играх.",0,1
210890,Вы могли бы переместиться немного?,1,0
210894,"Осенью 1701 года Брюйн направился на паруснике в Архангельск. Познакомившись с городом и коренными жителями севера самоедами, он отправился на санях через города Вологда и Ярославль до Москвы. Это был единственный путь, которым добирались многочисленные ремесленники, строители, архитекторы, дипломаты Западной Европы до столицы. Во время пребывания в Москве де Брюйн, воспользовавшись случаем и рекомендательными письмами Николааса Витсена, познакомился с русским царем Петром I. Общение шло на голландском языке, который знал царь. Корнелис рассказывал о собственных путешествиях, о пребывании в Венеции, где не пришлось побывать Петру. Как художник, он выполнил по заказу царя портреты русских царевен, племянниц Петра I. Эти портреты были разосланы потенциальным женихам.",0,1
210910,Городские коммуны начали формировать федеральные объединения.,0,1
210914,"остаточный ссудный остаток ссудных кредитов, привлеченных на реализацию крупных проектов в сельскохозяйственной сфере, до 90 млн.руб. до 1995 г.",1,0
210973,"Американский эсминец ВМС США «Мэйсон» в третий раз за неделю подвергся обстрелу у побережья Йемена. По данным NBC, была выпущена по крайней мере одна ракета, корабль повреждений не получил.",1,0
210981,"Российские военачальники в начале XIII века были подчинены земским старостам, которые представляли власть на местах и традиционно имели репутацию мздоимцев и казнокрадов. Ряд земских миров требовал «воевод вывести», оставив лишь земскую власть, подчинённую непосредственно царю, причём зачастую восставшие оправдывали свои бунты словами вроде «неужто ты государю добра не желаешь?».",1,0
210996,"В Ирландии являются трёхступенчатыми образованием, средним, высшим.",1,0
211035,"Вертолёт приземляется и перед вылетом она сказала, что пришлёт ещё вертолётов, и он говорит, чтобы она отправила еще одно вертолёто.",1,0
211056,Август хорош для рождения множества великолепных детей.,1,0
211142,В течение лета 1992 года в Риме было организовано пять подобных встреч – однако без существенного результата.,0,1
211181,"По мнению экспертов, сбалансированное развитие района предполагает развитие горнодобывающей и перерабатывающей промышленности, сельского хозяйства, торговли, сферы услуг, в том числе и социальных (образование, здравоохранение, культура).",1,0
211185,"Хет-трик Дадонова принес ""Флориде"" победу в игре с ""Питтсбургом"".",0,1
211234,"В конце июня в составе своей команды Мохаммед Салах стал победителем английской Премьер-лиги, это произошло после поражения «Манчестер Сити» в матче с «Челси», из-за чего «Ливерпуль» досрочно стал победителем чемпионата.",0,1
211242,"Таро, ты можешь мне помочь?",0,1
211301,В благовещенском супермаркете 420 горожан попали в больницу с травмами от льда.,1,0
211335,Суд арестовал квартиры гражданской жены и дочери полковника Захарченко.,0,1
211393,": я грибок сегодня: Арсений, ты такой большой))",1,0
211450,"Это не значит однако, что следует разом поставить вопрос об отделении Польши.",0,1
211517,"Именно в этой сфере создаются те условия для населения, которые обеспечивают здоровую, комфортную, удобную жизнь каждому человеку по месту проживания.",0,1
211550,Пазбирали докладную зав[едующего] ферм[ы] Шамедько о работе доярки Белявской Марии.,0,1
211644,"Папа, куда ты идешь",1,0
211713,", который был поврежден 12 августа 1983 года в результате столкновения с лунным объектом, который находился на расстоянии 12 км от него.",1,0
211724,"В применении к одному нехорошему мальчику это нужно понимать так: если Вадим до сих пор не написал мне, то приходится написать ему.",0,1
211766,Меня пригласили на ужин.,0,1
211810,В 2000 году Польша и Венгрия заявили о выходе из состава Банка (Венгрия возобновила членство в МИБ в мае 2015 года).,0,1
211826,"Прости, что я это говорю.",0,1
211862,"Сентябрь. Если попросить бога, он выключит 30 градусов.",1,0
211873,Я устала от себя.,0,1
211904,"Каждый пациент с активным прогрессирующим заболеванием, приближающийся к смертельному исходу, имеет право на паллиативную помощь.",0,1
211914,"Кроме того, это означает, что все клиенты WAMP равны в том, что они могут предлагать процедуры для вызова.",0,1
211931,"В 2007 году учёные из исследовательской группы под руководством Уве Вольтера (Uwe Wolter), астронома из обсерватории Гамбурга (Hamburger Sternwarte), впервые смогли реконструировать место вспышки на поверхности похожей на Солнце звезды — HD 197890. Звезда делает один оборот менее чем за семь минут.",0,1
211970,Посол США рассказал о сверхдержавах в связи с ударами по Сирии.,0,1
211979,"В небе над Японией образовался ""облачно-синий"" круг.",1,0
212048,"morrischi`spring-l`eil-reichsteichstuft, OUBE), так как слишком маленький",1,0
212124,"Три организации были слабыми, небольшими и не оказали существенного влияния на массу рабочей силы.",1,0
212125,Банкноты и банкноты используются в качестве платежных средств в системе Bank of China и используются в системе «денежных переводов» Банковской системы Китая.,1,0
212199,"В Широкино камеры видеонаблюдения Специальной мониторинговой миссии ОБСЕ установлены только на подконтрольной Украине территории, заявил министр по вопросам временно оккупированных территорий и внутренне перемещенных лиц Вадим Черныш. Черныш отметил, что необходимо поставить вопрос о более эффективном мониторинге соблюдения режима прекращения огня в Широкино.",1,0
212368,", вдова, не имеющая детей, жила с братом, безродной старой",1,0
212370,При финансировании программы Абинского района предполагается привлечение средств из бюджета в 2019 году.,1,0
212430,Управление муниципальным автономным учреждением «Сладковский комплексный центр социального обслуживания населения «Виктория» является администрацией района.,1,0
212447,"Верховная Рада приняла законопроект о введении 12-летнего образования в школе, установить минимальную зарплату учителя в 4,4 тыс. грн и ввести институт образовательного омбудсмена. Документ пока одобрен лишь в первом чтении.",1,0
212504,В общеобразовательных школах введен третий час физической культуры.,0,1
212562,Самым сильным консолидирующим и образующими фактором Войск Донского была государственная служба донских казаков.,1,0
212583,"Это также связано с вопросом о том, какие цели мы преследуем.",0,1
212683,Климкин и Волкер констатировали невозможность повлиять на подписание договора по Донбассу парламентом Украины.,1,0
212752,Статистика каждой школы доступна общественности через онлайн-систему базы данных под названием «CEDAR».,1,0
212785,Все мероприятия подпрограммы направлены на реализацию поставленных задач и включают в себя организационные и финансово-экономические мероприятия.,1,0
212794,"Милгром высказал идею о том, что второй закон Ньютона должен быть модифицирован для малых ускорений.",0,1
212814,"Обоснования потребности в источниках финансирования мероприятий ""Ведущей целевой программы Содействие сохранению и развитию культуры Владимирской областной думы"" приведены в таблице 4.",1,0
212885,На протяжении 2-х лет функционирует рабочая группа по созданию инвестиционного климата в Калманском районе.,0,1
212905,"Нечего не записывала и вообще решила было прекратить это дело, как никому не нужное, но после разговора с Витюшкой в Москве пробую продолжать.",0,1
212922,В этом смысле вполне удобно стартовый пистолет.,1,0
212968,"Прошел месяц, вынесли новое постановление: впредь до особого распоряжения министра внутренних дел.",0,1
212977,"На Гаити число погибших в результате урагана «Мэтью» достигло 1000 человек. По данным Национального центра по слежению за ураганами США, стихия пошла на убыль и сейчас он представляет собой посттропический циклон.",1,0
212985,"Политика и культура в Европе, 2.",0,1
212997,То есть ваши инвестиции покажут себя лучше на горизонте 10-20 лет.,0,1
213013,В течение этого периода церковь состояла из 711 приходов.,1,0
213020,"Кроме того, румынское министерство окружающей среды и водного хозяйства прилагает усилия для приведения румынских экологических стандартов в соответствие с европейскими стандартами.",0,1
213069,"Поставки таких наркотиков контролируются картелем Санта-Бланка, мощной организацией, влияние которой дестабилизировало регион.",1,0
213071,"Да, я так боюсь.",1,0
213076,"С 1 января тарифы на RT, NTV и VGTRK будут увеличены 2,3 раза, а для других эмиссионов - будут снижены.",1,0
213117,Основными результатами реализации подпрограммы будут осуществляться,1,0
213121,Появилась осенняя осень в эфире,1,0
213134,"Социальная выплата - это выплата семьям, не занимающим площадь.",1,0
213199,"Москва. 11 мая. INTERFAX.RU - США пока не собираются наращивать военное сотрудничество с Грузией и поставлять ей вооружения, заявил заместитель помощника госсекретаря США по делам Европы и Евразии, американский сопредседатель Минской группы ОБСЕ Мэтью Брайза.n""Мы об этом думали, мы не готовы это сделать сейчас. Сейчас мы помогаем Грузии восстановить стратегический способ мышлений, - сказал он в понедельник в интервью радиостанции ""Эхо Москвы"". - Мы должны по-другому думать"".nМ.Брайза высказал мнение, что Грузия должна ""думать о том, что надо защищать свою оставшуюся территорию"". ""Я не имею в виду Абхазию и Южную Осетию"", - подчеркнул М.Брайза.nКроме того, по его словам, Грузии необходимо приготовиться к тому, ""чтобы делать свой вклад в международные операции в других странах, в том числе, и в рамках НАТО, в будущем"".nГоворя о поставках вооружения в Грузию, М.Брайза сказал: ""Мы всегда осторожно относились к этому"".nПо его словам, США ""никогда не поставляли"" в Грузию наступательное вооружение - ""другие страны это делали"". Что касается поставок противотанкового вооружения и оружия ПВО, то ""они только для защиты"".n""Если мы помогаем грузинской армии быть профессиональной, это хорошо и для России, и для Грузии"", - заключил М.Брайза.",0,1
213240,"Видя эти расхищения, Прокоп, конечно, скорбел, но тем не менее мысль о том, что он рязанско-тамбовско-саратовско-воронежский дворянин, ни на минуту не покидала его.",1,0
213283,"Они также известны как отемото. Это то, что обычно печатают на одноразовых палочках для еды.",0,1
213333,Первые кельты пришли в 600 г. до н. э.,1,0
213364,"Она также научилась петь, играть на лютне и полюбила поэзию и охоту.",0,1
213373,В настоящее время судьба этого семейства не вполне ясна.,0,1
213395,Муниципалитет состоит из нескольких деревень и множества разрозненных ферм.,0,1
213419,"Глава МИД ООН отметил полную приверженность тем вопросам урегулирования в рамках МГПС и в ССБ ООН, почему были приняты сирийские санкции.",1,0
213428,"Хорошо у собаки сказала мне, что в советах не нужен.",1,0
213466,Японцы едят много рыбы?,1,0
213512,"ФРГ: встреча ""нормандской четверки"" состоится в январе.",0,1
213618,"Среди них, LRGT является наиболее полным.",0,1
213649,Приступил к выполнению своих обязанностей.,0,1
213667,"Говорил со Сталиным, просил разрешения сделать паузу в действиях на пять дней, он разрешил.",0,1
213672,"В 12-м выпуске «Мастер Шеф-6» кулинары-аматоры устроили настоящую «Тюрьму» для кулинаров-аматоров. В новом выпуске судьи пытались покорить юных профессионалов и доказать, кто лучший и кто достоин дойти до победы и получить главный приз.",1,0
213778,"Российское командование задолго до начала войны предвидело возможность длительного организованного отступления с тем, чтобы избежать риска потери армии в решительном сражении.",0,1
213784,"Вполне возможно, что это не имеет никакого отношения к нашей проблеме.",0,1
213787,После обеда играла в Пчельне до чая.,0,1
213818,"Заявления принимаются в МУ ""БГАЖЦ"".",0,1
213842,Премьер-министр поблагодарил сборную России за игру.,0,1
213994,Я не хотел бы там жить.,0,1
213998,Резко возросла доля грузин (особенно мингрелов) в Абхазии.,0,1
214026,Читайте книгу снова и снова.,1,0
214044,Это для одного моего друга.,0,1
214067,"Это стихотворение Олега Чухонцева мне очень нравилось, и я дома читала его вслух на разные лады.",0,1
214077,"У каждого советника есть календарь, и каждый, кто утром, кто вечером, зачеркивает дни.",0,1
214156,"Мы выявили группу культурных учреждений, располагающих дополнительными финансовыми ресурсами для индивидуальных контрактов.",1,0
214186,Мне удалось добраться туда вовремя.,0,1
214257,"Размер субсидии, предоставляемой бюджетам Пушкинского муниципального района Московской области на организацию отдыха детей в каникулярное время, с учетом дополнительных денежных средств на организацию отдых детей на каникулярном время в отчетном году утверждается Правительством области в срок до 15 сентября текущего года.",1,0
214285,Я вчера получил письмо от Гитуси.,1,0
214303,Измерение сие основано на самой обычной физической основе и весьма удобно для нас самих,1,0
214316,Премьер-министр Михаил Мишустин постановил направить в российские регионы до 2023 года более 100 млрд руб. на организацию горячего питания в школах.,0,1
214359,"На данный момент, в Азербайджане существует три отдельных налоговых режима.",0,1
214389,"Она обычно не поёт, но думаю, что она споёт сегодня ночью.",0,1
214447,"ПСЖ и ""Арсенал"", возможно, подпишут новый контракт до конца текущего сезона.",1,0
214534,«Я — мастер».,1,0
214546,Перевели во вторую смену с 12 ч. 30 м.,0,1
214553,"Дети-сироты, дети, оставшиеся без попечения родителей (за исключением детей, обучающихся в федеральных образовательных учреждениях).",1,0
214559,Финикс - столица Аризоны.,0,1
214576,В реализации культурной политики России одним из приоритетных направлений является сохранение нематериальных культурных традиций.,1,0
214656,Первое появление группы было на фестивале «Iceland Airwaves Music Festival» в ноябре 2012 года.,0,1
214845,Российские власти ранее неоднократно отрицали причастность к кибератакам на какие-либо зарубежные ресурсы.,0,1
214849,"В большинстве сельских клубов отсутствуют аккомпаниаторы, работают не специалисты.",0,1
214907,"Когда стало известно, что главную роль в «Человеке на Луне» будет играть Керри, большинство поклонников Кауфмана были категорически против этого.",0,1
214920,Примерно на 20 минут Фанни Брайс прекращает существовать».,0,1
214932,"Морозная погода и ветер не повлияли на результаты спортсменов, победивших в дисциплине биг-эйр по решению главного тренера команды.",1,0
214950,"Окончательно невеста прибыла в Фамагусту в октябре или ноябре 1472 года, где произошла церемония.",0,1
214953,"Дао-мян был крайне любезен, предупредителен и вежлив до приторности.",1,0
214960,", и они так же вылизывают молочные бёдра у самок.",1,0
215024,В парках и садах на зелёных участках обнаружили вишни сахалинской и сливу ивовидную.,1,0
215037,"Нет, не я, а ты!",0,1
