id,text,label,prediction
149,"Присутствовали (из авторов): Лихайчев, Петруччи и Мазуркевич, а еще — художник Риццио Лагори.",1,0
297,противовоспалительное действие играет важную роль в механизме действия простаглананов.,1,0
329,В 1881 году почти не осталось следа уже от завода.,1,0
427,"Муссолини - юрист: как можно защищать права меньших, как могут защищать права подобным образом.",1,0
638,этапе реализации программы важным моментом является широкая демонстрация Программы на этапе реализации и широкое размещение по мере завершения программных проектов.,1,0
666,Будь возле меня друг - пусть будет всегда начеку.,1,0
686,"Комета, вращающаяся вокруг пульсара?«»",1,0
706,Правдивая ложь новости колл-центр это что один из лучших за последнее время выпусков.,1,0
769,"Конституционный суд Германии отклонил иск с требованием пересмотреть соглашение о свободной торговле между Евросоюзом и Канадой, которое истцы называли недемократическим. Заявители иска выступали против планов ввести некоторые параметры договора в действие еще до одобрения национальных парламентов всех стран-членов Евросоюза.",1,0
918,"мне скоро надоело жить, а я Ирка Юркина удочкой ловила язей.",1,0
1201,"Что представляет собой качественное и количественного улучшение организаций, занятых в сопутствующей туризму сфере обслуживания (общественное питание, гостиницы, торговля и прочее)",1,0
1208,"Министр внутренних дел Украины Арсен Аваков заявил, что посол Японии передал полиции Украины зимние комплекты формы для участковых. По его словам, в 2017 году Украина закупит в Японии автомобили марок Toyota Prius и Mitsubishi Outlander для нужды полиции.",1,0
1238,Когда массовое прибытие раненых прекратилось (до 11-12.12.) и хирургическая активность снизилась (до 15-17.12.Терапевты все еще работают.,1,0
1292,"Запись с переломом руки к травматологу через 2,5 недели.",1,0
1296,"котельной АО «Курганхиммаш» – 47,6 Гкал/ч;",1,0
1362,"SPb., 2002; и mn. d. (2002, ред.",1,0
1390,"Исследования показали, что регулярное употребление вареного кофе повышает уровень холестерина на 8% у мужчин и на 10% у женщин.",1,0
1416,", но милиция задержала 20 человека, пришедшего поддержать Михаила Саакашвили и Плато Грызунова, которым сегодня, 27 марта, начали читать приговор.",1,0
1552,"В 1845 году на Науру проживали только два европейцев, включая Уильяма Харриса, которые прибыли на остров в 1842 году.",1,0
1755,Что такое правово регулирование в сфере реализации,1,0
1796,"Максимилиано и польский король сделали его рыцарем и благородным в 1515 году, присвоив ему звание ""первый орган императора.""",1,0
1836,"Руководитель программы несет ответственность за реализацию и конечные результаты деятельности программы, за рациональное использование выделенных регионом средств.",1,0
1842,"Рост доходов домашних хозяйств также способствует увеличению налогов, что способствует проведению многочисленных реформ, которые проводятся в течение отчетного периода.",1,0
1855,Бодрые Патроклы снова умирают.,1,0
1918,"Японские власти прорабатывают визит главы МИД страны Фумио Кисиды в Москву, ожидаемый в начале декабря. Отмечается, что эта поездка станет частью подготовки к намеченному на середину декабря визиту президента России Владимира Путина в Японию и его встрече с японским премьер-министром Синдзо Абэ.",1,0
1955,Зарин и VX-газы использовались в нескольких убийствах (и попытках убийства) в 1994—1995 годах.,1,0
2096,"И произносят не звезды, а друзья.",1,0
2160,"Но не только его старая мечта не исчезла, но, напротив, он в день успокоился.",1,0
2191,Скажи о чуть-чуть новогоднего настроения Haru Nonaka,1,0
2209,"мужчина подшутихается над своими собаками и делает вид, будто разговаривает по телефонному аппарату об их",1,0
2338,Увеличение объема стимулов в течение слишком длительного времени создает инфляционные риски.,1,0
2350,"Как все видели, это был действительно большой вызов.",1,0
2399,"Прежде всего прошу прощения за некоторое фамильярное обращение, вероятно, у Вас в Варшаве так начинать писать не принято.",1,0
2533,"Существуют версии, объясняющие происхождение лавины, спровоцированной техногенным фактором (например, взрывом).",1,0
2639,"Тем не менее, написанный плоским способом, создает иллюзию пространства, длины и робости в жизни.",1,0
2684,"На митинге в Киеве националисты поднимали украинские флаг и требовали ""не забыть"" голодомор.",1,0
2703,"Газета «Театр и жизнь» отметила, что действо, происходившее на сцене, более всего напоминало «характер ученических упражнений».",1,0
2763,"Не говорит ли в нем зависть Томилова, которого-то Коко Томилова не его",1,0
2889,Игрок трижды выигрывал чемпионат подряд.,1,0
2924,"Они враги Эно, и они постоянно преследуют его.",1,0
3021,"Музей «На фронте», где вопросы сосуществования исследованы художественными методами, расположен на дороге, разделяющей Восточный и Западный Иерусалим.",1,0
3053,"Гражданская война в Испании. Националистическое правительство приняло план Каталонийского республиканского правительства в войне против диктатуры Франко, в конечном итоге победив Франко.",1,0
3158,"Перед ним к<нязь> Разумиев, некогда пышно разодетый, важный и",1,0
3177,"его по этому слову узнаёт и тревор Филипc, который, занимающийся сексом с наркотиками, смотрел сюжет об ограблениях.",1,0
3205,"Он и Райзо работают вместе, чтобы починить температурный контроль в модуле 77.",1,0
3444,"Даже если было это ""большое"", он рассчитывал, что в восполнение допущенных им фактических пробелов ты придите ему на помощь.",1,0
3498,"Не откладывайте наше дело так долго, чтобы оно не провело нас слишком далеко, чтобы мы могли его отложить.",1,0
3517,"Ученый считает имя ""Федор"" производным от названия немецкого рыцарского ордена и связывает его с именем Федора Бондарчука.",1,0
3621,"Доклад южнокорейского минобороны был представлен в парламенте в понедельник, 18 сентября.",1,0
3624,Во французском Марселе началась сильная и всеобщая забастовка.,1,0
3634,Он дал ему прочитать здесь Газету. Он послал Симеону Мии наказать его и кёотских христиан.,1,0
3666,"Не в воспоминаниях и не в исторических исследованиях, а в показаниях перед верховной следственной комиссией, образованной Временным Правительством для расследования действий министров и агентов царской власти, Гучков показал, что русское общество недостаточно сознавало необходимость переворота и не взяло его в свои руки, предоставив слепым силам, не движимым определенным планом выполнить эту болезненную операцию.",1,0
3757,"За сексуальные действия в отношении девушек Любе, Тоне и Шона Чикатила был уволен.",1,0
3818,"Mortal Kombat был клиент-сервер, используемый для повышения защищённости системы, который использует собственный открытый текстовый формат хранения секретов.",1,0
3930,Три дня назад Обри исчез без вести без вести.,1,0
3940,Этот альбом принес этому дуо Пуэрто-Рико международную славу.,1,0
3953,в 1310 году праздник перенесенных мощей святого Николая отмечала вся Италия.,1,0
3977,"Вечером вражда была между группами, а старшая девочка каталась. Остальные завистливо наблюдали и ссорились.",1,0
4041,В СБ и мембранах.,1,0
4105,"Банк представляет в орган местного самоуправления информацию о фактах заключения договоров банковского счета с владельцами свидетельств, об отказе в заключение договоров и расторжении без зачисления средств, предоставляемых в качестве социальной выплаты, и о перечислении средств с счета в счет оплаты приобретаемого жилого помещения (создаваемого объект индивидуального жилищного строительства).",1,0
4143,"Kenzo Takada родился в Японии и переехал в Париж в 1964 году, чтобы начать свою карьеру в индустрии моды.",1,0
4258,школьники взяли 4 золотых медали в Международной олимпиаде по химии.,1,0
4273,"Помните, что я говорил вам, где я, со всеми сестрами в ушах...",1,0
4314,Прошлая зима оказалась богата событиями.,1,0
4315,"Поначалу схватка шла со значительными потерями у Сауронов, которым не удалось взломить оборону Минасов и ворвалось на их верхние уровни.",1,0
4353,Я думаю было бы просто ясно.,1,0
4435,(Реконструкция) Правительство России выдвинула экс-президента Франции Франсуа Фузана в совет управления «Зарегоннефтью» с мая 2006 по май 2007 года при президне Николе Саркозе.</,1,0
4501,"Вернись домой рано, Билл.",1,0
4538,"Садовая, 54, кв 1 (подьезд), 11, 1 и 6, от 6, 5 до 8 часов вечера неизвестный.",1,0
4594,"Для shirt, я заслужил десять долларов.",1,0
4787,Премьера клипа к нему длительное время была самая просматриваемая и самая обсуждаемая,1,0
4807,Белорусская полиция задержала главу антикоррупционного бюро Белоруссии Аlandro Bellato,1,0
4949,Сэм Страйк исполнил роль Рэндалла Флэгга на главной роль.,1,0
5086,"Снайпер полиции Колумбии, скрывшись на крыше соседнего дома, убил Эскобара в ногу и он упал.",1,0
5118,"Какой вид агломерации характерен для многолучевой, складывающейся вокруг крупных транспортных узлов, что присуще Екатеринбургу и имеющему семь железнодорожных направлений",1,0
5175,Он занимается спортом дважды в неделю.,1,0
5181,В этом году очень рано осень перешла в настоящую зиму два-три дня назад.,1,0
5215,Об этом сообщает РИА «Новости» в пресс-службе ВМФ России.,1,0
5264,"образовательные учреждения реализуют программные мероприятий на основе государственных контрактов (гражданско-правовых договоров), заключенных в соответствии с Федеральным законом от 05.04.2013 г.",1,0
5365,"Развитие технологий дает художникам современные инструменты, позволяющие расширять горизонты и представлять произведения, создание которых ранее было невозможно, – компьютерная графика, звуковой и музыкальный компьютинг, макро- и микросъемки в фотоискусстве, применение новых материалов в прикладном искусстве.",1,0
5385,Мне нужно написать письмо. У тебя есть бумага?,1,0
5583,"Отставной инвалид у дверей кабака продавал на грош и копейку картузики нюхательного зеленчуку, приговаривая каждый раз с малороссийским оттенком: «Купыть, господа!",1,0
5700,"в стратегии учитывается задачи, которые поставил Президент Российской Федерации с ежегодным посланием Федеральному собранию Российской федерации.",1,0
5710,"Троллейбусы и трамваи окрашены некоторыми дегенерациями, как школьный двор в неблагоприятном микрорайоне.",1,0
5716,"для паники характерно стремление больного избегать всего болезненного, что вызывает паническую реакцию.",1,0
5755,"Он был создан в основном для рекламы видео и, следовательно, пропагандировал интернет-связи.",1,0
5805,"Однако ни одному из этих пользователей не удалось уловить тот факт, что он в конечном итоге загрузил официальный сайт Mountain.",1,0
5812,"Завод Dell Computer, расположенный в Ирландии, уже серьезно пострадал от нового вируса: завод остановился на 48 часов.",1,0
5849,"Кельн. Мыс Нордкап
Валентин Михайлович Пикуль  
        &laquo;Мы с тобой&rave;&nbsp;,1978 г., реж: Вуди Аллен, США-Великобритания - 2+1 (4/10)   Режиссер : Валентин Папанов Сценарий и постановка фильма были написаны специально для этого спектакля в соавторстве режиссером Валерием Золотухиным, который также является автором многих известных фильмов про войну ""Семнадцать мгновений весны""(1987г.)и других..Режиссеры картины Валерий Чкалов (""Девчата"") Юрий Никулин Сергей Бондарчук Владимир Этуш Олег Табаков Михаил Жаров Евгений Евстифеев Александр Ширвиндт Игорь Костолевский Борис Барнетт Андрей Эшпай Виктор Сухоруков Николай Караченцов Людмила Зыкина Татьяна Самойлова Ирина Муравьева Светлана Светличная Наталья Гундарева Любовь Орловых Елена Яковлева Валентина Толкачева Алла Демидова Ольга Аросева Юлия Галанскова Анна Самохваленко Нина Русланова Вера Сторожевая Екатерина Лемешева Алексей Баталерман Анатолий Кузнецов Дмитрий Марьянов Иван Охлопкова Марина Неелло Мария Шукшина Лариса Удовина Геннадий Хазанович Константин Юткевич Галина Польских Евгения Симонова Лев Прыгунович Леонид Броневой Павел Луспеканов Владислав Третьяк Василий Лановой Георгий Данелия Эдуард Успенский Григорий Поженяна Вячеслав Тихонов Аркадий Райкин Станислав Ростоцкий Всеволод Мейхер Иосиф Хейфиц Федор Лавров Петр Мамонтов Зоя Рымбаускайте Инна Чурикян Тамара Сёмина Наталия Токаревых Маргарита Терехова Надежда Бабанова Ксения Раппопорт Майя Плисецкая Валерия Леонтьева Виктория Исакова Лидия Федосеева Александра Пахмутовая Анастасия Заворотнюкович Елизавета Арнтгольц Алиса Фрейндлих Жанна Бичевская Лили Колган Кира Муратхан Султангаджиев Руслан Цагарелишвили Эльчин Сафаргалиев Надир Эфендиеву Тимур Бекмамбетов Максим Шевченко Оксана Робски Денис Драгунского Роман Полянский Илья Фесюк Кирилл Плетнев Вадим Абдрашаимов Антон Первушин Егор Бероун Никита Панфилов Марк Захаров Филипп Янковский Виталий Соломко Дарья Донцова Вероника Долина Полина Кутеповы Софья Прокофьев Глеб Дрозд Артем Михалок Семен Альбенис Степан Щеглов Тимофей Трифонович Илюхин Саша Соловьев Даниил Страхов Матвей Столяров Олеся Железняк Артур Смольянинову Диана Вишневецкий Ярослав Жалобщиков Арсений Соколовские Яна Поплавковская Дина Рубен Диамантов Данил Файзов Артём Боровик Яхонтовский Ростислав Щербак Тарас Булычовский Владлена Величко Маша Захарченко Наташа Иванова Катя Кадочниковая Юля Кошкина Оля Коренева Настя Кочетковы Женя Баранник Алёшка Мелешко Таня ЛазаревскогоАлексей Кондаурбекович Алина ЕсиповскаЯрослав ГоловняАлександра ВолчекЕкатерины ПарфенчикОлесь ГончаренкоЕвдокия ВасильеваЮлия ГусеффАнатолий БелыйАндрей МироновМихаил БоярсковСергей Безру",1,0
5852,Дополнительное образование для детей в Парфеевском муниципальном округе.,1,0
5950,А. М. письмо,1,0
5998,Когда геополитическое значение буддизма ограничилось ЦентральнойАзией?Когда территориальное распространение тибетского буддизмоПриняло Индию??,1,0
6008,"Невилл был инициатором приглашения в хогвартс штатного колдопсихолога (с обязательным непреложным обетом хранения тайны услышанного), чтобы каждый студент мог свободно поговорить о своих травмах и переживаниях.",1,0
6070,"В Новой Зеландии преобладает суровый альпийский климат. Цепь высоких Южных Альп разделяет страну пополам и, преграждая путь преимущественным западным ветрам, делит её на две различные климатические зоны.",1,0
6074,Исследователи предположили что степные кочевники пришедшие на смену чингизаням были тюркоязычны аланы или караимы.,1,0
6317,"Призовые места завоеваны в следующих конкурсных мероприятиях: международный вокальный конкурс «Мы вместе», всероссийский конкурс «Узнавай-ка!», телевизионный международный фестивале-конкурсе «Таланты России», телевизионном международном фестивале «Клен-медиа» и многих других.",1,0
6342,По традиции все стали пияны.,1,0
6441,В городе запрещено передвижение гражданских лиц и автотранспортных средств между 22 ч. 00 м. и 6 ч. 00 м.,1,0
6582,"Два анархиста считали, что пушки нет.",1,0
6588,"Коллеги в смолтоке обсуждают, как порой они сильно пострадают из-за депрессии новости Швеции.",1,0
6668,": я делаю это каждый день, а потом вынимаю: румынку, нлюбимое: сгибание и разгибание..",1,0
6671,"На награждении VIVA Лобода представила сингл «Спасибо», посвящённый дочери. Позднее LOBODA презентовала клип. Съёмки картины проходили в Майами. Режиссёром и оператором выступил Владимир Шкляревский.",1,0
6873,Автобус из Белоруссии съехал в кювет на Украине.,1,0
6909,"Никто лучше ручаться не может в ошибке последнего подозрения, как я, а первое не стоит даже труда, чтобы доказать, что это неправда.",1,0
6949,Ожидаемые результаты по этому сценарию.,1,0
6950,также он выступил против переподчинения ВАСУ нижестоящему судебному органу.,1,0
6953,Премьер-министр был вовлечен в скандал.,1,0
7113,"США решили отказаться от сотрудничества в рамках программы ООН нового проекта ""Росатома"" Nanon для исследований мирного атома.",1,0
7311,"В Японии началась эволюция ритуала сэппуку, совершаемого самураем при помощи кинжала, обезглавлявшего его и обезглавлившего его голову. По мере эволюции ритуала самурай с помощью кинжала обезглавливал его так, чтобы его голова повисла на куске кожи.",1,0
7461,Мы должны нанять hackerа.,1,0
7480,Дарк академия - это когда идёшь в универ в темноте и возвращаешься из него тоже в темноте.,1,0
7541,"Пятая ракетка мира Каролина Плишкова отказалась принять участие в «Кубке Кремля», сообщает официальный сайт турнира. Чешская теннисистка отобралась на итоговый турнир WTA в Сингапуре и приняла решение не выступать на соревнованиях в Линце и Москве.",1,0
7547,В направлении с Запада на восток - три ступеньки.,1,0
7589,кто поступает в универ живым внутри?,1,0
7595,"Скандал с скоплением бета-амилоида в амилоидном белке демонстрирует обнадёживающие результаты. По мнению исследователей, иммунная система больного должна научиться распознавать и атаковать отложения амилоида, уменьшая их размеры и облегчая течение болезни.",1,0
7624,не готовьтесь к стриминггу май 'универс в следующую пятницу и вам видно,1,0
7625,"Что вы вообще провинились, чтобы использовали как женский орган.",1,0
7677,"Десять пакетов с игрушками, обувью, куртками и юбками вы отправили в нелидовскую интернатную школу (регион Тверь).",1,0
7874,Роскосмос планирует отправить к Международной космической станции три транспортных корабля «Прогресс».,1,0
7937,"Он оказал большое влияние на Миканопи, главу Семиналов.",1,0
7943,Зачем он тебе нужен?,1,0
7950,Взрослые бегут на деревьях.,1,0
7984,"арабский, английский, немецкий, французский, русский, хинди и урду",1,0
8099,", в последние годы Азия до недавнего времени была богатой страной для многих, главным образом для их внешних торговых рынков, источником их колониальных ограблений.",1,0
8132,"связано с увеличением цен и ростом объема отгружаемой продукции, выполнение работ, оказание услуг.",1,0
8183,Власти Сербии получили пять официальных предложений по приватизации госпредприятий и двух госкомпаний.,1,0
8229,"В Чите завершилось катание на коне. Взрослый жид запряг пару лошаденок в тарантайку из глубокого ящика на оси, оглобли длинные, а ящик до того глубок, что от сидящих в нем 2-х женщин видим только головы в красных клетчатых платках.",1,0
8368,"На что газета основывала свою оценку, оставалось неизвестным.",1,0
8410,Это сложная комбинация прессы.,1,0
8559,"Это была первая хорватская политическая партия, сформированная после возобновления многопартийной системы.",1,0
8576,"Оказание высокотехнологичной помощи по профилю «сердечно-сосудистая хирургия» ежегодно увеличивается, но не покрывает потребность в данном виде медицинской помощи для жителей Донецка",1,0
8841,"Его первое официальное название, Дуглас, использовалось лишь в течение короткого периода времени.",1,0
8918,Игровому центру Playboy предложили украсить выпускаемый журнал эксклюзивными обложками.,1,0
8943,. Добавление изменений в Муниципальную программу Красненска осуществляется в соответствии со словами «ответственного исполнителя или соисполнительного (по поручению) на основе распоряжения Главы Крассенского сельского округа.,1,0
9084,"В период 2014–2020 годы планируется сделать подключение к газоснабажению следующих муниципальных образований: · п. Румино, с.п. РулиноТехнического центра.",1,0
9129,Коченевского района Новосибирской области на 2016-2020 годы введено,1,0
9466,"в пятницу, 26 июля, выпал первый дождь..",1,0
9487,"Председатель Черниговского областного совета Игорь Вдовенко совершил ДТП, в котором пострадало три автомобиля. В результате аварии никто не пострадал. В то же время в правоохранительных органах Украинской правде рассказали новые детали аварии.",1,0
9519,"Общее количество детей и подростков в возрасте от 5 до 18 лет, проживающих в городе Братске, определяется статистическими данными.",1,0
9676,"В Петербурге началась застройка по образцу Венеции и Амстердама, в которой были построены здания, построенные из камня, а также несколько зданий, построенных в этом стиле. В городе сохранилось несколько исторических зданий, в том числе Петропавловская крепость, Летний дворец, Кунсткамера и другие.",1,0
9887,"проснулась по дороге домой,с четким пониманием предстоящей работы(вчера была корпоративка).Но когда пришла утро",1,0
9960,"(Хайль Гитлер, Гитлерюгенд, Гитлеру, Гитлером-Шик, Дёниц, Гитлер-Геббельс) - это год, когда они получили свои",1,0
10093,"""Апрель"" в Беларуси закончится дождливой, погодой и теплыми.",1,0
10200,"Сезон ловли раков, который тогда был сокращен до двух месяцев, начинался именно в августе.",1,0
10226,"Девочки, дожившие до начала пророческой миссии Мухаммеда, все приняли ислам в Ясриб.",1,0
10282,"Мама, Арлин Шэрон Феникс, родилась Дюна, род.",1,0
10309,каждое лето я собираю  и держу в руках урожай каждой осени.,1,0
10426,Что сделала борьба с наемными слугами деспотизма?,1,0
10429,"На территории многоквартирных домов могут располагаться объекты, предназначенные для обслуживания и эксплуатации таких домов, и элементами благоустройства этих территорий, в том числе парковками (парковочными местами), тротуарами и автомобильными дорогами, включая автомобильные дороги, образующие проезды к территориям, прилегающим к многоквартирным домам.",1,0
10432,"Оно тихо и выглядит так, как в нем можно видеть это небо.",1,0
10442,"Амурская область сохранит удельный вес объектов, переданных в собственность Амурской области из федеральной и муниципальной собственности, в общем количестве объектов, подлежащих передаче в собственность области, а также объектов, по которым утвержден перечень имущества, подлежащего передаче из федеральной собственности, на уровне не менее 75 процентов.",1,0
10499,"А.В. Порохин, П.О. Двизова и А.Н. Дизова — новые организационно-экономические условия перехода к устойчивому развитию региона и создание новых экономических условий для устойчивого развития региона.",1,0
10583,"Будущий лидер Шоуни, возможно, принял участие в этой битве.",1,0
10643,"Как обычно, введение в состав СССР в 1968 году (сенсорные детекторы [аботаны], но только на западе).",1,0
10650,", ранние истории имели сериальный характер, когда история переливалась из одной в другую.",1,0
10675,"Я объясняю, что это будет только видно, но не могу согласиться с вами, что эти успехи заметны так легко, как может показаться.",1,0
10697,Книга Марка очень интересная.,1,0
10897,"В стадии инкубационного периода выявление заболевших тепловизорами неэффективно, так как температура тела может быть в пределах нормы или быть незначительно завышенной.",1,0
10965,"«Большекулачинский специальный дом-интернат для престарелых и инвалидов» и бюджетное стационарное учреждение социального обслуживания Омской области (БСУСО) «Куйбышевский» осуществляют стационарное социальное обслуживание граждан пожилого возраста, в которых социальные услуги получают свыше 2 тыс. человек.",1,0
11002,"Но стоило ли устраивать такую шумиху, если вы убили-с",1,0
11011,"Костюмы для Хэллоуина — недавно возникший элемент праздника. Костюмы, в которых изображают разных монстров или других персонажей, начинают продавать ещё в августе.",1,0
11111,"Начну с того, что я провел в Вильно два месяца. За это время я успел познакомиться с Зоси, с мамой, с Юльком и Леоном, которые пересели во 2-й класс.",1,0
11159,"По его словам, 30 апреля пробки достигнут семибалльной отметки в 16 часов и продержатся до позднего вечера.",1,0
11170,"С момента своего ухода он продолжил сотрудничать с Real Madrid, занимая различные должности.",1,0
11216,Боб выразил благодарность от имени своих одноклассников.,1,0
11217,В этот раз я не умею пробиваться. Все дельцы — мошенники и пр.,1,0
11303,"В Вологде в столкновении двух легковых автомобилей пострадали три человека. По предварительным данным, 31-летний водитель, управляя автомобилем «Renault Symbol», не предоставил преимущество в движении 44-летней женщине, двигавшейся в сторону Вологды.",1,0
11324,"В 2008 году в списке политзаключённых было 472 человека, но вместе с ними 12 других (Лукаш, 187,",1,0
11379,Офиолит — один из немногих офиолитов (coupe of the oceanic crust) обитающих на Земле.,1,0
11505,"У кого есть сила, пусть берет ее; кто ленится, пусть отложит ее в сторону.",1,0
11550,"Я убежден, что преданность еврейского народа Палестине принесет пользу всем жителям страны не только материально, но и культурно и национально.",1,0
11783,я вернусь как только распустятся листья весной,1,0
11902,", Спорт и физическое совершенствование не были приоритетными в еврейской традиции, а греческие авторы рассматривали атлетическое мастерство как нежелательную, «греховную» тягу к греческой культуре.",1,0
12052,Подпрограмма 3 «Повышение пожарной безопасности в ЗАТО Озерный Тверской области» реализуется в ЗАТО Озерный Тверской регион с целью повышения пожарной безопасности в ЗАТО Озерный Тверской регион.,1,0
12103,"Он много раз думал: и вдруг случилось, что Лидия тогда ушла из Мани, и он остался.",1,0
12252,"명한 모지 진발  - Северная Корея - Июль, 2013 г.",1,0
12293,А.Шварценеггер в пятый раз сыграет Екатерину II.,1,0
12314,"С 2016 по 18 сентября было взято в поголовье крупного, мелкого рогатого скота, птицы, свиней, по сравнению с 2017 годом.",1,0
12334,Ник мне должен десять долларов.,1,0
12455,"«Продукция мебель» - 112,5%, «Продукция транспортных средств» - 109%.",1,0
12469,В 1993-1994 годах в этом институте обучалась Галина Старовтова.,1,0
12608,"риторика подачи новостей столько лет прошло, как раз не изменилась?",1,0
12694,"Сотрудникам Роскомнадзора не понравился ведущий Владимир Соловьев, и они не стали привлекать его к ответственности.",1,0
12745,"Выписавшись из Петербурга, он сообщил мне, что чувствует себя очень плохо и, следовательно, продаёт свои сочинения, так как они продаются в виде денег.",1,0
12767,. С 1999 года город по-прежнему считается районом округа Фултон.,1,0
12819,"Бакаев находился в федеральном розыске, 11 августа 2006 года он был задержан в Арзгирском районе Ставропольского края.",1,0
12836,"Эта политика оказывает влияние на экономику, в частности, в отношении субсидий и пособий, предоставленных правительством.",1,0
13003,Энди никогда не опаздывает на свидание.,1,0
13013,"В Иркутске прошли допросы адмирала Адмирала Колчака, рассказавшего о арктической эпопее и о тяготах пути, а также рассказывая о важных исторических событиях, участников которых ему довелось быть.",1,0
13020,"катера, китайцы, индийцы и европейцы проносятся с берега по воде и обратно.",1,0
13053,", - В четверг, 21 августа, в столичном регионе Пакистана, штат Оман, произошло тайфуны.",1,0
13121,"Глава Адыгеи Аслан Тхакушинов побывал в ауле Мафэхабль, который был специально построен для 165 косовских адыгов, вывезенных из охваченной войной Югославии в 1998 году.",1,0
13128,"В бюджеты Республики Крым и г. Севастополя будут перечислены субсидии, предусмотренные соглашением о предоставлении субсидии.",1,0
13352,"Уровень достижения планируемых результатов целевых индикаторов реализации мероприятий муниципальной программы базируется на анализе целевых показателей, указанных в муниципальной программе, и рассчитывается по формуле:",1,0
13541,"Структура посевных площадей, занятых многолетними травами
Среднее содержание гумуса (%) в 1 га составляет 5–7%. В целом на площади 10 тыс. гектаров доля сорняков достигает 70%, а среди трав – 80%. На остальной части поля встречаются однолетние травы и бобовые культуры, но они представлены незначительно или отсутствуют совсем: картофельная ботва не превышает 2 см., свекла до 0-3см.; капуста доходит только по 3м; лук репчатый имеет длину 20—30 сантиметров ; ред",1,0
13622,"Владыка Серафим для защиты своей мысли о том, что царская или единодержавная, или самодержавная власть основана на Богооткровении, святоотеческом и православном учении, приводит слова св. Пахом к столу не сел, взял только ломоть и пошел опять к печи, на лавку.",1,0
13779,":: совместное финансирование деятельности по временной занятости населения, не имеющего работы, на различных уровнях бюджета;",1,0
14022,"Исети на данный момент полностью скрыты в подземные коллекторы, в том числе реки Мельковка, Осиновка, Ольховка, Акулинка, Банная и Чёрная. Несколько малых притоков города полностью закрыты в коллекторы.",1,0
14053,"Вот уж как пришлось нам много не говорить, тысячу пятьсот рублей, не ссоримся.",1,0
14085,Развитие венчурного капитала в настоящее время ограничено недостаточным уровнем рентабельности и рентабельности предприятий региона.,1,0
14162,"Газета ""Ведомости"" предупредили о возможной блокировке поисковика в сети 31 июля и 17 сентября.",1,0
14258,Она не шла далеко.,1,0
14316,"Правление Марии де Гравюра
Иоанн Клутарх. Иллюстрированный перевод с латинского и греческого языка книги «Монахиня». Книга издана в 1836 году, переиздавалась дважды: первый раз — до издания первой части; второй экземпляр был издан под названием „Magna Magnum» (1842). В книге приводятся многочисленные выдержки из писем монахинь к различным людям о своей жизни на земле после их ухода во время гонения со стороны инквизиции за веру Христово… Сведения об этом содержатся также у Пруста («De sanguine militaire») — автора",1,0
14373,"Его «секретная личность» (то есть имя, которое ему дали его приемные родители) является государственной тайной.",1,0
14483,"Мать проводила дедушку до околицы, там поставили гроб на сани, а все провожавшие в повозки.",1,0
14536,"Прокурор Альбервиля Кенси и ""фр"".",1,0
14640,Он никого не видел.,1,0
14772,На ветке много птиц.,1,0
14778,"В общем, думаю, что все остальные банковские учреждения выстроятся в одну линию и тогда можно будет легко узнать их среди остальных домов.",1,0
14804,Он участвует в многочисленных акциях протеста против режима Милошевича.,1,0
14935,"Владимир Яворски попытался оправдаться за свою просьбу позвонить после прослушивания симфония Шостаковича ""Тотальный диктант"".",1,0
14948,"Британские солдаты пожимали руки под обломками Рейхстага, апрель 1945 года",1,0
15000,"Однако, кажется, доверчивые россияне перестали кликать по баннерам ""Путин дал приказ выплатить деньги"".",1,0
15010,"Глава ""ДНР"" Шуренька принял, наконец, проявлять свою назревшие чувства с такой недвусмысленной ясностью, что пришлось приносить крутые меры.",1,0
15022,"Некоторые вирусам (в том числе вирусам иммунодепрессии и вирусным гепатолитикам) удается избежать иммунной реакции, вызвав хроническую инфекцию.",1,0
15180,"Впервые после Первой мировой войны индустриальные государства милитаризации экономики в межвоенный период усилили государственное регулирование экономики, формировались военно-промышленные комплексы, выросла доля оборонной продукции и продукции двойного назначения, ускорилось развитие энергосистем, сети дорог с твёрдым покрытием и других общенациональных инфраструктур.",1,0
15273,"уже точно известно, что с нами борются 15, 24, 25 и 30-й батальоны и спецбаталон по захватам техники, а со всеми ими мы уже участвовали в боях.",1,0
15406,"После ухода из бизнеса в Чейзе, Рокфеллер активно занимался политикой, благотворительностью и общественной деятельностью, включая образование.",1,0
15419,В результате анализа существующей улично-дорожной сети Петровского муниципального образования были показаны следующие ее недостатки:,1,0
15443,Он инвестировал всю свою энергию в эту работу.,1,0
15452,"По всей видимости, она здорова.",1,0
15552,Допустимая доля нового жилфонда для населения снизилась до 35%.,1,0
15570,Я написала Виктору письмо и Мишу в конверте.,1,0
15593,"поворачивается на звук, и Ринтато в упор на это игнорировал.",1,0
15616,(Лев 18 января 1902 г. в 11:14:43)Александра Л<оровна> Александрова была женой Ивана,1,0
15638,"Использование субсидии на цели, установленные пунктом 3 настоящего порядка и условия предоставления субсидий.",1,0
15824,"Россия и Турция подписали соглашение по строительству двух ниток газопровода «Турецкий поток». Соглашение было подписано в присутствии президентов России Владимира Путина и Турции Тайипа Эрдогана. Ранее глава «Газпрома» Алексей Миллер сообщил, что стороны договорились в рамках договора по газопроводу, о скидке на газ для Турции.",1,0
15850,"Ато его, нахуй убить меня",1,0
15869,"Участие унитарных предприятий, акционерных обществ с участием Уренского муниципального района Нижегородской области, общественных, научных и иных организаций, а также внебюджетных фондов в реализации Программы не предполагается.",1,0
16001,"На следующий день Тадеуш, как утверждается, выкинул себя из окна.",1,0
16051,"Если бы мне пришлось сказать тебе правду, ты был бы впечатлен.",1,0
16072,". Евангелие читал по-гречески, а Апостол — архимандрит.",1,0
16086,"Однако компания обанкротилась, не вернув вкладчикам большую часть денег.",1,0
16092,"Культурное наследие Новгородской области, в том числе недвижимые памятники истории и культуры, составляет важную часть культурного достояния Российской Федерации.",1,0
16107,"Юного Гвен избивают и бросают в реку, а Адриана сбросили с моста.",1,0
16114,Эта информация укрепила его мнение.,1,0
16193,"Компромисс между профсоюзами и руководством корпорации был достигнут на переговорах, которые продолжались более 20 часов, сообщает Sky News.",1,0
16283,"Реализацию проекта ""Совершенствование системы оплаты труда работников образовательных организаций Хабаровского края"" оценили в 1 млн рублей.",1,0
16312,"«морские ворота» Владивостока, Маяк Басаргина, Маяк Токаревского, маяки Владивостока и другие достопримечательности города.",1,0
16330,"Погодя он поднялся и, пиля ногти, принялся ходить взадъ и впередъ по комнатам, и с мягкой улыбкой говорилъ о житейских мелочах будущей розной жизни (нелпую роль играла при этом карета).",1,0
16425,Уф - уровень финансирования реализации основных мероприятий подпрограммы,1,0
16476,в результате многие предприниматели в значительной степени лишаются возможности самостоятельно пройти обязательный (стационарный) и государственный сертификационные тесты.,1,0
16529,"В июле 2004 года Vulgar Display of Power стал двойным платиновым альбомом, а The Great Southern Trendkill стал платиновым в следующем месяце.",1,0
16559,"Некоторое время журналистам Родионов и начальник аппарата министра, генерал-лейтенант В. Козлов не позволили.",1,0
16573,"MacBook Air 2 отличается новым графическим процессором, новым экраном и новой камерой.",1,0
16620,"Воскресенье выдалось очень теплым и солнечным, несмотря на то, что за окном шёл снег.",1,0
16709,После обеда мы с Мясниковым ходили по улицам и болтали.,1,0
16798,В экономике Г ородовиковского района лидирует агропромышленный комплекс.,1,0
16828,"К ним относятся The Human League, Heaven 17, ABC и более промышленно настроенный кабаре Voltaire & Clock DVA.",1,0
16910,"Во многих местах на Днепре образовались огромные ледяные заторы, а заливы покрылись сплошным льдом неизвестного.",1,0
16911,Ночью 8 сентября видели многочисленное и весьма сильное судно приближающееся к крепости Выборг.,1,0
16916,"Ответственный исполнитель муниципальной программы
Управление культуры, молодежной политики и спорта администрации муниципального района Ковылкинский район Нижегородской области (далее - управление) осуществляет реализацию муниципальных программ в соответствии с настоящим Уставом. В состав управления входят: начальник отдела по делам молодежи; главный специалист-эксперт сектора организационной деятельности комитета экономического развития Администрации Нижегородского края Министерства экономики Российской Федерации на территории Муниципального образования ""Кыльмежском муниципальном районе"" Республики Татарстан""; заместитель начальника департамента социальной поддержки населения Комитета социального обслуживания граждан пожилого возраста Управления труда государственной гражданской службы Нижнего Новгорода Департамента здравоохранения",1,0
17005,я не успела это обнять,1,0
17090,Полиция и брат Лазарь оставили меня на улице вместе с полицией.,1,0
17106,Марнеско любезно прислал мне два препарата из мозгов двух очень глубоких стариков.,1,0
17173,", я указывал, почему в преклонениях Достоевского пред этой каторгой явственно сквозит сознавание, что санкция здесь передана ей незаконно.",1,0
17176,"Регионы планируют максимально снизить риски в период реализации программы и продвигать туристские услуги, предоставляемые регионом на внутреннем и международном рынках.",1,0
17187,В 2017 году в Приморском-Ахтарском районе не было прохождения средней школы.,1,0
17275,"Эстонский художественный музей имел несколько различных временных штаб-квартир, пока не переехал обратно в дворец в 1946 году.",1,0
17444,Позади её стояли гусары.,1,0
17578,"В Подпорожском муниципальном районе завершилась реализация Программы по развитию этно-конфессиональной культуры жителей Подпорожского муниципального района. Реализация Программы позволит повысить уровень этноконфессиональных культур жителей, обеспечить толерантную среду в Подпорожском районе посредством информирования и распространения знаний о традициях, истории национальностей и религий, а также сформировать позитивный имидж территории комфортной для проживания представителей любой национальности и конфессии.",1,0
17647,"Они не претендовали на интеллектуальность, они просто не думают.",1,0
17688,"Пожалуйста, не идите так быстро. Я не спешу за тобой.",1,0
17708,"«Россия является противником, и превосходство НАТО над Россией подорван», — сказал Данфорд.",1,0
17764,"Я лично опросил многих молодых девушек, пытаясь выяснить, что им нравится.""",1,0
17882,Михаэль восстанавливается на своей вилле на берегу Женевского озера в последние четыре года.,1,0
17951,"С 18 по 21 января состоялся третий Гайдаровский форум, на котором состоялась международная конференция «Россия и мир: 2012-2020».",1,0
17985,"В аэропортах «Волга-Днепр» и Днепропетровске отменены все авиарейсы из Киева.
Как сообщает пресс - служба аэропорта Днепра, в связи с ухудшением погодных условий на территории Украины аэропорт временно приостановил выполнение всех рейсов по маршруту Киев — Москва (в том числе чартерных). В частности полеты прекратились также между Киевом/Харьковом(аэропорт Жуляны), Москвой («Домодедово»)и Санкт Петербургом (+1час). Также было принято решение о переносе ряда других маршрутов авиакомпании Аэ",1,0
18122,"Вторник. Утро над Петром, но написал мало, т. к. увлекся чтением книги об Азове Байера. Савин прочел очень большой, красиво написанный, но довольно суровый отзыв о книге Егорова. Он упрекает Егорова в непомерном оптимизме, в том, что для поставленной темы материал совершенно недостаточен.",1,0
18157,Мбаппе забил шесть мячей в матче Лиги чемпионов и вошёл на выборы в список лучших бомбардировок.,1,0
18177,"Николай скачет мимо, показал на мальчика с криком адъютанту: — Взять его!",1,0
18185,"Пожару, распространившемуся на площадь сто квадратных метров, присвоен повышенный уровень сложности.",1,0
18300,У автора красивый стиль.,1,0
18330,"Он носит зелёный герб и, кажется, имеет некоторую способность в боевых искусствах.",1,0
18420,"Собранные материалы ""полностью доказывают"" вину военнослужащего Закари Хэтфилда и позволяют предъявить ему официальное обвинение.",1,0
18525,Неее... Ну а чё... Урожай там же ! Не напрасно лето в колхозе отработал!,1,0
18681,"В связи с тайфуном «Сарика», обрушившимся на китайский остров Хайнань, отменены около 250 авиарейсов. Кроме того, отменены паромного сообщения с островом. Власти Китая объявили предупреждение в связи с приближением тайфуна к южной провинции Хайнань.",1,0
18739,"Население выносит смешанные или отсортированные отходы на контейнерную площадку, где со стандартными контейнерами объемом 1,5 м3.",1,0
18743,"В выходные я пишу дневник и лажусь спать уже 9ч. На этом выходной день я провела в ягодах согнувшись, сильно заболела голова, а потом начала ходить в ягоды согнувшись и лежачи в боряках согнувшись.",1,0
18872,"Создадутся благоприятные возможности, чтобы специалисты местного самоуправления проводили экспертизу в отношении несовершеннолетних.",1,0
18910,"Народу собралась целая толпа — больше 150 человек, большинство из которых приехали издалека.",1,0
18939,Однако дело не длилось долго — ректор даже не успел допросить его как подозреваемого.,1,0
19023,Наши части передвигают укрепленную зону к югу от Ростова.,1,0
19038,Бускульское государственное заказник общей площадью 10 тыс.га: целивая охрана птиц и онидры;,1,0
19079,"Поттер спас Сириуса Блэка, а Гарри спас Питера Петтигрю, притворявшегося домашней крысой Рона.",1,0
19243,Такие черные дыры стабильны и не излучают излучение Хокинга.,1,0
19318,"программы мероприятий на местном уровне, реализуемых в поселении.",1,0
19341,"Вспомнила, как я засыпала от усталости, вспоминала, как меня мучила Борина рука с рубцами и шрамами на месте оторванных пальцев, и поняла, что теперь мне больно за нее.",1,0
19356,Помой руки перед едой.,1,0
19368,"Валентина Владимировна Терешкова,
Валерий Павлович Чкалов (1924-1985) – дважды Герой Советского Союза. Родился в Москве 22 августа 1924 года. В 1941 году окончил среднюю школу и поступил на работу слесарем завода ""Сокол"" им А.. Зверева; с 1943 по 1946 год проходил срочную службу летчиком - испытателем авиабазы ВВС Московского военного округа, где получил звание Героя СССР за сбитый немецкий разведчик Ju 87DG3F2A6 «Хеншель» из состава 612 бомбардировочной эскадрильи 1 авиационного полка 4 смешанного авиакорпуса люфтвффе",1,0
19398,"программно-целевая методическая модель позволит сконцентрировать внимание на решении насущных проблем, связанных с противодействием незаконному обращению с наркотиками, снижением масштабов алкоголизма, профилактикой алкоголизма",1,0
19436,"Палестинцы, сирийцы и ливанцы прибыли в большом количестве в 1920-х годах.",1,0
19533,Мой садовник сейчас просто сидит в ботинке.,1,0
19633,Распределение денежных средств на проведение ремонта и содержание дворовых и внутридворовых территорий многоквартирного дома и проездных дворов утверждается решением администрации Батиревского район.,1,0
19739,"Если хочешь, слышишь там Клофингера, Раммштейн.",1,0
19752,Жители Крыма хотят встретиться с вежливыми людьми вживую. Мартовские дни 5 лет назад и до исторического референдума в Крыму оставались дни.,1,0
19794,"Это черт знает что, по пути фотографирую заброшенный бюст костантегири и псевдомаидек.",1,0
19795,"Мне стало радостно просыпаться и ждать ее звонка. В этом романе Надя не звонила, и я уже скучаю, томлюсь и томлюсь.",1,0
19894,"Пользователи сервиса «Vladies» могут получать последние новости Apple, Samsung, Xbox и других брендов.",1,0
19941,"неготовность редакторов привела к тому, что событие произошло, поднялся шум.",1,0
19950,"На казённый счёт часто живёт, как помещик.",1,0
19957,Часто перед ужином смотрю телевизор.,1,0
20027,Мне дважды отравились в квартире.,1,0
20034,Он дал лекцию по Ближнему Востоку.,1,0
20129,"Дело о групповом насилии над девушкой из Екатеринбурга пошло гулять по Интернету и стало причиной эфира передачи ""Прожекторпэрисхилтон"".",1,0
20161,Я уже повредил себя на переднем сиденье.,1,0
20205,"Начальник Глаголяше бо ему (исусъ -- демону): изыди, душе нечистый, отъ человка. Он подумал, что все приметы на Гришке Сторожевом сходятся.",1,0
20213,Одна из моих сумок пропала.,1,0
20323,"Были в городе: хлопотал, чтобы «Москва» перенесла моего Зощенко из 5-го номера в 4-й.",1,0
20392,«Севастровские рассказы» - это рассказы о солдатах на знаменитейшем четвертом бастилионном форте.,1,0
20466,"Представь: мы на берегу моря, жара, июль, официант несет фреш, я говорю, что мы расстаемся.",1,0
20500,"Однако вначале был лишь подлесок и грязь, оказавшаяся такой вязкой, что она едва не увязла.",1,0
20538,Этот поезд останавливается на каждой станции.,1,0
20727,Его скандальный образ жизни заставил Марию Анну покинуть свой пост.,1,0
20733,"По итогам реализации муниципальной программы, характеризующих целевое состояние (изменение состояния) уровня и качества жизни населения района, социальной сферы, экономики, общественной безопасности, степени реализации других общественно значимых интересов и потребностей в соответствующей сфере, прогнозируется уровень и качество жизни населения района.",1,0
20755,"Его жена очень тепло рассталась с нами, повела нас по саду до двери, дала адрес в Париже своей сестре...",1,0
20803,Гитлер дал приказ Клейсту на отступление кавказской группировки вермахта от Орджоникидзе к Майкопу во избежание возможного окружения советских войск у Сталинграда. Вермахт был разгромлен в результате манёвров Гитлера и Паулюса.,1,0
20849,"Я не замету того, что в холодильнике рядом со мной стухнет пять кило мяса, зато похож на весенний сезон.",1,0
20891,4 марта японцы возобновили почтовую службу в городе.,1,0
21087,"Даже историческая точность ситуации и предметов, известных иностранным кино, здесь нет.",1,0
21132,Он был в В.Д.Т.С. Диски были плохо освещены.,1,0
21227,"В английских городах проводились специальные спектакли, в которых с полдюжиной щуров были убраны собаки раковины.",1,0
21240,"Он не разделяет партийные лозунги и идеологию и сильно сомневается в партии, окружающей действительности и вообще во всех отношениях, в чём только можно сомневаться.",1,0
21314,"Шаг ускорился, но ускорился. Участок ускорился еще больше. Участки ускорились еще больше.",1,0
21469,"отметила, что триллером будет «Седьмое чувство».",1,0
21476,"- Суждено было ему родиться в день, когда злодеи пробуждены, в тот час, когда страсти и злодеяния взывают к нему, в этот час,",1,0
21483,Однако на территории Октябрьского района вводится особый противопожарный режим,1,0
21517,"KEU, пользователи интернета, получившие доступ к национальному разделу интернет-энциклопедии «Википедия», лишились доступа к национальному разделу интернет-энциклопедии ""Википедия"".",1,0
21565,ДФКиС – департамент физической культуры и спорта администрации Братска.,1,0
21575,"В игре в переводного дурака правила те же, однако отбивающийся игрок может не только покрыть карты, но и перевести ход под сидящего слева игрока с помощью карты того же достоинства, которой был сделан ход. Если в игре участвует менее четырёх игроков, складываются ситуации, когда заходящему игроку в результате последовательных переводов приходится отбиваться.",1,0
21658,"Где-то здесь сейчас подрастало школьник. Но, возможно (он ведь из страны), он уже школьник.",1,0
21730,Она нашла эффектный гол «Ливерпуля»,1,0
21735,"Последний раз, в негативном плане, был запрет на проведение референдума по переходу страны от гульдена на евро.",1,0
21771,"Прежде чем продолжить, полезно рассмотреть, как представляются классы в C++.",1,0
21807,Многие персонажи остались в ловушке своей красоты.,1,0
21810,"Передо мной врача, которой полгода назад диагностировали рак.",1,0
21920,"Он сам исполнил главную роль Трелковского, выходца из Польши, который живёт в многоквартирном доме среди назойливых и деспотичных соседей.",1,0
21928,"В этот период даже подснежные цветы уже не появляются, не говоря уже о подорожниках.",1,0
22007,"Можно сказать, что, как правило, климат в Японии мягкий.",1,0
22177,Проведение мероприятий по информированию о пожарах и безопасности в чрезвычайных ситуациях.,1,0
22208,"После дождей, недостаточно увлажняющих почву в море зимы, носят характер ливневых дождей, так как большая их часть стекает по поверхности.",1,0
22262,"Строительство жилья темпами, опережающими ввод объектов капитального строительства государственной собственности Санкт-Петербурга, приводит к дефициту объектов образования и здравоохранения, а также к снижению качества жизни населения. При этом строительство жилья в Санкт-Петербурге ведет к дефицитам объектов социальной инфраструктуры.",1,0
22384,"Экс-замгенпрокурора Украины Николай Голомша прогнозирует, что Панама экстрадирует в Украину экс-главу Госинвестпроекта Владислава Каськива. По его словам, власть Панамы, юрисдикционные органы обязаны выдать и удовлетворить ходатайство ГПУ. Ранее генпрокурор Украины Юрий Луценко сообщил, что Украина передала в Панаму необходимые документы для экстрадиции экс-чиновника.",1,0
22445,"Как только мы закончили работу над одной сложной проблемой, президент послал нам еще одну прямо с вершины.",1,0
22477,(Понятие «необъявленный» указано в ст. 74 УК.),1,0
22497,"Если наименование избирательного округа включает в себя более одного географического указания, то оно отделяется строкой (—).",1,0
22728,"Тогда я смогу написать свои впечатления в дневнике, и я был бы рад, если бы вчерашняя догадка была реальной.",1,0
22884,"Несмотря на все, надежда и дружба помогают им переносить трудности.",1,0
22918,Упали и застучали в окно первые крупные капли дождя.,1,0
22979,"Последняя инспекция, проведенная Генеральным директоратом, была проведена в 1989 году с уделением особого внимания пресс-службе.",1,0
22989,"В 2010 году 12 семей погибших детей получили помощь 42 000 рублей на похоронах, а с 2011 года еще 8 семей получили помощь.",1,0
23086,Во время своей проповеди Адам Яут заметил вклад Берроуза в формировании «Рок-н-ролла».,1,0
23135,"14 % населения не могли бы голосовать, и 6 % населения не могли бы ответить.",1,0
23315,"Он участвовал в экспозиции ""Война и пресса""; nature экспозиции является спекулятивной, а не научной.",1,0
23382,В Айове более 125 небольших однокомнатных школьных домов были превращены в местные музеи.,1,0
23576,"Чуть не культовая лента — «Плетеный человек» какое–то, какое– то Акунина, про сексотов.",1,0
23589,"В хоккейную команду «Медведи» небольшого города приходит новый тренер Сергей Макеев, поставивший себе задачу сделать из «Медведей» единую команду. Героям предстоит многому научиться, стать единым коллективом и найти счастье.",1,0
23686,"На триста сороковом километре я палил на триста сорока километров, и все это станет иным для меня по возвращении.",1,0
23745,"только в прошлом году Тора заработал только один год, поэтому инвесторы могли бы оценить Дальний восток как в определенной мере стартап.",1,0
23882,"Всё слышно из крепости выстрелов, но зато не видно на ладони.",1,0
23980,"Шелухин дуже прихильно до, що вони йдуть вкуп и з сво, з великоземельними власниками.",1,0
24007,"СБУ ликвидировала крупный канал нелегальной миграции в страны ЕС. Как отмечается, правоохранители задержали 4 нелегалов, 1 из которых находился в межгосударственном розыске, а другой разыскивался Интерполом по подозрению в совершении террористического акта.",1,0
24032,Дочь Ельцина рассказывала о тёплых отношениях между её родителями со стороны отца.,1,0
24072,"Риски, связанные с реализацией муниципальной программы, следующие:",1,0
24209,"В обительской роще, где ни озимое нигде не прозолотится, не прозеленеют яровые хлеба, торчит один белоус, посеянный бесом, натыканный бесом бесом, а в туманных лощинках распустила подолы можжуха.",1,0
24259,С 1940 года американское военное присутствие в Аляске усилилось.,1,0
24261,", Он говорил, что они убили двух таких ящеров.",1,0
24347,Почтовое отделение Ангарского Богучанского района Красноярского края сильно пострадало.,1,0
24357,Не превышает предел скорости.,1,0
24402,Соответствие: Гибкое (от ACID до расслабленного).,1,0
24695,", а также включены в список исчезающих видов Республики Молдова.",1,0
24735,2 «Подпрограммы 3 «Предоставляние межбюджетного трансферта из бюджета Пензенскойобласти». Цель подппрограммы: Увеличение межбюджетной обеспеченности сельских поселений лопатинского типа.,1,0
24819,Югославия образовалась после Первой мировой войны и распада Австро-Венгерской империи в начале XX века. Идея государственно-политического объединения южнославянских этносов зародилась в XVII веке на территории Славонии и Хорватии.,1,0
24831,"Игнорируемый Совет таким быть не хочет, и в его Конституционную комиссию входят Хасбулатов, а также Руцкой, чтобы они быстро дорабатывают принятую им вчерну еще два",1,0
24936,"Я знаю, почему собаки так счастливы видеть хозяев на улице.",1,0
25016,"Все они, все они, на разных языках, больше по-французски и по-английски, очень плохо на том и другом, навязывались в проводники.",1,0
25038,"Цена нефти падает из-за пессимистических ожиданий результатов переговоров на Всемирном энергетическом конгрессе в Стамбуле (Турция) и спекуляций на соглашении о заморозке уровня добычи нефти. Эксперты полагают, что в ноябре будет принято более конкретное решение по добычи.",1,0
25040,"""Торпедо"" может не оставлять в сторону правоохранителей с ним авто, но вынужденно начать.",1,0
25061,Туалет не промывается правильно.,1,0
25062,"В Белом городе доставлены уралит и болты для паровых машин «Бурмейстера». За кабели уже теперь надо платить 2200 рублей за полежалое. За выгрузку без приспособлений требовали по 15 рублей с штуки, что при 60 кругах составит всего 900 рублей.",1,0
25134,инициированный в Минфин и направленный на согласованию в другие министерства.,1,0
25143,"Свердловский губернатор предупредил о риске провала попытки поквитаться с ""Матильдой"".",1,0
25206,"Это весьма странно и необычно: Королевна весьма удивилась и не знала, что делать, почитая себя уже почти погибшею.",1,0
25261,Мы возмущены постоянным шумом.,1,0
25422,"В Челябинске в 1911 году умер Юрий Юрий. В 1911 году его сын Юрий скончался в Челябинске, а его жена и жена — в 1911 году.",1,0
25551,На Луне я весил бы всего 15 килограммов.,1,0
25689,"О Мальцеве книга хорошая, но не требую от автора художественных высот, да и он сам не задавался такой целью.",1,0
25901,"Одновременно заболел Сева, чему не уделяли особого внимания и внимания.",1,0
26077,"В нем говорится: ""... здесь, 13 мая 1972 года, не было взорвано никаких предупреждений о взрыве бомбы в машине Лоялиста.",1,0
26080,"Ночь также, вероятно, будет тихой, так как сильный северный ветер поднялся с середины дня с дождем и не останавливается.",1,0
26251,Кратковременный приступ плохого настроения обычно возникает из-за приема MDM.,1,0
26263,"используется более широкая география, поскольку там есть больше региональных редакций.",1,0
26378,"Таким образом, в сафане, где-то в машину, Васили мог остановиться в середине цветного поля и покрасить.",1,0
26383,"Целевые индикаторы программы характеризуют выполнение мероприятий, направленных на увеличение показателей доли благоустроенных дворовых и общественных территорий, и позволяют достичь следующих результатов.",1,0
26404,"Несмотря на серьезные травмы, Колвину, которому тогда было 44 года, удалось написать статью в 3000 слов вовремя.",1,0
26418,Позже он экспортировал эти программы на TF1 одновременно с Les Enfants de la tele.,1,0
26440,"Она помогла многим россиянам пережить тяжелое время пустых магазинов, бесконечных очередей и неуверенности в завтрашнем дне.",1,0
26474,"брал, а затем взял Казань брал, Нарву - тоже брал, Ригу - тоже берет.",1,0
26567,"DSJ: Неизвестно, из-за скорости, с которой он путешествует.",1,0
26621,Комнатку в подвале занял доктор Боткин. Все остальное собрание собиралось частью в сараях и под навесами возле самого дома.,1,0
26627,"В Московской области осуществляется переселение граждан из аварийного жилищного фонда. Переселение осуществляется в рамках адресной программы, утвержденной постановлением Правительства области от 01.12.2015 No 1151/46. Это решение было принято на фоне изменений в адресную программу, утвержденную Московской область.",1,0
26629,"Для повышения у населения уровня подготовленности, сознательности и убежденности в необходимости и важности правильных действий по обеспечению пожарной безопасности, безопасности на водных объектах, предупреждению и ликвидации чрезвычайных ситуаций необходимо активно использовать современные информационные и телекоммуникационные технологии.",1,0
26683,"с 1 по 9 группу составляет 89 педагогов, с 10 по 13 группу - 105, а со 2 по 4 группу - 109 педагогов.",1,0
26741,"Джин в роли банана Чимин играет в шутку, что он флиртуёт с собакой",1,0
26767,Таблица с данными о финансировании мероприятий госпрограмм за 4 года представлена ниже.,1,0
26826,"был предметом полемики между епископами, сговарившимися на уния, и, следовательно",1,0
26901,На протяжении многих лет Марина инспектировала дома.,1,0
26979,Докукин идет с нами на переговоры в четверг вечером.,1,0
27030,формирование и исполнение бюджета Камышевского сельского поселения Орловского района по предусмотренным Бюджетным кодексом Российской Федерации единым правилам,1,0
27042,"По мнению Троцкого, конгресс продемонстрировал «полную деградацию сионизма», и в своей статье Троцкий, блядь, сам высмеял Герцля.",1,0
27121,Рольсъ Ройс прибыл в Париж и сразу начал стрелять по прохожим улицам.,1,0
27142,В результате отправки в США задержали 34 высокоскоростных составов.,1,0
27185,Плановые расходы на его состав указываются в качестве плановых расходов из средств областного бюджета.,1,0
27196,На шахте в Бурейском округе появится электронный аналог центробежущего насоса для очистки сточных вод от химикатов и золы угля.,1,0
27207,"Количество пострадавших в результате взрыва газа на газовом предприятии ""Южный"" (Краснодарский край) увеличилось до шести человек. Об этом сообщает РИА Новости со ссылкой пресс-службу ГУ МЧС по региону.""По уточненной информации, пострадали шесть работников и четыре рабочих"", - говорится... 

В Петербурге задержан предполагаемый организатор терактов 9/11 — один из руководителей террористической группировки ИГИЛ Абу Бакр аль Нахайян, передает корреспондент «Газеты Выборча».«Бакри» уточнил агентству ИТАР ТАСС: речь идет об организаторе теракта 11 сентября 2001 года Абдель",1,0
27260,"Женя, набирающая мышечную массу&gt; всё и почему",1,0
27270,"Участники оперного концерта по одному, два начинают проходить через зрительный зал, поднимаются на сцену и пропадают за кулисами",1,0
27286,"На улицах Украины разліплено оповістки про оту нікчемную фільму «Тарас Шевченко», в котором Грушевський и Онищук взяли участь в постановке «Тараса Шевченко».",1,0
27298,Из-за больших запасов угля в стране паровые грузовики до сих пор используются для тяги грузовых и пассажирских сборщиков.,1,0
27336,"мы с ним сейчас же прибежали, цапая-царапая и унося.",1,0
27352,Данные переписи были основаны на официальной переписи населения Австралии 2003 года.  ==� Данные переписи были получены после официального опроса 2002 года.,1,0
27530,Мы не получили ваше письмо до вчерашнего дня.,1,0
27566,"Фергюссон вернулся в Лос-Анджелес, чтобы работать ближе к семье, быть ближе с женой и заниматься маркетингом, продажами и баром ночью.",1,0
27577,"скопив небольшой капитал, Юлия вернулась в благодатный край, страну бесчисленных рублей и безграничной любви к французской столице.",1,0
27741,"Однако, оба согласились, что фильм был похож на ""дешевый студенческий фильм"".",1,0
27797,"I stressed, что колоколы в sine являются историческим религией и «Thank God, что возвращаются в храм».",1,0
28049,"продолжается оживление: в городе развивается современная инфраструктура, в том числе супермаркет, кофейни и рестораны.",1,0
28109,"Эта цель может быть достигнута с помощью профессионального обучения и рационального использования высококвалифицированного, инновационного и перспективного персонала, особенно на управленческом уровне.",1,0
28136,В других случаях эффективность муниципальной программы не считается удовлетворительным.,1,0
28212,"План Marvel состоял в поэтапном выпуске сольных фильмов о героях, чтобы объединиться в кроссовер.",1,0
28225,Caramba! У нас много времени.,1,0
28342,Никто в США ничего не сделает с реакторными отсеками.,1,0
28362,"Может быть, для пива — знаешь, — Пафнотьев омертвил, — дайте мне немного позже.",1,0
28501,Кнопка вышла из моего пальто.,1,0
28514,"Затем Лило появляется с экспериментом 221, застрягившим в стеклянной вазе.",1,0
28525,"Человек спрашивал по телефону, почему не даму вещь на редсовет 6 августа?",1,0
28650,"Новости, пригодные для печати - печатающая бумага с горячим металлом, сменяется на 100.)).",1,0
28704,В умственной жизни водворился застой.,1,0
28770,Название означает: «В числе фьюгенов».),1,0
28817,"Администрация сельского поселения Теряевское Волоколамского муниципального района Московской области осуществляет ежегодной оценку результативности и эффективности мероприятий муниципальной программы, формирует аналитические справки и итоговые доклады о ходе реализации.",1,0
28841,"В библейское время Иерусалим был заселен миндалём, оливовыми ветвями и соснами.",1,0
28850,"Но слово взял Марк Порций Катон Младший, решительно выступил против идеи Цезаря.",1,0
28860,"Оценка эффективности реализации Программы в зависимости от степени достижения определенных целевых индикаторов и показателей проводится для обеспечения ответственного исполнителя оперативной информацией о ходе и промежуточных результатах выполнения мероприятий Программы, подпрограмм и решения задач Программы.",1,0
28918,"В 2017 году сообщалось, что дезинсектор Джуд Веррет снял на видео уничтожение большого осиного гнезда в американском городе Паттерсон, штат Луизиана.",1,0
28930,был бой за еду во время путинской рфии становится обычным делом..,1,0
29006,"оценка проводится в порядке, указанном в документе «Осуществление программы мероприятий государственной политики», бюджетной информации, сведений о государственной статистике и пр.",1,0
29088,"По словам министра, ОБСЕ может участвовать только в вопросах гуманитарной помощи и поддержки вынужденных перемещенных лиц.",1,0
29124,Смешивает красную краску и синюю.,1,0
29128,самые популярные оутфиты на осень 2021,1,0
29263,Против этих ситуаций сохраняется опасность возникновения чрезвычайных ситуаций природного и техногенного характера.,1,0
29477,Некоторые источники сообщили о нарушении работы Следственного комитета.,1,0
29530,"Гражданин Азербайджана, остановивший погромы двух армянских селений в Шуше и разгромивший несколько армянских сел в Гайбалуше, был наказан английским офицером полковником Клотербергом под суд.",1,0
29539,"Встретившись с ними на премьере «Ромо и Джулета» в Большом зале Московской консерватории, Хайкин сказал, что они в восторге.",1,0
29540,Фр. Николас Сакураи из Sapporo рекомендовал: просит 40 и 50 sen посетить только часть своих церквей.,1,0
29544,"- без накоплений только живут 74% жителей, столько ж, сколько в прошлом год.",1,0
29730,"За два года реализации проекта «Доступная среда» созданы условия, обеспечивающие совместное обучение инвалидов, в т.ч. инвалидов-опорников, и детей, не имеющих нарушений развития, в трех общеобразовательных учреждениях (33,3%).",1,0
29739,"Но в Испании и Италии при палящем солнце -- для бедных чужеземцев - очень холодно, когда, напротив, в нашей холодной России иностранцам - тепло!",1,0
29764,"Сосницкий назначен на должность главы шахматного Собрания, захватившего в своем составе.",1,0
29816,Постоянный Vad (англ.),1,0
29879,"Молодежная политика Белгородчины и Волоконовского районов осуществляется в соответствии с областной программой «Молодость Белгородчины на 2004-2008 годы». Работа по реализации молодежной политики, обеспечению прав и гарантий молодого поколения, созданию и развитию молодежных и детских общественных организаций осуществляется в рамках областной и районной программ.",1,0
30090,"В соответствии с этим документом, детские и образовательные учреждения должны прекращать работу, если температура ниже 18 градусов.",1,0
30149,"По их мнению, телевидение и радио вредно отражают события, происходящие в Карачаи-Черке.",1,0
30246,"- Борис Годунов надеялся, надеялся, думал, надеялся на Бога, пока Господь не помог ему, но Бог не дал ему силы. Бездействие",1,0
30294,"Для оценки результатов подпрограмм предусматриваются следующие целевые показатели (индикаторы), характеризующие достижение цели и решение задачи.",1,0
30344,"Кабмин выделит более 7,3 млн гривен для 505 пострадавших во время Евромайдана. Пострадавшим во время Майдана участникам протестов выделят единовременное пособие в размере 14 500 грн. Об этом сообщил вице-премьер Павел Розенко. Ранее сообщалось, что план расстрелов и разгона Майдана готовился с участием российских силовиков.",1,0
30440,"Поль раздавлен, его горе отчаянно, но как мне жаль ее несчастную мать!",1,0
30470,"Во время Ливонской войны мусульманские области Поволжья стали поставлять русскому войску «множеае треюдесять тысящь бранных», хорошо подготовленных к наступлению Русского государства. В ходе Второй мировой войны в Казани царь возвращался в столицу.",1,0
30540,"Runbo was arrested 28 февраля 2006 года, когда один из мальчиков, убегающих из его квартиры, позвонил в полицию.",1,0
30598,К чему ты клонишь?,1,0
30607,"Недавно Харис Сильваджич, член Президиума Боснии и Герцеговины, подверг критике Дейтонские соглашения и их результаты.",1,0
30686,серии одиночных одиночных акций в поддержку Ивана Голунова начались в спБ на месте минимум четверо сотрудников полиции и один автомобиль.,1,0
30748,"Подумала, что гром или на строящемся мосту упало.",1,0
30818,Truffle был занут в простыню мешок или просто не обернули.,1,0
30904,ывается лекционная работа в Пушкинской библиотеке и «прочие» виды деятельности в ПБО.,1,0
30928,"-задача сохранения культур, традиций, архитектуры и спорта района решается культурно-досуговыми организациями путем организации, проведения культурно - массовых мероприятий, поддержания и развития традиций.",1,0
30958,"Например, «Если бы мяч не попал в ворота, то наши форварды высказали бы мне претензии». ''",1,0
31029,«Фашистская хунта и КГБ». Протестующий юноша с баннером во время августовского переворота в СССР.,1,0
31194,"Боюсь, что уремия начнётся.",1,0
31202,", см. Тиман-и-Шалфей; ЗимнйМаоранъ, зимникъ, травяная",1,0
31268,"Но Майлз отказывается, не может быть.",1,0
31296,"В августовской духоте дождь прихватил их на Трубной, а в парадном часа два мальчишки с якорьком сказали: «Еще один звонок, и ноги из жопы выдеру!».",1,0
31338,Я не мог спать из-за тепла.,1,0
31365,"На прошлой неделе Бронислав попал в больницу с инфлюэнцем. Привезли новые лекарства. Бронислав поправился настолько, что пошел в будку.",1,0
31422,"На их территориях гуляют теперь многочисленные потомства и гуляют вокруг них, выкрикивая ""Халаты!"".",1,0
31530,Сегодня на обед имел наваристый борщ и оладьи с икрою и сметанным соусом. С отличным видом на Средиземное море и хорошей едой пришло прекрасное настроение.,1,0
31558,"Скатерть-самобранка, салат, зелень опасная, бактерии на ней, антибиотики на ней, а также антибиотики.",1,0
31618,Сначала партактиву нужно растолковать партактиву значение нашего вступления в Лигу Наций.,1,0
31938,Де-факто форма правления смешанной.,1,0
31963,"Потребность в финансировании на реализацию мероприятий по данному направлению оценивается на 195,3 млн рублей.",1,0
32045,"Годовой отчет по программе представляется по формовым формам в соответствии с приложениями №10, №12 и прилагаемым Порядком.",1,0
32075,"Также можно было добавить другие видеозаписи с YouTube, Rube и других видеоведущих к их видеоальбому.",1,0
32102,"Однако, если речь идет одновременно с двумя людьми, то очевидно, что благо одного и другого имеет преимущество над моим.",1,0
32390,Обладающий духом и телом Шона Бина король оборотней в прошлом был благородным лордом Старком с острова Эйвон(3).,1,0
32469,", Дошкольным обучением охвачено 900 человек в детском возрасте от 1 до 3 лет.",1,0
32479,Оба лидера признают себя равными и обязуются оказывать друг другу взаимную помощь.,1,0
32572,"Международная федерация биатлона, в первую десятку сыграет Женская одиночная сборная России.",1,0
32672,Осенью я в очередной раз серьезно разговариваю с Антоной.,1,0
32678,TatCenter не подал заявки на приобретение матча российской футбольной Премьер-лиги.,1,0
32725,"Самым важным вопросом остается подготовка всех групп населения и специалистов по вопросам гражданской обороны, пожарной безопасности, способам защиты и действиям в чрезвычайных ситуациях мирного времени.",1,0
32888,В соответствии с упомянутым выше образом возникает необходимость продолжить решение задач по безопасности дорожного полотна в Кадомском районе.,1,0
32905,Украину сегодня будут осаждать грозовые дожди с ветром до 15 м.с.,1,0
33006,"Ухлинов отметил, что в GTK планируется заменить около 7,000 компьютеров.",1,0
33090,"Целью муниципальной программы является обеспечение устойчивого развития и повышения конкурентоспособности экономики, создание благоприятных условий для предпринимательской деятельности граждан. 
 В целях реализации указанной задачи в муниципальном образовании ""Город Лесосибирск"" на территории города проводятся конкурсы среди муниципальных образований Новосибирской области по следующим номинациям: - конкурс проектов социально значимых объектов (реконструкция жилых домов), реконструкция детских дошкольных учреждений; – проектная деятельность детей-сирот городского округа лесное хозяйство с целью обеспечения их социальной защиты посредством строительства жилья экономкласса из дерева или камня путем организации досугово–оздоровительного отдыха",1,0
33094,В французском журнале опубликовали карикатуры на гибель пассажиров разбившегося самолета над Синаем.,1,0
33181,"Основы российской орденской системы были заложены Петром I, учредившим высший орден Святого апостола Андрея Первозванного, а также орден Белого орла, учреждённый Петром I после принятия им титула магистра Мальтийского ордена.",1,0
33224,Почтеннейшие представители сословий считали излишним держать наготове кошельки с деньгами на случай кражи или наводнения; он,1,0
33242,Он станет хорошим врачом.,1,0
33435,"на территории Волгоградской области"" на 2015-2020 годы",1,0
33444,"Когда Кайло Рен не решается убить свою матери, Рен отказывается стрелять по ней.",1,0
33458,"Политик из США, высказывавшийся о политике в стиле ""Шварце-неггера"", оказался прав.",1,0
33537,В случае завершения сделки по слиянию бренда Baring tok и банка Карлсберга управление бизнесом переходит к Барбаре Бучан.,1,0
33573,"Египет не знал, что такое дождь в течение трех тысяч лет; теперь, говорят, там бывают ливни благодаря оросительным каналам и лесным плантациям.",1,0
33793,18 октября журналистам РИА «Новости» заявил председатель ЦК Александр Вешнаков.,1,0
33814,"Дмитрий приказал доставить из Курска чудотворную икону Богородицы, устроил ей торжественную встречу, поместил в свой шатёр, где позднее молился ей каждый вечер.",1,0
33894,Моё время - фотографировать дикие цветы.,1,0
33941,"Portfolio Projects of The Millions of Index (уже реализуемые и перспективный проекты) составляет 17, 4 миллиона квадратных футов.",1,0
34061,"Необходима подготовка бюджетного чиновника, а активиста, занимающегося духовной деятельностью.",1,0
34147,"Тело было обернуто в простой мешок или в какую-то ткань, а иногда оно даже не было обернуто.",1,0
34193,"Я вошел с холода и подумал: ""Наверное никого нет дома"". А оказалось никто уже давно спать ложится.",1,0
34220,"был намного старее Нас и, следовательно, мы с ним друзья; он также содействовал вам к заведыванию типографии.",1,0
34238,"И все же, мое имя не ""друзья"".",1,0
34317,"И люди всегда говорят нам, что мы боремся за Десять заповедей Божьих.",1,0
34324,Мелла Фез не всегда преуспела в защите своих жителей.,1,0
34417,"Мама, пойди со мной в магазин.",1,0
34454,"Администрация Республики Башкортостан может осуществлять расходы, источником финансового обеспечения которых являются не использованные в отчетном финансовом году остатки субсидии, а также возможность осуществления расходов, связанных с не использованными в отчетном году остатками субсидии. Финансовое управление Администрации - в части средств бюджета городского округа город Уфа и с Финансовым управлением Администрации.",1,0
34593,"При этом Троцкий отрицал общий гуманитарный характер движения, хотя он согласился на участие коммунистов и социал-демократов.",1,0
34629,"В январе, когда весь мир ощетинился злою собакой на большевистскую Россию, выкинуло из пределов Р.С.Ф.С.Р., в фанерные границы батавских слезок Эстии, Литвы, Латвии, Польши, в спокойствие международных вагонов, неторопных станций, киркочных, замочных городов.",1,0
34638,"За десятилетие 1904-1913 гг. русское крестьянство крепло и увеличивалось устойчивость урожаев и производительность посевов, а с другой стороны под влиянием аграрной реформы, стремившейся к распространению и укреплению мелкой крестьянской собственности.",1,0
34661,"в северных широтами с октября до января у домашних котов температура анэстуса достигает 40,5 ° C.",1,0
34739,"Алкоголь, вероятно, является худшим из всех наркотиков.",1,0
34759,"В Харькове провалился под землю мусоровоз. На месте происшествия сотрудники КП «Харьковводоканал» вырывали яму, где вели ремонтные работы. Если вы нашли ошибку в тексте, выделите её мышью и нажмите Ctrl+Enter. Сообщения, где не указаны эти данные, рассмотрены не будут.",1,0
34819,Модернизация системы образования в целом также затронула систему образования детей и дополнительного образования.,1,0
34897,"такие, например, как Филин Ничке, советуют использование более безвредных, как азота.",1,0
35198,В деле о незаконной высылке в Горький академика П.Л. Капицы появились новые фигуранты.,1,0
35306,"Демографическая нестабильность, которая является результатом сокращения населения, в том числе трудящихся, усугубляет положение трудящихся.",1,0
35386,"У пациентов удалось частично секвенировать геном рака, была назначена таргетная терапия.",1,0
35425,"Xaxes заявляет, это он, Xaxis, ненавидит Рена.",1,0
35466,"в 2008 году его сын, Ронни Роуленд, женился на Нэнси М. Шатуре, октябрь 2008 года.",1,0
35491,"Увеличение объемов промышленного, транспортного, общественного и грузопотока, платформ для пассажирского транспорта, работ в жилищном строительстве, услуг населению., платформ в строительстве.",1,0
35818,"В течение двух дней был достигнут значительный прогресс в деле сближения позиций обеих сторон, однако в то же время усилилась напряженность.""",1,0
35886,По состоянию на 1 июля 2011 года Колумбийский университет прекратил принимать этот проект и выпустил его на открытый исходный код.,1,0
35928,"События, которые последовали в других регионах республики — в Буйнаке и Новоласке — еще больше осложнили ситуацию и потребуют дополнительных выделений.",1,0
35977,Сложно иметь хорошие идеи.,1,0
36019,"В Ясной был у Л. Н. слепой, который бывал раньше и потом писал ругательные письма. Он не пил, не ел весь день и сказал, что не уйдет, пока не обратит его на путь истинный.",1,0
36030,На счёте какая-то ошибка.,1,0
36094,"Через две недели после дебюта «Скорпиона» на международной арене в матче с командой США, который состоялся 15 апреля 1967 года (3:0), он дебютировал и за национальную сборную Бразилии. В том же году его команда дошла до четвертьфинала Кубка Америки — бразильцы проиграли команде Уругвая со счётом 0-5 по сумме двух встреч[1].
В 1968—1971 годах выступал во втором дивизионе чемпионата Южной Африки; провёл один матч против сборной ЮАР при участии своего брата Жоана Маурисио да Силва де Соуза (). После окончания сезона 1969/70 вернулся домой для прохождения подготовки к Олимпийским играм 1980 г., однако",1,0
36100,"Она также работает моделью в эротических съемках и появлялась на страницах изданий «для взрослых», таких как FHM, oo и Nuts.",1,0
36137,У самолёта дикие цветы.,1,0
36147,были обнаружены канадским археологом и коллекционером Кевином Ллойдсом в 1999 году.,1,0
36254,Именно поэтому он получил такой мягкий приговор.,1,0
36384,"Основная работа по истории — «Древняя Россия история», изданная уже после смерти автора.",1,0
36422,", Субсидия на конкурс должна предоставляться не позднее чем через два года после приобретения основных средств и ввода их в эксплуатацию в соответствии с Порядком, установленным подпрограммой.",1,0
36433,"Морис Бейтс (18 сентября 1840 - 2 мая 1932) был английским поэтом-романтиком и эссеистом. ==� Морис Бейтс был английским писателем, поэтом и эссеиком.",1,0
36595,Стюардессы увидели в коверах еду с пролитыми на него кусками.,1,0
36618,"она думала о фигурных солдатиках в киндерах в разных вариантах и захотела арс-официант или лимона любит лимонада, шаста - студент в Хогвартсе или полицейский",1,0
36642,"Направление ""Консервативный путь"" предполагает достижение макроэкономических показателей уровня среднероссийских значений при сохранении имеющихся рисков снижения темпов рост",1,0
36664,"Синухе говорит: ""Я сопровождаю своего господина.",1,0
36676,Для этих задач Германия находит союзников в восточной Европе.,1,0
36706,Ты заставляешь меня чувствовать себя виноватой.,1,0
36712,"Я ответил на иск выстрелом из пушки, и наш флаг по-прежнему с гордостью поднимается по стенам.",1,0
36814,С тех пор НДК в течение 13 лет выступало в качестве оппозиции.,1,0
36891,«Компания вышла из-под контроля за устройством против акулы».,1,0
36926,"комплекс площадью 39,2 га будет построен в месте пересечении Екатеринбургской Кольцевой автодороге и Березовским трактом.",1,0
37004,"Мамочка также постарела, но выглядывает бодрее и веселее прежнего.",1,0
37101,"Она ходит со странником рука об руку по берегам Ганга; лицо ее горит, будто от тамошнего солнца; глаза, вслед за воображением, пожирают пространство.",1,0
37376,Я не в форме.,1,0
37397,"Согласно данным правоохранительных органов, Диск-Пресс МСК принадлежит болгарскому гражданину г-ну Филиппу Стейкову, товарищу задержанного в 1997 году (Бульгарская линия).",1,0
37410,В / 3 летнего отдыха пройдено на горе Летние Олимпийские игры.,1,0
37424,"января-сентября 2018 г. оборот розничной сети составил 12,6 млн. руб., темп прироста 4,8 %, объем розничных услуг населению вырос на 8,3 %.",1,0
37575,"В бюро находок я видел тысячи утерянных документов. Штабеля паспортов, дипломов, удостоверений, пропусков.",1,0
37941,"Турция намерена завершать карьеру, как хотит больше времени проводить с матерью.",1,0
38036,Член фракции «Единая Россия».,1,0
38155,"У адмирала плохое воспоминание, полагая, что нынешний президент США все еще Герберт Гувер.",1,0
38339,"Я испортила всю главу «Гидроцентраль» и надорвала инерцию со дня на день, не боясь пустых пауз.",1,0
38366,"Павел Егоровича умер, Антон Павлович, в возрасте 62 лет, оставив его семье и брату Владимиру Павловичу, единственный сын. Антону",1,0
38428,"Методики расчёта значения целевого показателя подппрограмм, включённых в состав настоящей программы приведены по ссылке.",1,0
38488,"Жители ДНР разоружили иностранную миссию и выдворили за пределы Республики — учения прошли в Донецке. В тренинге приняли участие более тысячи человек из разных частей Республики, среди них студенты и шахтеры, пенсионеры и предприниматели.",1,0
38531,Переказовавшемуся в США журналисту поставили неправильный диагноз и не выписали из больницы на следующей неделе.,1,0
38557,Развитию кадрового потенциала способствуют всеобъемлющее правовое регулирование и оптимальная организация прохождения муниципальной службы.,1,0
38613,", ""Гулливуда-2"", Багряно солнце, проплыло над лесом и",1,0
38646,"Объем предоставляемых населению платных услуг вырос на 8,8 процента и составил 60,8 миллиона. с рублями.",1,0
38758,Сканер отпечатков пальцев соединен с кобурой проводом и крепится додельно.,1,0
38800,Семь человек погибли и отправлены в различные медицинские учреждения.,1,0
38806,Высоцкого работал актёр В.Стеклов.,1,0
39331,Я не любил: в моем кармане уже был билет на дизель-электронный Ленин.,1,0
39430,"""SEGA PAXtravaganza – Соревнование в Буте и общине!"".",1,0
39438,"В 2008 году стабилизационный фонд, получивший доходы от высоких экспортных цен на нефть, составил 4 трлн. рублей.",1,0
39452,Маленький брат и охотник.,1,0
39456,В Львовской области произошла авария на ТЭЦ-1. Из-за короткого замыкания вышел из строя турбогенератор N7. В процессе возгорания загорелось масло турбогенератора. Жертв и пострадавших нет.,1,0
39466,К финансовым и неожиданным рисковм относятся возможные потери от новых инициативных программистов.,1,0
39603,Nobody knows how она собирает свою информацию.,1,0
39641,На Волчихинское и Верхне-Макаровском водохранилище провели водные работы.,1,0
39819,"Японцы, однако, намеревались изолировать Австралию, оккупировав Новую Гвинею, Новую Каледонию и Фиджи.",1,0
39851,"Компания имеет 6 коммерческих телевизионных станций, которые транслируют в местных языках Чешской Республики, Romania, Slovenia, Slovakia, Hungary и Украины.",1,0
39860,"Обязательным условием заключения договоров было внесение «обеспечительного взноса"", равного первоначально заявленной арендной плате.",1,0
39868,"Отмена крепостного права не спасла Россию, в сущности, даже нет черты, за которыми можно бы считать начало новой формы русской истории.",1,0
39871,"лозунг, который подходит в долой конституционные иллюзии",1,0
40002,"Аргентина — вторая по длине и площади река Южной Америки. Основной экономический гидроэнергетический потенциал принадлежит рекам Патагонии, Патагонии и Уругвая, а также рекам Параны и Параны, берущим начало в горах.",1,0
40009,"Компания «Коммерсант» называла региональное отделение «Стройпрогресса», сам Джуссоев позже отмечал, что юридически они не связаны.",1,0
40076,"Одобренный Джобсом английский писатель Уолт Айзексон создал три комикса, на основе произведения ""Мой любимый герой"", написанной автором учёной энциклопедии.",1,0
40198,"С радио, что ветер ломает авиадромы в аэропорту ""Таймыра"", команду передали по телевидению и сможет грузить самолеты обратно на суд.",1,0
40342,"В 10:00 утра 15 ноября поезд отправился в путь, а в 2:30 ночи остановился на полпути.",1,0
40387,"Об этом упущении был поднят вопрос в нижней палате, результатом чего возникло желание опубликовать сведения, полученные из гомеопатической больницы.",1,0
40481,Впоследствии Служба безопасности ЦРУ получила мандат на фильтрацию подрывных элементов в канадской государственной службе.,1,0
40487,Linguist воссоздает прото-индо-европейский язык (AUDIO) / Huffington Post. - 09/28/2013 11:16.,1,0
40491,"С тех пор каждый день происходили пиршества в этом обществе, где каждый день собирались блуждающий кометный гость и",1,0
40542,Оно всё равно не может сразу.,1,0
40544,Он подозревался в шпионаже.,1,0
40704,"О-о-о-о, я сейчас нахожусь в раскатывающемся теле",1,0
40769,"Эта методика была разработана Рахманом и Тейлором, двумя экспертами в этой области, в 1993 году.",1,0
40821,"Сегодня исполнилось два года Отечественной войны. Сегодняшний день похож на тот день 22 июня 1941 года, когда В.М. Молотов объявил, что немецкие фашисты напали на нашу родину, убитых и без вести пропавших 4.200 тыс. человек.",1,0
40952,"Охотник увлекается способностями Б'вана и похищает его, когда Старо побеждает.",1,0
41037,"Испытания, проведенные на более поздних версиях, Xubuntu 9.10 beta, в сентябре 2009 года показали аналогичные результаты.",1,0
41080,"Для последствий, чем нам всё больше прибавляет армия.",1,0
41146,"Казаки еженедельно, до 16-го, представляют департамент по делам казака и военным делам Краснодарского края отчеты об использованных средствах субсидии.",1,0
41193,Девочки у нас новая одежка появилась как бы весна наступила а значит и морозы скоро придут правда ведь дамы.,1,0
41206,"Вот моя горячка, лихорадка!",1,0
41261,"Немецкий религиовед Марко Френчковский упоминает, что его коллекция материалов по саентологии сейчас занимает целую комнату.",1,0
41418,", -- говорят люди, и царь видит, насколько у господ пустуют, это царю убытки.",1,0
41597,Именно богатейший край пустует с каждым днем.,1,0
41604,"Число врачей и среднего медицинского персонала в 2015 году на 10 тыс. населения составило 17,3 и 77,3 человека.",1,0
41684,Убитого на родине в селе Покровском хотели похоронить.,1,0
41691,В Заремы и Марией прошли театральный спектакль.,1,0
41808,"Ответственность за несоблюдение условий предоставления субсидии, недостоверность и неадекватность представленной информации несут органы местного самоуправления муниципальных образований Российской Федерации.",1,0
41903,"В одном из своих воспоминаний Санька старался улыбаться. Это была просто условная ложь, которая требовалась, например, для выдачи адвокату доверенности на ведение бракоразводного дела. Он, кстати, спорит с людьми, которые делят род людской на консерваторов и либералов, предлагая «более естественное деление на порядочных и непорядочных».",1,0
41993,"С чистой юридической точки зрения, однако, договор не отменил статуса суверенного государства Марокко.",1,0
42313,С желанием избавиться от книжных магазинов.,1,0
42398,По окончании операции Titatanik приобрёл небольшой крен на левый борт.,1,0
42546,По итогам конкурса муниципальных образований Тверской области по предоставлению субсидий и соответствующие им весовые коэффициенты устанавливаются в соответствии с приложением 4 к настоящему Порядку.,1,0
42576,"в 2009 г. Фонд оказал поддержку 523 педагогам из 639 образовательных учреждений, что дало 7,5% финансирования в 2005 г. и 9% в 2008 г.",1,0
42746,"У них в письме к министру было три стадии: 1, либеральное.",1,0
42960,Финнэйр и его филиалы занимают доминирующее положение в международных и национальных авиаперевозках в Финляндии.,1,0
42987,"что вы это не в последний раз мне жениться помогать; бывало и дюжину золота дарить, не так что бы дюжину золотых да пол дюжины столовых и чайных.",1,0
43034,"До 2020 года провести реконструкцию основных регулирующих водохранилищ: Краснодарского, Варнавинского, Крыуковского, Белореченского, Шансугского и Федоровского водохранилищ.",1,0
43045,«Китай и потерянные миры эпохи динозавров».,1,0
43128,Руководитель МЧС Сергей Шуигу не подтвердил препровожденные вчера сообщения о 50 000 беженцев из Чечни в Ингушетии.,1,0
43146,Италия — это современная кухня Италии.,1,0
43147,"преимущественно березовая с примесями сосны, ели и иногда лиственниц.",1,0
43319,ранние голландские женщины в Соединенных Штатах. Фото август Шерман 1901-1913 гг.,1,0
43438,"Император Лето Арейдес приветствует Дункана, нового короля гхолы.",1,0
43456,"Сочи полностью готов к приему участников и гостей Кубка конфедераций и Чемпионата мира, рассказал председатель временной комиссии Совета Федерации Вадим Тюльпанов. В рамках визита в Сочи сенаторы осмотрели сочинский аэропорт, предматчевые тренировочные площадки и главную сочинскую арену, которую предстоит принять матчи мундиаля — стадион «Фишт».",1,0
43472,В 1905 году он построил воздушно-десантный миль для Румынской армии.,1,0
43492,Страница 51 в главе 7 («Закон о частных делах по УСМ»).,1,0
43662,"Гик — горизонтальное рангоутное дерево, привязанное к мачте на небольшой высоте над палубой и расположенное свободным концом к корме судна.",1,0
43681,"Однако, предположим, что вы предлагаете Джорджу $100 за его фортепиано.",1,0
43749,В Новосибирске горел торговый центр.,1,0
43795,"После заявления Лионеля Месси об уходе из сборной Аргентины началась кампания, направленная на его возвращение в сборную. Болельщики приветствовали игроков с табличками «Не уходи, Лео». Президент Аргентины Маурисио Макри также призвал Месси не уходить из команды.",1,0
43880,", ранее распространяемую с радио, теперь можно будет увидеть только европейские рекламодателей, имеющих лицензию.",1,0
43924,"ВТБ намерен уменьшить ставки по жилищным кредитам на 0,4 процентного пункта",1,0
43936,мониторинг за три года исполнения программы выявления проблем деятельности предприятия по распространению информации о них позволит предсказать выполнение некоторых конкретных мероприятий.,1,0
43957,"Вчера получил письмо от Р[аи]. Он боится, чтобы у нее не отобрали комнату. Написал ей обширный ответ. Сегодня был на лекции Визера — поэта и философа права. Завтра намерен много работать в библиотеке парламента и Arbeiterkammer.",1,0
44035,27 января еженедельно два раза в день приходилъ изъ порта паровой катеръ с частными и офицальными постителями.,1,0
44057,"Он видел, что на соседнем окне женился лакейный.",1,0
44073,"Отличные новости, профильный комитет одобрил список из 35 коррупционеров и пропагандистов, которых необходимо покарать.",1,0
44143,": Прикиньте, какие будут сибирски крутые дерби в 2021 году.",1,0
44148,"Сегодня два наших лапоиста-кита, дипломники защитившись на 4,  радуются больше, чем если бы я представила Мотечку обнимает лапаем их за плечо за",1,0
44202,Монтань основывался на исследовании индийских ученых.,1,0
44228,"Мэри Майерс и Джеймс Лорд также поклялись, что слышали, как Элизабет говорит «Уиллз или Уэллс».",1,0
44298,"Основным способом обеспечения доступности услуг дошкольного образования для детей в возрасте от 1,5 до 7 лет должно быть строительство зданий дошкольных образовательных организаций.",1,0
44508,"Александр Кыневе: Навальный был в новосибирской избирательной комиссии на этих президентских выборах, его влияние здесь максимально.",1,0
44548,"Я слышал упреки в том, что устраняюсь от влияния на распоряжения военными действиями, но эти упреки неосновательны",1,0
44552,"По качеству электроэнергии, поставляемой на объекты, их электроэнергия соответствует ГОСТ Р 51317.2. `",1,0
44563,"Украинская культура с самого начала была присуща открытости миру, отсутствие ксенофобии и гуманизм. Сама система ценностей данной культуры в период её активного развития (XVII—XIX века) была довольно специфической. В своих философских сочинениях они решали вопрос о сущности и условиях человеческого счастья, о смысле человеческого существования.",1,0
44569,"В деревнях в районе чрезвычайного положения проведена проверка паспортного режима в деревнях. В результате насилия над мирным населением, порчи имущества и нанесения тяжких телесных повреждений погибли мирные жители.",1,0
44609,"разные породы и с других континентов собаки будут понимать друга, нет языкового барьера.",1,0
44621,vice versa: обеспечение исполнения переданной Российской Федераций обязанности по содержанию исполнительных государственных органов государственной службы в части содержания исполнительной власти в сфере водно-болотных угодий.,1,0
44657,"она, строго пунктуальная во всех своих государственных делах и на сей раз была честна.",1,0
44672,Прокуратура квалифицировала растрату в размере около $900 тыс. как хищение бюджетных средств при строительстве резиденции Порошенко.,1,0
44753,"В английском языке инверсия приводит предложению более эмоциональное звучание, а в немецком — более мягкое звучание. Если в английском и немецком языках инвертированное предложение лишь меняет логическое ударение в нём, то в немецких языках инверсия придаёт предложению больше эмоционального звучания, чем в родственных ему немских языках.",1,0
44775,Все собаки были живы.,1,0
44793,"«Я очень взволнован речью Юрия Лужкова», — заявил Никита Михайлов.",1,0
44831,"Друзья и соседи считали, что один из погибших был вампиром (но они не использовали этот термин), вызывая болезнь Эдвина.",1,0
44864,Кофи Аннан пригласил лидеров острова Клеридеса провести переговоры в январе 2002 года.,1,0
44895,Гий Ричи хотел поохотиться на местных аллигаторов,1,0
44940,"Когда немцы не обеспечены зимним обмундированием, жмутся к населенным пунктам, как к одному своему спасению от лютых морозов, не давать ему возможности обогреваться, пусть замерзает.",1,0
44958,В соответствии с Федеральным законом от 23.11.2009 No 261-ФЗ «Об энергосбережении и о повышении энергетической эффективности и о внесении изменений в отдельные законодательные акты Российской Федерации» программа разработана в соответствии с требованиями к региональным и муниципальным программам в области энергосбережения и повышения энергоэффективности.,1,0
45148,подпрограмма 4 «Комплексы благоустройства территории района Кутопьганское».,1,0
45165,"в торник едят с салатом, миндальной пастой и миндальной пастой (semlor) — за день до начала Великого поста.",1,0
45218,"шестьдесят верст прошагали без малого за сутки: ранним утром рано встали с Самоси, шли целую ночь, а еще на следующее утро были на Самосандальском лугу.",1,0
45239,Зелёная вода не годится для питья.,1,0
45320,"В нём участвовало 46 штатов, так как Оклахома присоединилась к Союзу менее года назад.",1,0
45386,В 1992 году на выборах победила Консервативная партия.,1,0
45433,"Июля в 4-й день отправлен капитаном гвардии от его Величества из Санкт -Питербурга в Китайский город, генерал-майор Л. Измайлов.</",1,0
45445,"США анонсировали введение новых антироссийских санкции ЕС на основе ""дела Скрипаля"".""Ъ"", 29 апреля 2019.",1,0
45477,"Сам Владыка сидит в кабинке шофера, все остальные — в кузове машины.",1,0
45585,Позже подобные обвинения повторили китайские власти.,1,0
45673,"Их не убеждали, а осуждали.",1,0
45769,"Стражи Царства Небесного будут нести охрану на фоне величественной фигуры Вергилия (Чистилище) во время мистерии ""Ада"".",1,0
45815,Но гражданская война не была войной,1,0
45820,Из одного берега до другого ровно колыхалась темная глубокая вода.,1,0
45870,Однако теперь его работы подвергаются критике как продолжение колониальной политики Японии в области истории.,1,0
45943,Подобное имя дано мне в добавление к мизерного вида.,1,0
45968,"В Большесосновском муниципальном районе планируется провести районные соревнования предприятий агропромышленного комплекса по повышению эффективности производства и качества работы, конкурсов профмастерства среди работников отрасли АПК и конкурсов на лучшее крестьянское (фермерское) хозяйство и личное подсобное хозяйство. В рамках данного мероприятия планируется проведение районных совещаний с руководителями сельхозпредприятий и малых форм хозяйствования.",1,0
45980,".
Двенадцать апостолов - одиннадцатый и последний из двенадцати. ==� Двенадцать апостола - одиннадцатая и последняя из двенадцати.",1,0
46055,"Мы догадались, что это их несут",1,0
46075,Мы ходили в сам парк.,1,0
46121,"Зубец получил письмо от Зубца, который будет здесь между 15-20 мая и привезет окончание своей рукописи — мемуаров. Работа идет на риск и на русское авось, неизвестно. Работе сильно мешают наступившие жаркие и душные дни.",1,0
46134,"Ремонт и обслуживание автомобилей, обслуживание ванной комнаты.",1,0
46171,"Москва, 1997. С. 393.",1,0
46226,Каждый гражданин Болгарии также является гражданином Европейского Союза.,1,0
46243,"Эта доска принесена с утра с утра, так что сегодня была доска.",1,0
46282,"Я рисую в Школе прехорошую евреечку в красном башлыке, но выходит плохо.",1,0
46290,Выводов последователей фрейдизма нельзя принимать ни как научные гипотезы потому что эти предположения основаны на недостаточно проверенных источниках с которыми сталкивались сторонники учения основателя психологи,1,0
46337,"Проект ""Спи моё солнышко"" снят с Ириной Кудрявцевой, Алсу, Лерой Кудрявцева и Ирина Дубцовой.",1,0
46370,Система СПИНов ввела дополнительные стимулы развития социально-экономической системы Сальского района.,1,0
46412,С 1999 по 2003 год он работал в качестве депутата в Государственной думе.,1,0
46458,"Отношения Мацуко с мужчинами, как правило, были трудными.",1,0
46527,"Российское правительство и народ могут проснуться — или правительство, или народ. О первом так же трудно поверить, как о другом, — впрочем, министр Киселев проезжал по Козьмодемьянску, где была военно-судная комиссия по этому делу, и даже не озаботился спросить о нем.",1,0
46612,"ОМ 2 ОМ 2 направлено на формирование муниципальной сети общеобразовательных организаций, оптимальной для доступности услуг и эффективного использования ресурсов общего образования, развитие инфраструктуры муниципальных общеобразовательных учреждений, обеспечивающих качественные условия обучения в соответствии с федеральными государственными образовательными стандартами начального общего, основного общего и среднего образования.",1,0
46625,В Нижегородской области план развития туристического туризма Сосновского района на 2018-2020 годы.,1,0
46632,В ЕКАТЕРИНБУРГ прошла 28 августа.,1,0
46637,она была очень упрямой и целый год нас за собой водила.,1,0
46644,Малуша получила свое ласкательное имя или прозвание по отцу (как Любко и Любуша и т.п.).,1,0
46795,"Занималась также обучением в анимационном агентстве, студии художника, студии рисования, театрально-художественной студии.",1,0
46901,"Она одела красивый малинового цвета берет, так же как Татьяна из «Онегина» в «Неве».",1,0
46979,"Постсоветские состояния, как правило, подразделяются на следующие пять групп.",1,0
47055,"подошел к Ней, присел и сделал все, чтобы заставить ее очнуться.",1,0
47141,"Вокруг большие собаки, маленькие Кошки тоже И все просто показала в цирк с конями Трем ветврачам, но мне пришлось держать свою собачьую сестру",1,0
47164,", на балконе поселилась первая за июль оса, и мы решили",1,0
47206,Повышение уровня доступности и качества оказания первичной медико-санитарной помощи детям на территории Ульяновской области.,1,0
47215,"Журавлев не пустил его одного из вчерашних предложений уйти в Ванавару, но Журавлев не пустил его одного.",1,0
47252,"Мейтнер не был признан Нобелевским комитетом, отчасти из-за его пола и отчасти из-за его еврейского происхождения, преследуемого в нацистской Германии.",1,0
47313,Это сообщение сообщает «24. kg» со ссылкой  на Погрануправляющую службу Республики.,1,0
47388,"Смоленский комбинат по производству выпечки обслуживает шесть школьных буфетов, восемь школьных производств, столовые ФГБОУ ВО «Смоленская государственная академия физической культуры, спорта и туризма» Министерства здравоохранения Российской Федерации и МУП «Автоколонна-1308».",1,0
47410,"я делаю перепись на селении Нижнем Армадане; все людишки в округе нищие, и говорят за отчаянников в шотасе.",1,0
47523,"Я regret, что голоса хороши и разработаны.",1,0
47534,"Она передается из беднейших кварталов гаитянской столицы Порт-о-Пренс рано утром, пробуждая спящих.",1,0
47652,"В болоте «Октябрист» предполагают, будто их союз потерял уважение, но на съезде он должен стать популярен.",1,0
47697,"Понедельник. Утром отчасти помешал переводу о. Тита Комацу, который приехал в Токио, чтобы посоветоваться о своих церковных делах. О. Тит терпел же — пусть и вперед так будет, — еще у него неладно в Асикага, где катихизатор Яков Мацудаира отчаянно болен.",1,0
47746,"Сценарий фильма такой же, как и в 1994 году, но сценарий изменился.",1,0
47750,также строились старые жилые кварталы с дешёвой квартирой (например: застройка центрально-горожной части города Капабланка).,1,0
47907,"На 1 января 2014 года 261 семья воспользовалась субсидиями, что составило 2,9 процента от общего числа семей, проживающих в районе.",1,0
47970,"В том же году она вышла замуж за своего будущего супруга, который на тот момент был ещё студентом юридического факультета.
Начало семейной жизни с будущим юристом не было лёгким для неё: они оба были достаточно замкнутыми людьми в общении и даже во время ссор старались избегать друг друга — так что их брак продержался всего два месяца… Но это только начало! Через полгода после свадьбы у них родилась дочь Анна-Мария Мария де Валуа (1784—1852), которую назвали Анной Марией Эстевесой Агустиньяс или просто «Аня». Она стала второй женой великого художника Франсиско Г",1,0
47976,"Полагаю, только пришельцы могут так думать.",1,0
47978,"Они связывают район поселений, обеспечивают жизнеспособность всех поселений и перевозят грузы и пассажиров автомобильным транспортом.",1,0
48035,"продолжался весь день очень сильно парил, невозможное жарко было в болотам, к ночи собралась гроза, сверкала, гремела, но ливень был очень мелкий.",1,0
48078,"Средняя численность детей в возрасте от 3 до 7 лет, получающих дошкольное образование в текущем году, выражена в процентах от общей численности детей, находящихся в очереди на получение дошкольного образования.",1,0
48155,", из-за реализации подппрограммы большое отрицательное воздействие на реализацию программы может оказать невыполнение финансовых и непреодолимых рисков, включая риск потери аванса.",1,0
48156,"Вскоре, он убедился, что ребёнок является чистой злостью.",1,0
48157,"На вооружении сначала планировалось строительство шахт в Восточно-Кругликовском, Парковом районе и районе Гидростроителей.",1,0
48290,Он был обвинён в сдаче огромных территорий Европейской части бывшей Российской империи немцам и австрийцам из-за срыва им Брестских переговоров.,1,0
48291,"Парламент Армении одобрил в первом чтении поправки и дополнения в Закон «О профилактике болезней, вызванных вирусом иммунодефицита человека».",1,0
48308,"В перечень мероприятий по реконструкции, модернизации и капитальному ремонту систем коммунальной инфраструктуры.",1,0
48318,"Это решил Кулак, уничтоживший свою же, Гурки, окончательное решение. Он терпеливо слушал и только повел плечами.",1,0
48398,"Например, в качестве примера можно привести Канадскую ассоциацию гражданских свобод, Конгресс труда Канады и Фонд действий и юридического образования женщин.",1,0
48479,Да и на этом есть доказательства.,1,0
48549,"Очень быстро жители гетто были разбиты физически, морально и психологически.",1,0
48576,До 1891 года портрет был в Пskov и затем somehow reached Italy.,1,0
48703,Подлодка «Казан» была передана ВМФ России в состав военно-морских сил. Об этой операции сообщается на документе в Минобороны.,1,0
48717,Приехала с подарком ко дню рождения - двухтомником Пастернака.,1,0
48733,"в 2007 году на акции было совершено 5,2 миллиарда сделок, что на 13,9% больше, чем в 2006 году.",1,0
48768,План — карты на начальнике не найдены.,1,0
48783,"На основании данных по основным направлениям деятельности в сфере культуры, спорта и молодежной политики за период с 2013 года образовалась положительная динамика развития.",1,0
48833,"Партия не собиралась регистрировать 12 июля, заявив, что устав не соответствует закону ""О политических партиях"".",1,0
48870,"Основными транспортными артериями в районе являются автодорога и шоссе.
Село расположено на высоте 161 м над уровнем моря, расстояние до районного центра составляет 35 километров. Климат характеризуется как резко континентальный с продолжительной холодной зимой (январь-февраль). Средняя температура января -3 °C, средняя по году – +9° C.. Продолжительность периода вегетации колеблется от 140 дней у озёрных видов травянистой растительности — к 100 дням при степной зоне или более коротким периодами засушливости; продолжительность теплого времени года также",1,0
48886,Их пленница с удовольствием контролирует их и мучает через куклу-вуду.,1,0
49026,"Считается, что обладая мастерством в той или иной области, можно стать «мастер-учеником».",1,0
49047,"В Москву приехал Вл. Иванович Щелкан, который делал ему операцию на ноге в бане. Зашел к Конюсу, который с сыном уехал в Петербург. Занял репризой 1-й ч. квинтета у Рахманинова.",1,0
49067,"Бельгийские масонские братья не только превратили масонскую ложу в тайный штаб нацистских охранок, но даже провели посвящение.",1,0
49069,"Законодательная база посвящена организации мобильных, рыночных, электронных торговых средств, использованию криптовалют.",1,0
49085,"Строительство же этого водопровода было Евпалия, сына Гиперборея.",1,0
49091,Подпрограмма предназначена для обеспечения сбалансированности бюджетной системы и повышения эффективности управления муниципальными финансами муниципального образования муниципального района Удорский.,1,0
49098,"Мария Мария стала королевой Англии, возвращавшей Великобританию в лоно Католической Церкви. После ее правления королева было тридцать семь лет, двадцать из которых явились для неё годами испытаний.",1,0
49177,"Часть работы не пересеклась, люди подчинённых групп, подгрупп, состоящих из трех до пяти человек, не знали друг друга лично.",1,0
49179,"Он опоздал, как обычно.",1,0
49199,"Меня не волнует, что вы выбираете.",1,0
49308,возможность строить различные сооружения делает игру похожую с конструкторами LEGON.,1,0
49422,"Похоже, есть лига и Александр Яковлев в отпуске.",1,0
49552,"Правая: великая, траурная, с слезой.",1,0
49769,"На пост главных тренеров женской и мужской национальных команд рекомендованы Дмитрий Морозов и Хасанби Таов. Ранее Морозов тренировал мужскую сборную, а Таов являлся старшим тренером команды.",1,0
49943,Он прожил несчастную жизнь.,1,0
49950,"Я рассердился и вечером составил ему соответствующий ответ, где упоминание всех его неправильностей.",1,0
50010,"Прилагающаяся к экспонату надпись гласит: ""Священное писание спасало не только души, но и тела"".",1,0
50022,Город Златоуст расположен на расстоянии 15 км от города Соликамск.,1,0
50063,Спустя четыре часа корабль начал тонуть.,1,0
50076,"Для достижения заявленных целей и решения задач, поставленных в рамках настоящей Государственной программы, предусматривается осуществление следующих основных действий:",1,0
50119,В марте 2011 года проекты Люсена и Солера объединены.,1,0
50226,Мне двадцать два года.,1,0
50308,"В частности, по их словам, на территории Польши были проведены тайные переговоры между представителями чешских повстанцев и Taliban.",1,0
50325,"Позвоночник гимнастки Ляйсан Утяшевой перекосился в правую сторону из-за татуировки в виде шестиконечной звезды. По ее мнению, такой сильной энергетикой обладает этот знак.",1,0
50626,к моменту открытия частной оперы оркестр состоял более чем из сорока дирижеров (дирежабль-гитара-банджо-саксофон).,1,0
50689,Келли импортировал первую лошадь Марвари в США в 2000 году.,1,0
50698,"В Армении обвинили Азербайджан в использовании в лесах близ населённых пунктов вооружений, содержащих фосфор. Минобороны Азербайджана опровергло обвинения армянской стороны, заявив, что это армянские военные завозят содержащие фосфор боеприпасы в район Мартуни и поджигают с помощью белого фосфора леса близ Шуши, чтобы затруднить азербайджанским дронам обзор.",1,0
50748,"В доме подготовил подарки для детей Али: альбом советских почтовых марок, набор детских книг и тетради.",1,0
50758,"В газетах Л. Блум был избит членами Французской акции <com id=""14505248724253 ""/.",1,0
50777,"Другие авторы отвергали мысль об одорении беса, поскольку считали экзорцизмы единственным лекарственным средством.",1,0
50804,"Обычным путём заражения бубонной чуму считается схема крысы-блохи-человека, но во многих массовых эпидемиях прошлого источником заражения мог быть больной бубоннрой чумой.",1,0
50829,"смешил заразительно; детски; Он был «факт, которого не обругал бы, как милый!»",1,0
50885,"Люди попадались, - и шли они медленно, словно ничто ни к чему их не побудило, едва одолевали они клонящую их к спокойствию дремоту.",1,0
50918,Их цена — около 899 долларов США.,1,0
50950,Футбольный клуб «Динамо» просил усилить безопасность гостевого сектора во время выездного матча 17-го тура первенства Футбольной национальной лиги против воронежского «Факела». На 58-й минуте матч был прерван из-за поведения болельщиков во втором тайме.,1,0
50968,"Корректировка муниципальной программы, включая включение в неё изменений по финансированию, новым разделам и мероприятиям, продление срока ее реализации, осуществляется в установленном порядке по предложению:",1,0
50976,В г. Черновске по состоянию на 01.01.2014 проживают 1480 человек.,1,0
51012,Моего младшего брата воспитывала моя бабушка.,1,0
51050,"Алексей Ярушкин, ставший исполняющим обязанности главного тренера «Спартака», ответил на вопросы о делах команды. По словам Ярушкина, Марков – профессиональный хоккеист и здорово знает хоккейное дело.",1,0
51114,Недельная станция Toro фактически заменяет Mainichi Issho.,1,0
51145,"Перечень мероприятий по проекту и (или) строительству, реконструкции объектов и обязательства муниципального образования соблюдать график.",1,0
51243,"Глава МИД Украины Павел Климкин заявил, что Киев настаивает на полном контроле ОБСЕ на территории Донбасса и на украинско-российской границе до назначения даты выборов в ДНР и ЛНР. По словам Климкина, к голосованию допустят лишь тех, кто пройдет «через фильтр амнистии».",1,0
51273,Мальчик может считать до десяти.,1,0
51282,Тогда он предупреждает Доктора и сэра Чарльза.,1,0
51346,"планируется, что дневной переход по пути от Красной площади на 1500 метров - не более 30 км.",1,0
51396,"После разгрома Югославии немцы и итальянцы оккупировали всю страну, в результате чего Хорватия потеряла большую часть своих земель. После оккупации Италии Гитлеру удалось добиться от Муссолини согласия на присоединение Хорватии к рейху с условием проведения там демилитаризации территории после войны.[1]
Хорваты не участвовали во Второй мировой войне — хорватский народ был полностью уничтожен немецкими оккупантами[2][3]. В 1945 году по решению ООН территория бывшей югославской Республики Югославия была разделена между Хорватией (бывшей Югослави)и Словакирией («Нидерландами»); при этом было образовано два государства",1,0
51445,"Ответственный исполнитель получает информацию о фактическом финансировании, об оценке достижения показателей эффективности реализации программы.",1,0
51476,"В 2017 году ожидается стабилизация на 0.4 процента в экономике, в 2019 году ожидается повышение до 0.6%.",1,0
51477,Военный прокурор подтвердил законность приговора бывшему главе службы военной полиции Хабаровского края ВладимируЛесовому.,1,0
51521,Непоздоровилось мне с ночью сегодня--не везет что и поделать,1,0
51632,"На этом же, на его словах, вы основываетесь.",1,0
51724,"Топография Шотландии в значительной степени определяется границей Шотландии, которая пересекает Шотландию от острова Арран на западе до Стоунхейвен на востоке.",1,0
51771,После ухода трое участников EXO продолжали существовать в составе девяти человек.,1,0
51772,"И удивительные монологи Коши совершенно ""невероятны"" и поразительно интересны.",1,0
51800,"Хотя ISO 8583 определяет общий стандарт, он обычно не используется непосредственно системами или сетями.",1,0
51801,Петлура уже стреляет в офицеров армии-волонтеров.,1,0
51811,", потому что собаки так рады фразе «пошел гулять».",1,0
51828,-Финансовое обеспечение программ осуществляется за счёт средств местного населения.,1,0
51837,Весной 2011 года Соединенные Штаты использовали ракеты Tomahawk в ходе операции НАТО против войск ливийского лидера Муаммара Каддафи.,1,0
51888,"В связи с отсутствием аппаратов couplement и управления (P-160, P164), sirens exist в ручном режиме.",1,0
51927,в собственно ордынской и восточной (арабско-персидо-иранской) историографии государство не было названием.,1,0
51964,Картина была на своём месте.,1,0
52081,ой а давайте знакомиться? ваше имя город возраст рост школа/универ/работа да да это допрос просто мне очень интересно.,1,0
52144,"по реализации подпрограммы «Обеспечение жильем молодых семей» федеральной целевой программы ""Жилище"" на 2015-2020 годы",1,0
52236,На территории Пензенской области наделяются следующими государственными полномочиями Пензенской области в сфере социальной поддержки населения,1,0
52349,Трем машинам уездных комитетов Спинбулдака и Дамана из уездного комитета Тахтапула необходимо было отремонтировать.,1,0
52430,даю студенту задачу где надо переписать одно единственное существительное и получить ответ.,1,0
52461,"Когда до наших окопов осталось всего несколько десятков шагов, он повернулся, чтобы отдать команду.",1,0
52534,"СБУ запретила въезд в Украину церковному диакону одной из епархий РПЦ, служившему капелланом у боевиков «ДНР». В СБУ отмечают, что действия священнослужителя являются посягательством на территориальную целостность Украины, разжиганием межнациональной розни и вредят национальным интересам Украины.",1,0
52540,"На мемориальном стеле в высоту 4000м, увековеченном именами погибших людей на триэтажке.",1,0
52560,"Обеспечение доступности качественного образования, его целесообразности и эффективности подразумевает реализацию задач и мероприятий в следующих стратегических областях:",1,0
52603,собаки являются настоящим чудом света?,1,0
52612,Официальное имя было объявлено 18 января 2008 года мэром Нюрнберга Ульрихом Мали и транслировалось в прямом эфире.,1,0
52655,"Владимир Петровский называет Сибирь и Дальний Восток наиболее уязвимыми районами, где «элементы демографической экспансии из азиатских государств» уже видны.",1,0
52746,Атмосфера в кино было потрясающей.,1,0
52767,"получил 500 долларов от нее, 31-летний петербуржец, 31 лет, 30 и 30-летний молодой человек.",1,0
52826,Туркменская область находится в суседной зоне Ставропольского края.,1,0
52854,Потухал прозрачный теплый день с теплой ночью.,1,0
52881,"Очевидцы все чаще отмечали это симптом, а медсёстрам это помогало сортировать поступающих больных: они смотрели на цвет ног пациентов.",1,0
52911,"в июле 2006 года по инициативе избранного декана Алихановой А.М.,",1,0
53031,Если бы я только последовал совету доктора.,1,0
53042,17 января 1483 года он встретил на своем пути плотника Кириулу на Переяславском озере. Там они поселились в доме у Кириулы.,1,0
53110,и с 2002 года в России. Омская область.,1,0
53114,Сначала после разразившейся вслед за тем катастрофы Лорнс-Меликоз счел нелишним вечером отправиться в Аипчковский дворец и спросить приказание нового императора,1,0
53214,"Второй EP, Willoughby's Bach EP, выходит 21 октября 2011 года в ""Shok Records.""",1,0
53251,В российском прокате «Лос-Анджелес. Король Ада. Сверхъестественные способности» — новый детективный триллер про Короля Ада.,1,0
53328,Северо-Восточный коридор является самой загруженной и самой быстрой железнодорожной дорогой в стране.,1,0
53505,"Согласно статье, опубликованной в InfoWorld в апреле 2006 года, Office 2010 был более «на бумаге», чем предыдущие версии.",1,0
53625,Не вкладывайте свой нос в мою личную жизнь.,1,0
53677,"Пол Жаккард создал два измерения, используемые в статистике: индекс Жаккарда (или коэффициент) и расстояние Жаккарда.",1,0
53706,"На юго-западе Закавказья расположена Абхазия — одна из крупнейших в Закавказье. На севере и северо-востоке граничит с Россией, на юго-востоке — с грузинскими регионами Самегрело и Земо-Сванети.",1,0
53775,"Потери от терроризма составили 2,3 миллиона рублей.",1,0
53796,В кинотеатрах указаны новые псевдонимы.,1,0
53814,Ребёнок пока не может ходить.,1,0
53848,Что ж март это всё равно зима,1,0
53912,Дай мне что-нибудь выпить.,1,0
53921,"Давайте посмотрим ""Амалия"" \ ~com id= 14584532844271,"" интересно.",1,0
53961,"Второму воздушному террористу удалось бежать и покинуть район аэропорта, окруженный специальными силами.",1,0
53993,"Я знаю его с 1907 года, то есть. 34 лет.",1,0
54098,"Каждый RC4 отвечает за стабильность к конкретному вируленту и вызывает смерть клеток, находящихся рядом с пораженной, что видно невооруженным глазом как большое пятнышко.",1,0
54163,"Группа получила 54 места в палате общин, при этом ее предыдущий рекорд 1993 года был равен.",1,0
54202,"Социальные предприятия составляют менее 1% от общего числа российских компаний, и их доля в ВВП в 2015 году составила 0,36%.",1,0
54210,"Можно предсказать конец империи и вообще монархического правления в Германии, торжество республиканских и социалистических начал в случае поражения, но возвращение к прежнему порядку вещей невозможно.",1,0
54481,На синевший лес лучше переехать в мой кабинет.,1,0
54501,"В 15:00 первый батальон из двух компаний начнет наступление против красных, находящихся перед ними.",1,0
54504,"В налоговной службе Черногории, кроме того, что фирма не лезла на налоговый учёт, с момента регистрации не вела никакой деятельности.",1,0
54558,"Видео в IGTV не ограничивается только одной минутой, они могут длиться до часа.",1,0
54674,", например, игроки могут случайно разбить объектив, нанося своим зрителям травмы штативов.",1,0
54693,"Съезд продался буржуазии, держит равнение на министров, а министры -- на кн. Это фигура ответчика за их преступления, фигура отца, отягченная властью и долгом.",1,0
54772,"были хорошо различимы ярко-белые, матово-белые массы снеговой горы с их замысловатыми, но не менее изящными формами и очертаниям.",1,0
55129,"INDEX вырос на 0,1 процента и достиг 45,8 миллиарда.",1,0
55259,"Библиотечное обслуживание населения Абинского района осуществляется 24 библиотеками городских и сельских поселений, в том числе Абинской межрегиональной библиотекой.",1,0
55264,"На деревьях пожелтела и опала листва, некоторые участки.",1,0
55329,"Цензоры, и без того уже достаточно строгие, были подчинены наблюдению особого негласного комитета.",1,0
55449,"Муниципальные учреждения сферы культуры выполняют образовательную, воспитательную, досуговую функции в рамках общества, способствуют его нравственному и эстетическому развитию.",1,0
55469,"Весь комплекс протекает на 1800 гектаров, из которых только 30-40 процентов были подвергнуты обыску.",1,0
55571,Быстро беги за ним.,1,0
55601,"Президент Беларуси Александр Лукашенко заявил, что народ Беларуси, если уж на то пошло, недовольен собой.",1,0
55661,"Опять же, о здоровье президента.",1,0
55670,"задумавшись о поисках убийцы по рокому ремню., я начал посещать все ""Американские магазины"", так как",1,0
55831,"Согласно легенде, аэрофлоты не ходят на Павелецкий вокзал: билеты продаются на четыре или четыре поезда. Сама электричка сейчас стоит уже более четырех часов.",1,0
55948,Они были разработаны эргономически и содержали некоторые из самых ранних систем автоматизации домашнего хозяйства.,1,0
55956,"Ну мы хуже, мы ж ж еще и добрые дела делаем, детям помогаем», - написала Межова в Facebook.",1,0
56008,В понедельник 28 января 2005 года Гессен провел свой первый тур и получил почетные грамоты за заслуги перед Герциговией.,1,0
56057,В ведение местного бюджета входит создание единого реестра получателей мер социальнойподдержки населения.,1,0
56144,"с неизвестной летающей тарелки в Истре упали неуказанные предметы, что привело к пожару, сообщается ""Интерфаксом"" со слов неназванных собеседников.",1,0
56284,"Таким образом, они будут точно соответствовать «тримесячному GCO», старейшему наиболее ликвидному финансовому инструменту на рынке с 1995 по 1996 год.",1,0
56297,заболеваемость растет в школах школы уходят из дистанционки количество жертв растет и все ученики закрывают школу.,1,0
56578,Число таких случаев достигло 400 в годы самой крупной экономической деятельности.,1,0
56604,"Прошу, разбуди меня завтра в 6 утра.",1,0
56637,"игрок, получивший травму или получивший красную или желтую карточки, пропустит следующую игру.",1,0
56699,Я вам дам эту камеру.,1,0
56719,"Анна Чакветадзе разгромила американку Эшли Вейнхолд с счетом 6:1, 6:1.",1,0
56723,"Небольшое увеличение педагогических работников в системе дошкольного образования ведет к увеличению количества воспитанников, приходящихся на 1 педагогического работника.",1,0
56812,"С 1955 по 1960 год, а также с 1963 по 1969 год, был министром образования и культуры.",1,0
56856,"Это видео показывает двор, семью и старых друзей художника.",1,0
56863,", Но несмотря на это, он провёл переговоры о переходе в «Тоттенхэм Хотспур» или в «Гремингем».",1,0
56869,запланирован запуск российской орбитальной базы в июле 2025 г. *,1,0
56872,"Александр Горбачёв дал положительную оценку альбому «Точки расставлены» Александра Горбачёва. Автор назвал пластинку связным произведением и отмечал, что в отечественной поп-музыке стали происходить положительные сдвиги. В украинском издании «Вголос» отметили, что Ёлка «полностью растворилась в метафизическом свете предпочтений своих продюсеров».",1,0
56911,"Аналогичная растительная жизнь распространена в меж горном бассейне и на сухих западных землях, в бассейнах меж гор и там растут пучки жесткого злака и кактусы.",1,0
56922,пилот пытается оказать помощь раненому пилоту звездолёта. Он оказывается смертельными.,1,0
56948,"Уолтеру (/ O2003 / O) и Джесси (/ 2005 / O), приходится избавиться",1,0
57076,"В список также вошли Джонни Депп, Дженнифер Лопес, Джастин Тимберлейк и Кристина Агилера.",1,0
57113,"мне рисуют снова,
обжигая меня в огне твоих взглядов
электромагнитных искр,",1,0
57184,"Однако, разрушая экспортную монополью «Газпром» достаточно, чтобы позволить этой компании получать равную долю внутреннего рынка.",1,0
57217,У меня было несколько шоколадных конфет и мы приготовили отличный чай.,1,0
57227,"Пересмотренная Верада получила дополнительное оборудование, ранее резервированное для экспортных рынков.",1,0
57230,"царя и войска на них напал, девять их утопили, еще двоих взяли в полон и, разгружая, сожгли.",1,0
57246,"В Украине возбуждено уголовное дело против Павла Лазаренко за кражу крупных средств, злоупотребление своим положением и сокрытие средств за рубежом.",1,0
57321,Джон Т. Эдсал временно работал редактором до назначения нового редактора.,1,0
57341,Хлеб изготавливается из муки и воды и часто добавляется в дрожь.,1,0
57352,"Украина прислушается к рекомендациям мировых лидеров, приступивших к выполнению Минских соглашений.",1,0
57385,"По предложению молодежного лидера Туркменистана в 1991 году была построена первая туркменская трасса ""Таркиятлар ордо"".",1,0
57654,"Вечером он вернулся в обычные классы: читал христианские науки, дневник и играл в шахматы.",1,0
57657,ТАСС со ссылкой на отчетность «Газпрома» за первое полугодие.,1,0
57727,"В Карабахской провинции возглавлявшего исламского округа, возглавившегося военно-окружным начальником мусульманских регионов назвали в составе Курванском районе.",1,0
57884,Комплексное размещение объектов потребительского рынка отвечает потребностям населения.,1,0
57931,"В 2013 году депутат вышел из партии «Справедливая Россия», но вместе с другими членами партии остался в фракции ее фракции в нижней палате.",1,0
57945,", напротив: творческие почерка Чехова и Бурлюка абсолютно разные. Единственное, что сближает их - это «почерк Чехова и Бората, направление общих поисков.",1,0
58078,"Только он целует Его, волосы бороды.",1,0
58092,Землетрясение привело к пожару.,1,0
58258,"Пробыв несколько минут в безмолвии с устремленными горе очами, он внезапно вскочил как исступленный, осушил кубок наливки и сказал вполголоса: «И это препятствие исчезает!!",1,0
58271,"Эти 20 пассажиров, в том числе женщина с пятилетним ребенком и восьмимесячный ребенок, остались в крыльях, ожидая их спасения.",1,0
58311,Совместный проект Института открытого общества и Правительства Российской Федерации по созданию 33 интернет-центров в ведущих региональных классических университетах России осуществляется с апреля 1996 года.,1,0
58327,"Технический руководитель ""АвтоВАЗ"" задержан во время беспорядков в Тбилиси.",1,0
58524,"В 1844 году, в рамках реформы Таnjimata, был принят первый официальный флаг империи.",1,0
58641,Севастополь и Москва — ведущие направления в лечение детей на Москву.,1,0
58662,"Холодная вода, пожалуйста.",1,0
58669,"тетерева в этот день не видели, но рано утром их взяли и поехали в 7 Â - 11 Â.",1,0
58790,", однако в выходные и праздничные дни многие рестораны также открыты, так как многие москвичи и туристы приезжают в город по выходным и праздничным дням.",1,0
58804,"Российский лидер Троцкий под давлением «левых коммунистов» выдвигает новую «промежуточную» платформу, представляющую Брестский мир «передышкой» перед будущей «революционной войной». Под влиянием угрозы отставки Ленина Троцкий, хотя и был ранее против подписания мира на германских условиях, меняет свою позицию и поддерживает Ленина.",1,0
58938,"в Хэтфилде, штат Нью-Йорк, грабителям удалось скрыться от полиции несколько часов.",1,0
59002,В 2014 году она получила премию WISE Qatar и почетную медаль короля Хусейна.,1,0
59201,. для проведения массовых спортивно-массовых мероприятий в городе используется база спортивных залов:  ==,1,0
59242,"Наташа с ним попала на свидание, после которого у меня впервые за полгода провалилась под лед.",1,0
59288,"имеет большое значение потому, что в учении Григория Нассау мнения М. С. исходят от Григория",1,0
59327,При биопта-ции кожи больного дерматозом обнаруживаются многочисленные скопления так называемого телец (Rete,1,0
59436,"После чего дополнительно проработана документация, а также уточнены условия реализации актива.",1,0
59465,Я смотрю на это и пытаюсь выяснить это где-то.,1,0
59554,"Однако споры (разногласия), возникающие между Сторонами в связи с исполнением настоящего Соглашения разрешаются, по возможности, путем проведения переговоров.",1,0
59563,Перед Черчесова поставили задачу выиграть чемпионат Польши.,1,0
59713,"Воистину, Аллах слышит и видит.",1,0
59880,"Первая эвакуируется, глаза оставляют нас.",1,0
59957,"Вдовы пермских чиновников обязались приезжать к сыну Андрея Первозванного для ""всеправославных радений"".",1,0
59991,"Турция состоит из двух частей: Европы, Азии, Чёрного моря и Эгейского моря.",1,0
60125,"На MTV и VH1, видео было сокращено и немного изменено.",1,0
60259,"Каменева провела разговор с журналистом ""Пионерской правды"".",1,0
60277,"Террористы увидели бежавших людей, немедленно прервали переговоры и закрыли двери.",1,0
60299,Он ком[андир) 113-й ар[мейской] бр[игады].,1,0
60303,"Если у вас нет достаточной информации на этой странице, прочитайте подробное описание диска, нажав верхнюю ссылку на имя электронной публикации.",1,0
60418,"В Finnair заявили, что из соображений безопасности пассажирам на рейсах нельзя провозить любые устройства Galaxy Note 7 в сданном багаже или ручной клади. Ранее сообщалось, что министерство транспорта США запретило провоз на бортах самолетов смартфона Samsung Galaxy Note 7.",1,0
60571,"Валлийцы не знали, что сказать.",1,0
60600,Здесь не говорят на английском.,1,0
60676,"В результате тяжелой выстановки на колеби в Кулика фургон под самом углу, зарезавшись от руки Ковыля.",1,0
60831,Вооружённые силы Азербайджана заняли новые позиции в стратегических местах.,1,0
60842,"Зрелищные шахматы: где, что, кого и как показывать.",1,0
60897,", здесь волна усиливалась, и волна ее, гневно вздымающаяся, преследовала одну другую, ударялась об утесы и о столп водяной пены",1,0
60909,"Повышенное содержание нитратов и нитритов обнаружили сотрудники ПАО ""Почипский агропромторг"" во владимирской области.",1,0
60915,"называется август в русской мифологии, то есть в месяце катастроф — это 1-й месяц в году, то же самое, что в июле и августе в России.",1,0
60921,"Нападавшие в библиотеке Брайана Андерсона и Харриса Клиболда выстрелили в них осколками стекла и металла. Учительница Патти Нильсон подумала, что происходящее — розыгрыш или игра на камеру. Она предупредила об опасности находившихся там учеников, а также сказала им спрятаться под столами и соблюдать тишину.",1,0
61157,"Таким образом, в наше время «личность» исчезает (верование христиан: каждая душа может стать личностью)...",1,0
61213,"Я не согласился с ними, по указу твоему сборе все прибавляются, только им взять на сходе",1,0
61257,Одна из служб трудится ради удовольствия и одна помогает скоротать свободное от работы временя?,1,0
61328,"Свободная земля, свободный народ, нет, нет, нет эксплуатации.",1,0
61337,Он ищет террористов и диктаторов.,1,0
61402,На днях небольшие работы проходят незаметно,1,0
61432,"Наполеон не хотел быть скомпроматизированным (не имея на то оснований), но активно участвовал во всем, что готовили заговорщики.",1,0
61502,"В Смоленской области я и его коллега Г. Пустота, надорванная пустота. В густых березках, где отдыхаем, не думается ни о чем.",1,0
61508,Calypso II планировалось оснастить новейшими технологическими достижениями.,1,0
61626,"Реформистская часть буржуазии, заинтересованная в мирном сосуществовании и социальном прогрессе, примыкающая к этой программе «конвергенции» и врастании в социализм, является союзником рабочего класса и прогрессивной интеллигенции.",1,0
61661,Марониты получили автономию и обеспечили свои позиции в независимом Ливане в 1943 году.,1,0
61703,"В кругу Бальмонтов — своя, в кругу Щемилова — своя. Никанор Никифорович выстрелил четыре раза.",1,0
61773,Запад wants расширение этой реформы в Берлин.,1,0
61779,Морская секция газопровода является самой глубокой в мире.,1,0
61815,"Неудовлетворенность может проявляться в террористических актах, страхе полиции и британской секретной службы.",1,0
61831,"Пруф, что коты сделали этот мир из-за природы кошек.",1,0
61848,"Он похоронен в той стороне, Ибо Темесвари есть тот древний Томитованский город. Овидия так часто упоминают в элегии своей.",1,0
61874,Членство в Совете осуществляется на основе публичного обязательства.,1,0
61896,"За неделю с 18 по 25 июня среднее состояние квартир московского жилья опустилось на 0,2 процента и составило 4078 долларов.",1,0
61939,Он вытащил кусок мела.,1,0
62036,Один пассажир троллейбуса был ранен.,1,0
62254,Я бы хотел сок с апельсином.,1,0
62255,Наша компания плохо оплачивает.,1,0
62265,Государственная программа города Москва «Развития коммунально–инженерного комплекса и энергосбережения» содержит двенадцать подпрограммы.,1,0
62416,"Есть несколько очень эффективных мер профилактики, таких как частое мытье руки и соблюдение правил респираторной гигиены.",1,0
62431,"В каждой колонии одновременно будут действовать различные типы режимов, для чего будут созданы так называемые ""территориальные зоны.""",1,0
62480,Место отдыха расположено на берегу братского водоема в лесном массиве.,1,0
62561,"Нам надо принять политическое решение, проголосовать за закон.",1,0
62746,Стратегия социально-экономического развития Сибири до 2020 года определила в качестве одной из приоритетных отраслей горнодобывающую промышленность и увеличение добычи полезных ископаемых.,1,0
62780,Виктор Абрамов стал креативным директором музыкальноголейбла.,1,0
62872,", возможно, что, в конечном итоге, куплю полный костюм.",1,0
62893,"Жарич также добавил, что они планируют выйти из всех банковских инструментов Альфа-Банка и закрыть счета.",1,0
62969,"На фоне сериала OVA и сериала «Большой спортивный фестиваль» критики оценивают сериал «Очень красиво сделанные филлерные истории». По мнению обозревателей, они выглядят довольно стандартно и предсказуемо, однако при этом выполнены на неплохом техническом уровне.",1,0
63066,"В течение 30 дней со дня получения заявления о замене свидетельства о праве на получение социальной выплаты орган местного самоуправления выдает новое свидетельство, в котором указываются размер и срок действия, соответствующий оставшемуся сроку действия. Срок действия свидетельства, предусмотренного в замененном свидетельстве, составляет 30 дней.",1,0
63104,"Мне стало плохо, когда ее мать не слушала меня, а я рассердился, когда она сказала мне: «Достаточно было бы и раза в месяц», а потом сказала: «Не стоит жизнь реализации таких чувств, как тотчас же все погибает».",1,0
63303,Первоначально на этом месте госпожа Сарматова открыла театр миниатюр.,1,0
63335,"Мне страшно досадовать, что не поговорил с Адоновым как следовало.",1,0
63445,используются значения и данные о показателях инвестиционной привлекаемости Свердловской области для расчета эффективности инвестиционной деятельности.,1,0
63533,Глава управления СКР по Красноярскому краю допустил привлечение Алексея Буркова за неуважение власти.,1,0
63563,"Поднявшись с пола, мужчина неожиданно размахнулся и ударил окружающих по лицам.",1,0
63597,"Она представила пространственную, временную и спектральную визуализации движения экситонов в молекулярных кристаллах.",1,0
63609,"Рудольф Нуреев, Галина Уланова, Константин Сергеев, Майя Плисецкая и многие другие.",1,0
63698,Лучшие улицы Манежной и Красной площади были перекрыты полицией,1,0
63704,"Недавно я получила письмо от мамы, которая пишет, что Семён весел, жизнерадостен и, наверное, с кем-нибудь сошёлся, так как почти не ночует дома. Я хочу ему счастья.",1,0
63832,"Конопля выращивается по всей территории Турции. Растение ценится, в первую очередь благодаря своим психотропным свойствам, и выращивается частными лицами для рекреационного и медицинского употребления. Самыми лучшими и урожайными районами считаются районы у горного озера Севан и вдоль турецкой границы.",1,0
63947,"Ну, передайте ему, что я благодарю за честь, но я этого не могу.",1,0
64024,"Я подумал: ""Если бы люди любили меня, я стал бы святым очень быстро.",1,0
64052,"Литературоведы Дмитрий Быков и Павел Басинский выяснили, что Горький не испытывал физической боли, обладал сверхчеловеческой интеллектуальной работоспособностью и часто манипулировал своей внешностью.",1,0
64108,"Боевики ""Исламского государства"" захватили исторические объекты на востоке Сирии во время строительства гробниц.",1,0
64117,В Анучино завершился наш второй поход в Анучино. В этот раз наш дивизион пошел в отходной колонне с леваго фланга по кустам и пошел наступать на Еловку.,1,0
64233,"Образ иконописца в русской литературе XI—XX centuri.-М.: Русский путь, 2005. — 472 с, ил.",1,0
64244,Том открыл дверь и выбежал с собакой.,1,0
64283,"Совещаемся где спит; решаем в одном из пустых хуторов, разбросанных между лесистыми холмами и оврагами под Домнау, мимо которых мы сегодня утром проходили.",1,0
64379,"Кроме того, я сам учитель.",1,0
64400,"Вот, небеса и небеса небеса не могут сдержать тебя.",1,0
64449,В Вильнюсе полиция нашла и задержала подозреваемого в организации теракта осведомителя эстонской разведки.,1,0
64486,"Он обращался к Зиновию, к Гудочнику",1,0
64531,Контроль за таким телескопом полностью автоматизирован.,1,0
64560,"Мне не понравилось, что я ездил в «Сосны» и не успел ни писать, ни повидать сына, ни посмотреть строительство дачи.",1,0
64572,"Эти задачи требуют внедрения современного серверного оборудования и программного обеспечения сервера, способного хранить и обрабатывать большое число документов на совместном доступе.",1,0
64587,"Военные спортивные игры, турниры, спартакиады.",1,0
64590,"Управлялась Имперским епископом (Reichsbischof), при котором действовал имперский синод (Reichssynode) и имперный церковный комитет (Reichskirchenausschuss) и имперские церкви",1,0
64650,"На оплату участия одного представителя в зарубежных конгрессных мероприятиях, семинарах, конференциях, круглых столах, бизнес-миссиях и других мероприятиях, связанных с продвижением товара (работ, услуг) на зарубежные рынки (за исключением расходов по найму жилых помещений и питание).",1,0
64768,Совет ЕС призывает все европейские государства отменить единую европейскую валюту.,1,0
64819,.. Основные проблемы и риски социально- экономического развития и существующей системы социальной поддержки населения Пристенного района помогают сформулировать следующие цели и задачи:.,1,0
64896,"дурная, грязная дорога лежала по горам, по рытвинам, по дремучему лсу (Thubnger-Wald), такъ что мы с великой нуждой тащились.",1,0
64943,"Южный, занимавший 14-e место в рейтинг Ассоциации теннисивных профессионалов, заявил, не будет играть за Россию. В феврале 2011 г.",1,0
65113,"Сделал спуск для нового вереда из масла из лампадки, восковой свечки и соли.",1,0
65213,"На сей раз ограничения касались подразделений банков «Аркада», Экспресс-банка, Энергобанка и киевского подразделения австрийского Raiffeisenbank.",1,0
65453,"Бергам и обдумывал, на какой была согласна у него рыхловатая полнота.",1,0
65462,После чилийского землетрясения 1965 года израильское правительство предоставило медицинское оборудование и снабжение.,1,0
65482,"Был членом Комитета по борьбе с саботажем при СНК СССР. С 1937 года — в ссылке, затем на поселении: Архангельский район Красноярского края (1937-1941), Коми АССР;
в 1940 году арестован и приговорён к 10 годам ИТЛ за «контрреволюционную деятельность». Осужден 8 декабря 1941 г., расстрелян 7 февраля 1942г.[2] Реабилитирован 5 марта 1957года прокуратурой Московской области[3]. В настоящее время могила не восстановлена из соображений сохранения памяти о репрессированных членах партии большевиков Архангельской губернии во времена коллективизации 1930х годов",1,0
65486,"Глава Пентагона сообщил в переговорах с властями, что ""снова и вновь"" объявлял свой готовность вернуться к мировым судам присяжных.",1,0
65531,В мае 1866 года произошел решающий объяснение.,1,0
65605,География района характеризуется благоприятными гидрогеологическими условиями.,1,0
65688,За пару минут перед смертью британский музыкант записал новый трек и поделился им с миром.,1,0
65700,"На каюте Горького был кабинет с большим письменным столом, гостиная, спальня с ванной и душем.",1,0
65707,Вторник. Государь подписал 9 мая грамоты на орден св. Александра Невского гг. де-Фрейсинэ и Рибо и поручил Капнисту посоветоваться со мной.,1,0
65791,Мне очень нужно кое-кого раскусить.,1,0
65825,"МБОУ «Никифоровская СОШ No1» активно используется в учебном процессе, для секций и дополнительного образования, для занятий спортом местного населения (спортивный клуб).",1,0
65950,"Таким образом, переговоры, запланированные на сегодня, были прерваны.",1,0
66054,", На пресс-конференции, посвященной предстоящему бою, на его шее было надето золотое украшение.",1,0
66094,AHM стал жертвой ипотечного кризиса в США.,1,0
66170,не хватает средств на содержание и развитие транспортной инфраструктуры.,1,0
66177,"Neuporty Naporty был в высшей степени оригинальной и оригинальной личностью, чтобы придать осмеянию чувству такой увлекательной прелести, самой игре -- такую грацию.",1,0
66190,с момента своего образования она значительно изменилась под влиянием биосферы.,1,0
66377,"Убийство произошло в 50 метрах от дома, где жил оперативник.",1,0
66593,Доллар девальвирован по отношению к японской валюте с 360 иен до 308 иен.,1,0
66883,"После провозглашения независимости, Черногория начала реструктуризацию своих международных отношений.",1,0
66907,"), «Сказание о Тайнеле» (Мк.",1,0
66915,"Похудевшая на 100 кг учительница Оксана Невеселая впервые надела бикини. Однако в Минске сомневаются, что она является учительницей математики: судя по соцсетям, она ведет праздный образ жизни и ни в чем себе не отказывает.",1,0
66927,Методика организации стратегического управленческого учета / Н.М. Блаженкова // Бухгалтерский учет.,1,0
66970,Они учатся ходить в колледж.,1,0
66998,"ging.dnevnik.ru обнародовал данные среднегодовой численности постоянно проживающего населения в Ипатовском районе в 2016 году. Согласно статистическим данным, среднегодовая численность населения района в 2016 году снижена на 0,5 тысяч человек по отношению к 2015 году и составила 58,9 тысяч человек.",1,0
67010,сколько именно людей прошли профессиональное обучение в Управлении финансами Администрации Кимркого рп Тверь за период с 01.01 по 31 октября 2019 года?,1,0
67070,", Кроме того, в его багаже было две рубашки и тулупа.",1,0
67199,Вопрос о снижении таможенных пошлин на 2% и 3% на российскую продукцию неоднократно рассматривался в двусторонних консультациях.,1,0
67217,"Юра мудро ответил мне: «Сережа, конечно, может быть иной, но у нас интеллектуалом один — Лужков».",1,0
67243,"Они уже были готовы, оставалось подписать.",1,0
67249,"Глава ДНР Александр Захарченко заявил, что ополченцы подбили вертолет Украины, который пытался атаковать позиции ДНР в районе Дебальцево. 13.10.2016 - 16:33 В четверг вышло эксклюзивное интервью Дональда Трампа «Недельнику», в котором политик коснулся не только внутриполитической ситуации в США, но и международных отношений.",1,0
67307,"Он был открыт в 1995 году в Гааге и состоит из музея, библиотеки и консерватории архивов ордена.",1,0
67380,"Загуменные, Вячеслав Булавин, Михаил Лохов, Владимир Голубец, Павел Садырин, полузащитники Георгий Вьюн, Вячеслав Бутусов, Георгий Хромченков, Александр Маркин, Анатолий Зинченков.",1,0
67398,", Если ""серьёзные"" газеты Пимене находили многочисленных почитателей, то моя скромность имела своих почитателей.",1,0
67421,"Почти все люди, говорящие на французском языке в Мали, говорят на нём в качестве второго языка.",1,0
67444,"Уже нет энергии: ни жизненной, ни физической, ни умственной.",1,0
67526,": Подпрограммы Муниципальной программы выделены в соответствии с целями, содержанием и с использованием механизма, используемого для решения конкретных задач.",1,0
67541,"Краснослободского района)
1. Внести изменения и дополнения в постановление администрации Краснословодской сельской территории от 30 мая 2014 года № 542-П «Об утверждении Порядка разработки проектно - сметной документации на проведение мероприятий по охране объектов культурного наследия, расположенных (сооруженных), за счет средств бюджета Ставрополья» согласно приложению к настоящему постановлению..3 Положения о комитете охраны памятников истории края утвержденному постановлением Правительства РФ 22 апреля 2008 г., зарегистрированного Министерством юстиции Российской Федерации 21 июля 2010г.(в редакции Приказа Минреги",1,0
67766,"Четвертый пользователь, таким образом, будет отправлен на первый IP-адрес и так далее.",1,0
67806,Он также работал врачом и нотариусом (с 1720 года).,1,0
67841,"«Капитан» и Люба рассказали «Капитану» о том, что в мирное время разжигается душа на войну, а когда село наполовину сгорело, то сгоревшие бросились поджигать несгоревших с криком: «гореть, так всем!»",1,0
67944,Вокруг был густой туман.,1,0
67966,Мы копаем дыру в земле.,1,0
68008,"Распространение эрозионных процессов, связанных с животноводством (дефляция, дезерация, etc.)), has a local nature.",1,0
68164,"2AM Публикации, 1989 «Лица зверя».",1,0
68192,"На юго-запад и юг — с районом Игнатовского, на севере и востоке — Б. Игнатовского с Аляшевским, а на",1,0
68207,"Для каждой подпрограммы был разработан комплекс основных мероприятий и мероприятий, о которых говорится в приложении 1 к настоящей программе.",1,0
68341,"""Приманили"" на галстук.",1,0
68365,5 октября 1934 г. В ЦК партии состоялся литературный исторический дискуссионный клуб.,1,0
68416,формирование публичных электронных библиотек и музейних интернет- ресурсов что способствует доступу каждого гражданина к культурным ценностям,1,0
68503,"пьедестал представляет собой обсидиан, защиту рязанских земель, защитниками которых и выступил Епифан Коловратий.",1,0
68742,"Американская компания Google объявила о запуске бета-тестирования новой версии операционной системы Android — 7.1. Первыми ее получат обладатели Nexus 5X, 6P и Pixel C, а поддержка Nexus 6, 9 и Player появится позже. Тестовое обновление Developer Preview станет доступно для разработчиков в конце октября 2016 года.",1,0
68814,Система дошкольного образования представлена 6 учреждениями дошкольного образования в 5 муниципалитетах.,1,0
68817,Дорогой апрель [33] «Дорогой апрель» [38] - хороший апрель.,1,0
68821,"Российские оккупанты усилили обстрелы ВСУ на мариупольском направлении. За сегодняшний день из 31 обстрелов 16 зафиксированы в районе Широкино, Лебединского, Водяного и Марьинки. На луганском направлении совершены 11 обстрелов сил АТО.",1,0
68850,"смешанное софинансирование, муниципальное и частное партнерство.",1,0
69024,Какой замечательный город Новосибирск (Россия)!!!,1,0
69036,"- Ведение поххозяйственных книг проводится на основании данных, предоставляемого гражданами, которые ведут свое личное подсобным хозяйством.",1,0
69064,В состав оркестра входили музыканты-любители и музыканты военного оркестра.,1,0
69111,Доброкачественная лимфоцитома кожи считается одним из немногих проявлений болезни Лайма. Болезнь может сочетаться с любыми другими проявлениями системного клещевого боррелиоза.,1,0
69135,"отходы переработки (мусор, стекло, металл, пластик и бумага) отправляются на вторичную переработку, использование или обезвреживания в специализированную организацию, согласно договорам.",1,0
69205,Он основал группу Gang Starr в 1987 году.,1,0
69240,"В еврейском городе Иерусалим произошла эпидемия, приведшая к массовым убийствам евреев. Евреев вешали и жгли, причём не раз бывало, что по пути к месту казни мародёры срывали с обречённых одежды и украшения.",1,0
69283,Очень ужасное состояние городов по нынешним меркам было сейчас.,1,0
69311,"Коноплю в Бразилии культивируют, главным образом, ради психотропных свойств.",1,0
69334,". Так вот он, экзистализм в художественной литературе.",1,0
69344,"ими пользовались наши предки, и о них славили имя наше.",1,0
69405,Поветкин получит право участвовать в боях российских санкционированных WBC.,1,0
69450,"культурно-рекреационная деятельность, направленная на популяризации национальных культурных и семейных традиций.",1,0
69467,"На матче второго тура отбора к ЧМ-2018 между сборными Турции и Украины, на стороне хозяев будет отличная поддержка болельщиков. Начало поединка в 21:45 по киевскому времени.",1,0
69483,Тема диссертации: «Национальные костюмы в массовых театральных торжествах».,1,0
69681,Nismo 380RS был продан только на японской территории.,1,0
69760,Не могли бы вы прислать мне брошюру?,1,0
69841,"Кот Феликс уже много лет приходит на станцию, неизменно получает угощение от проводников.",1,0
69849,От 12 часов начал работу в библиотеке Института археологии,1,0
69853,"Между двумя странами арабо-израйльский конфликт выступает в качестве фактора, сдерживающего рост международного туризма.",1,0
69871,"Похоже, что март забыл, что он месяц весны.",1,0
69913,От состоящего в Вашем Сиятстве доктора Варфолема Фридриха в 28-но января н.с. приехал доктор Вартоломей Фридрих из Варшавы.,1,0
69944,СФ одобрил перевод времени в Кыргызской области на час вперед в Кыргызской области Аргументы и Факты,1,0
69972,"Как и в других своих произведениях, Джузеппе Кастильоне сочетает в себе элементы традиционной китайской живописи и европейского реализма.",1,0
70088,"Предполагается, что Фонд будет использовать наиболее устаревшие дороги для технического обслуживания и ремонта дорог.",1,0
70123,"До 8,5% организаций ДОД - ресурсовных центров для методического обеспечения координации образовательных образовательных организаций, реализующих дополнительные общеобразовательные программы различной направленности, до 7 единиц;",1,0
70140,Эту технику использует Epson в своем продукте Moverio.,1,0
70245,На Ставрополье выявлены 169 подконтрольных религиозным группам объектов недвижимости за неделю.,1,0
70248,Лиза прислонилась и тихо нанесла себе несколько ран на лицо.,1,0
70343,Благодаря спокойному морю скала на борту практически не чувствовалась.,1,0
70455,"Очень весело, динамично и свежее.",1,0
70462,"пришел с бумагами из Костроми, и расписались, and отпустили домой.",1,0
70468,"Деменция — стойкое снижение познавательной деятельности с утратой в той или иной степени ранее усвоенных знаний и практических навыков и затруднением или невозможностью приобретения новых. В отличие от умственной отсталости, представляющей собой недоразвитие психики, деменция — это распад психических функций, происходящий в результате заболевания или повреждения головного мозга после завершения его созревания.",1,0
70478,"Он научился делать «micro-sauts» в течение времени, что позволяет ему перемещаться быстрее, чем глаз не видит.",1,0
70481,"- Нет. Не знаю, что сказать. Это похоже на то, что, возможно, меня ждет зима. Однако все",1,0
70581,"Обнаруженные в материалах при промыве образцы одежды демонстрируют тенденцию смывать, то бишь вызвать не нейтро-индуцированный эффект.",1,0
70655,"В соответствии с экономическим показателем и результатами финансирования подпрограммы в 2016-2024 гг. предположительно составит 13441,4 тыс.руб.",1,0
70708,понедельника днем лося видели выбегающим на перекрестье Краснобогатой и Росточной улиц. Его едва не сбил автомобиль.,1,0
70752,поеду на участок уже завтра. За ним я еду уже завтра.,1,0
70789,"Минкультуры предложило распознавать, перевоспитанием и уничтожением «распылением» действующих мыслепреступников.",1,0
70858,"С учетом уменьшения межбюджетных трансфертов бюджету городского округа, предполагается реализация мер направленных на оптимизацию муниципальных учреждений, увеличение перечня и повышение объема платных услуг, последовательное обеспечение повышения качества муниципального управления.",1,0
70879,"Несомненно, Рысев глупенький мальчик, иначе не котенок. Безобразие — Рысевый дурак, иначе он лев.",1,0
70984,"Варвара Васильевна говорила, как она извинялась, как была в неловком положении.",1,0
71021,Совершенствование физической и технической инфраструктуры этого учреждения.,1,0
71058,"Библиотечная система Курского региона является филиалом МБУ ""Бессединская центральная библиотека"", юридическим адресом которого - г. Беседин.",1,0
71078,"Рюрик, призванный княжить и править Русью, основался именно в Старой Ладоге, как тогдашнем центре так называемого «Великого водного пути».",1,0
71091,"Дни ясные, солнечные, морозные дни не превышают 20 градусов.",1,0
71108,"Несмотря на финансовые трудности, время Гранта в качестве управляющего было изначально успешным.",1,0
71338,"Я не знаю зачем они мне здесь, но каждый божий вечер садятся за пишущие машинки и строчат все эти дурацкие письма.",1,0
71428,"На рассвете на расвете в траве, под горой, повыше на горе стоят два рогач-ассистента, неустанно следя друг за друга.",1,0
71534,Окончательный контроль за образовательными стандартами и качеством успеваемости учащихся осуществляется в форме государственной окончательной оценки.,1,0
71588,По объему добычи нефти должно занять 4-е место в мире.,1,0
71643,"В Абыйском, Верхоянске, Вилюйском, Горном, Нюрбинском, Сунтарском и т.д. записаны 15 образцов Олонхо, 4 сказки, свыше 170 образцов народно-песенной культуры, преданий от 119 знатоков эпической и фольклорной традиции.",1,0
71676,"Выполнение комплекса работ по замене или восстановлению конструктивных элементов автомобильных дорог, дорожных сооружений и их частей, при выполнении которых затрагиваются конструктивные и иные характеристики надежности и безопасности (капитальный ремонт дорог и сооружений на них).",1,0
71706,"После помолвки Диана оставила свою работу воспитаницы детского сада и некоторое время жила в Кларенс-хаусе, вестминстерской резиденции членов британской королевской семьи, где также жила королева-мать.",1,0
71897,Я был немного пьян.,1,0
72078,"Cd = Zp / 3f x 100% (для показателей, желаемая тенденция развития которых – снижение значений).",1,0
72102,"Обычно обеспеченность участковыми педиатрами составляет около 60%, обеспеченность участковыми терапевтами и врачами скорой помощи - около 70%.",1,0
72115,"Гусев, Высший Совет Безопасности",1,0
72175,Любимыми цветами Брюса Ли были хризантемы.,1,0
72188,"Президент РФ заявил, что неизбежно создаст военную угрозу на выборах в будущем.",1,0
72235,"поскольку центр масс центральной планеты Плутон - Харон лежит вне их поверхности, они считаются системой двойных планет.",1,0
72269,Liechtenstein had already в 1925 году проведён референдум о строительстве первой электростанции в Лоене.,1,0
72278,"Также стало известно, что в нем примут участие Афганистан и Таиланд.",1,0
72281,Тем не менее МВФ выдвинул ряд требований в отношении проделанной работы.,1,0
72534,"Ему больше нечего делать, кроме ловить в реке у его замка в Корбенике.",1,0
72545,Довольно широкое распространение занятости в неформальном секторе экономики сильно увеличившееся после Перестройки,1,0
72587,"Украинские контрольные пункты въезда-выезда (КПВВ) в районе проведения антитеррористической операции переходят на зимний график работы. Так, с 30 октября пропуск лиц и транспортных средств будет осуществляться в новых временных рамках: с 8.00 до 17.00.",1,0
72670,Научный подход к переложению кириллицы на латиницу не упрощает проблемы перевода казахского языка на латиницу.,1,0
72711,"Джанпьеро Рингель (Gian-Piero Ringel), продюсер кинокомпания Вендерса Neue Road, видит проект «первым высокохудожественным 3-D фильмом».",1,0
72861,"Возможно, право наследования социальных выплат уже закреплено в Гражданском кодексе.",1,0
72977,Самолёт способен идти на сверхзвуковые скорости.,1,0
73116,"Нью-Йоркская финансовая отрасль сосредоточена на Уолл-стрит в нижнем Манхэттене. В городе расположены штаб-квартиры крупных нефинансовых корпораций, среди которых Verizon Communications, Pfizer, Alcoa, Colgate-Palmolive и др.",1,0
73136,Государь плакал и Муравьев также.,1,0
73157,"-Часто они включают триаду симптомов, называемую синдромом дезорганизованности, включающую в себя расстройство речи, хаотичные мышление и стиль.",1,0
73162,"Туристический поток в Крым в текущем году вырос на 25% по сравнению с показателями 2015 года. Это стало реакцией на государственный переворот в Киеве, который был осуществлен в феврале 2014 года. Крым сохранил устойчивый рост турпотока на 25%, превзойдя итоговый показатель 2015 года (4,6 млн человек).",1,0
73383,"в области до 2000 г. (в некоторых колебании) смертности имела тенденцию стабилизировать: с 7,6 в 1990 г. до 15,",1,0
73522,"Он может говорить как по-английски, так и по-французски.",1,0
73567,"Некоторые из них были разрушены в дни Сталинградской битвы, некоторые были перенесены в новые и более монументальные здания.",1,0
73583,"пишет она нам свои, предназначенные для печати статьи, и мне тоже стало неловко за нее.",1,0
73636,"Задержанный полицейский, ранее сбивший автомобиль ушел из пассажиров.",1,0
73661,"Спускаемый зонд ""Чандарай"" с индийским лунным зондом ""Чандрарай"" достиг поверхности Луны, говорится в сообщении на сайте индийской организации исследований.",1,0
73662,Почему ты на него злишься?,1,0
73735,Основными проблемами в области культурного развития остаются: недостаточная материально-техническая поддержка культурных учреждений.,1,0
73815,зима в италии на итальянском языке называетсяinverto.,1,0
73849,Как долго ты здесь пробудешь?,1,0
73878,"Мысок этот не покрыт ледником, и это он представлялся нам в виде коричневой полоски на горизонте.",1,0
74037,"искажают образ и писателя. Не оказывается ни людей, ни веков.",1,0
74098,"Правительство намерено поддержать металлургическую отрасль страны, пострадавшую от мирового кризиса и снижения цен на сырье на мировых рынках.",1,0
74289,"Временное правительство не смогло решить проблемы, доставшиеся в наследство от старого режима: экономический кризис, продолжение войны, рабочий и земельный вопросы. Несмотря на все усилия Временного правительства, он не смог организовать продразвёрстку вследствие сопротивления крестьян и продолжения войны.",1,0
74308,Муссоны образуются вследствие разных процессов в слое воды у берегов какой страны?.,1,0
74391,"Затем нужно было снимать камеру — Витя это сделал, но колесо резко закапризничало и прекратило крутиться.",1,0
74466,"Я не знаю, на чем основано ваше предположение.",1,0
74556,"В целях повышения вовлеченности заинтересованных граждан, организаций в реализацию мероприятий по благоустройству муниципального образования городского поселения «поселок Новый Уоян».",1,0
74600,"С тех пор, когда дождь и снег смачивали тайгу почти каждый день, отчего даже пустые речушки пучились, надувались, пенились и гремели своим быстрым нагорным течением.",1,0
74975,король часто видел его старика Фридриху Великого и часто бывал у короля.,1,0
75005,Комиссия: «Помещение призывного пункта не обеспечено необходимыми бытовыми условиями».,1,0
75176,"После уничтожения эстонской.общины в Сибири жестоко сбили эктоническую ""страну дружбы народов"" 85 года назад, летом 1938 года.",1,0
75265,"Кейт Уинслет заработала пневмонию в съёмках сцен гибели «Титаника"" и вышла из больница.",1,0
75305,"Я считаю, что генерал-губернатор решительно и явно поддерживает воров и мошенников, разумеется, из гуманных видов.",1,0
75352,"К счастью, мы сидели в дальнем углу и никого не мешали.",1,0
75370,"Баку. 8 февраля 1943 года на аэродроме в Бакинском аэропорту приземлился самолёт-бомбардировщик Ил‑2 из состава 410–й БАД, пилотируемый лётчиком Ворожбитовым И., который совершил первый боевой вылет с аэродрома Баку по маршруту Москва — Тбилиси (Горис) и доставил важные разведывательные данные о дислокации сил противника южнее Гянджи[141]. 
 После выполнения боевого задания вернулся к своим частям 316 сд для пополнения боекомплекта боеприпасов; после дозаправки топливом самолёта у станции Аракс вновь был атакован немецкими истребителями Ju87Bfw190/G5 ""Штука""[154], которые атаковали бомбардировщики со стороны моря при заходе солнца 7—8 декабря 1942 г.[150] По воспоминаниям командира эскадрильи старшего лейтенанта Нелидова: ""...В воздухе нас сопровождали истребители Breguet 190F3"". Самолёты сопровождения также не остались без внимания немецкой авиации... При подходе наших истребителей немецкие летчики стали сбрасывать бомбы над нашими самолетами так близко от них что даже можно было различить маркировку их самолётов (""Junkers""); когда наши самолёты приблизились вплотную до 30 м один истребитель сбросил бомбу рядом [над головой пилота Николая Корякина][137 - Там же.]. Несмотря ни тонированный фонарь кабины пилотов советских машин они увидели как немцы открыли огонь пулемётными очередями! Один советский пилот смог выпрыгнуть парашютным способом через открытый люк машины за несколько минут перед тем чем были сброшены остальные три немецких самолета!.. На земле Николай Иванович вспоминает об этом эпизоде следующим образом:""Случилось это вечером 6 или ночью 9 числа 1941г.; я сидел возле своей землянке метрах ста пятидесяти под обрыв омываемого морем берега реки Куры где находилась наша авиационная база... Когда мы подошли ближе стало видно,что наш аэродром горит а самолеты стоят вокруг него разбросаны словно спичка брошенная наугад.Немцы вели интенсивный обстрел нашей базы но нам удалось уйти незамеченными...""{55}",1,0
75375,Большинство инкассаторских машин в России все же страховали на гражданскую ответственность.,1,0
75386,Премьер-Министр РК Владимир Путин встретился с вице-губернатором Чехии Ахметом Кадиром в Москве.,1,0
75440,"с 1947 по 1967 год он тренировал сборную Португалии, дошедшую до полуфинального чемпионата Европы.",1,0
75501,Гробницу с мумией верховного жреца Египта пытались вскрыть.,1,0
75560,"Индус, женился на белой мусульманке, женат на двоих детей.",1,0
75637,"Защитники Тимошенко неоднократно заявляли, что на самом деле тюремщики сами этого не хотят.",1,0
75784,Где Колотыгин позвал на помощь коллег?,1,0
75971,"Как прекрасен этот миииир, взгляните, любимые Коты или Жи Коты И без Зеленой Котовой Бусинки И без Котовой Музыкальной Бусинок!",1,0
76009,У Вики был свет до 3:00.,1,0
76048,"Доходы казино Армина Кару больше всего выросли в Эстонии. Больше всего прибыли предприятие заработало в Латвии — 15,6 млн евро, и доходы там повысились на 15,9%. В Литве заработали на 16,2% больше, то есть всего 5,7 млн евро.",1,0
76064,"Стерильны бывают и мужчины, но религиозная доктрина Галаад отрицает это, полностью возлагая проблемы фертильности на женщин и связывая это с их греховностью.",1,0
76186,"Авельские: стоят столбы с трофеями, сгорели, нет створок.",1,0
76238,Финансирование сельского поселения на очередной финансовый год запланировано на 2019 год. Объемы бюджетного финансирования ежегодно уточняются в установленном порядке в процессе исполнения бюджета сельского поселения и при формировании бюджета сельского поселения на следующий финансовый год.,1,0
76259,"Центральный банк Ирландии является основным органом, регулирующим финансовые услуги в стране. Основным органом регулирования финансовых услуг в стране является Центральный банк страны. В стране представлены все основные европейские банковские учреждения, разделяющиеся на три основные категории: расчётные банки, торговые и коммерческие банки, промышленные банки.",1,0
76327,"В Уфе загорелся строительный склад в новом микрорайоне «Яркий». По предварительным данным, погибших и пострадавших в пожаре нет. На месте работают несколько пожарных расчетов и спасателей. Что стало причиной возгорания пока неизвестно.",1,0
76503,"Следующий пример был первоначально представлен в RFC 2617 и расширен здесь, чтобы показать полный текст, ожидаемый для каждого запроса и ответа.",1,0
76667,Когда же из его уст я слышал слово Катенька - в голосе чувствовалась вся душа его.,1,0
76716,HTC предложил перенести праздновать Рождество на июль в Италии. «Главный патолог Бельгии» предложил перенести праздник на июль.,1,0
76919,Второй блок правительства предлагал совсем отменить накопительную пенсию и сделать пенсионную систему полностью солидарной,1,0
76947,"только те, которые переезжали далеко от лафертовского квартала, как: на Пречистенские и Хамовнические пруды или на Пресне, где часто объявляли Маковницю ведьмой.",1,0
77005,Т. 21. N3. С. 73-87.,1,0
77111,Он пошёл в комнату.,1,0
77122,"Управление государственными финансами и создание инструментария, обеспечивающего подготовку в режиме реального времени информационных и аналитических материалов для принятия обоснованных управленческих решений в целях повышения эффективности и результативности бюджетных расходов.",1,0
77180,"В 2005 году фильм был выпущен на DVD в Польше под названием Czasem slonce, czasem deszcz.",1,0
77202,Справедливых и безнравственных узнают по их болезням.,1,0
77237,"в «часовом поясе» он открыт в «чайнике», ежедневный обзор личных вещей. Открытый ежедневный просмотр личных вещей.",1,0
77372,"Полиция также обнаружила, что он имел сексуальные отношения с лошадь ми 25 августа",1,0
77384,"По вычислению Араго, если бы добавить Солнце в чашу весов, то для равновесия потребовалось бы на другую чашу 335 000 шаров, равных нашей Земле.",1,0
77412,Это в основном обусловлено и в виду общей пользы.,1,0
77425,У берегов Ливии замечены интенсивные перемещения военных.,1,0
77446,"Пожалуйста, выпейте пиво до того, как оно станет плоским.",1,0
77510,"Рябушинский призвал революционных деятелей проявить ""государственный разум"".",1,0
77644,"Спустя несколько дней, Чарли появляется в неожиданном виде и, наконец, helps team win the competition.",1,0
77731,Атомный номер железа – 26.,1,0
77774,В теннисной секции я сделал шестьдесят шесть пистолетов на правой ноге и шестьдесят шесть пистолетов на левой.,1,0
77783,"По его словам: пластинка играет очень свеже, и на ней Земфира «стремительно движется к любым форматам».",1,0
77935,Рани Рашмони прожил всего пять лет и девять месяцев после открытия храма.,1,0
77959,Он находится в следственном изоляторе особого режима столичного УВД.,1,0
78084,"сборная Англии на групповой стадии встретится со сборными Бельгии, Франции, Панама и Тунис.",1,0
78125,"Наоборот, католическая пропаганда в чистом виде не соответствовала идее христианского единства и, следовательно, должна была быть прервана.",1,0
78153,Я вчера съел яблоко.,1,0
78207,существующие трудовые активы в сфере производства электроэнергии и оборудования ориентировались в основном на лесопилку.,1,0
78250,Мы обсуждали проблему до самой ночи.,1,0
78526,Castrol является спонсором Роналду и спродюссировал документальный видео «Ривалду: «Ралли: Проверь».,1,0
78540,"Вдруг ясно почувствовала    греческого Пана.    Поняла, что   Христия - совсем еще не   все на   свете. Разве   мыслим   Пан   в   христианстве   (?)",1,0
78561,"в два счета, предположив дуэль, состоялась дуэль.",1,0
78865,"Доброе утро всем, кроме тех, кто решил перенести Чёрную Вдову на май.",1,0
78934,"По состоянию на утро воскресенья, 5 апреля, в результате аварии на трубопроводе в Азад Кашмире пострадали не менее 17 человек.",1,0
79162,"Увеличение средней заработной платы обеспечивается повышением заработной платы в бюджетных организациях, которое обеспечивается указом Президента Российской Федерации.",1,0
79408,"Примерами таких мероприятий являются судебная власть, в которой основные права защищены конституцией.",1,0
79608,"Е. Прохоров (DMS 1, Дубна, Г.В.",1,0
79615,"Американские комментаторы указывали на то, что Уильям Джонс не имел права вмешиваться в секундометристскую систему.",1,0
79848,"Значение показателей мероприятий задач, направленных на обеспечение безопасности жизнедеятельности населения
В соответствии с Планом основных государственных санитарно-технических и противоэпидемических (профилактических) мер по предупреждению завоза в Российскую Федерацию новой коронавирусной инфекции COVID 19 - 20 марта 2020 года утвержденным Постановлением Правительства Российской Федерации от 28.03..20 г., постановлением главного государственного врача Республики Карелия «О проведении профилактической работы среди граждан», приказом Министерства труда РФ № 380н ""Об утверждении порядка осуществления мониторинга состояния здоровья работающего взрослого человека",1,0
80007,"После прикосновения к замку, Гоголь получает новое видение: следующей жертвой Темного рыцаря может стать Лиза.",1,0
80030,"Люля и Лида ездили в разлив, взяли прошлогоднюю дачку.",1,0
80047,"Второй взрыв удивил спасателей, работавших на месте происшествия.",1,0
80238,"Недостаток средств, выставочного оборудования в музеях района.",1,0
80416,"Да, это конечно не казань... и не набережные челны, и не нижнекамск... тоже ничего, но все таки не нижнекамск...",1,0
80464,"Прихожу, мне дают другой ключ, объясняют, где мое новое жилище.",1,0
80629,"Поддержка правонарушений среди лиц, склонных к противоправным деяниям",1,0
80647,"На программу профилактики ВИЧ, вирусных гепатитов В и С направлено 14, 9 млрд рублей. На профилактику инфекционных заболеваний, включая иммунопрофилактику, будет направлено 76,9 млрд рублей, а на совершенствование обеспечения населения лекарственными препаратами и медицинскими изделиями будет заложено 251 млрд рублей на финансирование госпрограммы «Развитие здравоохранения».",1,0
80665,Ремонт проводится в рамках федерального закона от 01.07 1995 г. N 184-ФЗ «О Фондах содействия реформирования жилищно-коммунал ции».,1,0
80683,"Он избегал «сомнительного», по его мнению, сотрудничества с Меркуловичами.",1,0
80885,"В МО задокументировано 4 преступления экономической направленности, все выявленные преступления относятся к преступлениям категории предварительное следствие по которым обязательно (2015г. - 6).",1,0
80907,Снижение этих рисков осуществляется посредством регулярного мониторинга и оценки эффективности реализации программных действий.,1,0
81075,В 18 лет самостоятельно создал электромеханические замки с программным управлением для них (электронные ключи).,1,0
81292,Камснабу нужно решать все вопросы материально-технического обеспечения Камгэсэнергостроя.,1,0
81305,"Ты готов, Эмерл?",1,0
81383,Прикиньте лето будет как в десятом году но только нам уже не по двадцать лет.,1,0
81419,", Наш тесный круг историко-филологического отделения, в которое входили профессора и других гуманитарных факультетов, стал разбавлять профессора.",1,0
81482,Мы с папой знакомы уже много лет.,1,0
81630,Два неоклассических здания известны как Законодательный дворец и Федеральный дворец.,1,0
81647,"Филипп III (родился 9 декабря 1559 года) был королем Испании с 1559 по 1559 год. Он был лидером коалиции, возглавляемой Генрихом",1,0
81868,"Когда геологическая граница притягивается к линейным элементам, все вершины проверяются на близость линейного элемента.",1,0
81943,Фurla выпустила ограниченным тиражом сумку Metropolis,1,0
81986,"Газпром"" отказался от приобретения дополнительной мощности по сравнению с Украиной и отказался от выкупа лишь 1% мощности через Польшу.",1,0
82028,и с этого дня отношения между поссорским домом и усадьбами Попельские стали дружескими.,1,0
82033,На авто с охотниками за слонами напоролись почти тонну навоза из потревоженных животных и попали под обстрел стрелков .,1,0
82115,"В эти дни, после 12 апреля, любившие и узнавшие близко Цесаревича собирались вместе в тесный кружок вспоминать и беседовать о нем.",1,0
82234,"В настоящее время соли мышьяка и висмута сами почти ушли из медицинского применения в связи с появлением большого арсенала высокоэффективных и значительно менее токсичных антибиотиков. Но, тем не менее, препараты висмута (бийохинол) и мышьяка (миарсенол) всё ещё имеют применение в случаях сифилиса, резистентных к действию антибиотиков.",1,0
82267,"-Лан-ла-ла. В смысле, подумал студент Алтана, что вы подумали?.",1,0
82300,"На юго-западе Финляндии расположен Архипелаговое море — крупнейший в Финляндии архипелаг, вдоль берегов которого расположены тысячи скалистых островов.",1,0
82304,Субсидии распределяются между субъектами малого и среднего предпринимательства на конкурсной основе в соответствии с Порядком предоставления субсидий на государственную поддержку начинающим субъектам малого бизнеса. Администрация муниципального образования Пронский муниципальный район Рязанской области утвердила Порядок предоставления субсидий в виде грантов начинающим субъектам предпринимательства.,1,0
82370,"Даже только началась репетиция, артисты поставили роскошные кожаные глубокие кресла — взятые из Благородного Собрания — и вскочили на них сапожищами.",1,0
82470,'Разведка! Савелия ушла.,1,0
82527,"В азербайджанском фольклоре можно найти многочисленные дастаны XVI—XVII веков, в которых отражены реально имевшие место события. Начиная с XVI—IX веков записывались стихи народных певцов — ашугов. Известны произведения Гурбани, Сары-ашуга, ашуга Алескера, ашуга Аббаса Туфарганлы, ашуга Валеха.",1,0
82575,Реализация стратегических целей и достижение целей,1,0
82600,"Именно поэтому растет интерес, особенно среди молодых мужчин и девочек старшего возраста, к совершенствованию своих навыков и посещению учебных и обучающих курсов.",1,0
82759,"И, конечно, и mama, и papa, и муж и здесь не могли.",1,0
82874,"Это говорит о том, что на этой вилле, принадлежащей одному из лидеров «Аль-Шабаб», тренировались иностранные наемники группировки.",1,0
82876,"По основному носителю (на основе DSR-2) 

В качестве основного источника энергии в этом устройстве используется аккумуляторная батарея с напряжением 7 В. Для питания устройства используются четыре независимых аккумулятора типа 18650, емкость каждого из которых составляет 1 Ач и напряжение – 3 Вольта при напряжении 4 вольты или 5 -6 Вт соответственно; каждый такой элемент имеет свой собственный ток заряда/разряда: два элемента имеют по 6 ампер на каждую свою единицу мощности[1]. Кроме того источником электроэнергии служат три пары светодиодов CRT135VLD для управления светодиодной подсветкой прибора [3]. Светодиоды",1,0
82887,Помоги цветной вазу с водой.,1,0
82901,Насильство было лишь дополнительным мотивом и не всегда имело место.,1,0
82960,Незнакомец говорил со мной в автобусе.,1,0
82964,Должно быть некоторое ограничение.,1,0
83014,"Назовите твой топ-4 месяцев в году: октябрь, декабрь,июнь или апрель",1,0
83054,", «Как следует из их клятвы, у Дьявола также нет частички ада, а только кусок угля из ада».",1,0
83063,"Да что ж тебе рассказать, хоть как вы замуж",1,0
83174,"Американские морпехи подбрасывали компакт-диски с пропагандистскими роликами «Аль-Каиды» в местах антитеррористического рейда. По данным издания The Daily Beast, британская пиар-компания Bell Pottinger получила от Пентагона в период с мая 2007 года по декабрь 2011 года 540 млн долларов за «информационные и психологические операции».",1,0
83195,Это упрощает навигацию и эксплуатацию самолета и позволяет пилотам сосредоточиться только на наиболее актуальной информации.,1,0
83197,В 1930-х годах Николай и Андрей Ельцин (отец и дядя будущего президента) из Уральской деревни Басманово приехали в Казань построить авиационный завод.,1,0
83251,"Вчера появилась панорама Ватерлоо: я думаю, снимут панораму и с мостов.",1,0
83271,"На данный момент конструкция разобрана, все последствия пожара убраны», - сказал Ахметшин.",1,0
83300,", «Пожалуй этот тест, первый «криминального» теста, который должен проводиться в практике системы государственной санитарно-эпидемиологической службы», - сказал при этом Онищенко.",1,0
83451,Где-то на дне посольства открылось окно.,1,0
83463,"В гинекологическом кабинете можно будет извлекать гигиенические тампоны после окончания менструального периода, что, в свою очередь, чревато негативными последствиями, например, может привести к токсическому шоку.",1,0
83616,В нашем районе тихо и пасмурно. После 22 часов небо покрылось облаками и дул порывистый холодный ветер. На небе видны звезды.,1,0
83682,"А - построенные автомобильные дороги общего пользования межмуниципальным значением, км;",1,0
83714,"Его источники очень редки, и поэтому эта музыка в основном утеряна.",1,0
83777,"Усиление центральной власти, нейтрализирование целых провинций на основе коалиции, отвратит массовые убийства, введенные Гульбеддинами.",1,0
83952,"По мере того, как лесные пожары превращаются в отдельные островки, популяции животных распадаются на небольшие группы.",1,0
83973,"Поставка Подпрограммы из бюджета муниципального образования «Краснинский район» Смоленской области будет осуществляться в пределах средств, утвержденных на ее реализацию в настоящее время",1,0
84001,"Французский инженер-электрик Роман Либлинг, которого отправили в концлагерь Маутхаузен, пережил войну и уехал в Париж. После войны он жил не с отцом, а с матерью, а в комнатах, снимаемых у разных семей, не поддерживал близких отношений с отцом или молодой мачехой.",1,0
84034,Свыше 30 российских сельхозпроизводителей попали под санкции Турции (результаты проверок 9 июня).,1,0
84071,Капитан Блэк снова съезжал с побережья и пробывал на берегу весь день.,1,0
84301,"Агентство ""Газпром нефть"" отмечает существенную динамику по контрактам при покупке газа у единственного производителя этой нефти",1,0
84434,Три домика из жердей и камышовых стропилок на берегу реки Сисим в Приморье,1,0
84467,Что же касается собственно Бастамо-Шахрудской губернии?,1,0
84520,"Министерство решило не продлевать временное разрешение на проведение экспериментального вещания этим радиостанциям, поскольку они не выполнили предыдущее требование.",1,0
84643,"Ничего угоднее Благословенному Господу и быть не может, как искоренение нами людей нечестивых и клифотов».",1,0
84648,Бюджет Первомайского сельского поселения на реализацию муниципальной программы первомайскому сельского поселения ««Охрана окружающей среды и рациональное природопользование»,1,0
84716,Организация технического обслуживания общественных дорог местного значения и обеспечение непрерывного и безопасного движения в соответствии с утвержденными стандартами.,1,0
84719,У каждой семьи в гардеробе есть скелет.,1,0
84744,Ты действительно трудолюбивый работник.,1,0
84772,"Симак предположил (см. выше), что их предлагают к зачислении, а затем по своему выбору они могут набирать студентов.",1,0
84842,"Австралия также вспомнила, что это был первый раз, несмотря на второе место и тот факт, что Торвиль и Дин были чемпионами.",1,0
84885,Британские консерваторы потеряли абсолютное лидерство на выборах парламента.,1,0
84894,/ O / Statistics Canada 2006 / октябрь: 26 918 студентов и 6 271 гимназист обуч,1,0
85017,"В Китае сохраняется опасность дестабилизации ситуации, если страна не сможет эффективно адаптироваться к новым требованиям открытости и либерализации после присоединения к ВТО.",1,0
85046,"Не надо бежать, но надо бежать как можно быстрее, атаковать как можно чувствительны.",1,0
85107,в 2010 году Недялкова через подставные фирмы-однофамильцы вывели за границу более миллиарда рублей.,1,0
85174,ging.dnevnik.ru представила результаты социально-экономического развития Сальновского сельсовета Хомутовского района в сфере реализации муниципальной программы «Социальная поддержка граждан в Сальновском сельсовете Хомутовский района Курской области».,1,0
85270,"Она безуспешно попросила его вернуть тело своего умершего сына, King Harold.",1,0
85305,"Этот дождь идёт только в определенных местах, и о начале дождя оповещает радуга.",1,0
85403,Мы ее всех возрастов не стесняемся — просим расколоть орех — туземец ловко раскалывает и прорезает отверстие в самом орехе.,1,0
85988,"Понятия не имею, о чём ты.",1,0
85997,"на Садовую Авиву пришли французы и вручили посылку от Анны Давыдовны, получавшей посылку с Америки.",1,0
86053,Направление расходов на реализацию программы осуществляется в соответствии с текущими расходами.,1,0
86057,"21 февраля 2006 года по каналу ""Варкон энтерпрайзис"" были проведены шоу ""Стрит драм корпусс.""",1,0
86074,"Мы по- прежнему ссорили наших соседей между собой, чтобы уменьшить их силу. Я поддерживаю слабых, чтобы поддержать слабых.",1,0
86129,Хабибулин не слушала Вячика.,1,0
86140,"Браузер ""Амиго"" теперь может звонить одновременно с пятью абонентами.",1,0
86159,"И все же впереди было бесконечное, бессмысленное лето, а потом снова одиночество, пустота, печаль!",1,0
86215,Яин еще в прихожей встретил кого-то радостным лицом.,1,0
86248,"Мероприятие 1.02 ""Содержание жилищного фонда"" с 1 мая.",1,0
86527,"Днём пошли на склад чайной компании ставить ловушки на крыс, которые жили там житья не стало.",1,0
86719,"-- В отсутствие Алики будет трудно выбраться, -- к сожалению, сказала Коля.",1,0
86881,"К сожалению, это место occupied?",1,0
86907,"В Таганрогском окрестностях в шахте ""Капитальная"" екатеринославского горнопрмышленного о-ва насыплено 10 рудокопов.",1,0
86908,Вчера ночью мне приснился ужасный сон.,1,0
87004,"Почему тогда та же сила, которая стала видимой в материализованном органическом изображении, иногда в ярком, превращается в галлюцинацию?",1,0
87059,"Вот что у него в брюшной, это замечательно!",1,0
87117,"В августе 2002 года были записаны две новые песни — «Убей мою подругу» и «Доброе утро, папа!«»",1,0
87202,"С 6 до 12 часов, дождь, шторм и перерывы.",1,0
87300,"МАМА, ТЫ ПОДСКАЗАЛА СПИСОК СОБСТВЕННОГО ЧТО НАДО КУПИТЬ?",1,0
87518,"Примечания: создание условий, способствующих недопущению совершения актов террористического и иного экстремистского характера на территории района.",1,0
87551,ExxonMobil сегодня объявит данные по квартальным активам в первом полугодии.,1,0
87684,Подпрограмма 2 «Организация предоставления дополнительного образования детям художественно-эстетической направленности» (STEM),1,0
87696,"задачи: укрепление здоровья учащихся, развитие физического и умственного благополучия, развитие спорта в общеобразовательных учреждениях.",1,0
87737,"распределительный газопровод микрорайона Южный протяженностью 2,1 км",1,0
87741,Макс Покровский выступал в поддержку Навального.,1,0
87761,Лишь к этому времени он попал в зал.,1,0
87811,12 октября одновременно были открыты два интернет-центра: в Калининграде и Махакале.,1,0
87905,дерево боится рубок и уходит в лес.,1,0
88013,В Афганистане этот четвертый хорошо известен.,1,0
88239,"Капсид состоит из одинаковых белковых субъединиц, называемых капсомерами.",1,0
88241,"В Сосновом бору в Кузбассе отмечены пять видов животных и девять видов растений, внесённых в Красную книгу Кузбасса.",1,0
88257,"Однажды ночью в кубрике украинский моряк произнес фразу ""одна веревочка"", за что был избит матросом.",1,0
88319,В июле по месяцам знаки ЗОДИАКА.,1,0
88392,Иск будет предъявлен в городской суд Сан-Франциско.,1,0
88461,"Я должен спросить у сестры, что она собирается идти домой.",1,0
88464,"стоит иной раз жара, вся земля стоит; Аникея, бывало бывало, ходит всех ободрял.",1,0
88468,"""Практически съедобный - профиль Монт д'ор"".",1,0
88562,"В конкурсе на лучшую молодежную литературную литературу на тему «Зима и снег» принимают участие клубы и кружки НТТМ, общественные молодежные конструкторские бюро, лаборатории, научно-исследовательские группы предприятий, НИИ и учебных заведении, бригады, а также отдельные активисты НТТМ.",1,0
88841,"-- Что бы ты ни сказал, -- ответил Денис.",1,0
88931,Мукояма сегодня отправился в Сиракава со своей семьей на место службы.,1,0
89014,"пишет ""Интерфакс"", заместитель начальника якутской полиции Самсон Чупров.",1,0
89081,"(от 25% до 35%) заявили, кто им не нужен.",1,0
89096,"идея сравнивать народы по тому, что они делают с представителями других животных, не нова вовсе.",1,0
89182,Роспотребнадзор подготовил проект о мерах профилактики для защиты от возможного вторжения вируса Зика при проведении вакцинации против всех видов заражённых вирусом бешенства домашних животных.,1,0
89225,"Наше настроение, разговоры и поступки в основном проникнуты предчувствием тех кровавых событий.",1,0
89264,"В начале апреля 1942 года, по официальным данным Генерального полицейского управления оккупационных сил, в Минске было зарегистрировано 20 000 трудоспособных евреев.",1,0
89297,"Вскоре она умерла и заболела туберкулёзом, и поэтому состояние её ухудшилось, и она посоветовала привести Лютеранскую церковь.",1,0
89347,", Илья Финогенович, на чем мы остановились? - продолжил Илья Финогич.",1,0
89468,"Реализация Программы планируется на три года, в течение которого предусматриваются:",1,0
89738,Новость вызвала у неё много боли.,1,0
89980,Дивизион потерял 7 убитыми и две сотни пропавшими без вести за семь дней боев.,1,0
90006,", организованное Государственным комитетом по дополнительному профессиональному образованию / МОК, состоялось 29 октября 2005 года в Москве.",1,0
90081,Полицейских заставят более жестко наказывать нарушителей порядка в ходе несения службы.,1,0
90171,"Для депутатов по телевидению минут пятьдесят показывали зевающих, слоняющихся по залу заседаний депутатов в ожидании результатов голосования.",1,0
90204,"DBB заявляет, что для него «люди стоят на первом месте» и призывает бороться с сокращением рабочих мест.",1,0
90241,"Алла рассказала, что Наум заходил в лабораторию.",1,0
90279,"FLAERTI добавил, чтоС «отвращении» читал его тексты, в том числе песню«Kill you» в его песнях.",1,0
90363,"Король, Мария Нуньес и Мануэль спустились в шлюпку офицеров фрегата в честь Тирадо познакомился со своими воинскими командирами.",1,0
90366,на расстоянии тысячи миль (2000 км) от Ург до Калганы - одну и та же равнину.,1,0
90490,Move to the City уже была выпущена в EP предыдущего года Live?!Как и самоубийство.,1,0
90535,Я с нетерпением жду его.,1,0
90555,"В целях обеспечения устойчивых темпов роста экономики Правительством Омской области реализуются меры, направленные на создание благоприятных условий для инвесторов и хозяйствующих субъектов, стимулирование инвестиционной деятельности.",1,0
90652,Для меня становится глупой привычкой поклоняться чтению моего закона.,1,0
90672,"Исходя из вышеизложенного, принять данную подпрограмму будет способствовать в конечном итоге увеличению числа жителей района, занимающихся физической культурой и спортом.",1,0
90748,"Немецкая военная доктрина была основана на взаимодействии родов войск вообще и особо тесном взаимодействии пехоты, сапёров, артиллерии и пикирующих бомбардировщиков. В этом случае немецкой пехоте приходилось драться с советской — винтовками, гранатами, штыками и ножами.",1,0
90757,Индикаторы развития муниципальной инфраструктуры 38,1,0
90850,"В речи ""образованный марксист"" должно были понимать фразу «болван и пустомеля"".",1,0
90851,", в этих словах упоминается «сотрет голова змия», лишит сатану его оружия.",1,0
90873,Мы провели приятный вечер.,1,0
90944,"Накануне парада по случаю 10-летия восшествия на престол государя во Владивостоке произошла жестокая бомбардировка города. В городе загорелся склад материалов, загорелась читальня и наборная «Нового края». Очевидцы сообщают, что мичман Дмитриев и прапорщик Морозов удачно подошли за бухтой Тахэ к японскому контрминоносцу и попали в него миной.",1,0
90953,"Гости, собиравшиеся к Рашели, до того дохохотались, что отправились в театр часом позже.",1,0
90961,Певец Крис Браун присоединился в качестве крестника ко Дню Святого Валентина.,1,0
91083,Тот не стал мне говорить,1,0
91142,Она слушала его скромными глазами.,1,0
91206,К концу третьего действия это сентиментальная драма оказалась очень сильной.,1,0
91225,"При реализации подпрограммы необходимо руководствоваться принципом обеспечения согласованности и координации действий всех участников программы населения, органов местного самоуправления, инвесторов, предприятий и организаций различных форм собственности.",1,0
91230,"В период Сталина экономическая модель мобилизации поддерживала только привилегированные слои общества (бюрократия, творческие и научные интеллигенции, барабанщики).",1,0
91358,"Сотрудники ""Нафтогаза"" Великобритании раскритиковали бездетную королеву Елизавета, как в обществе существует повышенный интерес к действиям правителей с наследниками.",1,0
91377,"Воскресенье. Заговенье пред Масленицей. На Литургии крещен один; совершал крещение о. Андрей Метоки, вновь поставленный иерей; руководил его о. Семен Юкава.",1,0
91401,"Вообще-то, ты можешь рисовать и рисовать всё, что захочешь.",1,0
91467,За молнией обычно следует гром.,1,0
91501,Я гуляю по парку.,1,0
91502,"и был в основном занят музыкальными, аудиоспектáми на радио.",1,0
91546,Эnnj - эффективность реализации j-той подпрограммы по формуле (1).,1,0
91676,"Там не было света, была полная тьма.",1,0
91785,MindFreedom International и Всемирная организация здравоохранения (ВОЗ) разработали проект дорожной...Разработанный проект дорожной карточки по повышению показателей доступности объектов для инвалидов.,1,0
91807,"В процессе бурения на весу, подвешенный на тонком стальном тросе и удерживается.",1,0
91873,На Кавказской области кавказская областная организация воспротивилась созыву пленума.,1,0
91889,"Остались только общины хариджитов, аджрадитов, азракатов, маймун, наддитов, язидов и т. Д.",1,0
91894,Ты пытался объединить мечту и реальность.,1,0
91957,"Тел. 905-42-19, 944-17-62 7. Эффективный москвист, 34 года, наслаждается днем отдыха для богатого джентльмена.",1,0
92010,"Сразу начинается первокурсник «ДеВОЧКИ МОИ, осадите, через недельки две вы будете ходить как бичи в универ», если вообще будет «""",1,0
92045,", Мюссе грустен; Жорж Сан, окружая его заботой.",1,0
92115,"Однако не знала, что октябрь месяц гордости геев.",1,0
92133,"В Сбербанке ставки в несколько процентов ниже, обычно в два-три раза ниже,чем у других банков.",1,0
92142,"Затем она убежала в Пекин, где сменила имя.",1,0
92145,"Все они работали в группе ""Малеволент Кришн"" в 1989 году, но решили создать свою собственную группу.",1,0
92202,Орел и принцесса встают.,1,0
92208,"Британский снукерист Марк Селби проиграл номинальному хозяину соревнований по снукеру Цзюньху Дину в финале «Международного чемпионата» в Китае. По мнению экспертов, в этом матче виноват, как всегда, американский президент Дональд Трамп.",1,0
92247,"В программе Радио Всем: генерал Ганс Кребс запомнился навеки, мясо уступает жирам яйцам, И. Хвалибов и Богомаз вспомнили о мясе, пропавших еще до революции.",1,0
92319,Усиление и развитие спортивных традиций и связей имеет большое значение для развития физической культуры и спорта.,1,0
92377,"Я понял, что тебе ничего не хватало. Я ничего не мог. Я знаю, что не может с ней другого представить.",1,0
92591,"Самая исключительная власть, которой обладает монарх, - это королевская прерогатива помилования.",1,0
92600,"Компании А, В и Ф обнаружили японское патрульное подразделение вблизи вершины Ауттинской горы.",1,0
92676,"Тот же парень, возможно, самый близкий к Узбекам.",1,0
92816,Основными факторами риска являются:,1,0
92919,Прогнозные затраты на газ для коммунальных услуг за рассчитанный период представлены в таблице 20.,1,0
92938,"Воспитательный дом на долгое время стал важным московским оспопрививательным пунктом, где самостоятельно производили вакцину и прививали всем желающим.",1,0
93021,Аутентийский дом моды Gucci был основан в 1921 году модельером Гуччо Гуччи (Guccio Gucci).,1,0
93082,"якутов, затруднившихся названием многих привезенных русскими вещей, называют русскими именами. Они и вошли надолго в состав русского языка.",1,0
93117,"Верхняя берма в центре крепления выведена на естественную поверхность, которая образует небольшой городской сквер.",1,0
93169,"Программный метод решения вопросов патриотического воспитания способствует развитию форм и методов работы органов и учреждений социальной сферы района, взаимодействию с правоохранительными органами, ветеранскими и детскими общественными организациями и объединениями в целях формирования и развития системы гражданского и патриотичного воспитания подростков готовности к достойному служению обществу и государству, увековечению памяти защитников Отечества.",1,0
93204,Следственный комитет России возбудил дело в качестве подозреваемого в отношении главного инженера управления Роснедвижимости по Еврейскому автономному региону Юрия Недоеслова.,1,0
93256,В Большом театре в нынешнем году в репертуар Большого театра включена постановка оперы грузинского композитора Палиашвили Абесалом и Этери.,1,0
93373,Сколько является объектом эксплуатации ветхих водопроводных сетей,1,0
93500,"В мире инфекционных заболеваний, в том числе вирусных, редко представляется достоверно. Исключая фильмы-биографии учёных и фильмы, повествующие о великих эпидемиях прошлого, в большинстве из них центральным событием является вспышка неизвестного болезнетворного агента, появление которого стало результатом акта биотерроризма, инцидента в лаборатории, или же он попал из космоса.",1,0
93606,"Некоторые еще терзают, мелют, мнут душу желания в безысходности все укрепляется.",1,0
93651,"В рамках основного мероприятия «Создание материально-технической базы для занятий физической культурой и спортом на основе современных технологий» запланировано приобретение спортивного оборудования и инвентаря для массовых видов спорта, сохранение и увеличение количества спортивных площадок, полей.",1,0
93681,"Нет, все понимали, что Грузия что-то готовит, но трудно было даже представить, что мы видели.",1,0
93749,"Умерла британская женщина, искавшая покровительство.",1,0
93784,"Лавров призвал запретить совмещать несовместимое при создании фильмов на ""КиноПоиске"" или хотя бы ограничит",1,0
93838,"Благодаря Вьетнамской войне и необходимости регулярно ремонтировать повреждённую в боях и от подрывов на минах авто- и бронетехнику американцам удалось вступить в любую другую крупную региональную войну в Азиатско-Тихоокеанском регионе, не беспокоясь за сохранность боевой техники, живучесть и ресурс которой могли бы быть многократно продлены благодаря развитой ремонтно-восстановительной инфраструктуре.",1,0
93862,Тюрьма покинуть мужчину не успела: его вытащили из укрытия и после медосмотра вернули в камеру.,1,0
93871,"В мексиканском штате Синалоа неизвестные напали на вооруженный армейский конвой, перевозивший одного из опасных преступников. В результате нападения погибли шестеро солдат. Преступникам удалось сжечь два армейских внедорожника и освободить своего подельника.",1,0
93927,"Ибо в шесть дней сотворил Господь небо и землю, море и все, что в них, и в седьмой день покоился.",1,0
93967,Но никто и никогда этого уже узнать не сможет.,1,0
94151,Это вещество переходит от твердого к газу.,1,0
94390,": Реализация планируемой деятельности позволит увеличить численность населения, повысить продолжительность жизни.",1,0
94407,"В баскетболе впервые по десять человек, от каждой из которых на площадке одновременно присутствует пять игроков.",1,0
94564,"Администрация Красносулинского городского поселения одобрила бюджет Красносулинского района на 2017 год и на плановый период 2018-2019 года, руководствуясь ст. 33 Устава муниципального образования «Красносулинское городское поселение» и постановлением Администрации Красносулинского поселения от 09.09.2013 No 405 «Об утверждении Порядка разработки, реализации и оценки эффективности муниципальных программ» и методических рекомендаций.",1,0
94566,"В с. Худолеевка Полтавской области продолжается тушение торфяного пожара на общей площади около 20 га. К тушению задействованы 57 человек личного состава и 23 единицы техники. Вчера пожарные ликвидировали пожар поверхностных залежей торфа на площади 0,4 га на территории с. Денисовка Оржицкого района.",1,0
94588,Загрязнение оказывает катастрофическое воздействие на экологию региона.,1,0
94649,"""Сантос"" обыграл уругвайский ""Пеньяроль"", выиграв Кубок Либертадорес.",1,0
94790,обеспечение безопасности информационных систем администрации Конишевского района Курской области в соответствии с требованиями действующего законодательства;,1,0
94883,"есть на болоту бекаси, ракушки, турундалы, улитки летают.",1,0
95037,"Дарья Михайловна протягивала ему руку, и он ничего не спрашивал.",1,0
95038,"Она привела воронцовские корабли во Франции, значительно много денег извелъ, кроме денег.",1,0
95150,"С 1 октября вступает в силу закон No1474-VIII о переходе на ID-паспорта с биометрией. Документ будет оформляться на четыре года лицам, не достигшим 18 лет, а остальным – на 10 лет. В то же время для оформления загранпаспорта, дипломатического, служебного и ряда других документов будут использоваться оцифрованные отпечатки пальцев рук.",1,0
95168,"направляли мероприятия комбедования против зажиточной крестьянской семьи, имеющих землю.",1,0
95295,"Местом прорыва был выбран район села Белики (Бельский уезд, Херсонская губерния), который находился в непосредственной близости к границе. По плану наступления на Бельск планировалось силами двух пехотных и одной конной дивизий перейти государственную границу с Румынией по рокаде через село Пруды — это было наиболее вероятным путём отхода из-под удара советских войск[1]. 
 Наступление началось 16 мая 1919 года после трёхдневного артиллерийского обстрела советской территории артиллерией противника при поддержке авиации румынской армии.[3][4] После нескольких дней напряжённых боевых действий войска 5‑й дивизии перешли госграницу Румынии у города",1,0
95297,"вводит отчеты в подсистемы ГАСИ. Отчеты заносятся в подставы, подразделения и базы данных ежекварталом не позднее 25 декабря.",1,0
95435,"Петр Барон, Председатель правления VAB Group: «Нам больше нравится 'ВиЭйБи', чем 'ВАБ'.",1,0
95538,"Берковский, Смоленский, Гердт, Козаков, Камбурова, целый ансамбль принес Галутва, Тоня Кузнецова, Лиля Толмачева, Клейнер.",1,0
95642,Папа Римский занял пост главного санитара.,1,0
95984,Дилемма заключенного лежит в основе некоторых теорий человеческого сотрудничества и доверия.,1,0
96029,"Дамы и Джеральд заинтересовывают таинственной личностью Лакмэ, Фредрик с восторгом отзывается о ней.",1,0
96144,"Бет подробно описала то, что видела.",1,0
96239,И не надо делать больше.,1,0
96293,"На острове Св. Потоцкий написал реплику, которую я пишу вслух, чтобы уладить не только по смыслу, но и по эмоциональной выразительности.",1,0
96362,"Песня «Ted» была написана в начале 1970-х годов и стала одним из главных хитов британского рока. В 1980 году песня получила статус платиновой, а её автор — Пол Маккартни. Песня вошла во второй альбом ""Let It Be"", выпущенный лейблом Atlantic Records под названием ""«A Tribute to The Fallen»"" (1979). Альбом был записан совместно с группой Coldplay; он включал также ремиксы на песни группы Queen: «""Come Home Again""», которые стали саундтреками к фильмам Джорджа Ромеро («The Lost Highway»), „",1,0
96401,Спит за рулем и машину вынесло на встречную полосу.,1,0
96481,Германия для «Роснефти» является одним из ключевых партнеров».,1,0
96529,"Их природное сложение и свойства: храбрость, хищность, жестокость, добродушие, гостеприимство.",1,0
96595,Сколько я должен заплатить?,1,0
96644,"Возмущенные начали отвечать на звонки, несколько спало напряжение.",1,0
96657,"Под твитом перепись несчастных людей, не заставших своих владельцев натянуть знаменитые шарады на кольцевой.",1,0
96678,"Ночью, Одри, читая Хичкок, не спит, он боится...",1,0
96726,Соловьев рассказал о просмотре в эфире одного выпуска шоу с Малаховым и Корчевниковым.,1,0
96742,"Сидни В. Фокс изначально предположил, что они могли быть предшественниками первых живых клеток (протоколов).",1,0
96757,"Сохранившиеся рукописи, найденные на месте раскопок в районе города Кушва и относящиеся к XVI–XVII векам.
В 1572 году археологи обнаружили останки трех человек (существовало два варианта: первый — один мужчина с лицом мужчины) из племени ашхати-бихарди («мужчины»); второй вариант предполагает наличие двух мужчин примерно возраста 35 лет; оба были вооружены копьями со стрелами по голове». В результате исследования удалось установить личность первого «племени», жившего около 1400 года до н э., — Анунаки – сына одного вождя клана Бхара",1,0
96915,"Третий, связанный со вторым, следует за его предшественниками.",1,0
97256,гштб фнд во время новостей про роран ачжуна и цзинь юаня?,1,0
97384,"Муниципальное имущество более сужено по составу, так как с его помощью решаются иные по сравнению с государственными вопросами местного уровня.",1,0
97387,Женщина повернулась спиной к мужчине.,1,0
97404,"Российский президент Владимир Путин провел встречу с президентом США Дональдом Трампом, в ходе которой он обсудил с Трампом ситуацию в Восточной Европе.",1,0
97424,"Банди подавлял сопротивление жертвы, а затем оглушал её, закреплял наручники на руках и душил её в значительном отдалении.",1,0
97470,Победа при Пьяве стала последним наступлением Австро-Венгрии и одновременно прологом последующих побед Антанты.,1,0
97503,Центральная избирательная комиссия Российской Федерации также признала решение башкирских депутатов незаконным.,1,0
97504,"Если я заплачу тебе один доллар, мы уйдем.",1,0
97605,"Экономическая оценка существующих методик терапии, способных замедлить угасание когнитивных способностей, отодвинуть институционализацию или уменьшить число часов, уделяемых на уход за больным, говорит о положительных результатах.",1,0
97657,оснащение силами аварийно спасательного подразделения современными образцам техники и оборудованием для обеспечения возможности выполнения задач по предназначен ности.,1,0
97872,"Хадж совершается в преддверии праздника жертвоприношения Курбан-байрам, отмечавшегося 12 сентября.",1,0
97913,Раздел 8 Финансово-экономическое основное построение программы,1,0
98067,Позволь мне надеть твой чемодан.,1,0
98113,Больше всех запомнилась екатеринбургская модница.,1,0
98138,"Это мне подтвердил Кугульский, который артистов сам видел.",1,0
98233,"небольшие случаи коллаборанства были на тех территориях, которые существовали партизанские движения.",1,0
98317,Международный музыкальный фестиваль Jazz-Весна в Самаре проводится раз в два года в марте.,1,0
98379,лето 2020 одно фото где?,1,0
98406,его четвертым в ссылку отправили муллу четверо наиболее важных здесь муллов высланы на Волгу за распространение национализма.,1,0
98484,"На реализацию мероприятий муниципальной программы планируется выделить бюджетные средства в размере 172802,30 млрд. с рублями.",1,0
98652,Их количество сокращается до десяти.,1,0
99059,"Ладно, это понятно, это закон облачного поведения над морем.",1,0
99085,"Учитель заметил грамматические ошибки, совершенные студентами.",1,0
99218,"Организация, помогающая молодежи в том числе проводить личные подсобные хозяйства",1,0
99244,12 января 1827 г. в Тверь был отправлен Микалай Павел III. Его усадой было утвердить императором Микалая Павла III.,1,0
99339,Полгода после начала моей аллергии на цветение,1,0
99341,"Мы были «мальчиками», героями людей, которых мы освободили.",1,0
99343,В Башкирии возбуждено уголовное дело против местной саентологической организации - «Уфимского Центра дианетики и саентологии».,1,0
99432,"Проводимая в крае работа направлена на решение следующих задач: 
 - повышение эффективности использования бюджетных средств и их рационального расходования; создание благоприятных условий для эффективного функционирования организаций бюджетной сферы, а также органов местного самоуправления. В настоящее время доля расходов бюджета края по доходам от оказания муниципальных услуг составила более 50%, объем оказанных государственных (муниципальных) услуги – свыше 70%. По уровню качества предоставляемых населению госуслуг лидирует Приморский край среди всех субъектов Российской Федерации при этом качество предоставления ими значительно ниже среднего уровня других территорий России [1]. К примеру",1,0
99433,В ответ на турецкое вторжение в Россию в 1877 году Россия начала строить Транссибирскую магистраль.,1,0
99739,"Товарищество сельскохозяйственных товаропроизведителей - организации и объединения, действующие на территории Ямальского района по производству сельскохозяйственной продукции.",1,0
99782,Военные искусства стали популярными в Иране за последние 20 лет.,1,0
99819,Финансирование конкурсов не осуществляется из средств местного бюджета.,1,0
100097,"Судя по его акценту, он, должно быть, из Осаки.",1,0
100148,"Джошуа Кляйн перечисляет такие отличительные черты творчества Поланского, как «мастерское повествование» и тщательный психологический анализ. А Пол Вернер добавляет, что отличительными чертами режиссёрской работы являются «клаустрофобная теснота основной обстановки» и «беспокойная атмосфера подозрительности и недоверия».",1,0
100228,среднегодовой среднегодовый показатель номинальной заработной платы по району с поправками на инфляционные процессы повышался на 7–10% каждые 12 месяцев.,1,0
100285,"Федеральная налоговый департамент в 2007 г. потребовал у ""Горкомахоза"" в Аскизе уплаты налога на имущество в размере 239 026 руб., а также братской",1,0
100305,"по другой версии Эндимиону усыпил Аполлон, чтобы тот его поцеловал.",1,0
100329,"участие в краевых и областных конкурсах, участие с выставками-ярмаркой ""Край - это мы"" (г. Красноярск), конкурс на лучшее исполнение песни о России (""Родина моя Россия"")"", диплом лауреата III степени за I место II межрегионального конкурса исполнителей русской народной традиционной музыки имени А..Салтыкова М., 2006 год;
2) Диплом Лауреаты Международного фестиваля славянской культуры во Львове: номинация хоровая песня / исполнительница Мария Шаврина ; вокальный ансамбль «Вера» г/",1,0
100426,"Ну, я не волнуюсь, я на отдыхе.",1,0
100431,"Веди аккуратно, или попадешь в аварию.",1,0
100437,Общественное самореализация в среде сверстников - это одна из сфер самореализации современной молодёжи.,1,0
100497,В Анапе завершился розыгрыш Кубка мира по кикбоксингу — World Cup Diamond/kickboxing WAKO. Победителями соревнований будет присвоено звание Мастера спорта международного класса.,1,0
100574,Шерифы штата Вирджиния используют стандартную схему для предотвращения захвата заложников в ходе обычного штурма дома с четырьмя жителями(3).,1,0
100620,"У нас есть акцент на вакцину, но почему эмнэлэг всё равно не могут быть уходить.",1,0
100655,Перечень адресов всех дворцов и общественных мест,1,0
100709,"В Молдове полиция разогнала акцию протеста ""желтых жилетов"", задержаны 28 человек.",1,0
100906,"Я старался по возможности не видать безобразий, а держался средних дорожек.",1,0
100916,"Один из них опять меня заменила сестра, но по радовому виноватому лицу у меня не получилось",1,0
100939,"Зашел Баранов. Рассказывал, что Милютин побледнел и задрожал, когда узнал, что назначен будет Ванновский, и сказал государю, что половина Генерального штаба уйдет. Каханова отставка уже принята.",1,0
101231,"Использование и содержание городских лесов, в том числе лесной деятельности.",1,0
101243,"Бабаев шел большими встревоженными шажками, и каждый встречный человек пугал его.",1,0
101267,"в Германии, на андеркард-марке в Германии Усик ударил в третьем раунде немца на ганновере Бена Нарсаоа.",1,0
101273,Ау Италия 1985 года Ау-ди-Болонья / Пие / Буэнос-Айрес / Палермо 1985-08-15 / / Питер А,1,0
101315,"Таким образом, у узла 2 есть адрес MAC 00:00:00:02:00.",1,0
101330,инвестиционный проект план реализации муниципальнойпрограммы«Развитие экономики и инвестиционной деятельности муниципального образования«Горномаринский муниципальный Район» на2014-2025 годы.,1,0
101344,"В магазине, где росли орехи, продавались конфеты, коврижки с белой обливкой и длинные, палочками, конфеты в нарядных бумажках, перевитых золотом.",1,0
101370,Эта знаменитая певица приехала в Бразилию в начале этого года.,1,0
101380,Том обычно говорит по-японски.,1,0
101405,"Говорят, что Ардалиону Александровичу нужен отдых! - вскричала с недовольным и брезгующим выражением Настасье Филипповне ветреной и обманутою фразой ее ветреный и обманчивый муж, Ардалионыч.",1,0
101566,"-> Ближе к вечеру на берег выглянуло Солнце, задымялось, заискрило, замигало, загорланило, забушевало.",1,0
101575,Не могли бы вы отвести меня в кино?,1,0
101604,"Сейчас бывают экстренные случаи нуждающихся в лекарствах, некоторых жизненно необходимых.",1,0
101767,Казань. У 85-летней женщины избили 80-летнего мужа и забрали сумку с едой.,1,0
101812,Проректора нескольких вузов Украины задержали за хищения бюджетных средств на научные исследования.,1,0
101823,Они сформировали странный союз с пробританскими и сильно монархистскими англиканцами (часто членами ордена Оранжевого) для формирования основы Консервативной партии Канады.,1,0
101831,Принц Конде удивился странными похожденями гренобльскаго крестьянина и пожелал лично увидться съ нимом и испытать его искусство.,1,0
101867,"Дублин, Лимерик, Уотерфорд",1,0
101985,Луи-Джозеф Папино перебрался в США.,1,0
101997,"В рамках реализации ведомственной целевой программы «Развитие торговли на территории Новосибирской области на 2015 - 2019 годы» хозяйствующим субъектам будут предоставляться субсидии из областного бюджета на компенсацию части транспортных расходов, начиная с 11 километра от районных центров. В отдалённые сельские населённые пункты будут компенсироваться транспортные расходы.",1,0
102047,", Почему собаки не стали христианами?, Причины.",1,0
102133,"в середине февраля журнал «Коммерсантъ», ссылаясь на неназыванные источники, писал, что Металлоцентр может увеличить часть доли в «Норникеле».",1,0
102174,"Водили танки к домам, подождали русские в дома и подвалы.",1,0
102179,"Это в) цели, задачи, варианты и меры реализации долговой, налоговой и бюджетной политики в долгосрочный период и их описание.",1,0
102197,"Мезозойские""
Валерий Владимирович Баринов (род. 27 июня 1971, Санкт-Петербург) — российский и украинский учёный в области физики плазмы; доктор физико–математических наук 
 Родился 28 декабря 1972 года на Украине В 1986 году окончил аспирантуру Института ядерной энергетики им НАН Украины по специальности ""ядерная физика"", защитив кандидатскую диссертацию. Работал научным сотрудником отдела теории ядерных реакций НИИЭР АН УССР с 1988 г., до 1991г.- профессор кафедры ядернофизических процессов при Институте химической теплотехники Мин",1,0
102200,"В шесть лет он ходил в местную среднюю школу, но в средней школе «Бареруш» посещал только английский.",1,0
102245,"Январь — февраль в провинциях Кандагар, Парван, Каписа начались активные боевыедействия.",1,0
102247,"Артём и Анна случайно убивают аппаратуру, из-за чего в командный центр стали транслироваться радиосигналы от выживших со всех континентов.",1,0
102263,"только отошли в октябре от мемы про страшных в прошлом октября, а тут выходит новый трейлер, и начинается всё сначала.",1,0
102394,В ближайшие несколько лет госбюджет США ожидает ежегодные триллионные дефициты.,1,0
102415,"В праздничные дни набережная становится центральной площадкой, здесь проводятся все виды концертных, спортивных и игровых мероприятий.",1,0
102429,"Оберемченко плохая репутация в Министерстве, но считается пройдохой.",1,0
102528,"В США считают это оправданным, так как на олимпиаду приедет много представителей американского правительства.",1,0
102540,Насколько широк этот путь?,1,0
102917,"В новом устройстве 20 таких метаатомов были объединены в квантовую систему из-за того, что все они находились в непосредственной близости друг от друга и микроволнового резонатора.",1,0
102976,"Александр Анюков стал капитаном в его отсутствие, оставшийся им и после возвращения в строй Малафеева.",1,0
103090,"У Майка есть друг, проживающий в Чикаго.",1,0
103135,"Все, свет погас и ложусь спать, всё с электрофонарем.",1,0
103150,"В этой комнате трудно что-то понять, так как в свалке под стеклом находится значительное пространство.",1,0
103164,"Предоставление субсидии в очередном финансовом году получателю субсидии, соответствующему критериями и при соблюдении условий конкурсного отбора, осуществляется без повторного прохождения проверки на соответствие с указанными критериями. В случае невозможности ее предоставления в текущем финансовом году в связи с недостаточностью лимитов бюджетных обязательств очередного финансового года, ее предоставление будет осуществляться без повторной проверки.",1,0
103204,Порядок расходования гранта определяет Получатель.,1,0
103229,В образовательных организациях молодежь привлекается к мониторингу качества образования.,1,0
103277,"Феминистки считают, что борьба за внешнюю власть оставила «вакуум», так как ранее роль морального воспитателя отводилась женщине. Некоторые феминистки заявляют, что сфера образования никогда не была и не должна была быть исключительно «женской».",1,0
103468,Они необходимы в условиях многообразия дальнейшего социально-экономического развития территории.,1,0
103510,Промышленная экология является предметом исследований Японского института исследований промышленной политики с 1971 года.,1,0
103559,"Сергей Скредец, бывший депутат Белорусской палаты представителей.",1,0
103814,"Опубликовать настоящее решение в ""Биробиджанер Стерн"".",1,0
103989,"Изящная, красива, и последние два действия проводит недурно, давая и молодость, и любовь, и внешнюю утонченность французженки.",1,0
104018,"За последний год рост численности населения, связанного с взаимодействием с субъектами Российской Федерации, составил 5850 человек.",1,0
104035,"Контроль за исполнением бюджета города осуществляется в соответствии с бюджетным законодательством Российской Федерации.
4.. Бюджетная система муниципального образования «Город Архангельск» основывается на принципах: единства экономического пространства; равного доступа граждан к муниципальной собственности (владению, пользованию и распоряжению) как основа для эффективного функционирования местного самоуправления при осуществлении им своих полномочий по решению вопросов социально-экономического развития территории Муниципального района ""город Архангельской области"". В своей деятельности Администрация руководствуется Конституцией РФ, Федеральным законом от 06 октября 2003 года № 131 – ФЗ "", Законом о бюджете Терри",1,0
104080,"Его задача состоит в том, чтобы уничтожить 47 вражеских баз, разбросанных по всему миру игр, которые содержат 128 районов.",1,0
104111,"Мое тело стареет, но мой дух молод.",1,0
104132,"Но дело не в этом, факт в том, что пресса и gamers любят его.",1,0
104201,Разнообразной раскованной поступью в общественных местах славился ещё не охваченный декадансом выпуск 1883 года,1,0
104437,Из кинопроб взято на роль Ланцелота в фильме Марка Захарова «Убить дракона».,1,0
104490,"Для ученых самыми удивительными были изображения ледовых рек, через которые льд течёт в океан с материка.",1,0
104510,"признать утратившим действие постановление администрации города-курорта Мантурова от 01.11.2016, №306",1,0
104534,"Конечно, не ходил*",1,0
104674,"Но почему в голову приходят такие крайности?Революция знает, кого стрелять.",1,0
104683,"Решением думы Томска 22.01:2014 N 1045 ""О признании муниципального образования город Томск областью налога на недвижимость"" с 1.01-2015 увеличено на 6-7,5%.",1,0
104770,"«Кока-кола — это продукт, который время от времени необходим», — добавил он.",1,0
104901,"Думаю, да, как в Рейхе.",1,0
104946,"Пушкин едет через Псков, Полоцк, Казань, Симбирcк, Астрахань, Уральск и на Уральскую реку Яик.",1,0
104955,"Итальянский седан Alfa Romeo Giulia одержал победу в конкурсе EuroCarBody 2016, ежегодно определяющем автомобили с лучшим дизайном. На пути к победе итальянский автомобиль смог опередить таких серьезных конкурентов, как Aston Martin DB11, Land Rover Discovery, Peugeot 3008 и Skoda Kodiaq.",1,0
104986,"Сообщается, что остаток вырос с127,658 миллиардов гривен(по сравнению с 7 июля)  до 48,967миллиарда гривен(на",1,0
105054,"В  2010-2011 годах полиция возбуждила несколько уголовных дел против пилотов Lion Air, обвиненных в употреблении метамфетамина.",1,0
105113,", поэтому «Русский вестничек», хотя бы и был дельным материалом, никого больше не удовлетворял (я не видывал ни одной книги).",1,0
105161,Это тогда у тебя всё волнительно.,1,0
105238,"Генерал улыбается, подмаргивает нам, что на фронте происходят какие то дела",1,0
105321,Целью подпрограммы 3 является поддержка ветеранов и движения ветеранов на территории Октябрьской городской школы.,1,0
105427,"Также в Вьетнам была отправлена танковая компания «Сентюрион», которая использовалась для защиты военных баз и для сопровождения транспортных колонн.",1,0
105709,"В отличие от большинства коммерческих транспортных средств, имевшихся в то время, он также имел трехскоростную автоматическую трансмиссию.",1,0
105827,"Скоро благодарит меня за что-то, жмет руку и быстро уходит.",1,0
106000,Мэрия «Вяземского района» Смоленской области выделила 910 117 рублей 09 копейки на реализацию подпрограммы по борьбе с коррупцией в муниципальном образовании.,1,0
106085,"На Выб[оргском» комбинате, где я прожил более полужизни, нашел труп с трупами, у которых икры и ягодицы вырублены топором.",1,0
106086,"Когда она ездила за хлебом в Люберцы, получила белый и чёрный.",1,0
106094,"Вверху, от гребней, предвестий солнца, уже растекался на ночь небольшой белый туман.",1,0
106104,"В целом, удовлетворены потребности филиалов (функциональных) органов мэрии Магадана в автоматизации рабочих мест.",1,0
106152,"Милый, около 1600 метров.",1,0
106308,"Хозяйка мыла в ызбы ""15047165691455"".",1,0
106321,BЛАГОУСТРОЙСТВО МУНИЦИПАЛЬНОГО ОБРАЗОВАНИЯ – ГРЯЗНОВСКОЕ СЕЛЬСКОЕ ПОСЕЛЕНИЕ НА 2016 – 2021 ГОДЫ»,1,0
106406,"Гражданская жизнь включает электричество, водопровод, канализация, общественный транспорт, радио, телефон.",1,0
106409,За последние годы в химии был достигнут заметный прогресс.,1,0
106417,"проявляют интерес к ВААповским заботами, покупками, чревуужением и делают холодным лицо, когда речь заходит об Кальманее.",1,0
106418,"Однако Якушкин отметил, что это опровержение не касалось зятя президента Леонида Диаченко и Валерии Окула.",1,0
106572,"выступали Маша и Миша, Боря и Вася, Лена и Миша.",1,0
106639,"Кейт Колвиц говорит, что он спал тихо в семь часов вечера.",1,0
106687,За год в бюджет Харькова поступило более 385 миллионов гривен от платы за землю.,1,0
106779,"«Мы сделаем ему кость», — сказал один из депутатов, участвовавших в совещании.",1,0
106787,c) минимизации и (или) ликвидации последствий актов терроризма.,1,0
107110,"Вместе с Ниной сел маршрутный такси, наезд на автобусе.",1,0
107121,"На Новой Зеландии на острове Те-Анау проживает примерно одна четверть населения страны. На острове проживает около одна четвертая часть населения, а Восточная часть более равнинная и полностью занята сельскохозяйственными угодьями. Здесь сохранились значительные массивы почти нетронутой природы с девственным растительным и животным миром, спускающимися со склонов Южных Альп прямо в Тасманово море.",1,0
107233,В 2012 году парламент Нового Южного Уэльса признал этот день.,1,0
107257,2 — «Жизнь — это не игра» (выставлена Ja Rule) 2001: окончательное назначение Vol.,1,0
107292,Производители антивирусов не советуют удалять письма со всеми письмами сразу.,1,0
107310,"Специальный спецназ ВМС Израиля перехватил в Средиземном море судно, направлявшееся из Турции в Египет с грузом оружия.",1,0
107353,"Я, ваш покорнейший слуга, переводчик его высочества Бартоломей, и не один.",1,0
107487,Общая продолжительность данной подпрограммы составляет с 1.01.2014 до 31.12.2020. Эта подпрограмма осуществляется в один этап.,1,0
107596,BloombergNEF оценивает рост полимерной и пластиковой упаковки,1,0
107639,"\tПервоначально сообщалось, что количество мест, которые должны были бы расти, чтобы удовлетворить потребности, сократилось на четыре",1,0
107779,Потом меня мать послала меня с папой отнести ему завтрак.,1,0
107810,"Стихотворение ""Бородино"" опубликовали в редакции.",1,0
107844,"Тульские ""Красные соколы"" победили благодаря сражениям в Красноармейске, Волгограде и Омской области.",1,0
108004,"«Россия ещё сильна, но мы победим».",1,0
108057,"посетив страну противника Армению и показав это, они служили армянской программе, - сказано в заявлении.",1,0
108149,"Я сделаю все, кроме этого.",1,0
108221,"Зигмунд Фрейдт полагал, что каждое нормальное человеческое существо экспериментируют с различными способами сексуальной стимулировки. Он считал,что сексуальное возбуждение у детей возникает разными способами.",1,0
108244,"Глава МИД Австралии Джули Бишоп предложила создать трибунал в стиле Локерби, чтобы привлечь к ответственности виновных в крушении малайзийского самолета, летевшего рейсом MH17. Трибунал можно создать в обход Совбеза ООН, где у России есть право вето.",1,0
108266,", директор училища порекомендовал молодому человеку пойти в выпускный класс школы «Арау» в Швейцарии для получения аттестата и повторить вступительные экзамены в выпускную школу.",1,0
108300,Я предпочёл бы второе сэр.,1,0
108325,В Прозе ему предстояло пересказать легендарное драматическое произведение в прозе.,1,0
108369,"Приморского края насчитывает 2,30 приоритетных объектов в сфере среднего профессионального образования Приморского края",1,0
108570,"Детский план-график содержит полный перечень мероприятий муниципальной программы на очередной год и плановый период, а также полный список контрольных событий муниципальной программы.",1,0
108578,"В Брюсселе завершились переговоры о подписании Бельгией соглашения о свободной торговле между ЕС и Канадой. По оценкам ЕС, соглашение с Канадой увеличит европейский ВВП на 12 млрд евро в год, а объемы торговли с Канадой - на четверть. Провал переговоров осложнит согласование аналогичных пактов с США, Японией и другими странами, считают эксперты.",1,0
108658,Она колебалась между классификацией её как расстройства интеллекта и воли.,1,0
108678,Должен быть. Я согласен.,1,0
108694,"Подпрограмма, целевых индикаторов и показателей эффективности Подпрограммы, затрат по мероприятиям и состава ее исполнителей.",1,0
108721,По пути в Мекку они остановились на месте битвы.,1,0
108722,"Да, отомкнутая от автомата, штык-нож носится в ножнах на поясном ремне.",1,0
108879,И оккупант это всё так,1,0
108921,"Сегодня, в 4 часа пополудни, экс-шах выехал из летней резиденции российского посольства Зергенде и, минуя Тегеран, проехал в Миробад.",1,0
108940,"научился же народ тому, что он предпочитал: к большим изменениям в",1,0
108945,не имеет отношения к пожарной службе.  Нет никакого отношения к пожарам.,1,0
108953,"Основным источником водоснабжения Екатеринбурга является гидротехнический каскад Верхне-Макаровского и Волчихинского водохранилищ на реке Чусовой. Дополнительными источниками водоснабжения являются Ревдинское, Новомариинское и Нязепетровское водохранилища на реке Ревде.",1,0
109030,"В 1892 г в районе будущей деревни Чистопольское, отмежеванной от новгородской области,на карте обозначено 3 поселения.",1,0
109036,Управление муниципальным имуществом и земельными ресурсами.,1,0
109050,"Кроме того, здесь завтра едем, они ждут «Красной звезды».",1,0
109096,Первые восемь лет Артур провёл в Санкт-Петербурге.,1,0
109105,"Обычно, когда трафик слишком высок для маршрутизаторов, предполагается, что маршрутизаторы временно задерживают или останавливают сетевой трафик.",1,0
109162,"не позволяя враждовать и королю, вы, граждане частные, тревожитесь опаснейшего врага ее: вашей озлобленной Шуйской мстит вам Шуйская мстит.",1,0
109163,"""В своих личных беседах коллеги показывают, что они готовы продолжать поддерживать нашу программу, наши реформы,"" - сказал Михаил Касианов.",1,0
109232,"Скончался Борис Звездочет. Он умер в СИЗО. На его похороны придут последние могикане и воздадут воинские почести беспартийному литературному борцу, понимавшему, что журнал Звезда"" -- тот же фронт.",1,0
109345,"Важно, чтобы администрация сельского поселения Новогригорев тесно взаимодействовала с организациями и предприятиями, занимающимися повседневной жизнью этого поселения и его улучшением.",1,0
109402,"получил он в Стральзии жалобу от русской армии, терпевшей недостаток в казне.",1,0
109462,Я хотел бы арендовать машину.,1,0
109501,"После разделения на ""сознательных граждан"" и антипрививочных негодяев простые люди начали нападать друг на друга.",1,0
109706,А не ненависть и ненависть.,1,0
109767,"Оставшуюся часть, как отметил посредник, Йозеф Фритцль намерен отложить для себя, чтобы защищаться и спокойно прожить остаток дней с женой.",1,0
109964,На концерте в музыкальной школе в Харьковской консерватории я записывал в немецком «Солдатенгейм» пианино.,1,0
110004,"Паскаль вслед за бл.. Гегелем вслед за Бл. Кантом и Гегелем провозглашает на каждом шаге принцип, в котором всякая мораль черпает всю силу свою в ненависти к человеческому Я.",1,0
110598,Управление подпрограммой и надзор за ней,1,0
110666,Он прибыл в Москву из Новосибирска.,1,0
110723,"с моими размышлениями, чувствами, соображениями и с изданием книги я отправился к графе ВоронцовУ Дашкову, в его дворец на Английскй набережной.",1,0
110779,"В этот период в основном любовный характер приобрело украшение доходных домов, частных особняков и общественных сооружений витражами.",1,0
110825,"На Украине депутат предложил ""ради украинизации"" пожертвовать радой.",1,0
110860,Питер по новой напарнике Мистерио должен предотвратить серьёзную угрозу.,1,0
110888,"Каждое крыло состояло из количества эскадрильев (термин «эскадрильи» уже использовался как флотом, так и армией).",1,0
110962,"Но не удачно пока нет повторения в ""вокальной теме"".",1,0
110991,"В неокрашенных нативных мазках, приготовленных венерологом Гофманом из папулы больной сифилисом женщины, обнаружены микробы бледной трепонемы.",1,0
111062,"За период 2014 - 2016 годов реализации подпрограммы «Благоустройство Новоуральского городского округа» основными направлениями стали разработка проектно-сметной документации на благоустройство аллей и скверов, ремонт дворовых территорий, устройство контейнерных площадок и содержание объектов благоустройства.",1,0
111069,"В Оренбурге ликвидируют ""рогожников"", строящих временные торговые ряды в сквере у театра оперы и балета"".",1,0
111132,"- апрель - апрель в году (по лунному календарю) - был обычным годом, который начинался в марте.",1,0
111230,Хотелось бы узнать остальную часть истории.,1,0
111252,"Сегодня 16сентября, 17 октября.",1,0
111356,"Число дошкольных учреждений, имеющих универсальный и беспрепятственный доступ к инклюзивному образованию детей-инвалидов, рассчитывается по следующей формуле:",1,0
111450,", Poeira de los Pelicias sobre la memoria выпускным.",1,0
111467,В Башкирии ребенок едва не угодил под колеса легковушки. Малыш вырвался от мамы на пешеходном переходе и врезался в иномарку.,1,0
111474,"В районе, где в последние годы резко выросло количество мигрантов, сохраняется нестабильность. При этом миграционное движение не восполняет быстрого нарастания естественных потерь населения, не сокращает убыль населения района, способствует «старению» поселений и, как следствие, увеличению емкости села в отношении социальных гарантий при одновременном снижении экономической активности и потере трудовых ресурсов.",1,0
111499,Оценки остальных социально-демографических групп значительно не отличаются от настроения населения в целом.,1,0
111559,Письмо от мамы и родителей не заставил меня Пяст.,1,0
111663,"Однажды однажды студентка привела телевизор из дома в универ, чтобы продать работу. Один студент брал телевизор и принес в университет телевизор из дома, чтобы показать работу.",1,0
111686,"Рыночные методы, которые дают успех в конкретных условиях, также не дают четкого результата при их общем применении.",1,0
111803,"Операции, связанные с использованием субсидий, регистрируются на личных счетах получателей субсидий.",1,0
111890,"По данным ИТАР-ТАСС со ссылкой на CNN, в столкновении погиб один и ранен 17 сербов.",1,0
111942,"Однако никакая жестокость не может изменить человеческую природу, поэтому всегда приходилось терпеть наложниц, гейш, натуралов, борделей, разводов.",1,0
111950,По сравнению с температурой реки Ураль температура Сакмара на 2 градуса ниже.,1,0
111988,"Награды на понижение уровня пожарной безопасности населенных пунктов позволит избежать количества пожаров, произошедших на территории Городского округа Балашиха.",1,0
112101,На востоке провинции Латакия три израильских истребителя ударили по сирийским объектам.,1,0
112128,"триметилугсусной к-ты, также известной как «триметилаксусный» цинк может быть получено в довольно большом листоватом кристалле с",1,0
112252,Измельчали расы сильнее всего в вокальном ансамбле после появления первых хорей.,1,0
112389,"из-за этой девушки, которая ранее была в сексуальном контакте.",1,0
112391,"Он оставляет образ электрического человека, постоянно движущегося.",1,0
112403,"Выжившие прибыли в Каталонию, где их не приветствовали.",1,0
112643,"в православном, католическом и некоторых протестантских церквях женщины поют как певцы в хоре и не имеют священства (хотя женщина-певчая присутствует в некоторых церквушках).",1,0
112663,"Ординарец — унтер-офицер Семенов ведет нас по узкой полевой тропинке, шагая как проводник.",1,0
112695,"Однако в настоящее время имеется ряд проблем, влияющих на развитие физической культуры и спорта, требующих неотложного решения, в том числе:",1,0
112853,Выборы в Нижнем Новгороде запланированы на 15 сентября.,1,0
112910,"В этом языке они состояли из слогов «слагался» из различных букв, отражающих различные резонансных явления в жизни.",1,0
112945,Рахиб Алиев официально начал свою карьеру актёра 18 сентября 1968.,1,0
112961,"Больные псориазом и другими дерматологическими заболеваниями нередко испытывают субъективное ухудшение качества жизни. В этом случае наиболее беспокоящим симптомом, в наибольшей степени вызывавшим субъективное снижение качества жизни, был кожный зуд, на втором месте была боль в суставах у больных с псориатическим артритом.",1,0
112975,"Российский автогонщик «Форс Индия» Серхио Перес прокомментировал десятый результат на Гран-при Мексики. По словам Переса, это очень разочаровывающая гонка, он застрял за «Уильямсами» и не мог их обогнать 02:14.",1,0
113079,"здесь, также как и повсюду, пожелания конкретной, относительно людей, небольшой группой людей именуемых требованиями 130 млн.",1,0
113108,"Образовательная сеть и финансово – экономические механизмы, позволяющие гражданам иметь доступ к качественному образованию.",1,0
113119,"в городе Мурманске"" 2018-2024 годы",1,0
113364,правовые риск-факторы - неприятие или несоблюдение нормативных актов или условий. Правовые риски-фактор,1,0
113403,"Реализация комплексных проектов в сфере туризма, а также государственная поддержка субъектов туристской индустрии позволит повысить эффективность проводимых мероприятий в вопросах занятости населения, снижения напряженности на рынке труда, обеспечить благоустройство отдельных территорий, развитие социальной сферы, дорожного строительства и увеличение налоговых поступлений в бюджеты всех уровней бюджетной системы Российской Федерации.",1,0
113522,Сыр легко резать ножом.,1,0
113658,", ничего философски великого не вычитается, кроме простого вывода о человеческой стираемости.",1,0
113682,"Все знания Chinook были запрограммированы их создателями, а не изучены искусственным интеллектом.",1,0
113860,"На нашу землю впали потоки братов-руских, братов-малоросов, братов подработанных, сфальшированных украинцев.",1,0
113881,На остальной территории зоны ответственности бригады боевые действия не изменились.,1,0
114069,Такого слова в словаре Маяковского не было.,1,0
114085,БОЖЕ ТЕХЁН СПЕЛ winter bear по мотиву он май пиллоу и сам запутался не понимая просто : — подождите?,1,0
114247,На референдуме о принятии нового правового статуса Молдовы высказались все желающие его принять жители страны.,1,0
114308,получения итальянского гражданства в принципе основано на законе jus Ã 1 \ / 2 sanguins (права крови).,1,0
114473,"Из разговоров с Алексеем Максимовичем Горьким <com id=""14814531921418""/>.",1,0
114635,Раз в пять лет издаются монографии.,1,0
114642,"В условиях крайнего дефицита ликвидности и паники среди населения Всемирный банк поддержал меры по укреплению финансовой системы России. По оценке Всемирного банка, меры позволили избежать банкротств среди крупных банков, и был возобновлён процесс консолидации банковского сектора.",1,0
114649,", - писал в «Воспоминаниях» в 1798 году Николай Карамзин.",1,0
114662,"Министерство обороны Азербайджана заявляет, что армяне подвергли обстрелу села Товез, Капанадлы, Капана и Гуселени Тертерской области, село Товик, Тапка и",1,0
114663,«Тригонометрическая формула добавления».,1,0
114669,"Белый старейшина, у которого хорошее начало, олицетворяет мудрость и совесть народа.",1,0
114770,"подключить производственные и складские здания, помещения, пристройки и сооружения, необходимые для производства и хранения сельскохозяйственной продукции.",1,0
114822,Бизнес модель привлек многих институциональных и частных инвесторов.,1,0
114847,Размеры RGB варьируются от 0 до 255.,1,0
114901,"Купер был на острове шесть месяцев, предположительно убивая 50 птиц в месяц.",1,0
114929,Глава горсовета выступил на митинге в поддержку местной власти.,1,0
115087,"Пристрой, голубчик князинька, да и пристрой мою гувернантку-мамзель к какому-нибудь делу на казенный счет, я рассчитала ее, и она пока без места.",1,0
115140,- Ты психолог. «Я сама испытал эту психологию.,1,0
115281,"Соболезнования были направлены канцлеру Германии Герхарду Шредеру, президенту Франции Жаку Шираку, президенту США Биллу Клинтону и другим государственным и общественным деятелям.",1,0
115323,"Подводное королевство было буквально забито итальянцами, как древний пруд с палками.",1,0
115347,"Алексей Долженко, один из ближайших друзей семьи Чеховых.",1,0
115383,"Где-где, где-то, подслеповато мигал в них огонек, утешая издали робкого путника.",1,0
115399,"В сцене балета «Лебединое озеро» (1877) Чайковский впервые исполнил в балете роль принца.
Свой первый самостоятельный концерт, как дирижёрский дебют он дал на концерте для скрипки с оркестром 6 декабря 1879 года — сразу же за тем была написана увертюра к ней («Концерт № 2», 1878), а через несколько месяцев был написан и сам балет; партитуру этого произведения композитор опубликовал лишь спустя десять лет после премьеры: 1 февраля 1883 г.[2] В том году у него было всего три концерта по случаю коронации Александра II императором Николаем I.] Однако его первое выступление прошло незаме",1,0
115402,"Поэтому он ненавидит гордость, что это злое сатанское свойство.",1,0
115513,"Сегодня, в пятницу, 21 ноября, в 19:00 на телеканале Fox",1,0
115526,"показывая читателю, кто такие Джокеры, они демонстрируют читателям, что они действительно трое.",1,0
115622,"Флигель. Рельефный рельеф на берегу реки, где находится деревня Ляховка; 

Лоховицы - река в России (согласно административно-территориальному делению). Устье бассейна Волги ниже впадения Мокши: В 15 км от устья по левому борту — посёлок городского типа Соликамск Пермского края[2]. По данным государственного водного реестра Российской Федерации относится к Камскому бассейновому округу... Происходит из озера Малая Вишера и впадает с правого борта Волгообской гидроузла [1] до села Верхняя Салдаево Кировского района Пермский край.. Истоки берутся под",1,0
115675,"А ты, Захар, талантливый, странный художник, ты знаешь это!",1,0
115695,почему именно летом продолжительность дня составляет пять минут как зимой десять?,1,0
115852,В 31⁄4 h. по термометру Ex Municipal Duma -12°.,1,0
115860,Я обычно смеюсь над собой.,1,0
115909,"гласит русская конституция, президент избирается сроком на три срока, но не более 10 лет, проживающий или постоянно проживавший в России на десять лет больше.",1,0
116004,"Все переводы, выданные Познеру в ""Русский мир"", были запрещенные на переговорах.",1,0
116078,"Все тяжелое, все больное исчезает, уступая место мечтам, радостным и ярким.",1,0
116335,В июне Сиори Кузуна получила ключевую роль в фильме.,1,0
116464,В 2014 году Bluenoroff атаковала Sony Pictures Entertainment и украла 81 миллион долларов у Центрального банка Бангладеш.,1,0
116557,Клейгельс передавал новый разговор с бар.,1,0
116569,Мэри всегда ведет себя глупо.,1,0
116612,Во время приготовления смесь риса и воды нагревается на любую мощность.,1,0
116694,"центральный пункт программы - обещания сбалансировать расходы за четыре срока, за один государственный пост.",1,0
116741,"Всемир, так называемый мир, знает все о Slobodan Milošević.",1,0
116755,Диаграммы Dynkin могут возникать и в других контекстах.,1,0
116783,Я умею играть на гитаре.,1,0
116787,"Он думает, что самолёты более безопасными, чем машины.",1,0
116917,"тунисское правило гласит, что с введениями чрезвычайного режима правительство страны и армия получают больше полномочий.",1,0
116972,"Лук не сразу начал адаптироваться в ""Тоттенхэме"".",1,0
117027,"Рыбов рыбак разложил, коты к агоре подоспели.",1,0
117131,Увеличение базы для исчисления налоговых и неналоговых поступлений от использования земель на территории Юргинского муниципального района.,1,0
117133,"==&gt Его арендозависимая площадь составляет 105 тысяч кв. м, общая площадь - 233 тысячи квадратных метров.",1,0
117202,ЕИМ определил уровень IQ муниципального района Екатеринбурга.,1,0
117246,Культурные переводы (Cultural Translations) (англ.),1,0
117365,"Ну, больше не о ком писать, может, долго и не возьму в руки снова дневника.",1,0
117441,Лопес рассталась с Афферком в 2001 году и начала встречаться с Марком Антонием.,1,0
117471,астероиды Спутники Урана - это астероиды. Спутник Урана обращается вокруг других крупных астероидов.,1,0
117553,"И так как абсолютно запрещено открывать и переклеивать конверт, ей пришлось взять конверт тестов и ""задержанный"" палец в школу самостоятельно.",1,0
117782,", средний доход домохозяйства составил 28 788 долларов США в 2001 году, с увеличением на 6,4% в 2002 году и на 7,9",1,0
117790,Ей этого хватало для счастья по большому счёту.,1,0
117885,На июнь 2016 года проходит открытое парк.,1,0
117992,Джон Лич получил Ta(3) в 1957 году.,1,0
118032,"В субботу у нас был день рождения. Спустя несколько дней после того, как мы с Коленькой ездили в гости к Блоку, у нас в гостях опять скучно, как в «Интермедии», так и в «Игру престолов».",1,0
118187,Оно не имеет никакого соглашения с другими партиями.,1,0
118315,"Общий объем средств, выделяемых на каждую деятельность, составляет 52 123 096,00 рублей.",1,0
118355,- Мои знакомые буддисты пошли в рифму.,1,0
118458,"Супруга Искандера падает мертвой, а муж Искандера — живым, потому что его не испугают ни грязь, ни пьяные мужики с дубьем, ни резня. Таков проект любовного объяснения, предложенного в исполнение в феврале 53 года и без промедления одобренного докладчиком.",1,0
118480,"Ну и почему у стрёмного мужика в камуфляже не винтовка, а штатив, религия отказалась от идеи.",1,0
118485,"Не может быть, что он сам написал.",1,0
118613,Вчера я помог моему отцу.,1,0
118651,Меня тошнит от ваших постоянных проповедей.,1,0
118706,"Оказавшись в прошлом, Меру привезли Артур и Артур в Атлантис, который оказался высокотехнологичным и процветающим городом-цивилизацией, в котором Артур прятался в воздушным кармане в затонувшем галеон.",1,0
119113,"Многие евреи чувствовали себя вынужденными скрывать свою личность, меняя имена.",1,0
119124,последствий при приёме парацетаматов матерями в утробе во время гестации детей отмечались проблемы поведения детей вплоть «до расстройств» аутического диапазона.,1,0
119247,"Для достижения вышеуказанных целей, решение следующих проблем предусматривается:",1,0
119255,1932 201 S и CS: модель соревнований.,1,0
119358,"Второй экипаж был захвачен в окрестностях центральной провинции Саримо, в восточной части страны.",1,0
119504,"Пресс-секретарь Сергей Бабурин сообщил корреспонденту ИТАР-ТАСС о закрытии конгресса РАС, который завершился во вторник.",1,0
119550,"Были и «вторичные режиссеры», в том числе «Зеленая лампа» Никиты Всевологского.",1,0
119551,Увеличение числа социально ориентированных некоммерческих организаций – получателей.,1,0
119760,Что ты думаешь о ней?,1,0
119870,"«Т2 РТК холдинг» предложила москвичам тариф с безлимитными звонками на все сети. Абонплата — 599 руб. в месяц, дополнительно предоставляется 1 Гбайт интернет-трафика и возможность бесплатной отправки 100 SMS-сообщений.",1,0
119889,"""Уолтер Лини, 57 лет, Клергиман, который покорил нацию Вануату"".",1,0
120004,Глава администрации Костерево назвал необходимостью решений задач в части энергосбережения и повышения энергоэффективности жилищного фонда и систем коммунальной инфраструктуры по вопросу энергопотребления.,1,0
120026,"Всем, кроме тебя, это известно.",1,0
120091,Верховный суд подтвердил законность решения по делу двух сестер из Химок и постановил восстановить их на работе.,1,0
120181,"Другие расстройства, другие расстройства в виде тиков, не связанные с синдромом Туретта, называют туреттизмами.",1,0
120267,"В лифте лифта Чеди Даан встретилась с Бауманом. Он был одинокий, одинокий и одинокий. Бауман сунул последний рубль под пухлый бумажник, из которого выдвинулась черный матерчатый уголком паспортная книжка.",1,0
120285,"Внутри фюлька существовало разделение на сотни (herad) во главе герада стоял hersir, занимавший эту должность по наследственному праву.",1,0
120314,Шароновский кратер на Луне (1970) Международный астрономический союз.,1,0
120355,"На углу сидела девушка в возрасте от 16 до 17 лет, которая шила грязную одежду.",1,0
120391,"""Новые надбавки"" за работу с COVID-19 в 80% финансируют не из каких причин.",1,0
120635,"/ Оффекция и смерть » - статья, опубликованная в сборнике статей и эссе под названием «Коты-несчастные в мире: биографический анализ» в 1998 году.",1,0
120670,"Михаил Яковлевич Мамонтов советовал ему отпустить окладистую русскую бороду, а Мамонтов ему советовал от добра добра не ищут, а от добра добра ищут не только от добра добра, но и от добра добра.",1,0
120691,"Дворовые территории Мурманской области включены в Программу по благоустройству дворовых территорий исходя из минимального и дополнительного перечня работ, при этом максимальная стоимость работ не может превышать предельную стоимость, установленную приказом Минстроя и территориального развития региона от 24.04.2017 No 131 «О предельной стоимости работ».",1,0
120692,"Повести временных лет город сдался после длительной осады, когда осаждающие перекопали трубы, по которым в город поступала вода из колодцев. Затем византийские императоры прислали свою сестру Анну замуж за Владимира, после чего он вернул город Византии и по возвращении в Киев приступил к крещению народа.",1,0
120706,"ХК ""Спартак"" вылетел из Лиги чемпионов вслед за минским СКА и оказался в Лиге Европы"".",1,0
120721,США 14 декабря объявили днем протестов.,1,0
120788,"Это требует внесения изменений в программу, пересмотра целевых значений показателей и, возможно, отказа от реализации отдельных мероприятий и даже задач Программы.",1,0
120804,Пророк (мир ему и благословение Аллаха),1,0
120959,"Количество ветеранов и инвалидов Великой Отечественной войны, членов семей погибших (умерших) инвалидов и участников войны, получивших государственную поддержку по обеспечению жилыми помещениями за счет средств федерального бюджета, может составить целевой показатель. При расчете значения целевого показателя применяются данные отдела по обеспечению нуждающихся в жилых помещениях комитета по управлению имуществом администрации городского округа Красногорск.",1,0
121059,Развитие частного предпринимательства (социальное предпринимательство) в целях ликвидации дефицита муниципальных социальных услуг.,1,0
121485,Она — любовница Аркадия и Павла.,1,0
121526,Он сел на скамейку.,1,0
121556,"Бомбы в воскресенье, 11 и 12 сентября, у нас не было лошади и лошади. В воскресенье мы с Юрой и Олей уезжаем в леса, а в воскресенье — в леса. Наташа решает ехать в Москву.",1,0
121630,Эти дюны впервые исследовались мною в 1891–92 годах.,1,0
121783,Конструкция станций для сбора воды осуществляется следующим образом:,1,0
121822,"Принят ряд указов Президента России, постановлений Правительства Российской Федерации.",1,0
121857,Однако в дальнейшем этот метод был усовершенствован и распространен на все партии Третьего Интернационала.,1,0
121983,Увеличение частоты импульсов увеличивает скорость киборга (до максимальных девяти метров в час).,1,0
122108,С 2006 года объемы промышленного производства в Калуге увеличились в два с половиной раза.,1,0
122117,Какие именно ожидаются в конце следующего г. промежуточные итоги исполнения местной бюджетной политики.,1,0
122235,Приехал домой уставший с дальнего рейса мужчина ночью вместо кровати обнаружил на своей кухне огромную змею.,1,0
122273,Работа Каролины Кусек является своего рода завещанием памяти и посланием будущим поколениям.,1,0
122380,О взаимосвязи магнетизма и энергетического класса землетрясений в некоторых регионах Азербайджана.,1,0
122386,"Существует понятный, но не исчерпывающий список модулей на сайте VASSAL module site list.",1,0
122422,"Кипшидов сказал, что на его взгляд, искажение исторической правды является «нашей ошибкой», которую следует «избегать намеренно».",1,0
122561,"Охранять президента на глазах превращается в новых опричников, которым всё позволено.",1,0
122609,"данные по ведомственным принадлежностям жилых зданий, его этажей и степени его благоустройства показаны в Таблица 1,3.",1,0
122662,"Реализация запланированных мероприятий позволяет, комплексно решать задачи привлечения членов казачьих обществ к несению государственной и иной службы, патриотическому воспитанию подрастающего поколения, возрождению традиционной культуры казачества и возрождению национальной культуры.",1,0
122724,"как естественная, так и миграционная убыль населения-главный фактор укрепления региональной экономики.",1,0
122783,Интеллигентный мальчик использует свои умные руки для поддержания лидерства в группе сверстников.,1,0
122839,Сумма данного трансфера стала рекордной в истории «красных».,1,0
122846,Byng quitte Canada 30 сентября 1926 года и возвратилась в Англию.,1,0
122886,на практике курить по три-четыре сигареты за раз не удастся.,1,0
123141,Транспортная система района состоит из автомобильных дорог и автомобильного транспорта.,1,0
123284,"""IGN: Помимо хорошего и злого рецензии"".",1,0
123348,Артур снова остался без микрофона.,1,0
123396,"Также выходным днём в Израиле является суббота, а праздничные дни (Песах, Шавуот, Рош а-Шана, Йом Кипур, Суккот) в соответствии с иудаизмом.",1,0
123489,", DC также начал фокусироваться на некоторых фильмах, полностью отделенных от всего прочего, полностью внутри кинематографической",1,0
123572,Удалась ли установить авторство снимк,1,0
123659,Израиль продолжает отношения с Малави на нежилой основе.,1,0
123720,В 1994 году он впервые побывал в Украине в качестве туриста.,1,0
123782,"ИК занимает умеренное положение в том, что касается требований к кандидатам на членство.",1,0
123798,"Командование SWAT обыскало здания и пространство под подвесными потолками. Командование считало, что требуется повторный обыск здания.",1,0
124057,"Это был уже август, как только о нем написано в списке литературы.",1,0
124263,"В Пеновском районе Тверской области определили социальный маршрут и Порядок предоставления субсидий юридическим лицам в целях возмещения части затрат, связанных с организацией транспортного обслуживания населения на маршруте «поворот на т/б Орлинка – н/п Турбаза «Орлинка» автомобильного транспорта в границах МО «Пеновский район».",1,0
124390,"Я думаю, что вернусь в понедельник.",1,0
124438,В разговоре о скандале вокруг дочери Никиты Михалкова упомянули имя балетмейстера Сергея Прокофьева (1872-1949).,1,0
124497,"В традиционной пище можно цыплята-гриль, фалафель, шаурма, люля-кебаб, кусса махши, а также пресный хлеб хубз.",1,0
124501,"Однако договор не может изменить внутренние законы королевства, в этом случае необходим парламентский акт.",1,0
124599,"После попытки пройти в сторону Сольцов задержали у него телефон, стоимость сотового телефона.",1,0
124602,"Когда король умер в 1740 году, полк состоял из 3200 человек.",1,0
124659,Написал Высокопреосвященному Макарию в Томск и Макаровой-Мирской там же и послал им по альбомчику 50-летия. За всенощную я выходил на литию и величание.,1,0
124713,"Антидепрессанты, нейролептики и антидепрессанты увеличивают риск развития мании, выяснилось, что эти препараты не облегчают течение болезни, скорее напротив — повышают риск развития депрессии и мании.",1,0
124725,"Удача эти возбудила в народе отвагу; корсаров, которым ранее угрожала строгость законов, стали национальными героями.",1,0
124842,Мне не нравятся собаки.,1,0
124867,"- Нет 
Эшли Бернхэм (родилась 15 ноября 1949 года) - американская актриса, певческая певица и кинопродюсер. ==",1,0
124987,Тайсон доминирует весь бой. Иногда он наносит акцентированный удар с дальней дистанции.,1,0
125004,Том встретил Марию на пути в школу.,1,0
125033,"количество людей, систематически занимающихся физической культурой и спортом;",1,0
125077,Отсутствие дождя привело к гибели растений.,1,0
125109,Своё местонахождение было перевезено из Международного аэропорта Токио.,1,0
125125,Он медленно ходил по улице.,1,0
125136,"По данным одного из источников, в городе произошли стрельбы, но не известно, что происходит.",1,0
125234,Она умеет ладить со всеми без исключения; способна примирить непримиримое (с) Айн Рэнд.,1,0
125244,"и говорит на многих языках, в том числе на аварском, русском, английском, турецком и арабском.",1,0
125256,"Как тебя зовут на бегах, Помпеем",1,0
125306,«Дни Турбиных» в 201-й раз вместо назначенного «Горячего сердца» и отмененного из-за болезни И.М. Москвина из-за тяжелой болезни.,1,0
125357,"Вот у нас, в заводах, и были все писцы да писаря. Если кто имел деньги да начальству нравился, того представляли в урядники.",1,0
125407,Стоимость в британском ресторане увеличилась на более 400 тысяч рублей,1,0
125544,Силами МПО поселения проводится ежегодный подворовый обход частных жилых домов с целью соблюдения правил пожарной безопасности.,1,0
125556,"Надаль лидирует на пятой строчке рейтинга WBA, Федерер занял седьмую.",1,0
125634,Подготовку к весеннему призыву планируют завершить до 25 октября.,1,0
125639,Уровень достижения запланированных значений показателей эффективности муниципальной программы определяется отношением фактически достигнутого значения каждого показателя в отчетном периоде к его плановому значению.,1,0
125651,"Сафон Фомич в сильном негодовании обычно тряс в это время своими длинными волосами, как бы сбрасывая с головы ненавистный билет на винокуренные лекции.",1,0
125690,Я живу и работаю в Мексике.,1,0
125728,"Верховная Рада изменила состав Вооруженных сил, и Верховная рада в течение 24 часов объявила о своем намерении досрочно прекратить полномочия Верховного совета Крыма.",1,0
125782,"После этого угостил он все собрание чайным напитком, вкусом которого весьма доволен был этот арабский народ. Я также подарил ему жестяной ящичек с драгоценными зель",1,0
125977,"Колчак ответил: ""Никак нет"", Старший офицер ответил «Никак да».",1,0
126135,"В петербургском метро «Гостиный двор» открыли вестибюль для пассажиров из-за подозрительной коробки. Как сообщили в пресс-службе подземки, оставленная кем-то коробка оказалась пустой и не представляющей опасности.",1,0
126181,Но ненависть к Владимиру осталась.,1,0
126376,"Обычно озёра изобилуют множеством заливов, полуостровов и островов, соединяются между собой протоками и образуют разветвлённые озёрные системы.",1,0
126741,", поэтому основными ключевыми причинами, которые делают муниципальную программу эффективной, являются уровень компетентностей кадрового персонала, профессиональное юридическое сопровождение, эффективное управление финансовым обеспечением муниципальной программы.",1,0
126854,МВД объявило 31 мая днем задержания причастных к попытке захвата сотрудника банка с применением насилия сотрудниками этого же ведомства,1,0
126903,Мы группа безмолвных закупорок дзотов.,1,0
126910,"Метель Сегодня утром рано сильная метель, но на небе не сплошные облака и синеет.",1,0
127020,"Когда молодость жены твоей увянет, даже эта чистота поставится ей в упрек.",1,0
127043,"он продолжал «придворный» образ жизни, хотя и не терял бдительности. Его приход к власти Сталина был немногим лучше, чем у других членов большевистской партии.",1,0
127112,Ни одно доброе дело не останется безнаказанным,1,0
127200,"В Горьковском муниципальном районе проводится определенная работа по социальной поддержке и созданию условий для полноценной интеграции инвалидов в общество (принятие муниципальных правовых актов, направленных на оказание социальной поддержки инвалидов) и создание условий, необходимых для интеграции в общество.",1,0
127209,«Исламское государство* создано спустя 13 лет после вывода советских войск из Афганистана.,1,0
127251,В результате военного переворота в Иране погибло 226 силовиков и 269 гражданских.,1,0
127336,"В Москве сформировалось более десятка устойчивых ареалов элитной недвижимости. Риелторы рассказывают, по каким критериям они выбирают себе квартиры и апартаменты, как реагируют на запросы состоятельных потребителей столичные девелоперы.",1,0
127364,Каждое дерево должно носить конкретное имя мертвого международного воина.,1,0
127391,Юми была там одна.,1,0
127442,"соответствует ли данной информационной наполняемости уровню сайта «ВО» качества выкладываемых мнений, новостей и комментариев к ним",1,0
127461,"высокий уровень результатов в сфере реализации программ местного самоуправления и внедренных элементов бюджетов, ориентированных на результат.",1,0
127465,"Около 40% оборота малых предприятий приходится на сельскохозяйственные предприятия района, 19% на торговлю и ремонт автомобилей и 16% на обрабатывающие производства.",1,0
127506,"Главной целью муниципальной системы образования является организация предоставления общедоступного и бесплатного дошкольного, начального общего, основного общего, среднего общего образования для разных категорий обучающихся и для каждого ребенка в отдельности, независимо от места его проживания, состояния здоровья, индивидуальных образовательных возможностей и потребностей.",1,0
127517,Однако они уже провели митинг и провели митинг на 800 человек.,1,0
127627,"Прокрастинар - это как мастурбация, это забавно, пока ты не понимаешь, что издеваешься над собой.",1,0
127665,- необходимость совершенствования методологии патриотического образования граждан;,1,0
127802,"«Glee: The Music, Dance Party теперь доступна исключительно в Target».",1,0
127819,Строительство автомобильных дорог осуществляется подрядной организацией по муниципальному контракту.,1,0
127929,"В США закупили три тыс. электрических лампочек, как ""Линнель"" и металлическая техника.",1,0
127959,"Эта ферма оставалась обитаемой до 1930-х годов, а овцы оставались на острове до 1960-х годов.",1,0
128035,Есть мероприятия по приведению МБДОУ в соответствие с требованиями санитарного законодательства,1,0
128213,"Не понимаю, зачем мне ходить в универ, если нет ничего хорошего кроме столовки.",1,0
128307,Ryanair ввел временную скидку на все маршруты из Украины.,1,0
128371,Парень чуть не утонул.,1,0
128380,"Всемирный еврейский конгресс также представил меморандум по этому вопросу в Экономический и Социальный совет ООН, призывая к срочным действиям.",1,0
128392,"Скажите только, что каждая клеточка организма трепещет этим ритмом, причем интересно отметить, что сердце продолжает свой обычный, лишь особо углубленный пульс",1,0
128433,"В ближайшее время в Орловской области пройдут работы по реализации Стратегии развития промышленного комплекса области на период до 2010 года, а также пролонгация действия целевой инновационной программы «Развитие сельскохозяйственного машиностроения в орловской области».",1,0
128510,Очередные воспоминания о вечере у высокопоставленных пионеров,1,0
128542,"Самое наше учение возникло, держатся и развивается только благодаря безнравственности старого порядка.",1,0
128710,Я остановился и внимательно посмотрел на них.,1,0
128726,"Врача тут нет, - отвечал крестьянин и добродушный старый фермер, - недалеко от вас, в аббатстве святого Винсента, найдете здесь прекрасного доктора и хороший прием.",1,0
128873,"Никто, кроме Мэри, не приходил.",1,0
128934,"другими способами являются йогические медитации, визуализация образов святых, мудр и почитания гуру.",1,0
128942,"Однако постмережность делает отсюда заключение, что новые знаки использовать нельзя, потому что если они из традиции или взяты из нее, то их нельзя использовать.",1,0
128945,Можешь принести этот цветок Кейт?,1,0
129112,В Алексеевском районе не снимают ряда проблем,1,0
129126,"Он и его брат, принц Гарри, шли за гробом матери в похоронной процессии до самого Вестминстерского аббатства.",1,0
129212,У нас хорошие вести.,1,0
129249,"Группа в состоянии «тревога», но сидим еще на месте.",1,0
129302,". Профессор и студент пришли с бумажными картами, чтобы Путин знал, что будет там обсуждать Путин.",1,0
129305,Для минимизации рисков при реализации муниципальной программы:,1,0
129369,"как вам нравится, лето такое нудное, днем жарко днем",1,0
129434,"— Я буду пить для тебя, — согласился он.",1,0
129478,"Путин не видит реальной адаптации НАТО к современным условиям, заявил Завражин.",1,0
129794,"Против трона висит большой шарообразный кусок прозрачного зеленого камня, который нам выдавали за настоящий изумруд.",1,0
129952,"По итогам чемпионата выиграл с ""Динамо"" 1/8 финала Лиги Европы, обыграв в гостях киевское Динамо (2:1) на выезде и став обладателем Кубка Украины. 

 В рамках подготовки к чемпионату мира 2018 года сборная России по хоккею сыграет во Франции против сборной США — 3 февраля 2019 /Корр./ ТАСС Антон Долгунов/. Россиянин Евгений Малкин примет участие со своим соотечественником Алексеем Аверинским за сборную Швеции для участия соревнования World Cup-2019[4]. 20 января он встретится сразу же после окончания турнира c командой Норвегии (""Хоффенхайм""). 30 мая состоится матч между сборными",1,0
129986,"на что бы я рассчитала, вбив в поисковике ""купи фен спБ"".",1,0
130093,И у нас тут такая беда,1,0
130145,Я схожу по психологическим консультациям,1,0
130351,Никто: Что выдерживает пирамиду?,1,0
130408,на территории Ковернинского муниципального района Нижнего Новгорода,1,0
130463,"по отчету 2015 г. фонд оплаты труда составил 3232 млн.руб., в 2016г.- 3932 тыс. руб.",1,0
130504,"Конечно, беженцев отправили в Багдад, после чего решили депортировать в Сирию.",1,0
130567,"Михаил Петрович приходит в ярость, бледен, измучен, сам едва узнает своего брата, точно в тяжелой болезни.",1,0
130588,"Непредставление или представление не всех документов, предусмотренных пунктами 6.19, 6.20 настоящей подпрограммы.",1,0
130671,"История джихадистов, Салафитов и ваххабитов появлялась ярким параллелем с современными джихадистами,салафитами и ваххабитами.",1,0
130880,"Гавин Лонг выбрал авторов серии, и эти номинации были одобрены правительственной комиссией.",1,0
130899,"Назначенные лица, пожелавшие вступить в него членами, будут рассматриваться закрытой баллотировкой.",1,0
130919,"Сейчас расследуется фильм о устройстве, которое записывало разговоры в кабине пилотов.",1,0
130946,"Начальник штаба дивизии Агаджанов привел целую толпу народа, в том числе многих раненых и раненых, а также несколько раненых. Сейчас идут всякие пертурбации, пока еще неизвестно, расформируют нас или пошлют на формировку.",1,0
130985,"По середине недели, когда шла Неделя, 16 марта считался последним днем, когда я был в Петропавловском.",1,0
131030,Оба и Ролинг и Мейер обращаются непосредственно к молодежи.,1,0
131260,"На 2 января 1939 года, вместе с семьёй, он переехал в Нью-Йорк.",1,0
131327,Там нет туалетной бумаги.,1,0
131396,"Темп роста объема платных услуг населению в среднесрочном периоде прогнозируется на уровне 83-91,6% (по Нижегородской области - 100,7 - 102%).",1,0
131407,Он также работал в обсерватории Mount Wilson.,1,0
131415,"Толпа останавливалась в облаке пыли и неподвижна, пока поездка не скрылась совсем из глаз.",1,0
131493,Достоевский не попал в пантеон официально признанных советской властью писателей — среди барельефов на зданиях советских школ его портрет отсутствует.,1,0
131534,Эта краска с маслом 17-го века.,1,0
131608,"Первый парад Красной Армии. Москва, Июль 1924 г.",1,0
131725,"""Белоруссия"" намерена выплачивать Газпрому 150 долларов за тысячу кубометров, что соответствует среднегодовой цене на газ в 2009 году.",1,0
131805,Оплачивать в четверть должен был быть как международный студент по нерезиденту,1,0
131853,"В условиях дефицита персонала, характерного в России для многих медицинских служб, дефицит медицинского персонала ощущается в первичной онкологической связи.",1,0
131989,"Но если из АК могу уложить две-три пули, то тут первая в мишени нужна поводка.",1,0
132081,"С приходом нового поколения ""бюрократическая этика"" перестанет быть лицемерием и потеряет свой смысл?"".",1,0
132183,"Есть доктор, который говорит по-японски?",1,0
132265,"Электронные версии справочников, описей дел и архивных документов на взломе на сайту администрации города Протвино.",1,0
132277,"По состоянию на 2013 год в России было зарегистрировано около 6,5 тысячи предприятий. Крупнейшие из них:
1) АвтоВАЗ (более 430 тыс.), выпускающий легковые и грузовые автомобили; 2-е место - УРАЛЗавто (-153тыс.) 3)-Гидроавтомобильный завод (+128т.); 5-) Уралтрак,-2шт.; 7.-АвтоЗАВТ(259 т.). Кроме того, были открыты заводы ""Промтехнологии"" по производству металлоконструк",1,0
132335,"В порту спекуляции, не разглашая ящиков, продают их друг другу, плача вдвое, узнавая, что они останутся в больших барышах.",1,0
132409,"Савва снова стал участником студенческих товарищеских собраний, сообщил эксперт.",1,0
132456,"Схожу с ума от химии. С утра до вечера глядела в химию и, казалось, ничего не понимала. В душе — разбитые иллюзии, вера в счастье, в руках учебник в 500 страниц, такой неудобоваримый.",1,0
132459,Вечером его видели приходить из Пскова. Пален.,1,0
132568,"В среднем годовой коэффициент загрузки гостиниц области до 43,8 %; это составляет 43,4% от общей средней плотности загрузки гостиниц.",1,0
132674,"По некоторым вопросам, связанным с реализацией программы ""Устойчивое развитие сельских территорий"", может быть предоставлена отдельная справка или аналитический отчёт.",1,0
132687,"Перекинутый из Сестрорецкой верфи корабль ""Орел"" встанет рядом с Исаакием в перспективе развития этого направления (рис.).",1,0
132781,Animal Logica и Mode Studios работали над многими частями Эго.,1,0
132858,"Россия подписала около 30 договоров, меморандума и контрактов с Пакистаном.",1,0
132887,"Первый взрыв вызвал интенсивный пожар в первом отделении, ударная волна перешла во второй.",1,0
132982,Я буду там на месяц и на неделю.,1,0
133018,он был дисквалифицирован на один день за красную карточку и на три — за попытку атаковать судью.,1,0
133292,"Джастин Теру сыграл небольшое камео в роли Итана Чейза — известного гостя, приглашённого на шоу Мюррея.",1,0
133475,"«Тиражарование в последнее время якобы сделанных мною высказываний о олончах - бессовестно, лживое и обреченное на провал, в чем бы оно ни заключалось.",1,0
133486,"Правовые акты находят меры, направленные на достижение цели и задач подпрограммы?",1,0
133502,Минсо обеспокоено заявлением Климкина.,1,0
133645,"вышел Святогор и, схватив меч, крикнул: ""Отпу",1,0
133665,"В случае непринятия кардинальных мер по усилению противодействия преступным посягательствам, уровень преступности, в расчёте на 100 тыс. населения, будет ежегодно увеличиваться более чем на 50 преступлений, рост нераскрытых преступлений предположительно будет составлять 1300.",1,0
133681,"Мне пришлось приехать в Украину из провинциальных городов, но играл у Корша, Казанцева в театре Неметти, У Зазулина в Панаевском.",1,0
133798,"У синих беретов, с черными вусиками, все жвави, как хлопчаки.",1,0
133807,"По прогнозу среднеспотового ветра, в течение суток местами по Республике Коми ожидается усиление северо-западного (2 м/с) и западного воздушных потоков.
Прогноз неблагоприятных метеорологических явлений для автомобилистов на автодорогах Республики Марий Эл: гололедица; налипание мокрого снега с дождем или снегом снежной крупой - 0 см., образование наледей – 1см.; подъем уровня воды рек до критического значения 5–7 метров над уровнем моря при температуре воздуха от +1°С днем 2 января 2016 года составляет",1,0
133809,"Скрытое соперничество между Деникиным и Колчаком, несомненно, существовало, хотя внешне они всегда демонстрировали взаимное уважение. Правительство Франции выразило Колчаку своё удовлетворение объединением усилий Востока с Югом и назначением Сазонова, пользовавшегося авторитетом в дипломатических кругах Антанты.",1,0
133814,В состав флота будет поставлена БС-136 «Оренбург» из ракетоносца К-129 проекта 667БДР в 1996-2002 годах.,1,0
133825,"-- По крайней мере, министр здравоохранения, -- сказал он любезно, -- если шеф позволит, вы можете поселиться в реанимации!",1,0
133856,"Oh, Sae-young, «Чтение первой поэтической коллекции Oh Sae-young Again – Fall 2», Siansa, 2003.",1,0
133894,"Также полезно, что собака всегда имеет какой-то способ информации, способный помочь в его идентификации и возвращать владельцем в случае потери.",1,0
133928,"1487 - Первое  взятия  Казани:  казанский  хан  Ильхам  после  осады  сдался  воеводам  Ивана  III (Царь  Казань  брал  через  65  лет,  Иван  III стал  Вели",1,0
134016,"Во втором разряде российского актера Антона Воронского оказался лучшим в истории российского искусства, а в третьем разряде занял Г. Козлов (3 очка), 3-е место занял Н. Галкин (7 очков) и 3-е место — Г. Михеев (3 очка).",1,0
134140,"утром я писал открытки, помещая свинью в первом месте.",1,0
134198,"Для достижения этой цели предусматривается создание и совершенствование материально-технической базы для проведения занятий в группах.
В целях создания условий, способствующих формированию здорового образа жизни у студентов образовательных организаций высшего образования (организационных единиц), организуемых на базе высших учебных заведений среднего профессионального или дополнительного общего образований: организация спортивных соревнований; проведение культурно – досуговых мероприятий по направлениям деятельности образовательной организации с привлечением студенческой молодёжи к занятиям физической культурой - спортом среди обучающихся данной ООУ ; оказание консультативной помощи студентам о проведении спортивно оздоровительных программ, направленных как минимум частично либо полностью",1,0
134287,"Я листаю ленту, стараясь пропускать новости и твиты в связях с расстроением",1,0
134302,"Профилактика ресоциализации и социальной адаптации лиц, освобожденных из мест принудительного содержания и лиц, без определенного место жительства и работы.",1,0
134499,"Снова и снова пытаясь его включить, Сэм опять испытывает видения.",1,0
134659,"Игра похожа на игру Pazzle Bobble/Bust-a-Move, но с несколькими ключевыми различиями.",1,0
134713,В районе Караганды упала ракета третьего этажа и спутник.,1,0
134770,«Новый год к нам мчится скоро все случится».,1,0
134802,"Согласны, что СП все равно остается самым выгодным предложением на рынке и относительно невысокую стоимость.",1,0
134894,"В сериале «Назови моё имя», в котором Уолтер Уайт заключает сделку с представителем мексиканского наркокартеля и произносит знаменитую фразу «Назови мое имя».",1,0
134895,В связи с законами мелодрамы много внимания уделялось цыганам. Паразиты и паразиты паразиты.,1,0
134899,увеличение объема оплачиваемых услуг на душу населения;,1,0
134952,"«Но кажется, что я невольно перемещаю воздух.",1,0
135040,"Чистота в ЦП ЦК великолепна, все блестит, все выглядит нарядно и богато.",1,0
135041,Казахстанцы третий раз за неделю выехали убирать кукурузу в Россию.,1,0
135057,Бесплатная регистрация была открыта в конце ноября.,1,0
135224,"Эксперты отмечают, что число руководителей и педагогов муниципальных организаций дошкольного образования, общеобразовательных организаций и организаций дополнительного образования детей, прошедших в течение последних трех лет повышение квалификации или профессиональную переподготовку, в общей численности не превышает 10%.",1,0
135286,"с учетом проводимого мониторинга ситуации в Республике Северная Осетия-Алания в текущем г. МоногородаХимнасия в текущем календарном году на монопрофсоюзных муниципальных местах в Нижегородской области зафиксирована стабильная финансово-экономичекая ситуация,",1,0
135336,"Евгений Кафельников не завершил групповой турнир Masters Cup, сообщает Sports-экспресс.",1,0
135341,"Я не понимаю, почему нож здесь.",1,0
135367,"Заключенный в еврейском лагере «Шура» обвиняется в контрреволюции, а его жена — тонкое создание с лицом кроткого ангела. И-на в таком же неведении, как и я. Его весь лагерь знает за шутки и жестокость.",1,0
135386,Контрольно-пропускной пункт на шоссе прошел с левой стороны.,1,0
135464,"Отбор в социальные услуги не требует новых моделей управления социальной инфраструктурой, развития рыночных механизмов, конкурентной среды, партнерства с организациями гражданского общества.",1,0
135474,"Мужчина отдал письма семье, брату и матери.",1,0
135490,"В ноябре 1997 года начальный шаг был сделан в приобретении Национального кредитного банка - BCN, присутствующего на бразильском рынке с 1929 года.",1,0
135501,Какой же он глупый мальчик!,1,0
135594,"Легочанка была на границе с персидской границей, в Городизе.",1,0
135601,"Физик и физик Эйнштейн пришли к выводу, что нелепо привлекать понятие эфира для наблюдения только для того, чтобы доказать невозможность его наблюдения, а глубже — в кинематике.",1,0
135622,"В Москве дядя Володя отметил 62 года, здесь, в Кабуле переводчик Азим Юсупов отметил 23-летие.",1,0
135651,"В сентябре выпускаются клип, а затем сингл «Benzin», одноимённая песня с которого войдёт на следующий, пятый альбом группы.",1,0
135677,"- Пишут, что с 1 апреля смартфон будет стоить",1,0
135726,Эта политическая поддержка была единственным возможным выбором его представителей.,1,0
135761,снижение расходов городского бюджета без наращивание муниципального долга Ессенток.,1,0
135818,Е.И.Степанков,1,0
135940,Ну и как ты не могу,1,0
135991,Я бы хотел когда-нибудь увидеть тебя снова.,1,0
136146,"Единственная женщина в Дизраэле, которая поддержала проведение парламентской реформы, которая удвоила количество избирателей, так как многие городские рабочие получили право голоса. Она не поддерживала идеи дать право голоса женщинам. Правительство Дизраэли просуществовало несколько месяцев, и в конце года премьер-министром стал его соперник из либералов Уильям Гладстон.",1,0
136196,"Джон К. Гугин в статье ""Пузырёк биткойна и плохая гипотез"" заявляет, что ""Биткойны являются лучшим примером чистящего пузыря"".",1,0
136205,"удовлетворительные потребности населения на предоставление информации из государственных архивов Удмуртской республики и других государственных архивных фондов, хранящиеся в архивных отделах Администрации МО «Малобургинское сельское поселение».",1,0
136271,Они действительно принимают странную свободу отчетности.,1,0
136307,"пятнадцать рублей крошечный флакончик, не пузырь, а флаконик, - маленькая бутылочка без горлышка, не бутылка, а пузырь.",1,0
136311,"В каком именно причине распространение беспризорности, безнадзорность несовершеннолетних",1,0
136347,"Российский гонщик команды АРТ Сергей Сироткин занял второе место в первой гонке десятого этапа GP2 в Малайзии. Победу одержал Антонио Джовинацци, который вышел в лидеры чемпионата. Россиянин Артём Маркелов сошёл с трассы ещё на установочном круге.",1,0
136399,Приднестровье (Украина) (неопр.).,1,0
136429,"Внешность, Внешность, Внешность, Внешность, Внешность, Внешность, Внешность.",1,0
136479,"у постели умирающего встретил тревожный вопрос Сергей Дмитриевич Тальский свою кузену, вернувшуюся из Грузии.",1,0
136607,Ты когда-нибудь играл в бейсбол?,1,0
136609,"В понедельник на Бурштынскую теплоэлектростанцию поступили первые вагоны с углем из Польши. По словам директора по коммерческой деятельности энергохолдинга Виталия Бутенко, до конца октября на ТЭС ДТЭК планируется поставить 100 тыс. тонн угля газовой группы из Польши, что позволит компании иметь запас прочности по производству электроэнергии на случай дополнительной нагрузки.",1,0
136610,"Маша хороша дома, а не в больнице. Другая жизнь.",1,0
136682,", Целоваться, быть может, с ней он хочет, Что бы там с ней не делал.",1,0
136756,аресты «шпионов» — в Яньани все в постоянном напряжении.,1,0
136770,Его ошибка стоила дорого.,1,0
136806,"говорили, что его уже положили больной; через три дня он совсем ослабел, и врач запер его в отдельной каюте.",1,0
136859,"Глаза большие асимметричные, разные, синие и грустные, как и дети на рисунках, полулиц",1,0
136867,"Лао Ган Ма, у нас с нами романтические отношения.",1,0
136891,"В понедельник, завтра начинается последняя неделя с 9 лет.",1,0
136939,"Советская символика — пласт государственных и революционных отличительных знаков и изображений, олицетворяющих Советское государство и Октябрьскую революцию, которые использовались коммунистами и левыми на демонстрациях, в военных выступлениях красноармейцев, а также выполняли роль государственных символов Советского Союза.",1,0
137089,"Читаючи. Став робити ноту на берегах, -місцня не вистачає.",1,0
137132,Версия 14 поддерживает распознавание текста на 192 языках и имеет встроенную проверку шрифта для 48 из них.,1,0
137175,"-- Добрый день, -- сказал он с трогательным и трогательным голосом, как бабушки, которые только что избили внуков блинчиков.",1,0
137181,"Иосиф Аримафейский и Никодим, попросив у Пилата погребения тела Иисуса, обвивают его плащаницей с благовонями до наступления субботнего покоя.",1,0
137217,"Инициатива, выдвинутая в ноябре 1946 года, предлагает вернуться к старым ставкам в размере 0,75 на 1000 и 1%.",1,0
137229,Выплата единовременной материальной помощи почетным гражданам Артемовского городского округа (выплата единовременной материальной помощи почетным гражданам Артемовского городского округа) является одним из самых неудачных граждан Артемовского городского округа.,1,0
137245,"Ты собираешься уходить в школу или универ, а я нет.",1,0
137274,Я сделаю вид что ты студент,1,0
137283,У нас примерно один и тот же возраст.,1,0
137382,"Китайская LeEco представила прототип своего беспилотного электромобиля, который так и не поехал на сцену в СанФранциско. Машину разбили по дороге из Лос-Анджелеса.",1,0
137464,".  Те и другие согласны, однако в конце второй волны защитную функцию человека обеспечивали антитела к таким же или близким антигенам вирусной сущности.",1,0
137548,Оба режима были обновлены в сентябре 1998 года для поддержки IPv6.,1,0
137550,"Невозможно снова останавливаться на полпути, тем самым усугубляя кризис, и тем не менее.",1,0
137614,"Кто любит меня, тот любит и мою собаку.",1,0
137639,"Сочи покупает голоса в конкурсе символов для новых купюр, чтобы получить бесплатный билет в сочинский дельфинарий. По последним данным, Сочи лидирует в конкурсе с большим отрывом. На втором месте Дальний Восток, который поддержали 300 864 россиянина. Казань, занимающая третью позицию, имеет 291 215 голосов.",1,0
137708,Баджи пел на гитаре впервые за месяц.,1,0
137750,"Женщина, мать 21 г. болен первый день в 3 утра сильная температура.",1,0
137948,На изменение внешних и внутренних факторов оказывающих существенное влияние на социально-экономическое развитие территории муниципального района «Нерчинский район»,1,0
137958,На востоке Украины российские юристы и правоведы признают конфликт на востоке Украины вооружённым конфликтом внутреннего характера.,1,0
138068,Сколько же я нахожусь в изоляторе,1,0
138088,"В случае если муниципальными контрактами (договорами) предусмотрено авансирование проведения работ в общеобразовательных организациях с целью устранения предписаний надзорных органов, министерство образования Красноярского края перечисляет субсидию на осуществление предварительной оплаты в размере не более 30 процентов от суммы заключенных муниципальных контрактов (договоров).",1,0
138110,"Букмкерои сообщили о победе Украины в британском дерби, выиграв у Салы.",1,0
138115,"Согласно программе, предложенной Еврокомиссией для стран ЕС, беженцев должны распределять по странам Европы пропорционально количеству их жителей.",1,0
138325,"Как можно благодарить небо: утонченный художник, прославленный грядущим человеком,очаровательнейший юноша позволяет любить себя?",1,0
138506,"Аналоговый метод оценки соответствует средней стоимости инвестиционных проектов по модернизации коммунальной инфраструктуры с применением индексов-дефляторов для инвестиций в основной капитал, установленных Министерством экономического развития Российской Федерации.",1,0
138557,Около повалившейся *хатюшки на N-ской улице г. Орла стоит закрытый немецкий автомобиль «Мерседес».,1,0
138566,"Токийский оператор Вещательной корпорации Японии заметил, что станция Хиросимы перестала подавать сигнал в эфир. Оператор попытался вновь установить вещание, используя другую телефонную линию, но это также не удалось.",1,0
138580,В 1990-х годах RB211 был заменен двигателем Rolls-Royce Trent.,1,0
138607,"В Баку состоялась встреча солисток азербайджано-казахстанского гёрлз-бэнда «Turkiss» с представителями СМИ. По словам участниц коллектива, у них нет ощущения, что они в гостях.",1,0
138613,КДК РФС признал незаконным длительное содержание под стражей пятерых болельщиков ФК ''Спартак''.,1,0
138650,"Организации бюджетной сферы – 483 человека (14,4%);",1,0
138669,Тебе лучше этого не делать.,1,0
138851,"В Волгоградской области чиновники незаконно отказали 88-летнему ветерану Великой Отечественной войны в жилье. В местной администрации престарелого человека отказались признать нуждающимся в предоставлении жилого помещения без всякого на то объяснения. По словам самого пожилого человека, подпись в договоре купли-продажи его вынудили поставить обманным путем, а денег и вовсе не отдали.",1,0
138968,Двухкорпусный котел имеет П-образную компоновку и подвешен к перекрытию при совмещении каркаса здания с каркасом котла.,1,0
138975,"""Еще заражусь какой-нибудь неизлечимой скверной болезнью!"" '' - думалось мне.",1,0
139110,LVT-7 впервые был представлен в 1972 году в качестве замены LVT-5.,1,0
139164,Что за парные обои надо заводить на смартфон,1,0
139166,"Полный текст 32-томной Британской энциклопедии (Энциклопедия Британии) опубликован в Интернете бесплатно, сообщает Reuters.",1,0
139318,"Один из них вызывает смех зрителей, но большинство всё равно ведёт ее в нестандартной интонации.",1,0
139494,Какой температурный режим зимы затруднен?,1,0
139581,"b) участие в экономическом обороте объектов, в том числе земельных участков муниципальной собственности;",1,0
139647,"Так или иначе, но в палатке разбитой на горе провели родовые процессы.",1,0
139755,"В 1988 году группа записала свою первую запись, called '88 Demo.",1,0
139794,Наконец-то мое желание было исполнено.,1,0
139820,"Особенности реализации подпрограммы, описание основных проблем реализации подпрограммы, анализ социально-экономических и других рисков реализации подпрограммы.",1,0
139846,", Мы тотчас же сняли обувь и пошли вверх.",1,0
139894,Стратегические направления развития кластеров в связи с переходом,1,0
139915,"Около 40% муниципальных электрических сетей характеризуются высоким уровнем морального и физического износа основного оборудования, а также негативным образом сказывается на надежности и качестве электроснабжения потребителей.",1,0
139995,Эта книга содержит множество изображений.,1,0
140005,Сколько времени вы вчера делали?,1,0
140015,"При всем том, что я недостаточно воспользовался данным мне случаем и выраженным, хотя и под влиянием мимоходных впечатлений, доверием ко мне государя.",1,0
140053,Вагнер Лав прибывает в Россию на подписании контракта с армейцами.,1,0
140063,"В Семикаракорском районе зафиксирован уровень правовой грамотности руководителей и заместителей руководителей образовательных учреждений Семикаракаракорского района, прошедших обучение по реализации мероприятий антикоррупционного просвещения и воспитания в образовательных учреждениях (элективные, факультативные курсы, модули в рамках предметов, дисциплин правовой направленности).",1,0
140218,"Правительство долго не принимало документы на конкурс, а потом долго не могли назначить дату конкурса, из-за чего он постоянно переносился на другие места.",1,0
140389,"Девушка, которую охрана заподозрила в убийстве своей дочери, позвонила полиции из отеля.",1,0
140428,": Втрф, всего только что это было «январь», когда оно стало «феврал».",1,0
140441,"В Верховной Раде сорвано обсуждение военного бюджета Украины на 2017 год. Обсуждение было сорвано из-за отсутствия кворума. В результате Савченко пошла на встречу с представителями отдельных районов Донецкой и Луганской области, а депутат Юрий Береза поднял вопрос о неподобающем поведении коллеги.",1,0
140473,"Мораль, захваченная одной идеей абстрактной справедливости, допускают только оборонительную, либо пассивную, либо агрессивную войну, либо вообще ничего.",1,0
140503,"Это одна из множества школ в Израиле, объединяющих христианское, мусульманское и восточное богословие.",1,0
140505,"Отомкнули золотую клетку, а в ней змеи, ящерицы и всякая гнусь. Отомкнулись серебряный и золотой сундук.",1,0
140559,В Копенгагене появится федеральное агентство новостей.,1,0
140561,"Помилуйте, позвольте нам доложить, как же нам-то не знать!",1,0
140811,"Белый лебедь несется, не сбегает на свидание",1,0
140825,"В Сосновском орсовском магазине на нестроганых прилавках лежит весь мир подлунный Коричневая кофточка, белые туфли с квадратным каблуком -- из ГДР, белые гольфы — из ГДР.",1,0
140994,"Автобус приехал, и нас не было.",1,0
141002,называютъ землію къ Востокy Леванту и плоды произрастающія въ восточных странахъ въ Востокъ Леванитами.,1,0
141155,", завтра еще не зима, ты в курсе??",1,0
141228,на территории района 10 котельных и 1 котельная на угле.,1,0
141282,По мере развития кабельного и спутникового телевидения посещаемость кинотеатров продолжается.,1,0
141374,"Тройку лидеров закрыл правнук нефтяного миллиардера финансист Джозеф Гетти с женой Сабиной, дизайнером ювелирных украшений.",1,0
141466,"Суд Суд счёл возможным рассмотреть их как административное правонарушение, и Хоган отделался условным сроком, исправительными работами и штрафом.",1,0
141530,: Цель: повысить уровень безопасности населения и сельскохозяйственных животных.,1,0
141640,", Январь: Январь - А вот бы не простудиться.",1,0
141645,Без его помощи я бы потерпел неудачу.,1,0
141805,«Расистский» ответ президента Франции Эммануэля Макрона на «план Маршалла» оказался в центре скандала из-за одного заявления по Африке. Пользователи социальных сетей посчитали ответ Макрона «расистским».,1,0
141834,"Затрачено около 0,5 млн. рублей, приобретено оборудование на сумму 348,7 тыс.рублей.",1,0
141887,"пора ""прощаний"" —
им сентябрь говорит,
«пора прощаний»:
вам будет легче.",1,0
141919,смотрите редравчик ху тао слева август 2021 а влево февраль,1,0
142073,"Финны передали Гёте свою библиотеку, а также рукописи его сочинений.
Наследник престола Фридрих Вильгельм III был женат на принцессе Елизавете Шведской (1800–1904) из рода Вюртемберг-Готторпских; он имел от этого брака двух сыновей – Фридриха и Карла Вильгельма Прусского(1796— 1851). Его второй сын принц Георг Карл родился в 1840 г., когда ему было только 4 года: это была самая младшая дочь Георга Шарлотта София Мария Луиза Виктория Августа Фредерика Елизавета Доротея Александра Кристина Элеонора Екатерина Анна Каролина Элизабет Амалия Мари Тереза Евгения Изабелла Беатриса Иоганна Генриетта Людвига Маргарита Эмилия Антония Елена Юлия Франсуазика Фелицата Эвелина Каролин Альбертина Констанция Австрия Леопольдина Ангальтская принцесса Катарина Ульрика Эльза Фридерикус фон Гогенцоллерн Эрнст Антон Франц Генрих Август Герман Готфрид Филипп Альберт Густав Эмиль Рудольф Фердинанд Отто Эдуард Адриан Альбрехт Августин Феликс Иосиф Виктор Христиан Ханс Кристиан Юлиус Александр Кристоф Константин Максимилиан Роберт Эрнест Теодор Альфред Оскар Юлий Павел Николай Станислав Янош Ян Масарик Ярослав Йозеф Игнацы Микулаша Милан Иосифович Владислав Вашек Карел Стефан Витольд Франциск Бенедикты Мартин Лютер Христофор Колумб Фриц Штрассеры Яков Краммель Давид Лейзер Моисей Соломон Маркграф Иоанн Каспар II Конрад Валленрод Геррман Евгений Богард Петер Вольфганг Пфеффер Рихтер Зигмунд Круппенштейн Арнольды Ганс Бернер Курт Вальдек Эрик Штайнгардт Рудигер Тротгендорф Артур Лангемак Арвид Марсельский граф Хельмут Граф Адельгейм Графинь Эльжбет Баварские князья Магдалена Саксонское герцогство Герцогиня Люксембург Жанна Антуанская Королева Испании Жозефина Испанские владения Королевы Франции Король Швеции Харальд VII Наследный Принц Венгрии Луи Наполеон Французкий император Священная Римско -католическая империя Император Германии Оттон I Великий Князь Литовскай ССР Польщскаго государства Императрица Австрии Епископ Любекй Империи Габсбург Пауль эрл Шварценберги Принцесса Алиса Английские королевы Ее Высочество королева Бельгии Женевьева Франция",1,0
142150,"США нарушают международную конвенцию, не давая российским наблюдателям наблюдать за ходом президентских выборов, считает член комитета Госдумы по международным делам Сергей Железняк. По его словам, агрессивная реакция властей США в отношении российских дипломатов выходит не только за рамки международных дипломатических правил, но и является прямой угрозой лицам, имеющим статус неприкосновенности.",1,0
142212,"Кроме того, в обращении находятся новые и старые копии.",1,0
142223,"- Так как ты систематически возглавляешь аспирантов, тебе нужно знать, как они получают неграмотные сообщения.",1,0
142240,"Для написания сценария американский кинорежиссёр, режиссёр и сценарист Стивен Кинг написал сценарий к фильму ""Голодные игры"" (The Gathering of the Dead), снятый по его сценарию. 
 Фильм был номинирован на премию Американской академии кинокорпораций за лучший фильм года среди документальных фильмов о войне[4]. В 2013 году картина была отмечена премией в категории лучшая анимация для детей от 6 до 12 лет.[6] Также она удостоилась премии Британского телевидения как Лучший детский короткометражный художественный проект 2014 год: её актёрская работа получила награды Национальной ассоциации кинематографических искусств Великобритании; премия также прис",1,0
142272,"Объект был обнаружен только в 1851 году, когда британские и американские исследовательские суда бросали якорь вблизи.",1,0
142353,"Озеро Будановского длиной 5,175 км распространяется на озеро Будановск.",1,0
142401,"По старорусским традициям-обычаям не повелось с невестиной стороны сватовство зачинать, однако же многие купцы к Смолокурову свах подсылали.",1,0
142411,", однако, он продолжал петь. И почти в страсти.",1,0
142711,", В одной из своих галлюцинаций персонаж Джокер управляет игроком, но недолго.",1,0
142754,Здесь был старый храм.,1,0
142774,"- О! Я думаю, это ты, - тихо сказал Михеч, проснувшийся уже на пустой земле.",1,0
142783,"Заявление направляется в администрацию городского округа Сосноборо, оценку конкурсных заявок осуществляет федеральная комиссия.",1,0
142807,КОНЦЕПЦИЯ ПЛАНИРУЮЩЕЙСЯ ОРГАНИЗАЦИИ ОСНОВНЫХ Промышленных зон в городе Авог,1,0
142850,"В российском прокате «Здравствуй, Гнат!», «Где-то есть сын», «Шестнадцатая весна», «Двенадцать спутников», «Кольца славы», «Великая опора» и «Тишины не будет».",1,0
143002,Самые выгодные для вывоза з,1,0
143022,Углы наклона поверхностной воды рек от уровня моря до отметки в 0 градусов являются самыми распространенными у равнин с осадками менее 15% годовых,1,0
143124,28 сентября 2014 г. в здание суда в Белый дом проникли 42-летняя Омар и 44-летний Гонсалес.,1,0
143265,"спешат все, кому не лень, спешат, спекулируя на знаках, знаках отличия, знаке различия и знаке отличия.</",1,0
143298,", За февраль 2018 г. госдолги США выросли на $182 млрд, более чем на $325",1,0
143328,"Поел вкусно и сытно, а главное, братский делёж действительно был братским.",1,0
143438,"Она сказала по-английски: -- Да, ты же говорил и теперь довольно свободно.",1,0
143496,"По словам исследователей, эта культура выросла на северо-западе Ирана и распространилась оттуда к югу и западу от бассейна озера Урмия.",1,0
143562,"написал Р.Д. Уотсон, в июне 2004 г.",1,0
143642,В июле 1943 года в Донской области произошла очередная битва между донской армией и атаманом Вильгельмом.,1,0
143846,"Кадровый потенциал муниципального образования ""Город Архангельск""
Список изменяющих документов(в ред. Постановлений Правительства Архангельской областиот 25 декабря 2014 г., от 29 ноября 2015 года N 726,с изм..2015 № 652) _________________________________________Утверждено постановлением ГубернатораАрхангельской обл.""Об утверждении перечня должностей муниципальной службы в муниципальных органах исполнительной власти и должностях руководителей (заместителей главных...",1,0
143847,"В составе дизайн-проекта благоустройства дворовой или общественной территории должны учитываться мероприятия по обеспечению физической, пространственной, информационной доступности зданий, сооружений дворовых и общественных территорий для инвалидов и маломобильных групп населения.",1,0
143970,"Я чувствовал почти непреодолимое желание убежать отсюда куда глаза глядят,ибо здесь было так страшно стоять одному перед лицом приближающегося кошмара.",1,0
144059,"Чахотку в древнем Египте называли «семитской» болезнью, которая чаще наблюдается среди рабов и редко среди привилегированных слоёв населения. В наше время из костей мумий египтян, страдавших от костного туберкулёза, были выделены живые палочки Коха.",1,0
144186,Хочешь поехать в кино в субботу?,1,0
144210,"После обеда, Kirill went на picnic.",1,0
144222,Только мертвые видели конец войны.,1,0
144245,"друзья Кодзима не разделяют полностью его любовь к кинематографии и творчеству, больше занятые учёбой.",1,0
144268,Лизелотта от меня не получила ни строчки.,1,0
144498,Опасно плавать в этой реке.,1,0
144705,В Пеновском районе создание условий для поддержки и развития малого и среднего предпринимательства;,1,0
144766,В качестве одной из главных причин испанского валютного кризиса 1937 года был отмечен вывод золотых запасов Банка Испании в Москву.,1,0
144790,"Очень часто лошади мчали легкую кошеву по горам и долам, по замерзшим рекам и среди тайги, сверкавшей на солнце в серебряном уборе.",1,0
145059,"Сталиным на Манежной площади получил эпизод с главой ""Большого"" шоу.",1,0
145061,"Против цитокинового шторма и других иммуносупрессоров испытываются и другие препараты, в том числе тоцилизумаб. Однако решение о применении этого препарата является сложным и предполагает принятие взвешенного решения с учётом преимуществ противовоспалительного действия и негативного эффекта от вмешательства в работу иммунной системы.",1,0
145124,Он побывал в Италии для изучения музыки.,1,0
145134,С формированием патриотизма и гражданской ответственности принято вести гражданские ценности и формировать российскую идентичность.,1,0
145159,Индивидуальный «дуктус» больше не может оправдать поверхностную и иррациональную ссылку на нередактированное сознание.,1,0
145160,"И, думая, что уже не и никогда больше будет, как было тогда.",1,0
145236,"Я не люблю лживых поповских языков, Мариетт, смазанных сверху правдой.",1,0
145331,", в среднем, установка на ликереводочном или винодельческом заводе стоит от 1,30 миллиона до 1,35 миллиона рублей.",1,0
145586,"Основная оборонительная позиция Антверпена была защищена бельгийцами, в десяти километрах от города.",1,0
145727,Я оставляю эту книгу?,1,0
145758,Основными целями агрохимического обследования являются: определение состояния и динамики плодородия почв,1,0
145798,"Потом она проводила меня на троллейбус, сейчас страшное время.",1,0
145822,"Основной объем жилищного строительства обеспечивается в Нарянском Маре, р.п. Поисковики, The Indiga",1,0
145916,"За исключением психических способностей, эти способности обычно случайны; редко у двух людей один и тот же набор сил.",1,0
146305,"Внутригородской железнодорожный транспорт воспользуется этой же выскоскоростной линией для подъезда к станции Туапсе, Сочи, Адлер и Аэропорт в Адлере для дальнейшего использования классического железнодорожного, авиационного и морского транспорта.",1,0
146443,В один прекрасный день его поймали бабушкины.,1,0
146462,"Экономическим эффектом реализации муниципальной программы является минимизация ущерба, наносимого жизнью и здоровью граждан, преступной и иной противоправной деятельностью.",1,0
146467,Теперь настала моя очередь.,1,0
146475,"Нечаянно он пошел бродить и не видел и не слышал, как она вошла.",1,0
146556,Тест-драйв и хардбол Впоследствии они стали двумя наиболее долговечными франшизами Accolade.,1,0
146610,"На 1,6 км производительность равной ADSL2+.",1,0
146716,"Все это трудно согласовать в одном композиции», — говорит критик Валери Перфилиев.",1,0
146815,"Российский политик Март Хельме проживает в двухэтажной вилле, стоимость которой оценивается в 209 000 евро. Дом был постоен в 1997 году. В распоряжении политика находятся бассейн, сауна, джакузи и четыре спальни. По словам соседа, Хельме не был замечен ни в чем необычном.",1,0
146895,Маркес и Пакиао ранее встречались в мае 2004 года и в марте 2008 года.,1,0
146959,"Толстой в ""Войне с чехами"", обращаясь к участникам русско-турецкой войны 1877 года назвал её Отечественной войной.",1,0
146967,"День автомобилиста - это профессиональный праздник не только водителей, но и всех тех, кто добросовестно трудится, выполняя свой профессиональный долг. Автомобили стали скоростным транспортом, благодаря чему мы имеем возможность преодолевать огромные расстояния и добираться в самые недоступные уголки мира.",1,0
147003,"Несовершенство системы сбора и удаления бытовых отходов ведет к захламлению территорий населенных пунктов района, образуются неорганизованные свалки бытового мусора.",1,0
147072,Однако эта демонстрация человечности и юридические шаги являются двумя различными вещами».,1,0
147144,Эти поверхности имеют положительное второе число Бетти.,1,0
147160,"Он отказывается купить Джимми адвоката, но обещает помочь по-другому.",1,0
147224,"У меня жена работает в Министерстве Здравоохранения в Бельгии. Она сказала - по закону, как закончится март, сразу же начнется апрель.",1,0
147242,"В октябре 2006 года DreamWorks Animation объявила, что четвертый фильм выйдет в 2010 году.",1,0
147354,"после этого в список товаров AOL были включены игры, включая классические и гоночные игры.",1,0
147466,"Таня пишет, что Шурка Мостовенко умерла.",1,0
147495,"Конечно, любить Адмирала и желает ему поскорее выздороветь от ран.",1,0
147496,"В качестве дополнительного лечения также применяются агонисты и транскрибирующие препараты (бремол, пимафутин, рибутилриптилин, димедрол, тромбофенилриптиформ, метилпропирин, циклопритилин).",1,0
147599,Православный митрополит Галицкий отобрал в пользу католического архиепископа все его земли.,1,0
147737,"Сегодня пострадавший на Катунском открыл стрельбу, прибыл домой.",1,0
147758,Я был 18 лет.,1,0
147854,Наконец-то пришёл надзиратель и забрал его.,1,0
147877,"Назван повышенный интерес английской разведки, что вызвало ""повышение"" внимание на военном вопросе.",1,0
147963,"На Кузнецком, в Газетном, на Мясницкой, в Мясницкая в таких сугробах, в которых могли нырять наши предки в своих возках. А Петровка! Все эти заколоченные досками окна магазинов! И всюду, всюду шуршат и скрипят салазки.",1,0
147987,"(Reese, 1943, pp. 49) Эти различия в ответах отражены в альтернативных подходах к измерению.",1,0
147989,начал точить. Так и ходил в угол с уголком.,1,0
148056,Рядом с моим домом есть церковь.,1,0
148140,Клубных формирований в Бородинском сельском поселении Приморско-Ахтарского района в 2017 году увеличилось на 5 единиц их деятельности охвачено 125 человек.,1,0
148216,"Считаете ли вы, что обвиняемый действительно виноват?",1,0
148256,"Он срочно улетел в море, на три дня на три — проститься не пришлось.",1,0
148527,На этом всепьяном царстве трудно выбрать шахтёров в перспективе партизан.,1,0
148685,"вернулся один с самого утра, чтобы спасти Милей, и вернулся с Милом.",1,0
148789,"Названо седьмое седьмой преступление, которое нераскрылось.",1,0
149113,Он также получил золотой медаль Оппенгейм Той Портфолио 2004 года и несколько других наград.,1,0
149118,Зубатый трёхпаловый окунь стал причиной исчезновения одного из крупнейших видов млекопитающих в современную эпоху.,1,0
149124,Он даст концерт 3 марта в Москве. Он даст свой концерт в клубе «Космонавной зал».,1,0
149220,"Когда твои коты отказываются спать на полу, их коты не могут спать.",1,0
149236,"Это приводит к тому, что весна наступит уже быстро.",1,0
149269,"Ã зуннджин (ç Ã a, ç Ñ ') обозначает «квадратные футы».",1,0
149328,24 февраля 2012 года Cash Money Records подписал контракт с Limp Bizkit.,1,0
149336,"Москва не признала ""ЕР"".",1,0
149380,"Доброе утро, девочки и мальчики",1,0
149389,Основные мероприятия муниципальной программы «Обеспечение безопасности жизнедеятельности населения и территорий Краснодарского края»,1,0
149403,"Не забудь взять зонтик на случай, если",1,0
149423,Для достижения целей и решения задач подпрограммы необходимо реализовать основное мероприятие.,1,0
149435,"Министерство сельского хозяйства и продовольствия представило в Правительство Московской области на утверждение не позднее 1 июня года, следующего за последним годом реализации программы, итоговый отчет о ее реализации.",1,0
149445,"многие заводы и даже фабрики остановились, так как нет сырья и энергетических ресурсов, а сельское хозяйство снова вернулось к мелкому хозяйству.",1,0
149453,; Социалистическая партия поругалась уже с социал-реформистами из- за крайних скамеечных мест.,1,0
149492,"Что же, я ему, матушка Евгенья Семеновна, разрешили?",1,0
149543,"МТС попросила ФАС разрешить покупку сотового ритейлера ""Телефон.ру""",1,0
149547,На каждый свой вкус.,1,0
149901,"К 1898 году население Клондике достигло 40 000 человек, что грозило голодом.",1,0
149917,"Сложное переплетение нитей, сплетенное из множества маленьких узелков.
— Ты что? — спросил я удивленно.— А ты как думал! У меня все узлы на виду и всегда в руках... И не вздумай их распускать!!! Это опасно для тебя!.. Ну вот видишь: теперь тебе стало гораздо легче дышать… Так зачем же портить такой замечательный подарок?!.. Я ведь еще могу пригодиться?.. Если только смогу найти способ сделать так чтобы этот браслет стал невидимым,— добавил он с улыбкой.- Но это будет очень непросто!... Как думаешь?- Он протянул руку к браслету-«невидимке», но вдруг замер от неожиданности.... В его",1,0
149938,"Савоська вышел из кабацкой двери и быстро спрятался, на его месте показалась согнутая фигура заводского мастерового с запеченным лицом.",1,0
149941,Я разумею сушу и на ней много масличных мест.,1,0
149942,"Он хороший церковник, спросил Баклавский, уже одетый в китайский.",1,0
149954,В 2016 году открыт новый детский сад «Золотой ключик» в п. Новостройка на 140 мест.,1,0
150200,В товарном наполнении потребительского рынка содействуют.,1,0
150217,"В Палкином трактире произошли свидания в Палкином трактире, разрывание компрометирующего письма и т. п.",1,0
150237,", возобновление техники в сочетании с заменой традиционных технологий новыми-большими и затратными.",1,0
150265,Судно Swarte Arent было единственной потерей на шведской стороне; его экипаж был спасен.,1,0
150311,Он провёл сотни лет в поисках Селены.,1,0
150414,"Оговорюсь только, что это достаточно компактные структуры, — добавил он.",1,0
150437,"Это скорее дедушка, потому что диктон был явно предназначен старому Пичто Твердичичу, что Кудик собирался прямо похоронить его.",1,0
150480,"часто возникают так называемая «муха» — ощущение звука в ушах внезапно резко появляется в виде усиленного звука с усилением акустического диапазона и громкостью, переходящей в «писк",1,0
150611,"Несмотря на то, что его называют ""Пусть яблока,"" она посвящена не только яблокам, но и другим плодоносным культурам.",1,0
150675,"В будущем Сцена станет искусством лишь в будущем, теперь же она лишь борьба за будущее.",1,0
150749,"Наверное, потому что ПРИНИПП НЕ предназначен для детей / О..",1,0
150835,"(от греческого «птенчик» и kÃndÃr) - это цвет, разновидность воробьиных яиц, обитающих в Новой Гвинее.",1,0
150882,"Граф Петр Игнатьевич пошутил: «Говорю, поеду завтра и постараюсь показать себя в самом отталкивающем свете», - пошутил граф Петр Игнатьевич.",1,0
150944,Цены в эти дни высокие.,1,0
151066,"Источники, находящиеся на склонах горы Рейкьяфьялл и в значительной степени в районе сельскохозяйственного университета, становятся все более мощными.",1,0
151067,"Тэйлор, скорее, напоминает серийного убийцу, и ему вменялось в вину множество военных преступлений и преступлений против человечнсти.",1,0
151117,"При финансировании реализации подпрограммы финансово осуществляется за счет средств Ременского муниципального района, Московской области, Российской Федерации и внебюджетных средств.",1,0
151151,Я потеряла смысл ориентации в снежном буре.,1,0
151213,"Генеральный секретарь ООН Антониу Гутерреш, бывший премьер-министр Португалии и Верховный комиссар ООН по беженцам, впервые за все время назначен на эту должность. Это уникальная возможность получить часть функций, которые она была наделена на момент ее создания.",1,0
151255,Минфин ожидает рост реальных доходов жителей района более чем на 5% с развитием искусственного интеллекта до 2024 года;.,1,0
151268,Территория сельского поселения составляет 3227 га.,1,0
151304,"- Да, - отвечал Яз, - хотя я и знаю, что ты ни с кем не спал",1,0
151391,В первые дни сообщение о взрыве субмарины распространялось на сайт Кавказ-центр.,1,0
151394,"Я позабочусь о том, чтобы кто-то пришёл за тобой домой.",1,0
151413,Часть этого убеждения укоренилась в моем собственном опыте.,1,0
151415,"в то время Свердловский район активно строились и развивались, появились такие районы, как Уралмаш.",1,0
151647,Новое здание построено напротив моего дома.,1,0
151747,"Акционеры крупнейшего российского автопроизводителя «АвтоВАЗ» приняли решение увеличить уставной капитал компании за счёт дополнительного выпуска 3,28 миллиардов обыкновенных акций. В результате дополнительная эмиссия составит 16,4 миллиарлов рублей.",1,0
151769,"За тринадцать лет прямого руководства республикой Гейдар Алиев не играл роли формальной коммунистической идеологии, а фактор реальной идеологии. Идеологический фактор роль не играл, вернее, играл роль не формальной, а реальной.",1,0
151853,"Восьмое отделение было отправлено в Буковину, а два других - в Трансильванию.",1,0
151873,"Как сообщает Агентство, мятеж был заранее спланирован и одобрен.",1,0
151908,"Книги — мои верные и доброжелательные друзья. Я один, совершенно один, только книги — мое верные друзья.",1,0
151941,Ты должен попрактиковаться в грамматике.,1,0
151997,Zp – запланированное значение показателей (индикаторов);,1,0
152039,"В китайской провинцией Шэньси совершен массовый захват заложников, есть убитые и раненые(3).",1,0
152095,"Иешуа моложе своего прототипа и не защищён от мира ничем. Прокуратор, страдающий приступами гемикрании, слышит: «Истина прежде всего в том, что у тебя болит голова, и болит так сильно, что ты малодушно помышляешь о смерти».",1,0
152141,"Например, Клаудия Петровна Морозов, 1912 года рождения, умерла в Боткинской больнице.",1,0
152193,"По происхождению, она родом с грузинами.",1,0
152219,"Вооруженная сирийская оппозиция взяла под контроль девять населенных пунктов в Сирии, включая город Дабик, заявили военные Турции. Успешная военная операция позволит сократить количество ракетных ударов с территории, подконтрольной ИГИЛ Анкара 16 — REGNUM.",1,0
152238,"Это, однако ж, поддается туго: он окончательно зажмурил глаза, даже слегка похрапывает.",1,0
152242,"Эти странные семидесятые, или Потеря невинности).",1,0
152296,Концерт было опять на репетиции в клубе.,1,0
152402,Что от вас в нормальном состоянии было ясно.,1,0
152406,Богатый торговец удочерил мальчика и сделал его его наследником.,1,0
152431,"В сети появилось видео, на котором показано, как крупнейший спутник Марса Фобос превращается в «Звезду смерти». Специалисты считают, что в перспективе данное небесное тело всё-таки ждёт неминуемое разрушение — либо под воздействием приливных сил, либо непосредственно в результате «падения» на Марс.",1,0
152518,"Не смотри телевизор, пока ты не закончишь свои обязанности.",1,0
152712,"ведет три книги, ведет три приема, здесь останавливается только ночевать.",1,0
152716,"В редакцию листа из 11 декабря поступило сообщение, что уходит со своей организацией в числе 200 человек — пешком.",1,0
152980,Программы развития потребительского рынка в Приштинской области Курской области на 2016-2020 годы,1,0
153153,"В Германию отправили в Германию целый эшелон, больше тысячи человек. Вот сегодня встал, попробовал ходить, и опять лег. На ногах стоять нельзя, а голова, что паровоз.",1,0
153179,"Сообщалось, что японский миноносец наткнулся на мину и умер вчера после Ляотешана.",1,0
153220,Кинотеатр находится справа от ресторана.,1,0
153294,", утром были у пограничников-мореплавателей в Корсуме, порт.",1,0
153325,Распределение средств на мероприятия по благоустрению территорий населенных мест и осуществление дорожной деятельности по состоянию на 1 января 2019 года приведены в Приложении №2.,1,0
153340,"В Волгограде назвали наиболее комфортный для проживания район города. Большинство волгоградцев отдали предпочтение Ворошиловскому району благодаря его транспортной доступности, наличию инфраструктуры для детей и стоимости жизни. Наименее благоприятным был признан Красноармейский район, он небезопасный, грязный, имеет проблемы с экологией и транспортом.",1,0
153419,отличался великолепной техникой и один из первых начал отстёгивать пас,1,0
153471,Мне трудно ответить на твой вопрос.,1,0
153513,Это место обладает загадочной атмосферой.,1,0
153537,": королева Виктория распространила слухи о леди Флоры, заявив, что королева распространила слух о ней.",1,0
153576,Поэтому необходимо обеспечить единое образовательное пространство в масштабах городов с вовлечением в него минимального количества проживающего на данной территории населения.,1,0
153595,Плохие новости быстро путешествуют.,1,0
153974,"Модель Белла Хадид стала гостьей презентации новой книги «The Art of Color» в Нью-Йорке. Девушка выбрала для светского мероприятия длинную прозрачную юбку, топ-бюстье с шортами и бра с вышитым названием бренда. Образ 20-летняя модель дополнила черными лодочками с острым ноком и широким чокером.",1,0
154101,"Открыт в 1752 году, он почти исчез во время режима Франко, но затем восстановился и сегодня тесно сотрудничает с CSIC.",1,0
154128,"Видео с тремя девушками, одетыми откровенно и грубо, управляло сетью.",1,0
154233,«Мы все находимся в одинаковой ситуации — все живем в домах.,1,0
154325,я хотел пригласить теб в гости,1,0
154478,"Опрос проводился компанией VoxUkraine в 12 городах, всего в нем приняли участие 1205 респондентов.",1,0
154551,"Твиттеры! Нашла двух каракулевых малышню и обоих мелкого, обезвешанного, но веселого и игривого! Нахожу",1,0
154570,"Он ест пищу, взяв её руками, а иногда недоеденное кладет опять назад в чашку (in patinam).",1,0
154592,"Дальневосточный форум предпринимателей «Бизнес на Дальнем Востоке: стратегия развития» пройдет с 6 по 7 октября в Хабаровске. Деловое мероприятие объединит около 500 представителей власти, деловых кругов, кредитных организаций, институтов развития, которые обсудят основные направления поддержки бизнеса на тематических секциях и дискуссионных площадках.",1,0
154634,"Он учится в консерватории, очень занят, часто опаздывает на занятия со мной.",1,0
154650,"Принимая во внимание ввод bipedes Hitler’s hoards, можно ожидать все худшее.",1,0
154674,"Не забудьте обо мне о товарищах Джудина, Осло, Стриганова, Цехова и Миша Ковриджина.",1,0
154691,", - заявил лидер РКП (б) Константин Долгов.",1,0
154800,"Я хочу, чтобы ты осталась здесь, пока я не вернусь.",1,0
154879,"Грезится мне, будто стукнуло страшно и взорвалось так, что весь остров с этими далекими церквями рушился.",1,0
154978,Вирджин Атлантик получила иммунитет от властей и не получала никаких штрафов.,1,0
155083,"За это обилие драгоценностей, навешанных на себя, [...]",1,0
155332,Проблема решилась сама собой.,1,0
155361,А премьер акцентировал британское поведение по Сирии как «радикальный сдвиг»,1,0
155395,Сезон дождей начинается в июне.,1,0
155418,Киевский университет им. Шевченко передал свою часть акций в руки Насирова.,1,0
155428,На тот период он проявил себя как великий революционер и гигант.,1,0
155459,Мне всегда трудно вспомнить имена.,1,0
155613,"Хорошая новость. По словам лидера пропагандистской ""АННА-News"", Март Мусина, отбросил копыт глава кремлевских пропагандистских помойок «ANNA News» Марта Муссина.",1,0
155615,"Он вернулся в Иран в 1976 году, он был лишен гражданства за участие в акциях по ликвидации шах, тогда carried out Iran.",1,0
155674,"студент из Новосибирска помог мальчику спастись, упав с утеса на мель.",1,0
155965,"Скрытное социальное обслуживание предоставляют 4 дома-интерната для престарелых и инвалидов, 16 стационарных отделений комплексных центров, 9 психоневрологических интернатов, 2 детских дома-интернатов.",1,0
156007,"В целом по краю раскрыты и ликвидированы 336 лесных пожаров. На пожарах огнем было повреждено более 4,5 тысяч гектаров леса (в прошлом году – 1 тысяча 670 га), что составляет почти 40% от площади края с учетом лесов в Сибири».
Как сообщает МЧС России со ссылкой на пресс-службу краевого ведомства «На тушении работало 939 человек личного состава из 149 населенных пунктов», всего за сутки пожарные потушили 244 возгорания общей площадью около 5 тыс км2 или 2%. За прошедшие дни удалось ликвидировать 236 возгораний общим",1,0
156041,Организация деятельности на местных автомагистралях,1,0
156080,"Я так рада тому факту, что мне кажется теперь смогу жить нормальной жизнью без ваших новостей.",1,0
156142,"Государство управлялись главами церквей, монастырей и архиепископов.",1,0
156228,"- 4 ребенка вывалил человек из машины в СНЕГ в Домодедове, что привело к гибели 4 человек.",1,0
156259,"В этих местах можно по праву водворяться ссыльных в местах, где нет наделов местных властей, с пятью домохозяйствами отделяющих его 3-д[еся",1,0
156367,Сюды надлежало оное составить. Ибо сказано: «любим Бога вся спешествуют»,1,0
156395,К участию в основном конкурсе «Кинотавра» в 2015 году было подано 73 полнометражных картин и 408 короткометражных работ.,1,0
156446,"Каждый новый, как правило, более низкий ценовой класс поддерживается как почти независимая отрасль (рынок).",1,0
156448,"В этом разговоре снайдеркат, вообще не просит бы собаку попросить продюсеру ""Варкрафта"" про снайперские штучки.",1,0
156455,Не надо опускать голову.,1,0
156484,"В ночь на четверг, 4 июня, я лежал в больнице с компрессом на ногу. Пролежал в больнице несколько дней. За это время не мог заснуть. Спал тревожно со сновидениями до 21⁄2h а. Захотелось спать, поспешил, но не мог долго заснуть.",1,0
156528,"Обидна неблагодарность, но давала - и давай, если можешь.",1,0
156540,"- Это доля в общей численности обрабатывающих предприятий крупнейших и средних предприятий в 2011 г. составила 0 процентов, что хуже, чем в 2010 году.",1,0
156548,Первый контракт был подписан с британским депутатом парламента Лабро в январе 1857 года.,1,0
156635,"Я с ним за воротами встретил; он уже, видно, опять здесь жил, со двором выходил.</",1,0
156668,Листья кустарника уже желтые.,1,0
156784,А ты не можешь.,1,0
156788,"Одним из первых проектов Академии станет National Internet Award, спонсируемый корпорацией Intel.",1,0
156846,Молодому инженеру не хватало опыта.,1,0
156993,"Официальное объяснение заключается в том, что лишь немногие пассажиры принимают Новый год в воздухе.",1,0
157072,"Если верить предварительным прогнозам погоды, июль в Беларуси обещает быть очень даже неплохим!",1,0
157219,"Решение о разработке Программы автомобильного пассажирского транспорта было принято на основе принципов организации, управления и муниципального регулирования в сфере автомобильного транспорта, приоритета жизни, здоровья, сохранности имущества граждан и экологической безопасности. Программа разработана на основе основных принципов организации и управления автомобильным пассажирским транспортом.",1,0
157495,"Индейка, сделанная Монтигамо, когти ястребов.",1,0
157526,"Кетчел, спрашивавший о незаконности Cyber Stars, сообщил ФБР о нём.",1,0
157714,"И управляющий, полустрого обращенный к своему сыну, полуласково обратился за его сыном.",1,0
157978,"начало: на проспектах — батареи, - Самолеты над Невой.",1,0
158064,"Сама Мата Хари претендовала на воспроизведение настоящих священных танцев Востока, как она узнала о них с детства.",1,0
158129,"Окончательно он будет сформирован только 15-го февраля, когда все команды-участницы пройдут процедуру регистрации.",1,0
158215,"В зависимости от массовой отравления салицилата плазмы, активного метаболизма аспирина используют в автоматизированных спектрофотометрических методах.",1,0
158345,"В целях обеспечения антитеррористической защищенности населения и территории необходимо разрабатывать, проводить и совершенствовать комплекс мероприятий по профилактике и предупреждению проявлений экстремизма, расовой и национальной неприязни, формированию антитеррористической идеологии у школьников и учащихся средних специальных и высших учебных заведений.",1,0
158519,Этот чиновник оказался шпионом.,1,0
158532,Не опаздывайте в школу.,1,0
158588,"Компьютер, в свою очередь, передаст их учителю;",1,0
158762,"Но повтора знака нашей дороги нет, расспрашиваем, встаём на правильный путь, но бодрый юноша, сбежавший с крыльца, уверенно объясняет, что надо возвращаться.",1,0
158777,"Финансами в наместничествах занималась Казённая палата во главе с вице-губернатором при поддержке Счётной палаты. Землеустройством занимался губернский землемер во главе землероя. Исполнительным органом наместника (губернатора) являлось губернское правление, осуществлявшее общий надзор за деятельностью учреждений и должностных лиц.",1,0
158949,NASA показало нам прекрасный февральский пейзаж Марса.,1,0
159005,"Возможно, что это был навигационный знак — то есть прибрежное сооружение очень редко посещается судами.",1,0
159013,"К числу приоритетных инвестиционных проектов, направленных на развитие производственного потенциала района, относятся перечисленные далее проекты развития модернизации предприятий, создание новых рабочих мест и социально ориентированные инвестиционные проекты.",1,0
159076,"Резолюция, подписанная Премьер-министром России Владимиром Путиным 12 июля 1999 г. N 798",1,0
159084,"Братский городской звено территориальной подсистемы Иркутской области РСЧС разработал программно-целевой метод, который позволит обеспечить координацию деятельности ЕДДС города Братска во взаимодействии с местными и региональными дежурно-диспетчерскими службами и повысит эффективность мероприятий по информатизации процессов в сфере организации управления силами и средствами Братска.",1,0
159166,"Г. Е. Беркович, имеющая больную мать, недавно потерявшую отца, принуждена была покинуть нас, получив место контролера в столовой...",1,0
159168,"Первоначально группа была незначительной, но начиная с 1926 года она расширялась, а в 1927 году ее манифест был подписан 56 писателями.",1,0
159170,Собаки видят в черном и белом.,1,0
159199,в Минске вынесен приговор по делу студентов: 11 человек были признаны виновными в «организации студенческих выступлений».,1,0
159210,Еффективность реализации подпрограммы определяется степенью достижения показателей (индикаторов) подпрограммы.,1,0
159290,"Парк Сокольники Парк Парк Сокольники, с. 1.",1,0
159518,Боб редко пишет родителям.,1,0
159597,"В Ереване, где азербайджанское население было малочисленным и правоохранительным силам было нетрудно поддерживать порядок, не было межнациональных столкновений, а массовые запугивания, нападения на их население и всё более энергичное выдавливание из республики.",1,0
159668,"Статья 421 Гражданского кодекса Российской Федерации, как один из основных принципов гражданского права, действительно провозглашает свободу заключения договоров.",1,0
159674,В Подмосковье создан региональный центр по мониторингу террористических угроз в сфере миграции.,1,0
159784,В рамках данной подпрограммы в состав работ по содержанию дорог включается круглогодичное содержание автомобильных дорог общего пользования местного значения в границах Новописцовского городского поселения Вичугского муниципального района.,1,0
159859,На кухне в офисном кабинете шесть старух готовят пышный ужин.,1,0
159928,Неужели это правильный путь до станции?,1,0
160015,"«Тени» - книга Эриха Рёриха, написанная в 1944 году. ==",1,0
160054,"В аннексированном Крыму суд арестовал пятерых крымских татар, подозреваемых в терроризме. Защита намерена обжаловать арест. Как пишут СМИ, срок ареста составит два месяца.",1,0
160119,"Вот Соколов, с которым я жил в одной комнате, - истинный поэт, и в манере держаться.",1,0
160205,"Все православные того только и ждут, чтобы подошла рать из низовых городов, и тогда пойдет такая ножовщина.",1,0
160310,"казнями в Гаванской цитадели Ла-Кабани командовал лично Че, назначенный ответственным за казни.",1,0
160345,КНР построил купленный у Украины авианосец.,1,0
160407,"Чарльз Боннет, начальник второго класса.",1,0
160503,На пике популярности рассматривался лучший ребёнок-актёр после Ширли Темпл.,1,0
160559,"Макар Макар не знал, куда ему деваться от этих солдатских разговоров, и только моргал заплывшими от пьянства глазами.",1,0
160667,"в январе 2005 года в Мурманск был доставлен 54-летний мужчина, открывший огонь по прохожими.",1,0
160738,"В 2005 году, в связи с возвращением на родину, в тюрьму было включено тюрьмное учреждение, в состав которого вошли тюрьмы.",1,0
160819,«Эдге Специальное событие feat.,1,0
160925,"В Ространснадзоре уверены, что в ""Питеравто"" не соблюдается режим труда, не организован контроль за работой водителей, не проводятся инструктажи по безопасности.",1,0
160968,"В Театре волнение по поводу «Лжи», «Лжи» и «Турбиных», а также по поводу возвращения в актерский цех М. А. Калужского и Михаила Булгакова.",1,0
160975,"Теперь нельзя. Раньше можно было распуститься и копаться в себе, а теперь нельзя.",1,0
160986,"возросло число запросов «FKO» на 322 процента, число запросов FOK на 226.",1,0
161157,"Организационный механизм реализации Стратегии осуществляется путем увязки планирования, реализации, мониторинга, корректировки целевых показателей прогноза, независимой оценки влияния проводимых мероприятий на достижение целей Стратегии, оперативной корректировки действий исполнителей, координаторов по направлениям реализации.",1,0
161166,Все улыбаются на фотографии.,1,0
161190,"Диверсификация может производиться путем осуществления переработки сельскохозяйственной продукции, организации подсобных хозяйств, закупки и реализации товаров народного потребления, оказания разного рода услуг, в том числе обработки почвы для фермеров и приусадебных хозяйств, оказания транспортных услуг, осуществления строительных, ремонтных и других работ.",1,0
161289,"Осень выглядит так, будто бы в настройках игры слетели параметры, отвечающие за цвет текстур.",1,0
161379,На месте правого уха у человека появляется железная пластина.,1,0
161399,"Во Владимире полиция сняла оцепление вокруг Золотых ворот, где около двух часов полиция искала подозрительную шкатулку с записками для городского квеста. Как сообщают в пресс-службе УМВД России по Владимирской области, скорее всего, в этих записках содержаться задания для городских квестов. Сейчас шкатулка и изъятые записки направлены на экспертизу.",1,0
161424,«Литературность» Теккерея // Известия РАН.,1,0
161437,Я слышала что-то странное.,1,0
161468,"В 2012 году общая площадь жилищного фонда Константиновского городского поселения составила 429,1 тыс. кв. м",1,0
161491,За месяц до выборов в октябре 2009 года они опубликовали всестороннюю техническую оценку членов МОК.,1,0
161507,По электронной почте по электронной почте.,1,0
161592,"Я уже вижу, насколько это опасно.",1,0
161614,"С другой стороны, любая концессия Ормонда на конфедералов ослабила свою поддержку английским и шотландским протестантам Ирландии.",1,0
161711,"Агруму, не душа, не тело, не ум, не очарование.",1,0
161734,"В Эй-Би-Си прошла съёмка пилотной серии будущего сериала, в котором раскрывается убийство Лоры Палмер. По условиям контракта, кроме пилотной серии, авторы должны были снять расширенную версию, к концу которой раскрывается убийство Палмер.",1,0
161800,"По пляжу, кругом народ",1,0
161920,"Начиная с 2012 года две группы стали связанными, а не параллельными.",1,0
162045,в 2003 году на ликвидацию аварийного жилья из бюджета городского округа было выделено 490 миллионов рублей.,1,0
162145,"Проблема заключается в том, что в некоторых домах система управления домом не выполняется, что приводит к необходимости внесения изменений в ранее согласованные программы реконструкции.",1,0
162211,"Из-за этого возникли проблемы с оплатой обучения примерно у 500 студентов, внесших плату по электронному адресу.",1,0
162218,"Девять членов экипажа погибли, а на борту остался только один выживший, капитан Базз.",1,0
162358,Отец Григорий настоятель монастыря Дохиар Афон открыл для пополнения духовного мира в Монастырских котах,1,0
162408,"В пределах срока действия подпрограммы, связанной с содержанием, ремонтом и капитальным ремонтом внутрипоселковых дорог, этап реализации соответствует одному году. Эксперты считают, что для реализации подпрограммы этап выполнения соответствует году.",1,0
162456,"- Собаки срутся такими большими ручками?  Да, они срут так большими паками.",1,0
162593,"Сегодня был великой для народа праздник<com id=""150150188414157""/>",1,0
162606,"Мир стал третьим бойцом подряд, который в бою с Фёдором Емельяненко сумел ударом сбить с ног противника и потерял сознание. Второй подряд бойец сумел нанести ударом в голову Фёдора, что свидетельствует об ухудшении его способности держать удар и снижении координации.",1,0
162650,На Западном фронте начались бои на Калининском фронте. В октябре прошлого года я получил посылку от челябинских рабочих.,1,0
162732,"В 2009 году основное общее образование получили 11 выпускников общеобразовательной школы, среднее полное - 4 школьника.",1,0
162734,"Мелин погрузилась, разрываясь, шумная и живописная.",1,0
162975,Потом взялся за прежнее.,1,0
162990,"Число абонентов увеличилось на 100 человек, и сам Интерфакс значительно расширился.",1,0
163075,Вы тоже когда уходили на карантин такие типо «-ура отдохну недельку!» а потом наступил июнь.,1,0
163177,"Байерс сыграл Джонатан Байерс, старший брат Уилла Байерса, сын Джойс Байерс.",1,0
163205,"Это облегчило занятие дальнейшего locus standi<com id=147895530541182""/>.",1,0
163254,Ваш вывод весьма спорный.,1,0
163405,"Российский император Екатерина II вошла в число великих европейских держав, чему немало способствовала сама императрица, увлекавшаяся литературной деятельностью, собиравшая шедевры живописи и состоявшая в переписке с французскими просветителями.",1,0
163454,", в результате аварии погибли четыре человека, в т.ч. командир экипажа.",1,0
163613,Тим — уродливая овца семейства Джонса.,1,0
163667,"Карл, ты одержим деньгами.",1,0
163703,"Пота текла по лбу, скользила за ожерелье и плохо высыхала за ухом.",1,0
163749,"Ряд военных экспертов считает, что в российских Вооруженных силах в последние годы выбрана другая модель построения системы организации: воссоздание на западном уровне дивизионного (бригадно-тактического) звена.",1,0
164046,"Другие актёры, игравшие роль Доктора.",1,0
164056,"Прошлое воскресенье я участвовала в «Гибели Содома», играла с настоящими артистами словесную роль горничной. Я была не очень довольна собой, как и вообще, когда принуждена быть не самой собой, а разыгрывать роль любительницы сцены, поклонницы актрис, глядящей им в глаза, юной и наивной барышни.",1,0
164110,В США ожидают выставить BP счет на 69 миллионов долларов,1,0
164119,"из более 5,5 миллионов человек, находящихся в Сирии, курды поддерживают курдских добровольцев, сражающихся на земле в Сирии.",1,0
164121,"Ставки в еврозону очень низкие и могут в случае дальнейшего ослабления и перехода к отрицательной зоне перестать вкладывать деньги в банковские счета, предпочитая наличные.",1,0
164216,"Я видел, как кошка бегает после собаки.",1,0
164238,"Кроме того, следует устранить отвлечения, так как требуется полная внимание.",1,0
164300,", Кроме того, солдаты, стоявшие рядом с растяжкой, имели непосредственное влияние на митинг, а присутствие транспарантов участники встретили аплодисментами.",1,0
164302,", вероятно, АКПP JATCAN (короба передач этой японской компании устанавливаются на автомобили Lada Granta, Kalina и Vesta) будут устанавливаться и на автомобили Dacia.",1,0
164334,"мая 1945 года, когда Ким покинул «Кореец» в начале шторма, капитан Ким покинул Гебридов на борту «Креца», а Колчак продолжал свои гид",1,0
164392,"Подожди секунду, я сейчас вернусь. Не вешай трубку!",1,0
164505,Каждый листок имел бы значительную вычислительную мощность и мог бы общаться со своими соседями.,1,0
164564,Мой родной город очень красив.,1,0
164568,"Английскую повседневность немцы приняли за фашизм и ужаснулись; позже они полюбили английское общество (оно же ""английский Гитлер""!)",1,0
164592,"На вокзальном здании вокзального здания надпись: «СТАЛИНАБАД» и «Каштановая сера» стали для борьбы с растительными клещами в плодовых садах, против парши у яблонь и грибковых заболеваний. После того как наши части атаковали малоподавленную оборону противника, наши части несут большие потери, не добившись надлежащего успеха.",1,0
164616,"Участники командно-штабного учения «Арсенал-2016», которое проходит в Челябинской области, должны найти взрывное устройство. По замыслу учений, пособники одной из запрещенных в России международных террористических организаций намерены проникнуть в одну из воинских частей в Увельском районе и провести там теракт.",1,0
164641,Из-за резкого снижения текущей частоты в сетях Единой энергетической системы России в городе и регионе могут начаться аварийные автоматические отключения.,1,0
164664,Традиционные спартакиады трудовых коллективов стали проводиться в 1970-х годах.,1,0
164684,Может к вам сейчас пришла зима?,1,0
164715,Никто из пассажиров не пострадал.,1,0
164859,\tОн написал «Да и в реальной жизни он пока в почёте».,1,0
164950,Две важнейшие магистральные улицы Одессы пересеклись с одной второстепенной.,1,0
164996,Форрест и Дженни счастливы видеться.,1,0
165019,"В Московской области реализуется комплексная политика в сфере жилищно-коммунального хозяйства, энергетики, регионального государственного жилищного надзора и государственного административно-технического надзора по указанным концептуальным направлениям.",1,0
165098,"Сколько у нас боязней, робостей и лицемерий",1,0
165110,открытие территориального информационного центря в городе Свердловске,1,0
165220,"было лень переставлять всех, а она отвернулась поговорить.",1,0
165275,Они не принимают внимание.,1,0
165429,Организация мониторинга и аналитической поддержки обеспечит управление рисками данных.,1,0
165465,В июне 2010 года игра была удалена из App Store.,1,0
165542,", карикатура из «Клуба веселых туристов» №06/73.",1,0
165678,Соревнования тянулись месяцами и почти не пользовались интересом зрителей.,1,0
165760,В ответ на это транснациональные племена занялись легальной переправой на территорию Ирак сотен иностранных джихадеров.,1,0
166018,"- дополнительные меры по оказанию поддержки гражданам, находящимся в трудном положении;",1,0
166037,"Я буду делать то, что вы мне дали.",1,0
166066,"Возможно, вычесть часть деятельности высшей центральной нервной системы, на которую",1,0
166112,В Пермь привезли мощи святителя Луки Крымского. Реликвия пробудет в храме священномученика Андроника до 25 октября. Затем ковчег вернётся в Свято-Никольское архиерейское подворье.,1,0
166199,"По центру Новосибирска прошел зомби с гитарой. Молодой человек в костюме и маске зомби, разгуливающего на площади Ленина и играющего на гитаре в сквере, появился в соцсетях 4 октября. Как рассказали в компании FUN, прогулка зомби была приурочена к скорому выходу 7-го сезона сериала «Ходячие мертвецы».",1,0
166339,Для достижения целей программы необходимо решение следующих задач,1,0
166406,"На конец марта насчитывалось 10,93 тыс. безработных против 131,6 тыс. безработных.",1,0
166469,В Башкорстане дешево: на Абзаково (Абзаково) — по 24 тысячи рублей.,1,0
166471,В апреле 1863 года оставшиеся дакоты были депортированы из Миннесоты в Небраску и Южную Дакоту.,1,0
166517,"был официально госпитализирован мужчина в феврале того года с просьбой дать уроки теннису для дочери Хьюитта, Хлое.",1,0
166602,"«Это простой и очевидный геноцид», — сказал президент кубинского Национального собрания Рикардо Аларкон на открытии Генеральной Ассамблеи.",1,0
166613,"В августе 1939 года, когда Тяньцзинь была опустошена наводнением, она вернулась в Северную резиденцию в Пекине.",1,0
166637,"Дневник послания Титова в Иерусалим: я везу с собою щегольскую мебель, а не столы, стулья и диваны, о которых и не помышлял. Посланник отсоветовал мне говорить с Фаворским архиепископом Иерофеем о помещении миссии нашей в каком бы то ни было монастыре иерусалимском.",1,0
166689,Твоя сестра не умеет плавать?,1,0
166697,был заключен в тюрьму для мужчин из-за их плохого поведения.,1,0
166731,"Однако, по его словам, объем розничной торговли сократился на одну треть.",1,0
167196,"Как пишет Metro, оркестровый карнавал с лошадьми стал частью рекламной кампании под хэштегом #MagicTogether.",1,0
167224,Распутин позже появляется в образе васпира в одном томе французского романа-комикса «Шевалье Вампир».,1,0
167272,"Брайан Крэнтон — учитель химии в средней школе Брайтона, который неоперабелен рак лёгкого.",1,0
167274,«Сборник договоров ООН: определения».,1,0
167299,Я в первый раз.,1,0
167318,"В начале 70-х годов западные страны были готовы финансировать приобретение Румынией технологии за счет займов, предоставленных по политическим соображениям.",1,0
167361,Моя мать родилась на севере Мексики.,1,0
167646,расположен на севере с территориями муниципального района Верхняя-Ярославская Сосновская районная администрация;,1,0
167694,Эрдоган назвал дату встречи с Путиным и Меркель по ситуации на Украине.,1,0
167760,"Назначен новый приговор сотрудника испанской делегации в Будапеште Джорджо Перласка, консула Испании в Афинах Себастьяна Ромеро Радигалеса с поста по делу суда.",1,0
167764,СПК «Птицефабрика Гайская».,1,0
167833,"Говорят, как они молча ест шаурму в кафе, о котором ранее говорил Старк.",1,0
167834,", «Уйдя в лес, я буду чувствовать осень",1,0
167956,", Ой какой дурак!Не хватил цифру побольше!",1,0
167988,он невольно превратился в точку пересечения интересов и влечений всех слоев; всем было надоели казенные речи и официозы,1,0
168093,Сейчас я не работаю и живу менее напряженной жизнью.,1,0
168152,"Документ обозначен в порядке подписания, несмотря на отмену.",1,0
168226,"Например, он уже ездил вместе с Путином, Назарбаевым, Борода.",1,0
168306,"И вырезывали, и урезывали, и перетолковывали, и полностью запрещали, и всенародно объявляли, что я вредный, вредный, вредный, вредный.",1,0
168313,"Во вторых, увеличение энергоемкости обработки.",1,0
168388,"DLC включит в игру 28 игровых достижений, сумм которых составят 500 очков Gamerscore.",1,0
168392,Из рода Хвостовых: Жизнь одной семьи из рода Хвостовых.,1,0
168396,"собаки, брошены американцами будут служить террористам* Мой репортаж о кабульском аэропорту.",1,0
168457,тигрятник Наиля Умярова номинирован как на премию First Female Debut,1,0
168463,"Если бы она поехала со своими родителями и Натали в Карлсбад, в столь иланное для нее путешествие, не видать бы и этой помолвки.",1,0
169221,"А клонирование должно произойти два года назад, чтобы создать овец Долли в Шотландии.",1,0
169316,"Надежда Яковлевна и Анна Андреевна представляли собою некое содружество, некое общее «мы» и некое общее содружество.",1,0
169418,"Боюсь, я упаду.",1,0
169435,"Патрон получил обозначение «ручной патрон 7,62 мм».",1,0
169521,"Екатеринбург - это город и поселок, расположенный в Ураль",1,0
169639,"- Юнгги, ты кто? - Чимин тоже повысили голос в Ответе3710",1,0
169722,"2003 — Кэтрина-Амалия, голландская принцесса",1,0
169771,"был основан союз, состоящий из 27 членов, каждый из которых был избран в ноябре 1990 года и сформировал новую политическую партию - Союз коммунистов.",1,0
169857,"В Чуйском районе задержан мужчина, подозреваемый в убийстве односельчанина. По предварительной версии, преступление было совершено на почве ссоры в селе Кошой Чуйского района.",1,0
169924,"сейчас это был простой маленький перепончатый перегон. Сейчас это был небольшой, маленький воздушный экспрессе.",1,0
170024,Хотел вместе с этим обстоятельно взглянуть на хутор Пана Яцьки,1,0
170027,Тамара и Нина Родионова — Нина Великая — растопили ванну и пошли купаться.,1,0
170044,"МИД России ответил на угрозу отключить Россию от украинского ""Swift"".",1,0
170085,Конференция продлится до 8 октября.,1,0
170164,"Общая сумма государственной программы будет составлять 657 682,4 тыс.руб., в том числе деньги областного бюджета Новосибирской области - 657 682,4 тыс.руб.",1,0
170192,Он засунул руки в карманы.,1,0
170206,В календаре июня 2020 года уже прошло пол года с начала 2021 года.,1,0
170209,Ежегодное количество охотников остается стабильным.,1,0
170287,"Иногда кое-чего пишу, что не нравится, но получается неплохо.",1,0
170320,«Зенит» на протяжении многих лет занимал третье место (после «Динамо» и «Краснодара») в российской Премьер-лиг.,1,0
170479,"Среди актёров, оказавших наибольшее влияние на развитие творчества и личности В.Маяковского (в частности: Мовчан И., Сивков А.) 

 Родился 12 марта 1921 года в селе Бугровка[1]. Отец — Михаил Иванович Смирнов - был рабочим из села Кизилюртовское УССР.[2][3], мать Мария Ивановна Смирнова была замужем за крестьянином Алексеем Николаевичем Шаповаловым-Шабалкиным(1898—1971)[4]; у них было четверо детей,[5)..В 1929 году семья переехала к отцу по улице Ленина д 18/6",1,0
170514,В течение 3-х последних лет лондонская  Льготная компания не использовалась в Кольском районе.,1,0
170538,", цитирую: «Все происходит по плану. Единственное, что моя нынешняя прокатная сессия не совсем хорошо идет, но мы исправляем это».",1,0
170587,В Алтайском крае с аукциона продадут участок земли сельхозназначения под Катунью. Решение о его приватизации будет принято до 16 декабря.,1,0
170631,"После смерти на пожаре уничтожены два мальчика, их 33-летняя мать и 61-летний дедушка.",1,0
170673,Все вспыхнули в смехе.,1,0
170711,Платежные требования просматриваются постоянно и суммы за платежи вносятся ежедневно.,1,0
170831,Сборная России по хоккею проведет следующий матч в Сочи.,1,0
170929,"Комплексный подход к энергосбережению и повышению энергетической эффективности позволит создать условия для повышения уровня жизни населения, роста экономического потенциала сельсовета, экологической безопасности территорий и повышения эффективности управления муниципальным имуществом.",1,0
170990,"Вы могли бы, пожалуйста, повторить это медленно?",1,0
171270,"- Ну, иди на террасе, там молодые устроили какие-нибудь фанты.",1,0
171327,"Практика, установившаяся на Западе, не отказывающаяся ни от эмпиреев, ни от низменностей, положила конец колебаниям Перебоева.",1,0
171428,"В то же время у певцов высокие требования, так как они должны стремиться быть творческими и разнообразными, при этом уважая традиции.",1,0
171449,Прислушивание как бы к отдаленной музыке есть обязательное условие писательского бытия.,1,0
171460,"трек заявил, что на радио заработал сингл Alternative Songs.",1,0
171616,В Иланском районе контрольно-счетный орган осуществляет надзор за целевым использованием бюджетных средств.,1,0
171678,Потому что нужны все коты в ленте,1,0
171681,могут быть предоставлены субсидии в рамках основного мероприятия второго мероприятия 2. Субсидии могут предоставляться на возмещении части затрат по кредитам на модернизацию систем коммунального хозяйства.,1,0
171690,Разработка и реализация набора мер по продвижению физической культуры и спорта как важной части здорового образа жизни.,1,0
171697,В условиях недостаточного бюджетного финансирования успешное комплексное решение масштабных и разнородных задач обеспечения пожарной безопасности в Уральском сельсовете возможно только программно-целевым методом.,1,0
171743,Он снова увидел всё что хочется,1,0
171872,Финансирование муниципальной программы осуществляется за счет средств регионального и местного бюджетов.,1,0
171893,Оценка планируемой эффективности реализации муниципальной программы является механизмом мониторинга реализации деятельности муниципальной программы в зависимости от степени выполнения поставленных муниципальной программой задач.,1,0
171947,Влияние общих проблем социально-экономического развития:,1,0
171964,Я говорю с моим учеником.,1,0
172069,"Скончался генерал-губернатор Виленского военного округа Константин Кауфман. В последние годы отношения мои с ним несколько изменились, не знаю, почему; переписка наша прекратилась, или, лучше сказать, ограничилась исключительно официальными сношениями. Почтенный мною корреспондент А. В. Головнин продолжает сообщать мне всякие сведения из Петербурга, снабжать разными записками и газетными вырезками.",1,0
172352,Таксист из Минска сделал селфи после спасения мужчины на проспекте Машерова.,1,0
172427,"Нам было так весело, как будто мы ходили в театр.",1,0
172623,"Восьмой радиально-кольцевый план города воплотился почти в полной мере за счёт сооружения внутригородских Малого и Большого колец и радиальных магистралей, а также Объездной дороги.",1,0
172647,Об этом сообщает РИА Новости в пресс-центре Думы.,1,0
172659,Официальные власти и лидеры НАТО обязались поддерживать временное прекращение огня в эти дни.,1,0
172664,"Subsequently, I began similar work в научно-фантастической драме ""Pasсажir"".",1,0
172738,Укрепление единого культурного пространства на территории Башмаковского района Пензенской области будет укреплена в два раза,1,0
172750,В сентябре 1864 года он официально фотографировал военную экспедицию в Саймоске.,1,0
173075,simple-pictures.com - Саше удалось стать лауреатом премии Walt Disney Pictures года.,1,0
173104,"По мнению музыкального критика Люси О'Брайен, такое начало карьеры сказалось на том, что эта «прекрасная мелодистка» не сразу заслужила доверие как музыкант.",1,0
173272,"От того ее гласа молитвенного утихнут злые деймоны, отшатнулись, яко вихрем гонимые, и низвергнулись в преисподнюю.",1,0
173315,"Внутрибюджетные трансферты становятся главным инструментом межбюджетного регулирования в муниципальном районе Ковернина, учитывая неравномерное расположение налогооблагаемой базы.",1,0
173402,"Почистились и выпили чай, нашли повод из колодца в водой.",1,0
173408,"Ты думаешь, видимо, подчеркнуть особые права и функции комиссара.",1,0
173518,"Надеюсь, ты скоро поправишься.",1,0
173522,"Однако, помимо депутатов ЛДПМ, этот проект не получил активной поддержки.",1,0
173652,"и аниме были очень популярны и часто использовались в японской, а также за её спиной.",1,0
173934,Она купила себе дом с хлебом.,1,0
173944,"Третий кандидат, Али Обейд, выдвинутый совместной оппозицией, был выдвинут парламентом.",1,0
174055,"Геленджик, Сочи, Алтай, Калининград.",1,0
174102,"Она учится 24 часа в сутки, семь дней в неделю.",1,0
174120,", в соответствии с его завещанием, он должен был выплатить большую часть своей пенсии.",1,0
174152,Позже во время визита в Аугсбург Моцарт заинтересовался инструментами Штайна и поделился своим восхищением ими в письме отцу.,1,0
174172,Сама сага не сохранилась.,1,0
174176,"Дополнение широкого участия лидеров иностранных государств в торжествах, посвященных 72-й годовщине Победы в Великой Отечественной войне, в текущем году не предусматривалось",1,0
174261,Я больше не ношу очки.,1,0
174310,"Консерватория показала мне пятёрку, а Алперс — пятёрку. Я не вытерпел и сказал, что у меня мало терпения, пока я сам заговорю об этом.",1,0
174456,"Многие из старых корпораций в Канаде вытекают из законов парламента, принятых до принятия Общего закона о корпорациях.",1,0
174517,"Через два дня, 17 июля, он звонит в клинику и просит свидание.",1,0
174689,"ИЦп, утвержденный муниципальной программой, есть целевое значение показателя.",1,0
174726,Я боюсь serpentов.,1,0
174773,"Блогерша ненадолго оголила свои гениталии, что не соответствует правилам сервиса.",1,0
174774,"В связи с убийством богача Барского выясняется, что анархисты обложили всех местных крупных купцов-евреев по 500 и средних - по 300 руб. каждого.",1,0
174801,Он снова продемонстрировал свою любовь к природе.,1,0
174806,"Задача Управления социальной защиты населения и государственных учреждений социального обслуживания Краснодарского края является расширение и повышение качества и доступности социальных услуг и социальной поддержки населения через реализацию федеральных законов, законов районных программ, а также реализация межведомственных, целевых краевых и районных программ.",1,0
174810,После нескольких десятилетий гражданских войн Франция наконец-то переживает мир.,1,0
174855,Последний принятый проект единого мусорообрабатывающего комплекса России признан законными и вступил в силу.,1,0
174879,Мне надоела эта скучная жизнь.,1,0
174993,Коэффициент возврата гранта рассчитывается по формуле:,1,0
175025,"В пятницу я провел последний день каникул в гимназии. С утра не мог сдать экзамены, так как не удержался на «пятёрке» Харахоркина. За день до этого у меня болели зубы, мама уговорила пойти к Пальчику: что-то мне в зуб положил и велел прийти в четыре часа.",1,0
175082,"Хэрроу - одна из старейших британских частных школ, основанная в 1572 году.",1,0
175226,"Москва поддержала и признала переворот в Беларуси и усадила нелегитимных на должность тех, кем они не являются и кого народ Беларуси не признает и не уважает.",1,0
175245,"Что такое Капсаицин, придающий жгучий вкус",1,0
175280,Робб Старк (Ричард Мэдден) победит в очередной битве с Ланнистерами.,1,0
175435,Джордж говорит на четырех языках.,1,0
175471,"Вес населения, систематически занимающегося физической культурой и спортом, составляет 14,5 %.",1,0
175504,Закрытие не хочет открываться.,1,0
175609,"В «grocer del griente» не хранятся высокоактивные отходы, а перевозятся в другое место.",1,0
175633,"Все три, Бог, Бог, Бог, Бог, Бог, Бог, Бог, Бог, Бог.",1,0
175727,Попытка вручения взятки Брежневу.,1,0
175808,Осуществление творческой деятельности по выявлению и поддержке талантливых детей и молодых людей.,1,0
175824,"Поэтому ни близость, ни братство речи не могли быть препятствованы в том, что Быков критиковал Руссадина.",1,0
176023,"Рыбообработательские и горнодобывающие отрасли Норвегии очень важны, как нефтяные, газовые и судоходные отрасли.",1,0
176025,Генеральная прокуратура обвиняет 17 октября в убийстве Холодова семерых человек.,1,0
176056,"Понедельник. Утром мирно работаю дома и готовится к обеду. Накануне меня вызывают к морскому министру в Яссах, чтобы спросить, когда отбывает в Константинополь наш курьер.",1,0
176171,"СМИ признали, что финансовые пирамиды продолжают создаваться, однако уже не такого масштаба, как МММ.",1,0
176175,Муниципальная программа муниципального образования «Город Нягани» на 2018 - 2025 годы.,1,0
176569,"Мероприятия подп. «Развитием архивного обслуживания» направлены в основном на создание правовых, финансовых и организационных условий для сохранения, комплектовании, учета,",1,0
176602,Строительство Панамского канала принесло большую пользу городской инфраструктуре.,1,0
176718,Курение запрещено в кино.,1,0
176815,Без его совета он бы потерпел неудачу.,1,0
176853,Число жертв крушения лодок в Индонезии увеличилось до почти 800 человек к 2025 году.,1,0
176889,Каждый дом на вечерах щипали корпию; но мало ее доставалось русским войскам: большая часть расползала и продавалась неприятелю.,1,0
176960,"Основные банки Новой Зеландии работают на базе почтовых отделений связи. Все основные банки страны участвуют в межбанковской системе EFTPOS, обеспечивающей взаиморасчёты по платежам кредитных и дебетовых карт.",1,0
177118,"Думаю, наша совместная жизнь повлияла на ваш образ жизни.",1,0
177150,"Она не доверяет ему, в основном из-за его различных идеологий, основанных на религии и на науке.",1,0
177206,"Пожалуйста, открой дверь.",1,0
177235,"Я взяла тогда да одна завернула за Юрьева<com id=""1459073979428""/>",1,0
177246,"вскоре и свадьбу праздновали, тесть был пьян и все время хохотали, как черт в удачке, по щекам текут.",1,0
177329,"Напомним, что его подзащитному будет предъявлено обвинение в убийстве, о том, что его подзащитному будет предъявлено обвинение в убийстве, Семенцов сообщил еще 23 января.",1,0
177435,6 ноября 2005 года торнадо F3 поразило Эвансвилл и убило 25 человек.,1,0
177437,Боксерский бой продолжился 12 раундов.,1,0
177535,"Принеси мне стул, пожалуйста.",1,0
177652,"Для участия в реализации государственной программы могут привлекаться общественные, научные и другие организации по мере совершенствования механизмов ее осуществления.",1,0
177746,"была брошена в море нищим, но была похоронена в аббатстве под именем Никем неоплаканная и опозорившаяся.",1,0
177809,"Лития, вальпроаты и карбамазепин эффективны как при лечении, так и профилактике депрессивных фаз, но менее эффективны они при депрессивных эпизодах и быстрой цикличности.",1,0
178077,"Я уверена что попасть в этот мир старым методом ""бури и натиска"" невозможно.",1,0
178156,Я не привык к публичному разговору.,1,0
178176,"Полиция пришла к квартире Констанина Кудрявецкого, сообщает корр. Дождю Алексей Коростелев.",1,0
178298,"Че Гевара, а? – не удержался от подколки я.
Гекко засмеялся: – Ну да! Че Гека… Он же у нас был в партии и потом на Кубе тоже воевал за свободу Кубы против диктатора Батисты!.. И он еще говорил про Фиделя Кастро «не тот человек»… А мы с ним были знакомы лично (я имею ввиду его отца), хотя виделись всего пару раз во время учебы по спецподготовке КГБ СССР при ЦК КПСС для работы над книгой о кубинском восстании 1959 года.. Я ему сказал тогда прямо так жестко-прямо как есть правду :«",1,0
178304,"Он документировал инвазивные растения в Калифорнии и собрал информацию о токсичности ядовитых растений, выращиваемых в штате.",1,0
178343,Анастасия Кузьмина завоевала серебряную медаль в индивидуальной гонке на Олимпиаде в Пхенчхане в 2008 году.,1,0
178414,"Для пролета без дополнительной заправки Prowler может пролететь без дополнительной заправки около 900 миль, развивая крейсерскую скорость, близкую к скорости звука.",1,0
178432,"В Павловске я закончил речь для пятидесятилетнего юбилея В.Я.Буняковского, которую Академия поручила мне произнести. Это будет в следующий понедельник, 19 мая.",1,0
178468,ging.dnevnik.ru опубликовал перечень подпрограмм муниципальной программы «Устойчивое развитие сельской территории сельского поселения Шишкинский сельсовет Чаплыгинского муниципального района Липецкой области на 2014 – 2017 годы и на период до 2020 года».,1,0
178482,За одно из проектных мероприятий государство не станет платить завышенные цены ни за одно из проектных мероприятий.,1,0
178587,"L. Gurchenko не может играть в этом фильме, так как его кинопроба провалилась.",1,0
178600,"В Самарской области объемы образования твердых бытовых отходов на территории Волжского района составляют 18323,889 тонн, третье место среди муниципальных районов после Красноярского района. По данным Государственного доклада «О состоянии окружающей природной среды в Самарской области в 2006 году».",1,0
178761,"Он ездил в квартиру, разорванный чиновниками и солдатами: следы ружья, сена, пыли, но не все.",1,0
178796,"Генералиссимус ""Абрамс"" родился 18 декабря.",1,0
178860,Для нужд строительной отрасли интересны достаточно богатые месторождения глиняного сырья различной качества и назначения.,1,0
178947,"3 апреля 2003 года Хейдар Алиев стал членом Академии безопасности, обороны и общественного порядка.",1,0
179079,Наиболее эффективным средством распространения эсперанто является его свободное и элегантное использование.,1,0
179196,Программы реализуются за счет средств бюджета города Смоленской области.,1,0
179284,"Упражнения сидя и лёжа прорабатывают мышцы ног, не перегружая колени, подтягивают живот и поднимают бёдра и ягодицы. Сгибание ног сидя Упражнение отлично прорабатывает мышцы ног. Если гимнастика показалась вам лёгкой, повторите комплекс 2 или 3 раза.",1,0
179353,"Говорят славянские языки, особенно в Восточной Европе, включая русский, польский и украинский.",1,0
179545,"Выпьем, Афоня, с тобою чистого напитка, -- сказал князь; и мы, и он или мы, за столом, усердно пили чистый напиток.",1,0
179557,"Въ бергамо (Burgamos) и в Кремоне (Венеци, Кремон) происходили безсми&gt; безпорядок.",1,0
179587,"Но нужно было решать и социальные вопросы, на что обратили внимание некоторые члены Политбюро.",1,0
179626,"мы с Анной Ивановной решили писать вам из Троице-Сергиевой лавры по субботами, значит - письмо в среду должно привезти его в Троицу.",1,0
179634,"В течение первого этапа (первые восемь недель) дети слышат, стучать и плачет, чтобы привлечь внимание родителей.",1,0
179642,"Федорову был вручен значок, впервые введенный Игорем Ларионовым, который вошел в Зал славы хоккейной славы.",1,0
179821,"Накануне вскрытия мощей преподобного Сергия в московском монастыре мне пришлось ехать на извозчике с поезда. Ворота лавры закрыты, никого не впускают и не выпускают. Народ негодует и пререкается с красноармейцами, у ворот слышно, как их ругают.",1,0
179858,"Армянское национально-освободительное движение оживляется во второй половине XVIII столетия. Восстание возглавляли Давид Бек и Есаи Гасан-Джалалян, сумевшие на несколько лет свергнуть иранское господство. К середине XVIII века полуавтономные феодальные владения всё ещё сохранились в горах Карабаха. Существовавшие там Меликства Хамсы, наряду с Зангезуром, стали остатками армянского политического устройства и государственности.",1,0
179913,"Главный тренер владимирского «Торпедо» Евгений Дурнев покинул свой пост по семейным обстоятельствам. С 8 октября главным тренером команды назначен Александр Акимов, уже работавший в этой должности в 2011 - 2015 годах.",1,0
180074,Контакты с ВикиГрин в декабре 2006 года привели к скорейшему принятию решения объединить силы.,1,0
180163,"В 1631 году, еще до возвращения в Константинополь, Анна вышла замуж за брата Генриха VIII.",1,0
180267,"И для иррациональных вопросов, все секреты.",1,0
180345,"Ложусь спать в 10, чтобы в 5 встать.",1,0
180371,"-1-2, 2, 3, 4 и 5 соответственно (т.е. влияние, вызываемое изменением на электрическую сеть).",1,0
180411,См. Также «Исторический вестник» Д. В. Гробницы.,1,0
180429,"5 сентября неизвестные несколько часов выстрелили по машине 55-го президента США Пола Ларуффа (родился Пол Ларуфф 22 ноября 1949 года), когда он сидел в своем автомобиле.",1,0
180469,у нас будет июль и около 290 дней (июль + август) в году.,1,0
180611,И Розалия уехала с Зиной и Демидовом в Италию и прибыла в Бухарест.,1,0
180732,"В Калининграде неизвестные осквернили памятник Герою Советского союза Александру Маринеско, командиру Краснознаменной бригады подводных лодок Балтийского флота, затопившей плавучую казарму «Вильгельм Густав» у берегов Польши 30 января 1945 года. По словам очевидцев, на памятнике была нарисована свастика.",1,0
180853,"Гунтис Белевич требует наказать тех, кто распространил информацию о его операции 19 июля 2016 года. Процесс был начат в связи с возможным правонарушением Гунтиса Белевича, получившего услуги в ЛОЦ в обход очереди пациентов, по разделу Уголовного закона «Преступные деяния в службе государственных структур».",1,0
180881,Майк – один из наших мозгов.,1,0
180982,"Должности чиновников рассматривают в естественной среде их занятия исходя из тех же самых человеческих потребностей, что они сами для самих себя определили",1,0
181068,"В тот же период Тофик Кулиев возглавлял делегации азербайджанских художников в Болгарии, Польше, Италии.",1,0
181122,"Вечером меня вызвал к телефону Сухомлинов и сообщил, что сегодня Думу не поедят, так как там ему «устроена целая засада», как результат сегодняшних статей.",1,0
181152,"Технология сама по себе бессмысленна, пока она не служит человечеству.",1,0
181238,"Однако Бен-Элиезер сообщил, что уничтожение одного из руководителей ХАМАС откладывалось восемь раз.",1,0
181240,"Профицит консолидированного бюджета Муромского района на прошлого года составил 16899,48199 тыс. рублей, профицит бюджета Московского района на 2011 год составил 1679,481 тыс. рублей. Эксперты полагают, что дефицит бюджета в прошлом году составил 1181,95204 тыс. рублей при плановом дефиците в размере 3013,43369 тыс. руб..",1,0
181339,", можно я приеду в колледж и буду ходить с тетрадью и делать домашние задания. А на самом деле смотреть мультики и читать книжки.",1,0
181365,"Лета не было, ни в субботу вечером, ни на следующее утро.",1,0
181434,"В микроканоническом ансамбле система изоляционна от остального мира, или, по крайней мере, очень слабо связана с ней.",1,0
181555,Он совсем не интересуется деньгами.,1,0
181612,"Савина очень замечательно передала роль героини Кати, жены русского военачальника.",1,0
181672,"Авторы Daily Dot и Bustle отметили, что сайт сохраняет строгий стандартный контроль качества, и что контент вне карты быстро удаляется.",1,0
182002,"В 1890 году, из-за финансовых проблем, Edison был вынужден уволить большинство сотрудников лаборатории, including Fessenden.",1,0
182058,"Акция 1.002 «Расходы на приобретение спортивного инвентаря"" для МКУ ДО ДЮСШ поможет провести массовые мероприятия",1,0
182110,"Я научился рисовать, следуя его урокам.",1,0
182301,"В 6 часов после обеда узнаем, что елка в 11 ч утра!",1,0
182386,"Если бы не была эта ужасная погода, то Петр и Петропавловская крепость нас бы",1,0
182436,"Число погибших при крушениях самолетов Boeing 777 в Египте возросло до 10 человек.
http://tassrusia1.ru/mainnews_rf?utl=en&amp;id=""104403"" title: Число жертв авиакатастрофы рейса MH17 увеличилось с 128 по 136 человека (видео) | Daily Mail &ndash;&nbsp;;Власти Египта объявили о том, что количество пострадавших на борту лайнера не превысило 20 тысяч - это число выросло более чем вдвое после катастрофы ATR-72 над Синайским полуостровом и унесшего жизни 305 пассажиров во время полета из Шарм эль Шейха через Северный Ледовитый океан к берегам Африки.. В результате взрыва погибли 179 людей.... httpsvoboda219337@mail Россиянам придется покупать билеты только если они хотят лететь отдыхать заграницу... А вот как будут выглядеть цены за перелет Москва Петербург Екатеринбург Пермь Челябинск Ростов Краснодар Волгоград Новосибирск Иркутский край Воронеж Калининград Мурманская область Красноярские края Новосибирское Приморье Сахалин Камчатка Хабарове Забайкальском крае Магадан Республика Саха Якутия Ямало Ненецкий автономный округ Тюменскую Республику Алтай ХантыМансийскому АО Чукотского автономного округа ЯНАО Омской области Амур Дальневосточную Федерацию Еврейско Азиатских Стран Китай Тайвань Малайзия Сингапур Австралию Австрия Чехия Швейцария Франция Венгрию Словакию Латвию Румынию Литву Польшу Германию Швецкую Грекоязычные страны Болгару Хорватию Италию Испанию Португалию Финляндию Эстония Швеция Испания Италия Германия Польша Великобритания Ирландия Кипр Нидерланды Норвегия Люксембург Канада Голландцы Даний Лигурийцам Исландию Гренландии Антарктиду Северную Америку Тихий Океан Атлантический Полюс Южную Африку Западные Мировые океаны Индийскими океанами Юго Восточной Азии Японцами Южная Америка Центральная Иордания Северная Корея Япония США Филиппины Индонезия Новая Зеландия Мексиканство Эквадор Перу Венесуэлу Гондарас Науго Чавес Чили Бразилия Парагвай Аргентина Уругвал ДоминиканоСтамбул Сальвадото Колумбия Зимбабве Сомали Камбоджа Никарагуа Панама Фиджистан Мавритании Сентоз Вьетнам Гонконгию Лаос Индия Мальдивы Соломоновы острова Гренадины Французкий Алжир Ангола Бельгийцев Королевству Гаити Бангладеш Замбии Судане Конфуция Шри Ланки Лихтенштейн Тунис Кувейт Саудов Аравией Йемен Египет ОАЭ Персидсия Иран Ирак Сиам Киргизстана Таджикистану Узбекистане Казахстан Беларусь Белоруссию Азербайджану Молдова Молдавия Армения Сербы Босны Черногории Македонией Грузин Косово Югославие Чешетии Греция Кипрский Сейшельф Палестина Эфиопии Израиль Катар Дели М",1,0
182499,Архиепископ Луцкий и Всея Украины Лука обращался в органы власти Запорожья с просьбой прекратить распространение «чужих» праздников в регионе.,1,0
182575,какая сфера реализации муниципальной программы,1,0
182590,был в черной зимней блузе и с черным поясом. Его обычная обувь - обычные простые сапоги.,1,0
182593,"Завоевание Караханида"" (1857), ""Кули-хан, завоеватель Армении"", а также ряд статей и заметок по истории Средней Азии. 
 После окончания университета в 1873 г.  Вукчич был оставлен при нём для подготовки диссертации на соискание степени доктора исторических наук[1]. 15 января 1876 года он получил степень магистра права.[2] С 1877 до конца жизни работал преподавателем восточных языков во вновь открывшемся университете Карсанидов — сначала там же преподавал историю Среднего Востока у своего брата Джафарова Амирхана II, затем преподавал турецкий язык студентам Университета имени Шавуот",1,0
182621,Кто-то когда-то описывал нас как трехголового бога.,1,0
182693,"здоровое красное личико, ровно бобром опушено окладистую, темно русую, с седой искрой волос было надменным и гордым, в них читались высокомерие и кутюрье",1,0
182756,"Конечно, они собирались оказать какое-то большое влияние на что-то в искусстве.",1,0
182865,. Меры местного значения в сфере создания и (или) использования муниципальной программы не применяются.,1,0
182923,"Если нет, то не говорит ничего необходимого и важного.",1,0
183002,"На лейбле Моуринью предложила Моуринью годовую зарплату в 4,5 миллиона фунтов и тот, по сведениям различных источников, уже согласился работать в Лондоне.",1,0
183364,Однако попытки властей запретить культ посредством антикоммунистического закона 50-х годов о подрывных организациях,1,0
183368,"В хуторе Наливном в Краснодарском крае в ночь на 23 мая произошел бой между дивизией 1-го Кубанского и 1-го Лабинского полков. Противник открыл огонь из полевых орудий с правого фланга своей пехоты и бронепоездов, в результате чего были убиты знаменщик полка подхорунжий Минин, два трубача, ранено два казака и десять лошадей.",1,0
183386,"Мои коллеги вздумали все-таки идти гулять; я пошел с ними, но как надо было идти ощупью, то мне скоро это настало",1,0
183463,"Районный турнир по флорболу, посвященный 80-летию города Воскресенска.",1,0
183464,"Занимается бразильским футболом с 1996 года. В составе национальной сборной Бразилии дебютировал в 2004 году на чемпионате Южной Америки среди молодёжных команд, где сыграл один матч (до этого провёл 4 матча за юношескую сборную страны). Участник чемпионата мира 2006 и 2010 годов: участвовал во всех трёх матчах турнира против сборных Чили — ни разу не вышел из ворот соперников; также выходил по одному матчу для того чтобы помочь своим соотечественникам выйти вперёд над южноамериканскими сборными Уругвая () со счётом 2—1 (), Аргентиной (, ) и Парагваем ().
После завершения игровой карьеры работал тренером вратарей «Фламенго», а",1,0
183655,1584 Сантьяго де Вера стал шестым губернатором Филиппин.,1,0
183803,"Он, вероятно, путешествовал, искал поживы в другом месте, так как я давно его не видала дома.",1,0
183810,"В Исландии прошли парламентские выборы, которые должны были состояться в апреле 2017 года, однако были перенесены из-за острого политического кризиса, разразившегося в стране этой весной. За два часа до закрытия участков в столице страны – Рейкьявике – их явка составила 61%. Окончательных данных по явке еще нет.",1,0
183830,", уроженец Нью-Йорка, играл с ансамблями в прибрежном клубе; одним образом, он пытался следовать по стопами Брюса «Спринг».",1,0
183928,"Это предрассудок влияет на интерпретацию средних тенденций, а также на индивидуальные различия.",1,0
184000,"также предусматриваются меры на уровне нагрузок 0, 4-10 kV.",1,0
184052,Первоначальная оферта была отклонена правлением ICI и большинством акционеров.,1,0
184064,Я провёл вечер за просмотром аниме и воспоминаниями о маме.,1,0
184143,"Пишите ручкой, а не карандашом.",1,0
184155,"опубликовал видео, вызывающее недовольство руководства, опубликовано оно на сайте газеты.",1,0
184182,В Мильковском муниципальном районе в прогнозном периоде 2019 - 2021 годах будут достигнуты следующие эффекты:,1,0
184189,Сложно видеть без очки.,1,0
184198,"Назначение епископом Макария Гневушина епископом Псковской области является издевательством над православной церковью. Особенно характерным для хлыстовства Распутина было пожалование им Варнаве, почти неграмотному огороднику из Каргополя, который не получил даже среднего образования.",1,0
184488,"Но прошлое неумолимо мстит за себя. Романисту, который бьет против исторической истины, неизбежно приходится обратиться и к художественной правдой.",1,0
184579,"этого требует специфика задач, стоящих перед пожарной охраной.",1,0
184596,Сегодня Венский архиепископ Кёниг принял участие в праздновании седьмого вечера отдыха Божия.,1,0
184597,"""VIXX выпускает ""Rock Ur Body"" MV ft.",1,0
184620,Б. Л. Голицын - Б. А. Голицы,1,0
184757,"римлянин Луций Веттий заявил, что ряд известных римлян готовит заговор против Помпея и Цезаря. При перечислении имён на публике Веттий умолчал об участии Марка Юния Брута и добавил ряд новых имён, что подорвало доверие к его показаниям.",1,0
184773,Наблюдение за ними осуществлялось профессором Лимбергом.,1,0
184796,Но я замечала как благоустроенные люди начинали на тебя свысока,1,0
184828,"дефицит воды хорошего качества из-за недостаточной емкости отдельных водопроводов, значительных потерь воды в отработанных транспортных системах;",1,0
184972,"Хокагэ хотел, чтобы люди считали Наруто героем, поскольку Наруто сдерживает демона-лиса.",1,0
184984,"Конечно, налоговый режим зависит от налоговых соглашений и внутреннего налогового законодательства каждой страны.",1,0
185024,Сотрудники экипажа корабля имеют акустический контакт.,1,0
185181,Впервые он опубликовал статью в журнале Советской молодежи в 1925 году.,1,0
185183,"Некоторые компании, как правило, ориентируются на максификацию прибыли, и поэтому поставляются на экспорт намного больше топлива.",1,0
185230,"Мне говорят, что офис открывается в девять, приезжайте.",1,0
185324,финансовое обеспечение в части расходов на реализацию муниципальной программы в отношении расходов на исполнение муниципальной программы осуществляется за счёт бюджетных ассигнаций муниципального образования.,1,0
185506,В самом деле уже осень.,1,0
185564,"Начальник электростанции Халиль Соадади (Soorad Khaled) сообщил в радиоинтервью, что все американцы, работавшие на электростанции, не пострадали.",1,0
185574,CÃ cents mots moi taki (собаки мои кошку разодели),1,0
185677,"Желая публично продемонстрировать свою связь со Святым Граалем, он возвнёс на Форумах роскошно и богато украшенный Храм Венеры.",1,0
185842,"Полезная неделя: 10-14 октября в Киеве пройдут лекции, мастер-классы, истории стартапов и курсы Excel, а также встреча со всемирно известным ученым - Нассимом Талебом.",1,0
185888,"Тем не менее, как только теория сформулирована, желательно ввести понятие функции волны и для подсистем во вселенной.",1,0
185932,Литовцы опустошают магазины в надежде на рост цен.,1,0
186016,"Винсент был влюблен вовсе не в Евгению, а в Каролину Хаанебик.",1,0
186183,"В Подмосковье начались работы по созданию в дошкольных образовательных, общеобразовательных организациях, организациях дополнительного образования (в том числе, в организациях, осуществляющих образовательную деятельность по адаптированным основным общеобразовательным программам) условий для получения детьми-инвалидами качественного образования.",1,0
186209,"Кроме того, есть 97 охраняемых секторов и 610 зон охраны архитектурного, городского и ландшафтного наследия (ZPPAUP).",1,0
186347,"Провожающие с тихим пением проводили от станций до усадьбы ""гроб Толстого"" в течение 10 часов.",1,0
186361,"Кизи-Кермен в прибережн и Сьогодн, н.э., Кизи-Кермен в прибереженней и в Олешк.",1,0
186413,"Губернатор Андрей Воробьев присутствовал при закладке капсулы в цемент, передает корреспондент «Ленты.ру».",1,0
186504,"Он требует, чтобы Cridens находилась в неопределённости.",1,0
186543,"Конечно, милиция приехала бы только утром, а он бежал бы ночью.",1,0
186557,Далекая унылая Площадь с гостиными дворами изнывают под лучами полуденного зноя.,1,0
186597,"По его словам, ""грузинская и азербайджанская стороны рассматривают вопрос об укреплении режима в соответствующих частях чеченской границы.""",1,0
186599,: из-За коронавирусского бурлеска весь европейский быт сидит без денег.,1,0
186658,": В избу никого не впускают, дверь не открывают, срамит, гадит, позорит всяко.",1,0
186732,Освобождение было принято 8 октября.,1,0
186747,"Содействие патриотическому, духовному и нравственному воспитанию молодежи, поддержка талантливых молодых людей и социальные инициативы молодежи.",1,0
186837,узнаете? Алексей и глава фонда «Freedom House» Джордж Фаерстонусы - сотрудники покойного Магнетта.,1,0
186876,«Я хотел бы поговорить с господином Смитом. «Это сам аппарат. »,1,0
186929,"Правительство Омской области не позднее 15 апреля года вносит в Правительство предложения об освобождении органов местного самоуправления Омской области от применения мер ответственности, предусмотренных абзацем сорок шестым настоящего раздела, с приложением соответствующего проекта распоряжения Правительства Омской области и указанного заключения.",1,0
186967,"В Восточном городском поселении продолжается реализация муниципальной подпрограммы. Ответственные исполнители ежегодно, в срок до 1 марта года, следующего за отчетным, предоставляют отчет о ходе реализации и оценке эффективности реализации подпрограммы, согласованный с главой администрации Восточного городского поселения в сектор экономики и бухгалтерского учета муниципального образования.",1,0
186999,", Виявяло, що нарахував багато найголовних денег за приставки труни.",1,0
187091,"Существование продемонстрировало некоторые столкновения с вампирами, работающими на Высший совет вампиров.",1,0
187185,Порядок предоставления субсидий из бюджета Пензенской области утвержден постановлением Правительства Пензенской области.,1,0
187194,- осуществление мер по содействию трудоустройству несовершеннолетних;,1,0
187403,"20 - Маркировка Дрезда, часто используемая для персонажей.",1,0
187449,Там было два торта.,1,0
187556,Магистр по экономике Мигель получил в 1931 году.,1,0
187598,В Верховажском муниципальном районе появилось позитивное отношение к развитию территорий сельских поселений.,1,0
187636,"В 1950 году военный губернатор Японии, генерал Дуглас МакАртур, отменил все смертные приговоры и значительно сократил большинство тюремных сроков.",1,0
187672,"Получив неофициальный статус, он сразу же стал членом партии ""Гражданин и трудовая партия"". 

Свою первую партийную работу на партийной работе начал в 1929 году. В 1934-35 годах - первый секретарь горкома ВКП(б) СССР по идеологии Семашко Акимович был избран председателем Совета Министров РСФСР (с 1935 года), а с 1937 – секретарем ЦК РКПБ[2]. После войны работал заместителем председателя Комитета госбезопасности при СНК Союза ССР; член президиума Верховного совета УССР [3], затем нарком просвещения Украинской народной республики.]. Член КПСС: председатель Президиума ЦИК Узбекской АССР —",1,0
187674,"Начинал он с карандашных набросков, сделанных во многих кинозаседаниях.",1,0
187747,"Шумно, с радостью он встретился с А. Александровым (начальником штаба Военно-морского флота Ладоги) — старым другом.",1,0
187777,Алгоритм 235: Случайная пермутация,1,0
187927,Чаще всего верующий западный человек не замечает праздника из- за его шутки и наигрыша.,1,0
188183,"с севера-северо-запада 1070 м, с востока-северного 6700 м.",1,0
188203,Майский жук джеймс мур приветствует тебя.,1,0
188297,"И все же кажется, что этот человек, стремившийся к нравственному самоусовершенствованию, не любил людей.",1,0
188343,Эти часы обошлись мне в 10 тысяч иен.,1,0
188363,"Стопятьсот статей и монографий, написанных по любому интересному вопросу, содержат стопятидесяти разных точек зрения, включающих всегда аргументированные.",1,0
188439,"Кириллу и Регине Мирзиеевым сегодня исполняется 60 лет, они оба в инвалидных креслах.",1,0
188505,"несмотря на данные предупреждения и гарантии, Жанену и чехословацкому командованию удалось покинуть адмирала.",1,0
188552,"Мы стадно и не отдавая себе отчета подчинялись тому, кто в последний момент был вожаком.",1,0
188614,Малое предпринимательство должно быть способным удовлетворить платежеспособный спрос населения.,1,0
188728,Табуретки и фикусы дороже людей.,1,0
188763,"В Белгородской области с 2016 года будут введены субвенции на содержание и ремонт жилых помещений для детей-сирот и детей, оставшихся без попечения родителей.",1,0
188832,"Общественный фонд «Помоги ближнему» проводит ряд акций, направленных на оказание помощи нуждающимся гражданам, в том числе благотворительные марафоны, спартакиады среди инвалидов, благотворительные концерты и другие мероприятия.",1,0
188925,Леди Мэй вышла замуж за Генри Абеля Смита (впоследствии сэра Генри) 24 октября 1931 года.,1,0
189020,"Взрослые могут заразить людей, не проявляющих симптомов заражения, в том числе и детей. Инфицированный наиболее заразен в течение первых трёх дней после появления симптомов, хотя распространение возможно и до появления симптома, а также через людей, не проявивших симптомы заражения.",1,0
189145,Hydro-Québec также участвовал в качестве консультанта в ряде гидроэнергетических проектов по всему миру.,1,0
189161,"Доходная часть бюджета составила 1,488 трлн рублей, расходную - 1,534 трлн руб., дефицит в бюджете составил 46,5 млрд рублей.",1,0
189203,В пределах сельскохозяйственной зоны высота сопок понижается до 700 до 70 - 100 метров.,1,0
189260,"В Восточной Азии Луна и Солнце считались двумя противоположностями — инь и ян, а Луна считалась связанной с инь, а Солнце — с ян.",1,0
189412,Меня интересует восточная керамика.,1,0
189485,"Второй этап конфликта, с июня 1486 года по ноябрь 1488 года, иногда называют «войной Бретани».",1,0
189571,"В 1999 году Скотт Каннберг заявил, что группа готовится воссоединиться, чтобы отметить 20-летний юбилей.",1,0
189653,"Это наследие романтизма, забывшей ещё два года.",1,0
189659,"вдали, вдали, посреди леса, - одни лишь Матрены, да Марты все нет. Стоит-постоят Дарьяльские, да так и горят. Красный оскал дубовых расщ",1,0
189661,"Команду возглавлял Зинедин Зидан, который был тренером в Кастилье и помощником Анчелотти.",1,0
189848,"В глаголице различие между твердыми и мягкими слоговыми плавными обозначается написанием Ъ или Ь после букв, обозначающих плавные. Таким образом, различие в твердости и в мягкости воспринималось субъективно не как самостоятельное свойство данной фонемы, а лишь как следствие положения перед определенной гласной фонемой.",1,0
190195,"Администрация Дубовского муниципального района проводит оценку эффективности реализации муниципальной программы в соответствии с требованиями, определенными в Порядке разработки, утверждения, реализации и оценки эффективности муниципальных программ. Оценка эффективности выполнения муниципальной программ проводится ответственным исполнителем, соответствующим требованиям.",1,0
190210,"Каширин чувствовал, что его игра все-таки делается более невозможной и он этого не сделал.",1,0
190215,"Информация о сведениях, данных в реестре муниципального имущества.",1,0
190218,Всегда повинуйтесь своему отцу.,1,0
190334,"- Это будет комплекс мероприятий и мероприятий, реализовать в которых непрограммами нельзя.",1,0
190356,"Согласно параметрам, подозрительные сообщения маркируются, маркируются или удаляются.",1,0
190393,снижение финансирования Подрограммы в ее рамках не позволит сформировать материально-технической базы архивной сферы Кировской в регионе.,1,0
190461,"Двум меликам, находвшимся в заключении в Шушинской крепости, позже удалось сбежать.",1,0
190512,"Таким образом, утверждалось, что бусинг (в отличие от простого увеличения финансирования сегрегированных школ) был необходим для достижения расового равенства.",1,0
190856,"Вместо того, чтобы остановиться, дождь усилился.",1,0
190866,"Коллективы ведут активную концертную деятельность, их знают и любят не только зрители Буйского района, но и другие муниципалитеты Костромской области.",1,0
190876,", Фреди, полностью отдавая инициативу Владимиру, стал вести «второй номер» - ждал атак от Владимира.",1,0
190889,"в отчаянии я думала, что потеряла мать, и испытывала отчаяние.",1,0
190916,"Потребительские цены на товары и услуги в Забайкальском крае в августе 2017 года составили 101,9 % к декабрю предыдущего года, что на 2,0 проц. пункта ниже, чем аналогичный показатель в августе 2016 года.",1,0
190918,"С целью сохранения и обеспечения стабильности профессиональных кадров, предотвращения их оттока, внимание органов местного самоуправления будет сосредоточено на повышении уровня культурного, бытового, торгового, образовательного обслуживания, что в свою очередь позволит значительно повысить качество человеческого капитала и стандартов жизни населения.",1,0
190919,"холостым глядя на иную супружескую семью, он просто насмешливо улыбался в своей душе.",1,0
190939,использованию учебно-информационной базы и ресурсов учреждений среднего профессионально-технического образования в рамках освоения программ среднего профессионального обучения школьников на профильных специальностях в допризывной подготовке и профориентации (урок технологии,1,0
191017,"Поветкин рассказал, как смог завоевать титул в бою с Гвоздиком.",1,0
191086,Приказ Московской области о возврате средней заработной платы трудникам муниципальных учреждений до средней заработной платы,1,0
191122,Гарвардский университет был основан в 1636 году.,1,0
191276,Экзамен сдан на отлично.,1,0
191388,"Дикий животный был предоставлен относительно безопасный мир в человеческом поселении в обмен на то, что кошка уничтожала крыс и мышей в зернохранилищах.",1,0
191400,"Большинство из старейшин египтян были крестьянами, приверженными своей земле.",1,0
191472,С 1987 года началось движение за восстановление греко-католической церкви.,1,0
191492,"В Целинном районе стартовала молодёжная политика, направленная на повышение интеграции молодых людей в социально-экономические, общественно-политические и социокультурные отношения с целью увеличения их вклада в развитие края и района.",1,0
191766,Умер бывший сосед Красник.,1,0
191806,с бывшей / бывшей в карантин также считается выгулом собаки.,1,0
191869,"Мне всего еще хочется от тебя, только бы не осталось ничего не дожитого в нашей встрече на земле и только бы было еще что-нибудь из того, что может быть.",1,0
191903,"Они не заказывали на покупку птичьего помета и навоза диких млекопитающих, пока заказы от харьковчан на покупку птичьего помета и навоза диких млекопитающих не поступали.",1,0
191905,В 1136 году здесь была построена башня.,1,0
191959,"В последние годы малым и средним предприятиям оказывается финансовая, консультативная и информационная поддержка, а также помощь в подготовке кадров и переподготовке",1,0
191993,"Тем не менее, распоряжение Сената было только частично исполнено в Риме и полностью игнорировано в большинстве провинций за пределами Италии.",1,0
192143,Метод расчета показателей результативности муниципальной подпрограммы приводится в приложении 3 к муниципальной подпрограмме.,1,0
192368,"Несмотря на всю стараня исполнителей, ничего другого не было на этом спектакле.",1,0
192414,"Сребролюбивыми ""футуристами"" за 70 копеек.",1,0
192426,"В Концепции долгосрочного социально-экономического развития Российской Федерации на период до 2020 года определена задача гражданского образования и патриотического воспитания молодежи, содействие формированию правовых, культурных и нравственных ценностей среди молодежи.",1,0
192569,"В пьесе Исаакович её на моих глазах Джигарханяну сватал, Виктюку.",1,0
192594,"В «Инвалиде» продолжают появляться приказы о переменах в формах обмундирования. Теперь дошла очередь и до нас — свиты государевой. Нас, генерал-адъютантов, также переодевают по образцу кучерского.",1,0
192814,"В австралийском городе Мельбурн неизвестный на Toyota Camry врезался в дерево и покинул место ДТП, оставив ключ в замке зажигания. Машину превратили в настоящий арт-объект.",1,0
192828,"Если она не выедет и не согласится добровольно уступить, подаю в суд.",1,0
192969,Нападающий московского «Динамо» Кирилл Панченко вызван в сборную России из первого дивизиона. Для Панченко приглашение в национальную команду стало первым за всю карьеру.,1,0
192976,"Я бы хотел прочитать ""Римские чудеса"" (com id=""15168731781422)/",1,0
193054,проведенный пуск дал старт первому испытанию новой противотанковому ракетному двигателю турецкой разработки.,1,0
193189,"Приехавшая из Нарнии Элронд привозит Фродора в Ривуенделлу, где Элронда спасает ее сестра Арвен.",1,0
193220,Толстая В. Н. и Фигннер В. Л. были у Ивана Алексеевича и решили оставить ликвидацию.,1,0
193230,"В Джамбазах они увлечены посевом, с большим увлечением рассадили зеленые овощи в жилом доме.",1,0
193291,"Количество граждан пожилого возраста и инвалидов, для которых условия социального обслуживания улучшены за счет реализации мероприятия «Капитальный ремонт нежилых помещений в отделении социальной реабилитации инвалидов Шербакульского района» улучшены, определяется по данным Минтруда. Значение целевого индикатора определяется как численность инвалидов, проживающих в полустационарных и стационарных организациях социальной обслуживания.",1,0
193396,К ноябрю боевые действия против Сомме постепенно прекратились.,1,0
193406,актер получил серьёзный черепно–мозговий удар и тупое повреждение живота.,1,0
193451,"Сбежавшая из отеля, где с ней провели время, ушла на минутку и исчезла в журнале.",1,0
193502,"было введено ограничение на некоммерческие организации в пользу включения в их планы мероприятий, включенных в их программы, и стало более проблематично.",1,0
193619,"Он начал свою карьеру в 1997 году в возрасте пяти лет, совершая магию для своей семьи и друзей.",1,0
193660,С ростом финансирования сельского поселения возникает потребность в областной и районной поддержке муниципальных программ по комплексному развитию сельского поселения.,1,0
193671,Ранее он являлся частью официальных праздников и не работал.,1,0
193674,"В учреждениях здравоохранения необходимо предусмотреть меры по активизации работы кабинета врача-профпатолога, что обеспечит своевременное постановку предварительного диагноза профзаболевания и направление больного на обследование в центр профпатологии.",1,0
193749,Heal The World учредил собственный фонд Heal The World.,1,0
193788,"Ростуризм поддержал снижение налога для самозанятых граждан, но сохранил размер прожиточного минимума).",1,0
193866,Необходимо решение следующих основных задач: Чтобы достичь своей цели необходимо решение следующих основных задач.,1,0
193869,Орден Октябрьской революции носится на левой стороне груди и находится после ордена Ленина.,1,0
193892,С тех пор каждый год они плачут и бегают в закрытом пространстве ручек.,1,0
193931,"У Тома был большой взгляд на площадку, на которой бы проходил Открытый чемпионат Великобритании по гольфу.",1,0
193936,Хотите смотреть бейсбол по телевизору?,1,0
194032,"К концу июня Брайан собрал более двух третей делегатов, необходимых для выдвижения кандидатуры.",1,0
194103,", С января по сентябрь 2014 года увеличилась доля умышленных преступлений, совершённых в состоянии опьянения.",1,0
194283,Где самая близкая аптечка?,1,0
194475,"Саяны, озера и лечебные воды, уникальные водные источники минералов и грязи, уникальные озера и озера и пляжи, лечебная и туристическая местность.",1,0
194624,"Глава ТАСС определил дополнительную сумму на бюджетные кредиты регионов, чтобы поддержать городальные бюджеты.",1,0
194677,Госдумой был принят федеральный бюджет с открытыми строчками про субсидии и гиперинфляцию.,1,0
194685,"В сфере реализации подпрограммы 1, цели, задачи описание основных целевых индикаторов, показателей задач",1,0
194701,"канешна она май пидарасик она май дива я в ужасе год этому рисованию а я ей его всемогу
Нора Энн Эберхарт (урожденная",1,0
194711,Молоко замерзло и укрепилось.,1,0
194759,"Мы раскрыли детали происшествия с Роем, выяснились подробности.",1,0
194830,Какому городу была вменена в обязанность подать воинскую службу сообща с другим,1,0
194931,Подавшая милостыню женщина отдала свою крошечную стопу наполеоновской туфельки хозяйкам.,1,0
195005,"Сейчас в утреннем свете так весело, как на улице",1,0
195110,Я работаю три часа каждую субботу утром.,1,0
195137,"Картины Гарри Рокчинского, Санала Болдырева, Мергена Мошулдаева Запомнились картины Гарри Рокчинского, Санала Болдырева, Мергена Мошулдаева.",1,0
195223,Я уж с ним разберусь по-свойски,1,0
195253,"Появились волонтеры ЧМ, где любой желающий поможет найти всех.",1,0
195263,"Немецкий автогигант Volkswagen должен заплатить $14,7 миллиарда штрафа за программное обеспечение, что вводило в заблуждение тесты по измерению вредных выбросов. Большая часть этой суммы пойдет на программы по минимизации ущерба от чрезмерных выбросов и разработку проектов «чистого» транспорта.",1,0
195611,Организация профилактических мероприятий по повышению безопасности дорожного движения.,1,0
195641,«Очи США усиливают силы ООН в Кот-д'Ивуаре»,1,0
195675,"— Так что ты займешься этим делом, — сказал я ему, — вдохнул Максим.",1,0
195765,Два албанца ворвались в его квартиру в Приштине и расстреляли его оружием.,1,0
195857,строительство источника питания в жилой зоне «Ржевка»;,1,0
195937,"Музыка, и видение их сильно отличаются от нашего, привычного: все делается на поисках волшебного, неожиданного.",1,0
196002,"Lied der Natur der Licht) вывел это растение, а название растений было изменено на Lied des Naturs.",1,0
196081,"ПРОДАТЕЛ зоомагазина ""Садовод"" продал 5 тыс. кг искусственных слив.",1,0
196117,"Следователи изъявили медицинское оборудование и партию морфина, которая использовалась в больнице.",1,0
196181,"Алибасов и Фадеев победили в первой партийной битве за титул ""Золотой орден"" конкурса Star.",1,0
196399,"Эксперты отмечают, что исламские сунниты в основном являются приверженцами ханифитской юридической школы. Они проживают в Южной и Средней Азии, Китае, Турции и других странах. Шафиитская школа получила распространение в Сирии, Индонезии и частично в Пакистане. Влияние ханбалитского мазхаба распространяется на население Аравийского полуострова. В шиизме распространён джафаритский мазхаб.",1,0
196526,"Когда все признают наиболее выгодным молочное скотоводство, то потому что молоко, масло, сыр стоят в хорошей цене.",1,0
196602,Вступать в студенческие советы и активистов получают наиболее всестороннюю поддержку.,1,0
196650,"Вернувшись в Прагу в 1863 году, он основал другую музыкальную школу с целью продвижения чешской музыки.",1,0
196723,Цены на золото меняются с каждым днем.,1,0
196746,"Уимблдонский турнир — это международный турнир, проводимый в Уимблдоне на юге Лондона каждое лето.",1,0
196784,"В декабре 2011 года были записаны три песни: ""Halo"", ""Standing in the Sun"" и ""Bad Rain"".",1,0
196803,Тут я не выиграл и тихо сел и как бы ненарочно подошел к своему окошечку.,1,0
196886,В дни апрельских событий Временное Правительство поспешило удалить непопулярных Милюковых.,1,0
196892,"Удивительно, что Ибрагим II должным образом принял новость без возражений.",1,0
196954,Семья Булл любила технику и науку: все старшие братья Фредрика были инженерами.,1,0
196999,"-- Василий Евстафирьич думал, что пьяница меня погубит, а вы ему должны сознаться, что я пьян.",1,0
197043,"230 депутатов проголосовали за его принятие, ни один не был против, только один воздержался.",1,0
197045,Швейцерн прислуги: швейцарский повар 2; камердинер 3 посудомоечная машина 4 уборщица 5 прачка 6 утюг 7 лампасы 8 зеркало 9 умывальник 10 шве,1,0
197129,"Кроме того, по данным прокуратуры, боеприпасы часто хранятся на открытых объектах.",1,0
197132,", по словам Заболотного, он ездил на дальнюю вахту по стране и был активным казаком.",1,0
197150,"было сообщено, что побег был беглым арестантом хромающего на правую руку. В конце концов он имел протез ноги от ступня до колена.",1,0
197265,"Я живу не прошлым, не настоящим, не даже будущим. Я хочу только одного: вернуться в Харьков.",1,0
197338,", Департамент совместно с учреждениями и организациями сельского хозяйства и другими органами и организациями местного самоуправления не реже трех раз в три г. проводит выборочные обследования сельхозтоварооброспроизводителей.",1,0
197447,"Но вот что: ты сказал сейчас, что тебе никогда не бывает скучно,... действительно ли это так?",1,0
197479,"Белорусский правозащитный центр ""Весна"" награжден шведской премии за правильный образ жизни, которую впервые называют альтернативной нобелевской.",1,0
197487,"Это значит, что мы как следует отоспались и подготовились к новому переходу.",1,0
197600,В конце сентября депутаты отклонили проект правительства и направили его в примирительную комиссию.,1,0
197611,Его муж был ключевой свидетелем против него.,1,0
197750,"- Глумов, но разве нельзя ставить людям вину, будто",1,0
197940,Во сколько мне тебя забрать?,1,0
198141,"В течение реализации программы будет реализована реализация всех запланированных мероприятий по ликвидации ветхих сетей, установка приборов учета теплоснабжения на объектах социальной сферы муниципальной собственности, установлено энергосберегающее оборудование.",1,0
198152,"Пыльные истребители, унтер-офицеры, оглядываясь назад на золотые ладони пальто, становятся более важными, поднимаются, успокаиваются.",1,0
198324,"Попытка приобщиться к божествам путем бракосочетания с небесной девой показала, что республиканский глава государства есть кандидат на законное свержение -- и эвентуальный изменник своей страны.",1,0
198519,В приложении 3 к Государственной программе приведено финансовое обеспечение реализации Государственной программы за счет средств областного бюджета.,1,0
198617,"На реализацию программы планируется выделить 848,51 тыс. евро из районного бюджета. Рубли, в том числе по годам:",1,0
198670,� Millî ç `Istihbaraat Teßkulatĭ) активно помогает террористической группировкой в приграничной зоне.,1,0
198741,"Профили Греты в соцсети привлекли внимание журналистов, которые чуть более недели спустя придали забастовку международную огласку.",1,0
198878,"цели, задачи и мероприятия программы будут оцениваться с учетом законодательных, финансовых, информационных и социальных рисков.",1,0
199053,Это редкость в костюме шапки.,1,0
199061,"я вами дорожи, я вами горжусь, я уважаю ваши знания, ваш подход к работе.",1,0
199103,Это единственный номинальный центр нашей команды в 2002/2003 году.,1,0
199224,В 1821 году произошло общее восстание греков.,1,0
199419,"слов артиста Александра Толмасого, результаты будут готовы к 20 февраля.",1,0
199434,"- Какая-то симулянтная симуляции, впрочем это потому что хочется, чтобы кто-то не выделялся, не мозоль бил никому глаза.",1,0
199756,"- Это единственный в мире пострадавший от бомбежки государство, поддерживало четыре принципа.",1,0
199913,"Прежде всего, в зал заседания при конвоировании один из подсудимых бросил в фотокорреспондента ботинок.",1,0
199928,"Для реализации заявленной цели поставлены следующие задачи: развитие школьной инфраструктуры за счет текущего и капитального ремонтов, улучшение материально-технической базы системы общего образования, сохранение здоровья и обеспечение безопасности обучающихся, создание условий для удовлетворения потребностей граждан, общества и рынка труда в качественном образовании, обеспечение безопасности и приведение в соответствие слицензионными требованиями условий жизнедеятельности образовательных учреждений.",1,0
200005,"У меня грустно на душе. Опять нет веры в себя, опять мысли о Вас, равнодушие ко всей жизни. С тоской думаю о Мольере. Костя смотрит на меня прищуренными глазами — значит будет придираться, мучить и ничего не выйдет хорошего.",1,0
200056,"В этом же месяце «Яндекса» начал тестовые испытания своих беспилотных автомобилей, оснащенных этой системой.",1,0
200224,Sobesednik.ru (С.Б. СавченкоИ) Новосибирск Единоросы с козырями пошли.,1,0
200277,В МСК и СПБ на 10 000 рублей подпишут в подарок.,1,0
200427,: 9 марта он приезжает в Новосибирск 8 марта.,1,0
200455,"Дневник недели: одинокий, одинокий и одиночий, одиноче и одиноче, одиночество и одиночество, одиночества и одиночества.",1,0
200473,Область материально-технической базы сектора сельского хозяйства Мероприятия является частью материально-технической базы сектора сельского хозяйства Мероприятия и обеспечение материально-технической базы сектора сельского хозяйства Мероприятия.,1,0
200475,Взрывное средство сочеталось в Минводах в количестве 50 кг тротиллового эквивалента.,1,0
200508,"Но, разглядев две наши очевидные двери, она притворилась. Но оставив щелку и прислушиваясь на лестницу до того, пока убежавшая вниз Ола не замолкла.",1,0
200515,"Успевает во всех отношениях! А я, к тому же еще и с детьми. 
 -А что ты делаешь в свободное время -- спросил он меня таким тоном... как будто у нас был спор о его возрасте или даже об уровне образования детей (я не стала уточнять это).-- Ты работаешь дома Или сидишь на шее мужа И вообще чем занимаешься по вечерам Я бы тебе посоветовал больше гулять вместе со мной: вечером мне нужно побыть одна, а после работы пойти погулять куда-нибудь.. ну да ладно :).И вот так мы провели вечер за разговорами до того момента пока мой муж наконец соизволил уйти от моего ребенка спать",1,0
200625,Ты много чего видел и не увидел,1,0
200734,Она долго держалась держалась держалась держалась держалась держалась держалась держалась держалась,1,0
200749,"Высокий интеллект туриста, разнообразие культурного потенциала создают хорошие предпосылки для успешного сотрудничества в разных сферах деятельности.",1,0
200758,Октябрь уходит с нами на память краски Осени.,1,0
200855,"Номера орденов отсутствовали, так как изготавливались не на Монетном дворе, а в ювелирной часовой мастерской.",1,0
200926,"Программа по благоустройству Битюг-Матреновского сельского поселения направлена на организацию взаимодействия между предприятиями, организациями и учреждениями по решению проблем благоустройства населенных пунктов, привлечение жителей к участию в решении проблем благоустройства поселения, организация водоснабжения жителей технической водой.",1,0
200959,Киевская судебная палата оправдала бывших полицейских старшего звена из команды главы Киевского управления СБУ.,1,0
200965,"Несколько бы другое веяние, и при тех же условиях было бы дивно.",1,0
200992,"Он встал, завязал узел с крючком двери, развязался узел с давешним Разумихой и вновь завязал его с платьицем.",1,0
201065,Шесть лет спустя альбом был переиздан компанией Nitro Records.,1,0
201092,"Что ФИПом болеют почти любые коты, как и в питомнике способствует заражению коронавируса.",1,0
201139,ГОСУДАРСТВЕННОЙ ПРОГРАММЫ ЯМАЛО-НЕнецКОГО АВТОНОМНОГО ОКРУГГА,1,0
201213,"Но когда я играл в четвертый этуд, зал радовался и наполнялся теплом.",1,0
201226,"Текст декрета гласит, что президент непосредственно подчинен верховному главнокомандующему, то есть Мушаррафу.",1,0
201298,"В августе я заскочил в бек поностолировать, потому что иногда хочется просто скипануть.",1,0
201569,"Вода опускается, она разрывается.",1,0
201648,"Западные критики похвалили фильм о темнокожей африканской цивилизации за его афроцентризм и афро-футуризм, а также за угнетение темнокожего населения и революцию на фоне того, что представители негроидной расы и африканская культура сегодня по-прежнему игнорируются в современном кинематографе.",1,0
201661,"работают в Банбери, Нельсон-Фангарее, Нельсоном, Тимиаре, Пиктон-Тимар и Блаф.",1,0
201767,Позже Легг-Бёрк поручила своему адвокату Питеру Картер-Раку извиниться.,1,0
201786,"28 декабря - Вы найдё те хату и собаки даже не спросят, как пройти в библиотеку на Новый г",1,0
201878,Семейный бюджет с Арсом станет зимой (февраль),1,0
202133,"Евросоюз определился с датой проведения саммита Украина-ЕС, который должен состояться 24 ноября в Брюсселе. После подписания соглашения об ассоциации с нашей страной такие саммиты должны проводиться ежегодно. Кроме того, Европарламент потребовал до принятия окончательного решения определиться с механизмом, как безвизовый режим может быть приостановлен.",1,0
202290,"Тогда Моцарт влюбился в свою третью дочь, Констанци.",1,0
202437,"корпорации, сплетущие между собой беспорядочные комбинации людей различных поколений, объединяющие их культовые, профессиональные или другие интересы.",1,0
202556,"По обе стороны дороги и по сторонам, где хватает глаз, зеленеют хорошие всходы хлеба, травы, принадлежащие колхозам, совхозам, кое-где и единоличикам.",1,0
202740,", который обычно прикрепляют к нижней нижней части корпуса корабля, как, например, веретено I.",1,0
202797,"Он необходим газотурбинным электростанциями, для которых ранее использовался сжиженный газ.",1,0
202894,"О принятом решении в письменной форме уведомляется администрация муниципального образования ""Городской район"" в течение 5 дней.",1,0
202903,"Таким образом, аргументация Мальтуса, будучи приведена до конца, дает в выводе то же самое, что говорил Годуин.",1,0
202932,"В других ситуациях термин расширяется, чтобы охватывать почти все прохладные пульсирующие звезды.",1,0
203009,"По словам Сергеева, идентификация, разведка и уничтожение группировок бандитов, их баз и лагерей средствами авиации и артиллерии продолжаются.",1,0
203031,В космосе бесчисленное количество небесных тел.,1,0
203077,Второй по величине порт в Европе станет Антверпенский.,1,0
203205,На 11 ноября суд рассмотрит жалобу Kravtsova.,1,0
203210,"Самым сложным для Мастера оказалось сдерживать стремление детей развлекаться, покупать часы, велосипеды, обувь, джинсы и мотоциклы за выкупленные деньги.",1,0
203247,"На Фарфоровом заводе и в церкви не было ничего не нравилось, ни церковь, ни собор, ни театральный священник, ни священник.",1,0
203281,"Подпрограммой Правительства Ленинградской области ""Развитие малого и среднего предпринимательства в регионе"" предусмотрено, что на территории муниципального образования Лодейнопольский муниципальный район осуществляется поддержка субъектов МСП (далее - субъекты предпринимательской деятельности).
В соответствии с частью 2 статьи 4.1 Федерального закона от 24 июля 2007 года № 209-ФЗ «О развитии социального обслуживания граждан пожилого возраста...», к субъектам социальной поддержки относятся: инвалиды; ветераны Великой Отечественной войны 1941–1945 годов по достижении ими общеустановленного пенсионного или инвалидного права либо не имеющие указанного специального правового статуса лица",1,0
203398,"``` О, друзья, пусть всех нас здесь положат, батюшка, с тобою! а чего наше, то не отдаем живые, кричат солдаты.",1,0
203435,"уровня потребления тепловой энергией в 2014 г. составил 19770,4 гкал.",1,0
203524,"Игрок может поехать в Индустрию и найти его в одном из событий, которые там происходят.",1,0
203536,"Крендель вышел кислый, а именины невеселые.",1,0
203717,"Сборная Бразилии получила право участия как хозяйка соревнований, остальные участники прошли через отборочный турнир в рамках своих конфедераций (два участника помимо этого играли в межконтинентальных стыковых матчах). Сборная Боснии и Герцеговины — единственный участник, который дебютирует на финальных турнирах чемпионата мира.",1,0
204050,Они простирали руки с венком своих противников и рук врагов их.,1,0
204098,"Газета Business и Financial Markets от изданий, выходящих в том же сегменте рынка, называется, в частности, тщательный разбор функционирования различных финансовых инструментов.",1,0
204156,Но суть дело была не то: единственной причиною смерти Фуке было его любовь ко неприкосновенной Ла Вальер.,1,0
204170,"Я хотел защитить тело женщины от чего-то – возможно, от менструаций глаз или холодного ветра.",1,0
204286,Высокий риск невозвращения в район для дальнейшего проживания и работы.,1,0
204289,"Его фротис стал проще и сильнее. - облака над Волгами, ""Землями.""",1,0
204420,- В период с сентября по декабрь 1932 года баскетболист из Техасской футбольной лиги Март учился в колледже Техасу.,1,0
204594,"Парадоксально, он прав.",1,0
204618,"Чем занимается фашист Вовозневая, помним, гад про ДЕВЯТОЕ МАЯ",1,0
204696,Немеркнущим светом горит сияющее сияние тревожной поэзии Толстого. В нем с невероятной силой сочеталось художественное творчество и этическое чувство.,1,0
204698,Какое дело было в зароке нельзя исполнить?,1,0
204706,"В связи с угрозой войны, 5 апреля 1885 года была основана Costarricense Roja.",1,0
204853,Ну и да его собаки действительно как из той ветки mp3 ==,1,0
204887,"Когда оратор заявил свою речь классическими цитатами и ссылкам на Цицерта, Тацит, Ливий, его стаскивали с возвышения и заставляли повторять эту",1,0
204917,Не тяни. Открывай.,1,0
204933,ряд внешних и внешних положительных факторов. которые могут способствовать развитию поселения:,1,0
204939,28 мая 1918 года Азербайджан стал Демократической Республикой Азербайджан (Демократическая Республика Азербайджана).,1,0
205024,"В ""Мастера и Маргариту"" прозвучало прощание с книгой, трудом всей жизни, в которых выразилось прощение с Булгаковым.",1,0
205073,"На опушке леса потеплеет, но несколько тепла.",1,0
205123,"у граждан РФ, проживающих в Дубровинском сельском совете Мошково района Новосибирской о.",1,0
205164,"Кошки говорят, развешивают метки, а коты используют разные стратегии ухаживания.",1,0
205233,"Если не отдадут, то это будет нечестно, из-за них мы отказывали таким большим пансионерам и вдруг теперь они на попятый.",1,0
205284,"и так Бахметев не был доволен своим зятем, но решил запретить Варенькиному сыну с ним встречаться.",1,0
205328,"Журналистка Анастасия Товт называет героя Драйвера «жалким подражанием Дарту Вейдеру», хотя и отмечает, что картина «демонстрирует вырождение знаменитой франшизы».",1,0
205352,"В рамках реализации муниципальной программы города Железногорска планируется принять ряд нормативных правовых актов, направленных на совершенствование механизмов управления муниципальными финансами, муниципальным долгом города.",1,0
205376,Крым не был утвержден в минских соглашениях.,1,0
205408,"В среду, 26 октября, глава российского военного ведомства проведет переговоры со своим индийским коллегой по вопросам сотрудничества в сфере обороны, сообщил официальный представитель Минобороны генерал-майор Игорь Конашенков. По результатам работы стороны планируют подвести итоги работы за прошедший год и наметить первоочередные задачи в области развития ВТС.",1,0
205487,"уехал Сливинский, который бывший земский врач у Сухотиловых, человек молодой.",1,0
205548,"Климат Китая очень разнообразен. На юго-востоке климат субтропический, а на северо-западе - континентальный.",1,0
205596,"Оператором фильма изначально был Стэнли Корт, но в процессе съёмок он плохо справился с новым оборудованием и снимал фильм слишком долго.",1,0
205627,"Фигурантов дела о ""массовых беспорядков"" отправили по разные стороны решетки.",1,0
205684,"Он окончил Нью-Йоркский университет, получив степень бакалавра по российско-американским отношениям.",1,0
205759,"Так, в ноябре 2009 года капитал Форекс-клуба составлял 24,3 миллиона долларов, но 31 января упал до 19,6 миллиона, или 19,4%.",1,0
205787,2002 - постановляет присоединиться к Дреаму Эвилу в качестве постоянного члена и поехать в Европу и Японию вместе с группой.,1,0
205919,Инструкция ЕС по Brexit не согласовывается парламентом США; инструкции Евросоюза противоречат друг другу во внутренней политике государства.,1,0
205972,"То есть у нас есть 500 документов, индексированных на 10000 слов.",1,0
205988,"Снежная птица - часть 11-класса Школы надежды, что завтра зима.",1,0
205995,"Лед ослепительно сиял на солнце днем и рдел кровавым отливом, в каких случаях солнца ночью пришли к горизонту.",1,0
206043,Я бы хотел выпить кофе.,1,0
206070,"Программа охраны труда на Киренский район является неотъемлемым звеном системы управления охраной труда на территории муниципального образования Киренский район. Программа сформирована как единый комплекс организационных, методических, профилактических, санитарно-гигиенических, медицинских, информационных, пропагандистских и других мероприятий, обеспечивающих достижение поставленной цели.",1,0
206191,"Долдыканский сельсовет требует взаимодействия между администрацией Долдыканского сельсовета и организациями жилищно-коммунального комплекса, направленными на осуществление энергосберегающих мероприятий. Комплексное решение вопросов, связанных с эффективным использованием топливно-энергетических ресурсов на территории поселения, является одной из приоритетных задач экономического развития социальной и коммунальной инфраструктуры поселения.",1,0
206222,"Кроме того, санитарное состояние городов, по нынешним стандартам, было ужасным.",1,0
206309,"Разговор, пока все они ели, состоял из отрывистых речей, намекавших, что дорожные их приключения, то на лошадей, то на цену рыбы в Москве.",1,0
206407,Купил эту ручку в Париже.,1,0
206755,"Появился 13 февраля 1970, он сильно распространяется на критиков, но собирает 1,2 million зрителей.",1,0
206782,"Немецкие самолёты летают с воздуха Калуги. В Калуге ни ночью, ни днём не было снега, а снегу маловато для санной езды. Морозы продолжаются и сегодня.",1,0
206806,Укрепленная зону прорывают в севернее Ростова.,1,0
206830,Я очень заинтересован в рыбаке.,1,0
206873,"Мы легли спать довольно рано, вскоре после Джанкоя, когда Джанкоя умер.",1,0
206896,Его авиакомпания вышла вниз из Забайкалья с открытием навигации по Амуру под начальством подполковника Н. В. Буссе.,1,0
206905,"как и обычно, мы стоим с мест в начале каждой своей работы. как и прежде, я спокойно и независимо выполняю свои дневные обязанности.",1,0
207045,"Российский специалист Николай Черчесов перешел в инсбрукский «Ваккер-Тироль», созданный на «обломках» прекратившего существование «Тироля». Российского специалиста уволили из «Ваккера-Тироля» Хельмута Крафта, который вывел команду в высшую лигу австрийского чемпионата.",1,0
207265,Он использовался для исследований в украинских шахтах и впоследствии был похищен.,1,0
207275,На 19 августа в Москве.,1,0
207289,"""Мы Баттерс Хлеб и Баттерс - Голдкиндер чарты"".",1,0
207386,"Дмитрий Шевчук, который в Грозненском полку командовал сотней, позже перешел в спецназ.",1,0
207432,"Об этом на брифинге в четверг сообщил официальный представитель министерства Владимир Рахманин, сообщает «Эхо Москвы».",1,0
207505,Рельсы worn из-за трения резины с дорожной поверхностью.,1,0
207530,"Тем не менее, Сюдад-колониал оставался важным историческим местом.",1,0
207586,"Вернувшись в свое истинное тело, Брунильд восстановил полную память и привычную личность воина.",1,0
207613,Ирена Карпа - украинская писательница и сотрудник посольства Украины во Франции.,1,0
207745,"Придворные приезжают смотреть работу портных и ничего не видят, так как портные водят иголками по пустому месту.",1,0
207760,Исламисты называют Мухаммеда пророком Мухамммед.,1,0
207910,"Поскольку в рамках реализации программы отсутствуют рычаги управления непредвиденными рисками, наибольшее внимание будет уделяться управлению финансовыми рисками.",1,0
207931,"Она настаивает, что её личные контакты с ним закончены.",1,0
207953,"В 2016 году мировая экономика будет расти примерно на 1,5%, прогнозирует международное рейтинговое агентство Fitch. При этом риск политических потрясений, оказывающих негативное воздействие на частные инвестиции, увеличился. На этом фоне агентство ухудшило прогноз по экономическому росту США в 2016 году до 1,4% с июльских 1,8%.",1,0
207975,"Российский позывной ""Варяг"" 18.08.1993, 19.09.1996 - 18.09.2014.",1,0
208155,ЦРУ не доверило Росавиации следить за российскими перевозчиками в Сирии и Ираке,1,0
208196,"Ранее их возглавлял Krajowy Zarząd Parków Narodowych (Польский совет национальных парков), но в 2004 году ответственность была передана Министерству окружающей среды.",1,0
208319,Окончил Санкт-Петербургский государственный политехнический университет в качестве специалиста по информационным и управленческим системам.,1,0
208342,"Я мог бы наполнить целые страницы описаниями изнасилования и жестокости, которые почти невозможно поверить.",1,0
208538,Живу так как захочу я.,1,0
208585,Мало устойчивые натуры могут нанести ущерб своему здоровью из-за чего? Из уверенности во всё позволенное себе.,1,0
208751,"Мы не стреляли, справа был редкий пожар шестой батареи.",1,0
208774,Мне не нравится эта галстук. Покажи мне еще одну.,1,0
208789,"ожидаемый результат - повышение статуса субъектов малого и среднего предпринимательства, активного участия субъектов МЛП района в программах поддержки.",1,0
208849,"К. Фергюсону, который в тот момент находился на посту министра обороны США).
События 11 сентября 2001 года стали началом «арабской весны», которая привела к смене режима президента Ирака Саддама Хусейна и его приходу во власть (в Ираке с 1991-го по 2003 год), а затем – свержению диктатуры Мобуту Каддафи силами международной коалиции против этого государства; также события 9/11 привели непосредственно ко вторжением НАТО под предлогом защиты демократических ценностей мира от террористических угроз со стороны исламистов[1]. После вторжения коалиция была расформирована из соображений сохранения военной базы Альянса у иракского порта Бас",1,0
208875,"На показателях развития промышленного производства в Твери отразится стабилизация деятельности в открытом акционерном обществе «Тверской вагоностроительный завод» в Калининском районе и открытие новых производств, а также стабилизация деятельности на предприятиях, работающих с ним в кооперации.",1,0
208876,"Среди её хитов на Бродвее были главные роли в фильмах «Семи дней у дяди Тома», «Путь вниз на востоке».",1,0
208890,"самый быстрый и недорогой интернет, только с оплатой за трафик (то есть если ты живешь в спбои и мск, так как во многих странах рф вай",1,0
209070,очередь передо мной пробивает шесть банок и бутылку виски.,1,0
209157,Эти центры интенсивно снабжаются антироссийским оборудованием.,1,0
209160,", нашему времени принадлежит лишь критика общественных институтов и правительственных мероприятий, но действовать на их совершенствование мы тоже не можем.",1,0
209219,"Новежский пенсионный фонд Global продал 0,4 процента акций ""Норильского никеля"".",1,0
209227,Федеральное агентство новостей сообщило Федеральному агентству новостей в среду 2 января.,1,0
209259,Действие подпрограммы «Обеспечение функционирования органов местного самоуправления» на 2017-2019 годы,1,0
209260,В конечном итоге эти континентальные организации объединились в Всемирный экономический консорциум.,1,0
209311,"Они сидели вместе, как истребители.",1,0
209341,"Я хочу, чтобы ты бросила машину.",1,0
209416,"И., Онченко Г. Г., Черкасский Б. Л.",1,0
209450,"Но Антошка, видя, как его руку оттягивает тяжёлый кувшин, досадовал на то, что его отец и мать захотели пить.",1,0
209621,Ну и майор подумал.,1,0
209627,В этом романе Александр описывается как сложная личность.,1,0
209668,"него группились любители словесностей: издавалась маленькая рукописная газета, в которой Апухтину отводилась роль редактора, главного сотрудника.",1,0
209693,"Работы, проводимые на BAE в графстве Ланкашир, планируется завершить в третьем квартале 2010 года.",1,0
209751,". Корреспондент «Газеты.ру», увидев, что на Манеже проходит согласованная акция протеста, оценил ее в 700–800 человек.",1,0
209774,В Манежа начали монтаж конструкций для восстановления сгоревшей крыши,1,0
209835,"В марксистском материалистическом взгляде на бытие, материю, бытие существует только наше сознание, а мышление есть продукт материи, достигшей в своем развитии высокой степени совершенства, а именно продукт мозга, а мозг -- орган мышления, что нельзя поэтому отделять мышление от материи, не желая впасть в грубую ошибку.",1,0
209845,"Смерть Анастасии Шевченко не изменила мировоззрения писателя Федора Достоевского; Великий пост помешает ему написать ""Вечера на хуторе близ Диканьки"".",1,0
209862,"Все получают от нее единую природу, недоступную разрушению,природу, на которой взаимодействуют многочисленные и глубокие различия человека",1,0
209950,"Инновации способствовали этому росту, однако главной причиной снижения издержек было расширение рынка.",1,0
209997,обеспечение доступности наилучших образцов классического и современного искусства для жителей Коломыцкого сельского поселения;,1,0
210030,"Французская разведка во время Первой мировой войны использовала гравировальные доски «столистовой» русской карты, на которых говорилось о составе и числе русских войск.",1,0
210118,"Нетерпимое отношение к коррупции становится нормой, повышение уровня правовой грамотности населения и создание такого психологического климата в обществе, при котором терпимость и терпимость к ней становятся нормой.",1,0
210289,"Рукописи были куплены немецким правительством за £80,000.",1,0
210356,"Перепись, проведенная 16 мая 2006 года, является первой переписью, для которой используется Интернет для заполнения вопросников.",1,0
210466,"Минфин определился с объемом дебютного выпуска облигаций федерального займа для населения. По словам замминистра финансов Сергея Сторчака, сейчас банки предлагают клиентам достаточно широкий спектр финансовых инструментов, поэтому конкурировать будет непросто.",1,0
210483,"Французы согласились на это условие, однако в течение 24 часов они передали его и его людей итальянцам.",1,0
210485,"Норвегия была уничтожена всемогущей Ганзой, а ее население страдало от постоянных войн со Швецией, которые опустошали её пограничные области.",1,0
210558,Однако сотрудники Старовотова решили обратиться за помощью к частным следователям.,1,0
210769,"Выполнение поставленных задач может мешать рискам, сложившимся в результате неправильного поведения.",1,0
210859,"На самом деле, в отсылке к татаро-монгольскому игу официальная Казань всегда обижается, а за печенегов, типа, некому вписаться.",1,0
210890,Вы могли бы переместиться немного?,1,0
210914,"остаточный ссудный остаток ссудных кредитов, привлеченных на реализацию крупных проектов в сельскохозяйственной сфере, до 90 млн.руб. до 1995 г.",1,0
210973,"Американский эсминец ВМС США «Мэйсон» в третий раз за неделю подвергся обстрелу у побережья Йемена. По данным NBC, была выпущена по крайней мере одна ракета, корабль повреждений не получил.",1,0
210981,"Российские военачальники в начале XIII века были подчинены земским старостам, которые представляли власть на местах и традиционно имели репутацию мздоимцев и казнокрадов. Ряд земских миров требовал «воевод вывести», оставив лишь земскую власть, подчинённую непосредственно царю, причём зачастую восставшие оправдывали свои бунты словами вроде «неужто ты государю добра не желаешь?».",1,0
210996,"В Ирландии являются трёхступенчатыми образованием, средним, высшим.",1,0
211035,"Вертолёт приземляется и перед вылетом она сказала, что пришлёт ещё вертолётов, и он говорит, чтобы она отправила еще одно вертолёто.",1,0
211056,Август хорош для рождения множества великолепных детей.,1,0
211181,"По мнению экспертов, сбалансированное развитие района предполагает развитие горнодобывающей и перерабатывающей промышленности, сельского хозяйства, торговли, сферы услуг, в том числе и социальных (образование, здравоохранение, культура).",1,0
211301,В благовещенском супермаркете 420 горожан попали в больницу с травмами от льда.,1,0
211393,": я грибок сегодня: Арсений, ты такой большой))",1,0
211644,"Папа, куда ты идешь",1,0
211713,", который был поврежден 12 августа 1983 года в результате столкновения с лунным объектом, который находился на расстоянии 12 км от него.",1,0
211862,"Сентябрь. Если попросить бога, он выключит 30 градусов.",1,0
211979,"В небе над Японией образовался ""облачно-синий"" круг.",1,0
212048,"morrischi`spring-l`eil-reichsteichstuft, OUBE), так как слишком маленький",1,0
212124,"Три организации были слабыми, небольшими и не оказали существенного влияния на массу рабочей силы.",1,0
212125,Банкноты и банкноты используются в качестве платежных средств в системе Bank of China и используются в системе «денежных переводов» Банковской системы Китая.,1,0
212199,"В Широкино камеры видеонаблюдения Специальной мониторинговой миссии ОБСЕ установлены только на подконтрольной Украине территории, заявил министр по вопросам временно оккупированных территорий и внутренне перемещенных лиц Вадим Черныш. Черныш отметил, что необходимо поставить вопрос о более эффективном мониторинге соблюдения режима прекращения огня в Широкино.",1,0
212368,", вдова, не имеющая детей, жила с братом, безродной старой",1,0
212370,При финансировании программы Абинского района предполагается привлечение средств из бюджета в 2019 году.,1,0
212430,Управление муниципальным автономным учреждением «Сладковский комплексный центр социального обслуживания населения «Виктория» является администрацией района.,1,0
212447,"Верховная Рада приняла законопроект о введении 12-летнего образования в школе, установить минимальную зарплату учителя в 4,4 тыс. грн и ввести институт образовательного омбудсмена. Документ пока одобрен лишь в первом чтении.",1,0
212562,Самым сильным консолидирующим и образующими фактором Войск Донского была государственная служба донских казаков.,1,0
212683,Климкин и Волкер констатировали невозможность повлиять на подписание договора по Донбассу парламентом Украины.,1,0
212752,Статистика каждой школы доступна общественности через онлайн-систему базы данных под названием «CEDAR».,1,0
212785,Все мероприятия подпрограммы направлены на реализацию поставленных задач и включают в себя организационные и финансово-экономические мероприятия.,1,0
212814,"Обоснования потребности в источниках финансирования мероприятий ""Ведущей целевой программы Содействие сохранению и развитию культуры Владимирской областной думы"" приведены в таблице 4.",1,0
212922,В этом смысле вполне удобно стартовый пистолет.,1,0
212977,"На Гаити число погибших в результате урагана «Мэтью» достигло 1000 человек. По данным Национального центра по слежению за ураганами США, стихия пошла на убыль и сейчас он представляет собой посттропический циклон.",1,0
213013,В течение этого периода церковь состояла из 711 приходов.,1,0
213069,"Поставки таких наркотиков контролируются картелем Санта-Бланка, мощной организацией, влияние которой дестабилизировало регион.",1,0
213071,"Да, я так боюсь.",1,0
213076,"С 1 января тарифы на RT, NTV и VGTRK будут увеличены 2,3 раза, а для других эмиссионов - будут снижены.",1,0
213117,Основными результатами реализации подпрограммы будут осуществляться,1,0
213121,Появилась осенняя осень в эфире,1,0
213134,"Социальная выплата - это выплата семьям, не занимающим площадь.",1,0
213240,"Видя эти расхищения, Прокоп, конечно, скорбел, но тем не менее мысль о том, что он рязанско-тамбовско-саратовско-воронежский дворянин, ни на минуту не покидала его.",1,0
213333,Первые кельты пришли в 600 г. до н. э.,1,0
213419,"Глава МИД ООН отметил полную приверженность тем вопросам урегулирования в рамках МГПС и в ССБ ООН, почему были приняты сирийские санкции.",1,0
213428,"Хорошо у собаки сказала мне, что в советах не нужен.",1,0
213466,Японцы едят много рыбы?,1,0
213672,"В 12-м выпуске «Мастер Шеф-6» кулинары-аматоры устроили настоящую «Тюрьму» для кулинаров-аматоров. В новом выпуске судьи пытались покорить юных профессионалов и доказать, кто лучший и кто достоин дойти до победы и получить главный приз.",1,0
214026,Читайте книгу снова и снова.,1,0
214156,"Мы выявили группу культурных учреждений, располагающих дополнительными финансовыми ресурсами для индивидуальных контрактов.",1,0
214257,"Размер субсидии, предоставляемой бюджетам Пушкинского муниципального района Московской области на организацию отдыха детей в каникулярное время, с учетом дополнительных денежных средств на организацию отдых детей на каникулярном время в отчетном году утверждается Правительством области в срок до 15 сентября текущего года.",1,0
214285,Я вчера получил письмо от Гитуси.,1,0
214303,Измерение сие основано на самой обычной физической основе и весьма удобно для нас самих,1,0
214447,"ПСЖ и ""Арсенал"", возможно, подпишут новый контракт до конца текущего сезона.",1,0
214534,«Я — мастер».,1,0
214553,"Дети-сироты, дети, оставшиеся без попечения родителей (за исключением детей, обучающихся в федеральных образовательных учреждениях).",1,0
214576,В реализации культурной политики России одним из приоритетных направлений является сохранение нематериальных культурных традиций.,1,0
214932,"Морозная погода и ветер не повлияли на результаты спортсменов, победивших в дисциплине биг-эйр по решению главного тренера команды.",1,0
214953,"Дао-мян был крайне любезен, предупредителен и вежлив до приторности.",1,0
214960,", и они так же вылизывают молочные бёдра у самок.",1,0
215024,В парках и садах на зелёных участках обнаружили вишни сахалинской и сливу ивовидную.,1,0
