id,text,label,prediction
9,"В связи с этим в подпрограмму включены следующие мероприятия, в том числе определенные Федеральной целевой программой развития образования:",0,1
78,Мигрантов будут обучать русскому языку прямо на стройках.,0,1
154,Ограничения в развитии связаны с недостаточным финансированием библиотек.,0,1
167,В настоящее время злоумышленника разыскивает полиция.,0,1
168,"Он быстро собрал преподавательский состав школы и передал им новость о том, что он едет в Америку.",0,1
218,Сразу несколько человек заявили на нее в милицию.,0,1
311,После суда Майкл Джексон уединился от журналистов в Бахрейне и приступил к подготовке записи благотворительного сингла памяти жертв урагана «Катрина».,0,1
336,В то время я знал Python.,0,1
473,Большинство мест перестали использовать свинец для питьевой воды после Второй мировой войны из-за опасности отравления свинцом.,0,1
522,В Москве завершилась встреча Путина с Керри.,0,1
585,"У меня нет времени, чтобы смотреть телевизор.",0,1
862,В противном случае мы получим под свой контроль полностью разорённое государство.,0,1
872,"Если сознание **отражает** мир, то мы знаем его **отражение**, и вопрос о том, как соотносится отражаемое к отраженному остается открытым. Даже аналогия с зеркалом показывает, что отраженное обладает некоторыми отличными от отражаемого свойствами («левизна» и «правизна»).",0,1
1095,Я пользуюсь им каждый день.,0,1
1220,"Специалисты Департамента экономического развития собираются принять участие в тендере, объявленном Минэкономразвития по новой программе ""Электронная Россия"".",0,1
1454,В 2018 году компания заключила соглашение с Apple и создала мобильное приложение для доставки еды и товаров со складов.,0,1
1491,Оставайтесь на своих местах и не вставайте.,0,1
1721,В Крыму ответили на слова Эрдогана о непризнании полуострова частью России.,0,1
1776,"Заставьте публику поверить, что это действительно случилось: в этом все и ничего другого не нужно.",0,1
1778,"Древнеегипетский писец — это человек, специально обученный искусству письма на языке иероглифов, а также иератическому и, начиная со второй половины первого тысячелетия, демотическому письму, а также арифметике. Писцами почти всегда были мужчины, принадлежащие той части общества, которую сейчас мы бы назвали зажиточным средним классом. Основой их деятельности была бюрократия при дворе фараонов, ведение дел в армии и храмах. Работа писцов передавалась по наследству, сыновья изначально воспитывались с расчетом на то, что после нескольких лет обучения в школах займут место отца.",0,1
2016,Обезьяны могут выучить много фокусов.,0,1
2034,"Петр однажды в Саардаме оттолкнул мальчика, который бросил в него гнилым яблоком, что Петр перенес терпеливо.",0,1
2067,Перемещения членов группы во время гастролей в городах проходили под усиленной охраной или в бронированном автомобиле.,0,1
2071,"Члены AZMU помогли создать шесть больниц в Палестине, которые были переданы затем муниципальным властям.",0,1
2074,Однажды твоя мечта станет реальностью.,0,1
2177,"В основе лежит идея о том, что наш мозг может обрабатывать зрительную информацию в 80 000 раз быстрее, чем текстовую.",0,1
2260,Часы Джеймса Монро являются одним из подлинных экспонатов Белого дома.,0,1
2303,"В России общественный цинизм может рассматриваться как реакция на идеологические утопии и иллюзии, связанные с изменениям властных отношений, с идеей правовой, поддерживающейся без насилия и злоупотребления организацией коллективного существования. Для российского цинизма, как реакции на расхождение между надеждами на государство и неудовлетворённостью результатами его деятельности характерны: нигилистические оценки действий властей и государственных институтов, влиятельных в обществе групп; упреждающая враждебность к любым авторитетным фигурам; неверие в благие мотивы людей в целом, негативное отношение к массовому энтузиазму в общественной и политической сфере. При этом цинизм свойственен самым разным группам общества, включая сюда и властные группы.",0,1
2372,"Название «Fiesta» принадлежало General Motors в то время, но было безвозмездно отдано для Ford.",0,1
2412,"Его первая жена, от которой у него есть двое детей, трагически погибла в Лондоне в 70-х.",0,1
2545,"Тихонов начал с введения двухразовых тренировок и дополнительных упражнений, а в игровом плане начал осваивать с командой переход на игры в четыре звена.",0,1
2571,"Его истинная судьба будет показана после того, как он получает три метки на подошвах ног.",0,1
2598,В фартуке мастерового появляется на сцене Кулигин.,0,1
2695,"Подобное чувство эмоциональной зависимости может существовать и между взрослыми людьми (муж и жена, начальник и подчинённый).",0,1
2736,"Рева: ""Меня не так поняли, все украинцы не обязаны платить алименты родителям"".",0,1
2749,Правила лотереи опубликованы на сайте правительства Москвы.,0,1
2804,"Заседание это отличалось от всех предыдущих тем, что Сталин не стал сам вести его, а с самого начала передал председательство Маленкову, который, надо сказать, чувствовал себя не в своей тарелке.",0,1
2828,"Он начинает жестоко избивать Джокера, но Тёмный рыцарь останавливает его и побеждает в поединке.",0,1
2864,"На стадионе ""Уэмбли"" прошел товарищеский матч между футболистами Англии и Франции. На матче присутствовали премьер-министр Дэвид Кэмерон и мэр Лондона Борис Джонсон.",0,1
3002,Сделал несколько поездок с научной целью в Санкт-Петербург и по разным провинциям Швеции.,0,1
3085,Солдаты готовы к бою.,0,1
3116,"Он задрал мешки, полез под остроугольный оксфордский воротничок.",0,1
3126,"Центр был основан 22 августа 1958 года как Институт медицинской радиологии Академии медицинских наук СССР с целью развития новых диагностических, лечебных и исследовательских методов, связанных с применением ионизирующих излучений. С 1992 года центр назывался Медицинский радиологический научный центр Российской академии медицинских наук (МРНЦ РАМН). С 2011 года носит название ФБГУ МРНЦ Минздравсоцразвития РФ, с 2012 года — ФБГУ МРНЦ Минздрава России. С 13 октября 2014 центр  называется Медицинский радиологическому научный центр им. А.Ф. Цыба. МРНЦ  — один из старейших в России  радиологических центров. Центр является одним из ведущих учреждений в Российской Федерации  по разработке и применению в медицине высокотехнологичных  радиологических методов диагностики и лечения больных с онкологическими и неонкологическими заболеваниями.",0,1
3214,Собянин: Приоритет общественного транспорта стал революционным решением для Москвы.,0,1
3215,Мы по тебе очень скучаем.,0,1
3232,Об этом пишет Delfi.Lt со ссылкой на правительство республики.,0,1
3294,"В предстоящую субботу в Энгельсском районе, у озера Сазанка, пройдет интерактивный субботник – ЭКОквест.",0,1
3321,"Он может отличаться в математике, физике, живописи или музыке.",0,1
3333,"В условиях ограниченности финансовых средств существуют риски снижения качества предоставляемых услуг, неритмичной работы предприятия и получения убытков.",0,1
3425,"Эти люди – не проблема для общества, для родителей, – отметила медиаменеджер учреждения Анна Захарова.",0,1
3505,"Понимаю, что пришло лето, когда с пьянки приходишь домой и можно разуться не включая свет",0,1
3531,"Чтобы защитить жизнь во вселенной, Коллекционер создал массивный музей бесчисленных форм жизни, чтобы бережно хранить их от Таноса.",0,1
3550,"Он заявил, что удаление должно быть радикальным и должны быть удалены все пораженные ткани. Это включало ампутацию или удаление вен, идущих в направлении опухоли.",0,1
3560,"""Который час?"" - ""Половина одиннадцатого"".",0,1
3645,Снегоуборочную технику на улицах города пока тоже не используют.,0,1
3671,"Стояли у нас буденовцы 5 дней и уехали обратно на Екатеринослав, и я дал 3 тысячи на разверстку.",0,1
3792,"Они подчёркивают, что население Северного Китая, преимущественно затронутого эпидемиями, уже к началу XIV века заметно сократилось по сравнению с населением Южного Китая, а относительно высокую смертность во второй-третьей четверти XIV века связывают скорее с голодом, нежели с эпидемиями.",0,1
3839,"Как пояснил глава региона, битва еще не проиграна необходимо соблюсти ряд требований.",0,1
3876,"Получено сегодня письмо обер-прокурора Константина Петровича Победоносцева, что Академия наук желает иметь наши издания здесь — переводы книг на японском языке и периодические.",0,1
4017,"Спидбол предпринимает ряд попыток поймать кота, надеясь, что исследование Нильса даст ему лучший контроль над его способностями.",0,1
4075,"В Багрове заранее были сделаны распоряжения, чтобы в день приезда молодых угостить дворню, всех своих и даже соседних крестьян, если кто захочет прийти или приехать.",0,1
4118,Путин: Нарушающие закон губернаторы должны быть наказаны.,0,1
4144,После убийства 5-летней девочки в Серпухове на местного участкового заведено дело.,0,1
4211,Нэнси не возражала против самостоятельной жизни за границей.,0,1
4265,Все черные солдаты были повышены по меньшей мере на один ранг .,0,1
4288,Его голова была выставлена на Лондонском мосту.,0,1
4300,"Танос появляется на планете, встречает Стрэнджа и оправдывает свои намерения необходимостью гарантировать выживание Вселенной, которой угрожает перенаселение.",0,1
4320,Чан — большой поклонник автоспорта.,0,1
4346,"Капитан сборной России по футболу Андрей Аршавин в интервью газете ""Спорт-Экспресс"" назвал слабое место национальной команды. По словам Аршавина, россиянам со времен ухода из сборной Вадима Евсеева требуется левый защитник. Форвард подчеркнул, что из тех, кого он видел на этой позиции, его ""никто не впечатлил"". По словам Аршавина, ""все говорят"", что позицию левого защитника в сборной России мог бы закрыть Георгий Щенников из московского ЦСКА. Капитан национальной команды также предположил, что сыграть на месте левого защитника мог бы Сергей Паршивлюк из московского ""Спартака"", который в своем клубе действует на правом фланге обороны. На позиции левого защитника в сборной России, как правило, действует Юрий Жирков, однако, по словам Аршавина, ""его место - впереди"". В отборочном турнире Евро-2012 на левом фланге обороны россиян также выступал Алексей Березуцкий. Его игру Аршавин не прокомментировал. Выступление сборной России в отборочном турнире Евро-2012 Аршавин оценил на ""четверку"". По словам форварда, россияне ""не 'феерили'"". ""Понимаем, что 'феерить' не можем и выжимаем максимум из того, что есть в арсенале"", - сказал Аршавин. Нападающий добавил, что он не знает, почему у сборной России не получается показывать яркую игру.",0,1
4523,METAFONT чаще всего запускается без непосредственного участия пользователя.,0,1
4533,Но в нем Ильмир Хайрутдинов из Татарстана и Курганова Кристина из Москвы оказались сильнее - 2112 и 2115.,0,1
4545,"Воццек решает, что если у него нет Мари, никто другой не может, и он наносит ей удар.",0,1
4549,Информация о цифровой платформе «Лайтхаус» доступна по адресу cfa.digital/factoring.,0,1
4655,Владимир Путин принес присягу и в четвертый раз вступил в должность президента.,0,1
4760,Крикет был придуман в Англии и очень популярен на территории всей страны и бывших колоний.,0,1
4782,Это не для пассивного прослушивания.,0,1
5093,Из Ленинграда вывезли почти все крупные предприятия.,0,1
5126,"Глава МВД Сербии Небойша Стефанович прокомментировал сообщения о том, что несколько россиян были депортированы из страны из-за причастности к подготовке терактов в Черногории.",0,1
5176,Юрский сказал: «Золотое сечение — в спектаклях Г. А. »,0,1
5206,Сборная России по волейболу стартовала на Лиге наций с поражения от Франции.,0,1
5239,Обед без малейшего позыва к оному.,0,1
5360,"А что, если этот план не сработает?",0,1
5400,"Такие мероприятия, как оплата за содержание и ремонт жилищного фонда и коммунальные услуги (кроме платы за электроэнергию и газ), включая твердое топливо, в пределах установленного регионального стандарта нормативной площади жилого помещения и нормативов потребления коммунальных услуг лицам, удостоенным звания «Почетный гражданин муниципального образования город Саяногорск», а также предоставление дополнительных мер социальной поддержки при посещении МУП «Баня - Енисей» в размере 50% от установленного тарифа за одно посещение на персональный счет посетителям способствуют достижению поставленных целей по улучшению условий жизни граждан.",0,1
5418,"Он сформировал салон для поэтов, где они могли бы критиковать работы друг друга.",0,1
5422,Нет лекарства от болезни любви.,0,1
5431,Стропальщик должен знать устройство башенного крана.,0,1
5461,Англия оставила за собой и часть американских лесов.,0,1
5469,Песня появилась в FIFA 17.,0,1
5631,"Я снова копал яму для машины и снова услышал визг бомб, снарядов и их взрывы.",0,1
5744,"Во время Корниловского выступления Керенский был вынужден прекратить преследование большевиков и обратиться за помощью к Советам. Корнилов воздержался от использования в конфликте наиболее верных себе, ударных частей.",0,1
5764,Это имело ряд потенциальных преимуществ с точки зрения затрат и эффективности.,0,1
5809,Он всегда работает в соответствии с принципом действия-реакции.,0,1
5866,"Это были пузырьки воздуха, поднимавшиеся со дна и примерзшие ко льду.",0,1
5868,"Взяв с собой регулярные войска, Брекинридж оставил полковника Роберта Престона руководить 500 ополченцами для защиты соляных заводов.",0,1
5880,"Продолжительность погружения под воду у горбатых китов зависит от времени года. Летом они редко ныряют более, чем на 5 минут, и погружения, продолжительностью больше 10 минут, редки. Зимой погружения продолжаются 10—15 мин. (максимум 30 мин.). В зимний сезон киты, по-видимому, погружаются под воду, чтобы отдохнуть, — летом они отдыхают на поверхности воды. На поверхности горбатый кит пускает фонтаны высотой от 2 до 5 м с интервалом 4—15 с. Манера поднимать хвостовой плавник при глубоком погружении делает этого кита одним из наиболее легко идентифицируемых видов китообразных, поскольку каждая особь отличается индивидуальным рисунком пятен на нижней части хвостовых лопастей.",0,1
5891,"Награда была выиграна собратом канадской иконы Ронни Хокинс, который, в свою очередь передал награду Гонтье.",0,1
5916,стимулирование производителей и потребителей жилищно - коммунальных услуг к внедрению инновационных технологий ресурсопотребления и ресурсосбережения;,0,1
6016,"Смехотворна мотивировка подозрений вокруг того, что друг Есенина, молодой поэт Вольф Эрлих ночевал в его номере в гостинице ""Англетер"".",0,1
6179,томаяты в фильме «москва слезам не верит» просто представьте,0,1
6228,"Москва, смотрите какая сладкая парочка!! Не должны они снова на улицу отправляться! ХЕЛП!!!",0,1
6265,"«Глава государства в США – это не то, что глава государства в России»",0,1
6313,Подпрограмма предусматривает реализацию следующих мероприятий:,0,1
6444,"Офисы Британского совета в Санкт-Петербурге и Екатеринбурге снова открылись после новогодних каникул, сообщает РИА Новости со ссылкой на директора совета Джеймса Кеннеди. ""Мы работаем в нормальном режиме, наш статус не изменился"", - отметил директор Британского совета в Петербурге и на северо-западе России Стивен Киннок. Кеннеди уточнил, что библиотека и информационный центр екатеринбургского отделения ""работают под эгидой партнеров"", а сам Британский совет в Екатеринбурге ""занимается проектами"". Киннок сообщил, что работа питерского отделения не претерпела никаких изменений. Представитель совета в Москве заявил РИА Новости: ""Деятельность Британского совета в Екатеринбурге, Санкт-Петербурге и Москве полностью соответствует нормам российского и международного законодательства, и поэтому мы не видим причин, по которым мы не могли бы продолжить работу"". Российское Министерство иностранных дел в декабре 2007 года потребовало от Британского совета закрыть отделения при генконсульствах посольства Великобритании в Екатеринбурге и Петербурге с 1 января 2008 года. МИД объяснил это отсутствием соответствующих мировой практике правовых оснований для работы этих отделений. По мнению российской стороны, работа Британского совета нарушает Венскую конвенцию о дипломатических сношениях 1963 года. После того как представители Британского совета заявили, что не видят оснований для выполнения требований официальной Москвы, российские власти пригрозили, что дело может дойти до прокуратуры. Ранее высказывались предположения, что екатеринбургское отделение совета может быть преобразовано в отдел культуры генконсульства. На московское отделение Британского совета требования российского МИДа не распространяются. Как уточнили во внешнеполитическом ведомстве, это следует рассматривать как жест доброй воли со стороны России. Отказ от выработки соглашений, которые позволили бы Британскому совету продолжить работу в России без помех, министр иностранных дел Сергей Лавров объяснил тем, что Великобритания в одностороннем порядке пошла на ухудшение отношений с Россией после отказа последней выдать Андрея Лугового, подозреваемого британской прокуратурой в убийстве Александра Литвиненко.",0,1
6535,"Куда не поедешь, везде найдешь японских туристов.",0,1
6629,"Используя сканер, Британские Виргинские острова могут различать людей с одинаковым ИМТ, но с другой формой или распределением веса.",0,1
6850,Российского авиадебошира сняли с рейса из Доминиканы.,0,1
6970,"Саудовская нефть теряет популярность на рынке — многие европейские и американские НПЗ отказываются покупать дополнительные объемы по сниженным ценам, сообщает The Wall Street Journal. Саудиты пытаются уменьшить российскую долю рынка в Европе снижением цен, при этом Москве удалось перенаправить потоки в Китай.",0,1
7049,После смерти жены Дракула не говорит.,0,1
7088,"Он был призван, чтобы поднять шторм против врагов.",0,1
7219,"Характеристика деятельности в сфере транспорта, оценка транспортного спроса.",0,1
7306,"Она будет иметь четыре турбины, соединенные с генераторами электрического тока.",0,1
7446,"Понимаешь Родить ребенка и знать, что он обречен на смерть, как и сам ты...",0,1
7506,Самолет поднялся на высоту десять тысяч метров.,0,1
7594,"Boyz II Men - американский бойз-бэнд из Филадельфии, штат Пенсильвания.",0,1
7648,Невесело было и это время.,0,1
7658,"Может, это делает меня плохой актрисой.",0,1
7671,И поэтому «Локомотив Москва» - лучший клуб России на милю.,0,1
7702,"Я понятия не имею, что происходит.",0,1
7722,Он путешествовал по стране.,0,1
7805,Османской империи возместили 40 000 000 пиастров за потерю территории.,0,1
7855,С точки зрения транспортной доступности в настоящее время Кронштадтский район Санкт-Петербурга выглядит благополучнее многих других районов Санкт-Петербурга.,0,1
7885,С 1 июля тарифы ЖКХ вырастут в пределах 4%.,0,1
8031,"Был убит Гусманом, его тело было сброшено в реку.",0,1
8242,"Он находит карту, но после потери дозы сыворотки умирает от радиационного отравления.",0,1
8291,Большинство норвежских фильмов были восстановлены в цифровом виде.,0,1
8305,"Быстрый переход в будущее показывает отчуждённого сына Таноса Тэйн, который превзошёл своего безумного отца с олицетворением смерти на его стороне.",0,1
8349,"Флора и фауна Гонконга претерпели серьёзные изменения вследствие изменения климата, уровня моря и влияния человека.",0,1
8437,Чтобы порядочный человек посягнул на его светлый образ Бросьте выдумывать.,0,1
8518,Многие объекты социальной инфраструктуры на сегодняшний день не полностью соответствуют требованиям норм и правил по обеспечению доступности для инвалидов и других маломобильных групп населения.,0,1
8521,консолидация средств для реализации приоритетных направлений развития транспортного комплекса города Бородино;,0,1
8658,Загруженность коечного фонда сохраняется на уровне 90-95 %.,0,1
8665,У России нет ограничений на размещение ядерного оружия в Крыму - об этом заявил постоянный представитель страны при НАТО Александр Грушко.,0,1
8766,Наша школа находится за рекой.,0,1
8807,"На различные образовательные мероприятия для представителей бизнеса мы всегда приглашаем лучших спикеров, которые делятся накопленным опытом и помогают адаптировать бизнес-процессы в современных условиях.",0,1
8852,Раньше таких показателей можно было достичь за 12 месяцев.,0,1
8990,Я мог его на столе оставить.,0,1
9080,В Москве изъяли более 22 килограммов героина.,0,1
9089,3-е место осталось за парой Berlinger / Stahlberg из Германии.,0,1
9109,Он капитан футбольной команды.,0,1
9141,Сфера туризма в Краснощёковском районе представлена 3 коллективными средствами размещения общего назначения на 39 мест для круглогодичного проживания.,0,1
9261,Моя сестра умерла в прошлом году.,0,1
9302,Цель: снизить затраты на обеспечение нормальной хозяйственной деятельности за счет внедрения энергосберегающих технологий.,0,1
9313,"Требует, чтобы компания определила то, что она предлагает купить.",0,1
9322,"Трубецким, который был прислан курьером.",0,1
9329,"Подготовил сегодня для отправки в Америку, в журнал «Asia», первую партию монгольских фотографий.",0,1
9331,"Сойки - это несколько видов средних, обычно ярких и шумных птиц из семейства вороньих Corvidae.",0,1
9558,"Скажите мне, какие фильмы вы смотрели.",0,1
9597,Министр торговли Норвегии Monica Mæland возглавила делегацию из 54 компаний в Кению в сентябре 2015 года.,0,1
9692,"Для лунной программы ""Роскосмос"" разработает новую сверхтяжелую ракету.",0,1
9819,Мне нужен одноместный номер с ванной на две ночи.,0,1
9948,"Когда он не был избран королём Польши, он обратился к военной карьере.",0,1
10000,"""...И нашел, что в храме продавали волов, овец и голубей и сидели меновщики денег.",0,1
10003,"Довольно часто B2BUA является частью медиа-шлюза для того, чтобы полностью контролировать медиа-потоки в рамках сессии.",0,1
10029,Я счастлив иметь так много хороших друзей.,0,1
10100,"Трагедия Есенина подобна трагедии, изображенной Достоевским.",0,1
10171,"Опубликованные сочинения: в основном произведения выходили не регулярно в различных журналах и случайных публикациях. К наиболее значимым книгам или брошюрам относятся: «35 сонетов» (на английском языке), 1918; «Английские поэмы I—II» и «Английские поэмы III» (также на английском языке), 1922; и книга «Послание», 1934, премированная Секретариатом Национальной Пропаганды в категории «Поэма». Брошюру (памфлет) «Междуцарствие», опубликованную в 1928 году в защиту военной диктатуры в Португалии, следует считать несуществующей. Возможно, что при более внимательном пересмотре всего этого от многого отказался бы.",0,1
10193,"Таким образом, одновременно в двух школах муниципалитета будет обновлена материально-техническая база, ресурсы которой можно использовать всеми школами муниципального образования.",0,1
10251,Подавление синтеза простагландинов и тромбоксанов.,0,1
10322,"Создание отдельного аккаунта для каждого демона, как это рекомендует Linux Standard Base, обеспечивает более надёжную политику безопасности.",0,1
10372,"Как и у других хамелеонов, у этого вида длинный язык, лапы, имеющие форму раздвоенных складок, и цепкий хвост.",0,1
10407,"Уже была выведена новая схема 2, в которой подчеркнуты гласные буквы И и Е: в этих местах произошло ""нарушение основного закона"".",0,1
10460,Образец на самом деле не был захвачен французами.,0,1
10543,"Стало известно, когда в Москву придет первая зимняя оттепель.",0,1
10546,"Впечатление, как будто стекло треснуто.",0,1
10551,"В целях увеличения доходов местного бюджета предстоит реализовать комплекс мероприятий, направленных на увеличение налогового потенциала, повышение собираемости налогов, в том числе:",0,1
10722,В ходе 47 проверок общественного транспорта за нарушение масочного режима к ответственности привлечены 6 человек.,0,1
10747,"В нем, как вы изволите видеть, пока еще нет ничего угрожающего.",0,1
10793,Сербский список решил не присутствовать на следующей сессии Ассамблеи Косово.,0,1
10854,"Тело Робина Уильямса было кремировано на следующий день после смерти, а прах развеян в округе Марин над заливом Сан-Франциско.",0,1
10913,А наши аресты — какая война: холодная или горячая?,0,1
11008,"Когда он воротился в номера, Милочка уже спала.",0,1
11120,"Роберт Моссмен возглавлял метеорологические и магнитные исследования, а студент-медик Аластер Росс стал таксидермистом.",0,1
11277,"Нам нужно убедиться, что Вы - человек. Каковы первые пять букв Вашего электронного адреса?",0,1
11404,"Я уверена, что он счастлив.",0,1
11528,В Таиланде дайверы нашли пропавшую детскую футбольную команду.,0,1
11574,Около полудни партия начала отправляться из гавани.,0,1
11647,"У вас ничего не выйдет, если не будете работать усерднее.",0,1
11687,Но я все равно выхлебал уху и остатки выпил из чашки через край.,0,1
11709,"Автомобильные компании вводят урезанные рабочие смены. В начале и середине лета некоторые компании вынуждены будут прибегнуть к приостановке конвейеров из-за катастрофического спада спроса. Помимо снижения заработной платы рабочих это приведет к спаду производства у сотен поставщиков и в смежных отраслях промышленности, считают эксперты.",0,1
11755,Теперь пришло время сказать спокойной ночи.,0,1
11766,"Это временное помутнение сознания, которое теперь постепенно проходит.",0,1
11767,"Перед выходом убедитесь, что вы всё выключили.",0,1
11864,Секретарь Совбеза Армении едет в Бишкек на саммит ОДКБ.,0,1
11881,Точка плавления иодангидрида лежит около 140-142; при этой температуре вещество сильно окрашивается иодом и при охлаждении застывает в бурую массу.,0,1
12055,Майкл Джордан назвал Обаму бездарью в гольфе.,0,1
12144,Что происходило с ним под водой и когда его тащили на поверхность?,0,1
12180,"Огромное спасибо всем труженикам службы ""скорой помощи"", приходящим на помощь людям в тяжелые минуты!",0,1
12266,Основной источник статистических данных о Катастрофе европейского еврейства — сравнение предвоенных переписей населения с послевоенными переписями и оценками.,0,1
12331,"Это означает, что Кёпеник старше, чем Берлин-Кельн, который впервые упоминается в документе 1237 года.",0,1
12339,"Несомненно, падение кирпича лишь доказывает гармоничность явлений природы, торжествующий во всей вселенной закономерный порядок.",0,1
12352,"О, не беспокойся, я знаю, что это было ""логично"", и слишком понимаю неотразимость текущей идеи, но, как носитель высшей русской культурной мысли, я не мог допустить того, ибо высшая русская мысль есть всепримирение идей.",0,1
12374,Диета является причиной более чем миллиона смертей.,0,1
12485,За стойкой на стене висела желтая бумага с черными крупными буквами.,0,1
12523,1 августа 2008 года спортсмены из Арубы вылетели в Пекин на борту рейса 765 авиакомпании KLM.,0,1
12554,Город Гжатск и Гжатский район переименованы в город Гагарин и Гагаринский район.,0,1
12800,"И наоборот, во Владениях Хаоса, где даже нет дверей, это не представляет ни малейшего труда.",0,1
12991,Tupandactylus imperator известен по четырём почти полным черепам.,0,1
13063,Вопрос о принадлежности Крыма не может быть темой встречи президентов России и Украины Владимира Путина и Владимира Зеленского.,0,1
13071,"В популярном приложении TikTok был обнаружен ряд уязвимостей, которые позволяли злоумышленникам получить доступ к личным данным пользователей, в том числе к загруженным видео. Для проведения такой атаки было достаточно простого SMS-сообщения, отправленного на телефон жертвы.",0,1
13114,Многие важные исторические достопримечательности помогли Кенджу стать одним из самых популярных мест в Корее для туристов.,0,1
13150,С владычеством Урфина Джюса в стране мигунов было покончено навсегда.,0,1
13261,"Heinz Fichtner: Wieger 940. www.epubli.de, 1992, S. 150.",0,1
13367,"Мы сейчас смеёмся над этим, но это был не самый лучший способ обратиться с семейными проблемами».",0,1
13521,Почему ты пришел раньше?,0,1
13558,Сокращение федерального финансирования здравоохранения либеральным правительством Жана Кретьена также привело к неудачам в системе здравоохранения Онтарио.,0,1
13560,"В конце мая Мосгоризбирком впервые наделил одну территориальную избирательную комиссию (ТИК) полномочиями окружной территориальной комиссии (ОИК): регистрировать кандидатов в депутаты, утверждать текст бюллетеня, устанавливать результаты выборов по округу и т. д. Таким образом не понадобится заново формировать территориальные комиссии. Сделано это было по словам члена МГИК Эльвиры Ермаковой из-за «целесообразности», а в ТИКе будут работать опытные люди. Однако по словам одного из членов МГИКа, этими людьми являются наиболее лояльные московской власти председатели ТИК, и тем самым власти сохраняют контроль над избирательными комиссиями и отсутствие независимых наблюдателей.",0,1
13599,Варят на обед и ужин очень плохую баланду.,0,1
13685,C# проверяемые исключения не поддерживает.,0,1
13738,"Депутаты Госдумы попросили отложить приватизацию «Аэрофлота» как нецелесообразную «на данном этапе развития российской экономики», а также учитывая динамичное развитие компании. Об этом сообщается на сайте газеты «Ведомости» со ссылкой на решение думских комитетов Госдумы по транспорту и по экономической политике по итогам выездного заседания 26 июня. На сайтах обоих комитетов эта информация пока не опубликована. 21 июня первый вице-премьер Игорь Шувалов заявлял, что правительство в ближайшее время определится, предлагать ли приватизацию «Аэрофлота». В январе Шувалов заявлял, что власти страны могут реализовать пакет в перевозчике стратегическому инвестору. Генеральный директор «Аэрофлота» Виталий Савельев в интервью агентству «Прайм» заявил, что этот вопрос будет актуален только в 2016-2017 годах. Савельев добавил, что сейчас, по мнению аналитиков, Аэрофлот недооценен примерно на 40 процентов, поэтому смысла продавать госпакет в перевозчике пока нет. В плане приватизации предусмотрено, что полный выход государства из капитала компании должен произойти до 2016 года. В Минэкономразвития предлагали до конца текущего года продать принадлежащий государству пакет акций в крупнейшем российском авиаперевозчике. Через Росимущество государству принадлежит в компании 51,17 процента ценных бумаг. 24 июня в «Аэрофлоте» прошло годовое собрание акционеров. В ходе собрания Савельев заявил, что к 2018 году перевозчик собирается увеличить пассажиропоток с нынешних 17 миллионов человек в год до 47 миллионов, а чистую прибыль — с 166 до 360 миллионов долларов.",0,1
13795,Эта дипломатическая акция послужила важным рубежом в ходе и развитии Ливонской войны: война России с Ливонией превратилась в борьбу государств Восточной Европы за ливонское наследство.,0,1
13820,Поддержка образования и обучения на протяжении всей жизни.,0,1
13842,"Например, исследования в рамках проекта ""Global Forest Watch"", проводившиеся в Камеруне, показали, что незаконные лесные концессии распределялись на правительственном уровне.",0,1
13961,"Я не понимаю ни слова из того, что он говорит.",0,1
13979,"И во всякой организации, как и в армии, должна быть дисциплина».",0,1
13990,"Кроме того, ей принадлежит Киевская православная богословская академия.",0,1
14012,У него двое малолетних детей и супруга.,0,1
14037,"Научи меня, как это делается.",0,1
14063,Приложение 18 Безопасная перевозка опасных грузов по воздуху.,0,1
14168,"Пчелиная девятина Старые люди знают: ""Без живота тягла не потянешь"".",0,1
14199,Неожиданно кто-то в зале (это не очень большое помещение) начал стрелять.,0,1
14213,"Выход 10 Любовь, Орест, Mилевский и Саня входят слева.",0,1
14264,Она всегда рано встаёт.,0,1
14266,После фильма они уснули.,0,1
14401,После выбора племени племена продолжали жить на одном пляже.,0,1
14453,"На Украине депутат Рады от партии ""Оппозиционная платформа - За жизнь"" Илья Кива предупредил граждан страны о необходимости готовиться к худшему.",0,1
14489,На концерте было много слушателей.,0,1
14494,"Путин рассказал школьникам, что мотивирует россиян двигаться вперед.",0,1
14510,Грейсон также написал обзор околосмертных переживаний для Encyclop dia Britannica и был главным редактором Журнала клинических исследований с 1982 по 2007 год.,0,1
14541,С своей стороны мы ничего утешительного сообщить судну тоже не могли.,0,1
14547,Внедрение технологий по переработке попутного нефтяного газа (ПНГ).,0,1
14596,"Чего только не придумают люди, чтобы не попасть на Восточный фронт.",0,1
14627,До применения специфических средств больные обычно умирали во время экссудативной фазы заболевания.,0,1
14629,Оба его родителя работали в компании «Xerox».,0,1
14637,Важнейший показатель эффективности действий пожарной охраны - время оперативного реагирования (с момента сообщения о пожаре до его локализации и ликвидации).,0,1
14733,"Я был у него на прошлой неделе два дня подряд — часов по пяти, и он рассказывал мне многое о себе.",0,1
14840,Сокращение производства сельскохозяйственной продукции в личных подсобных хозяйствах в первую очередь связано с уменьшением населения деревень и отсутствием системы закупки у населения произведенной продукции.,0,1
14846,"Но он сказал, что девочка, с которой он дружит, сказала, что не полюбит его с такими ушами!",0,1
14904,"Ранее региональное ГУФСИН сообщило, что количество заключенных и обвиняемых достигло исторического минимума.",0,1
15012,"Надо сказать, что еще несколько лет назад поводов для беспокойства было предостаточно.",0,1
15048,В настоящее время она является научным сотрудником Института политики школы Кеннеди Гарвардского университета.,0,1
15053,"Женат на Эмме Томас, которая является продюсером всех его фильмов. Четверо детей (Оливер, Магнус, Рори и Флора).",0,1
15057,"О том, как в снегу по горло три дня брали превращенную немцами в узел обороны совхозную усадьбу и все же взяли ее!",0,1
15096,Это означает «постучать в дверь К-pop с музыкой группы».,0,1
15285,"Эти статьи взорвали общественное мнение, и, вероятно, отчасти поэтому взятый курс был продолжен, несмотря на некоторые сомнения в верховном руководстве страны.",0,1
15361,Кокрейн также установил: «Вы пощадите лишь жизни невооруженных жителей Соединенных Штатов».,0,1
15404,"Российские пограничники задержали маломерное судно с украинскими браконьерами, которые ловили рыбу в западной части Азовского моря. При досмотре борта были обнаружены около 300 рыб вида камбала-калкан, а также ставную сеть, которая является незаконным орудием лова. Украинцев вместе с судном доставили в Керчь, чтобы провести разбирательство по этому инциденту.",0,1
15551,"Не сомневаюсь, что Людмила Павловна могла бы занять мое сердце, но я не только с тех пор не беседовал с ней, но даже не видел, кажется.",0,1
15730,Отличительной особенностью страны является отсутствие крупных промышленных предприятий и отраслей тяжёлой промышленности.,0,1
15769,"Теряет мужа, который кончает самоубийством из-за разочарующих его поступков дочери.",0,1
15871,"Власть в городе перешла к Кубанскому исполнительному комитету, а затем к Кубанскому областному революционному комитету.",0,1
15917,В 2018 году снизился объем бюджетных инвестиций в социальные и инфраструктурные проекты Кинельского района.,0,1
15955,"Суббота. Бедное мое отечество! Видно, придется тебе сильно пострадать. Темные силы становятся в тебе все отважнее, а честные люди все трусливее...    
Передо мной программа двух лекций из нравственной философии, которые намерен читать публично Лавров. Программу эту я взял как член факультета для того, чтобы представить на нее свои замечания. Боже мой, что за философия... Я написал протест и послал его в факультет.    
Вы хотите кровавыми буквами написать на ваших знаменах: свобода и анархия. Мы напишем на своих: *свобода,* *закон* *и* *власть,* *охраняющая* *свободу* *и* *закон.*    
Человек так гадок во всех своих проявлениях, что не знаешь, кто хуже: притеснители или те, которые выдают себя за защитников угнетаемых.    
Если революция не переродила и не улучшила французов, то из-за чего же столько шуму и хлопот, столько пролитой крови?    
Но кто удержит бурю, когда она разыграется? *Ум* *и* *труд* *—* вот в чем состоит гарантия человеческого существования и самое право на него человека. Потому-то, если вы не развили своего ума, если вам недостает знания, которое, как известно, есть сила науки, и если вы не трудитесь, — вы непременно должны впасть в зависимость или от природы, или от подобного себе, более знающего и более трудящегося. Что не уступает уму и труду, то уже выходит из-под власти человека; тут остается только терпеть.",0,1
15977,"Атомная подводная лодка К-561 ""Казань"" проекта 885М ""Ясень-М"" Северного флота ВМФ России после очередного этапа государственных испытаний",0,1
16011,"Часто встречающаяся характеристика мышления как решения задач (Problem solving), прагматически определяющая мышление через его эффект, не вскрывает сути мышления.",0,1
16027,Она также широко известна как «1000 франков Синяя Клеман Серво».,0,1
16203,"В сентябре 2020 года кипрская газета  «Politis» опубликовала список 34 персон, которые в период с 2008 по 2012 гг. получили кипрское гражданство за инвестиции. При этом, газета связала список с политически значимыми лицами или преступниками. Согласно этой публикации, Михаил Кузовлев имеет кипрское гражданство с сентября 2008 года.  Кроме того, издание отмечает, что в феврале 2008 года, по данным Guardian, Кузовлева обвинили в причастности к скандалу с просроченными кредитами на сумму более 1 миллиарда долларов. Его имя фигурирует в «Панамских документах», а, согласно публикации Financial Mirror, бывший президент Республики Кипр Димитрис Христофиас стал крестным отцом дочери Кузовлева.",0,1
16248,Мать о ней беспокоится.,0,1
16285,Что обозначает этот знак?,0,1
16398,Сухие корма супер-премиум-класса хорошо поедаются и могут использоваться в качестве единственного вида корма.,0,1
16552,"«Она также много знает о музыке, истории и литературе».",0,1
16625,Я не моложе тебя.,0,1
16630,"В соборе видел многих членов Государственной Думы, которые передавали, что избрание А. И. Гучкова обеспечено...",0,1
16642,Названы регионы-аутсайдеры по благосостоянию семей.,0,1
16722,"Он один из немногих дворян Северной Франции, которые все еще верны Валуа.",0,1
16763,"Американский боксер-тяжеловес Джонни Руис, которому 30 августа предстоит провести бой за титул чемпиона WBA (Всемирная боксерская ассоциация) с Николаем Валуевым, предложил журналистам необычное пари. Руис готов поспорить с любым представителем прессы, что Валуев будет чаще применять ""грязные"" приемы - хватать и держать соперника, сообщает интернет-издание fightnews.com. Американец на протяжении многих лет считается одним из самых незрелищных боксеров-тяжеловесов, а журналисты называют его стиль ""хватай и держи"" (""clutch-and-grab""). Однако Руис подчеркнул, что в последних боях под руководством нового тренера Мэнни Сиаки он значительно изменил манеру ведения боя. Соперник Валуева отметил, что американское телевидение не транслировало его последние четыре боя, поэтому болельщики не имели возможности увидеть, как он стал боксировать. ""Давайте поспорим, что будет держать соперника чаще - я или Валуев"", - предложил Руис. Американец пообещал, что если он проиграет спор, то переведет деньги на счет любой благотворительной организации на выбор журналистов. Если же Руис выиграет пари, то работники СМИ отдадут деньги ему. Боксер не сообщил, на какую сумму он готов поспорить. Бой Валуев - Руис состоится 30 августа в Берлине. В этом поединке на кону будет стоять вакантный титул чемпиона WBA, а победитель матча до 26 июня 2009 года должен будет встретиться с узбеком Русланом Чагаевым (если последний успеет восстановиться после разрыва ахиллова сухожилия).",0,1
16766,Самоликвидация кабинетов доврачебной медицинской помощи усугубила перегрузку выполнения функции врачебной должности.,0,1
16872,"В двадцатом, в Ленинграде, он сам рассказал мне об этом.",0,1
16874,"шастун как студент художник или скульптор делающий наброски своей «музы» арсения, которого выбрал в качестве модели для дипломной работы",0,1
16912,"Идея налогообложения как кражи — это точка зрения, встречающаяся в ряде политических философий.",0,1
16967,"Он считал, что это обеспечит ему встречу с каким-то сказочным персонажем, а конечной целью его была победа над бабой-ягой.",0,1
17018,«Когда мы с коллегами увидели кадры выбегающих пассажиров с сумками и чемоданами — мы были в шоке»,0,1
17203,"Журавли гнездятся на земле и найти их очень тяжело, но мы каждый год ведем учет этого вида во время пролетов.",0,1
17213,"Век не утешиться ему в потере жены, которую любил так искренно и горячо.",0,1
17268,"На улицах люди, спустив чулки, греют на солнышке ноги в темных пятнах, лечат цингу.",0,1
17318,Шестеркин - в СКА еще на два года.,0,1
17417,Я хочу поехать в Сиэтл.,0,1
17442,"Дерн - это дерн и часть почвы под ним, скрепленная корнями, или кусок этого материала.",0,1
17674,"Полпред США при ООН назвала российский план урегулирования конфликта в Донбассе ""оккупационным"".",0,1
17687,В США расстреляли известного рэпера.,0,1
17691,Религия делает Бога соизмеримым человеку.,0,1
17785,В Мурманске должник нашел деньги для погашения долга в течение часа.,0,1
17865,"Он заявил, что более 50 человек погибли с 14 августа в Латакии.",0,1
17950,"Тогда Брайан был жив, и я его хорошо знал, мы были друзьями до самой его смерти.",0,1
17979,"Они были построены в конце 1980-х - начале 1990-х годов компанией BREL, которая позже стала ABB.",0,1
18007,"Планируется, что за неделю к проекту подключатся еще десятки школьников.",0,1
18093,Вы с Кеном подрались?,0,1
18243,Самый высокий потенциал энергоэффективности отмечается в секторах конечных потребителей.,0,1
18263,Информация на разных уровнях не должна быть последовательной.,0,1
18446,"Мы ушли не слишком далеко, когда начался дождь.",0,1
18524,"Для того, чтобы отправить ребенка в дежурную группу, родителям нужно будет предоставить справки о работе в выходные дни.",0,1
18526,анализируют эффективность использования средств бюджета Тульской области в рамках подпрограммы;,0,1
18720,"По его словам, пользователи сами отмечают нежелательные звонки, которые впоследствии попадают в базу данных разработчиков этих приложений.",0,1
18791,Статуя Свободы находится в Нью-Йорке.,0,1
18808,У меня голова прошла.,0,1
18856,Асимметричный дебют заболевания (стадия гемипаркинсонизма).,0,1
18893,К XVI веку государственной религией Ирана становится ислам.,0,1
18927,Не стыдно вам так уродовать нашу советскую женщину Вы же немолодой уже человек!,0,1
19002,Вы из музыкальной семьи?,0,1
19049,"Но он был любимцем Маши, хотя меньше всех других гостей был приветлив и разговорчив с нею.",0,1
19217,Он в тысячный раз рассказал о своей поездке в Париж.,0,1
19256,"не знаю как вы, а уже я определился с гардеробом на осень",0,1
19281,Их выживание в основном зависело от их способности лазить даже по самым высоким деревьям Анд.,0,1
19291,В настоящее время эта отрасль в регионе характеризуется наличием научного звена и незначительным числом малых предприятий.,0,1
19507,Украина вошла в пятерку стран с крупнейшей теневой экономикой.,0,1
19827,"Если Лондон богаче, то почему?»",0,1
19913,"В общей сложности за время внеплановых проверок завели 75 административных дел, которые будут переданы в суд.",0,1
19940,Раздел «Основные направления повышения энергоэффективности в жилищном фонде».,0,1
20001,"Узнав о смерти сына, мать Виала сказала: «Он умер за отечество!».",0,1
20036,"Я могу вам помочь, сударыня?",0,1
20061,"Он основан на концепции, согласно которой естественная растительность является лучшим выражением климата, поэтому границы климатической зоны были выбраны с учетом распределения растительности.",0,1
20064,"Когда IP-адрес или диапазон IP-адресов заблокированы глобально, они не могут редактировать любые общедоступные вики-страницы Викимедиа, за исключением Meta-Wiki, где глобально заблокированные пользователи могут обжаловать решение.",0,1
20565,В результате было разрушено несколько квартир на двух этажах.,0,1
20573,"Будь он чуть более осторожен, он бы этого достиг.",0,1
20923,Палеонтолог Роберт Т. Бэккер;,0,1
20937,Молодежь - это социально-демографическая группа населения в возрасте от 14 до 30 лет.,0,1
20971,"Andrew Gormley (бывший барабанщик Shai Hulud) также был на шоу, продавая демо Kiss It Goodbye.",0,1
21011,Это может быть симптомом болезни Крона или саркоидоза.,0,1
21225,"""Мы всегда стараемся сделать что-то новое, что не видел в The Sims раньше"".",0,1
21273,Одна из этих песен была «I Love You» для телесериала All About My Romance.,0,1
21374,"Сегодня начинаются уроки в школе, но я не пошел: некого было оставить дома.",0,1
21425,Турецкие силы правопорядка применили слезоточивый газ и водометы для разгона демонстрантов на площади Кызылай в Анкаре. По меньшей мере четыре человека получили ранения.,0,1
21510,"Компания Studee при составлении рейтинга учитывала стоимость аренды жилья, проживания, скорость интернета, количество вузов, которые входящих в международные рейтинги.",0,1
21605,По-настоящему можно видеть только сердцем. Самое главное невидимо для глаз.,0,1
21647,"Ее длина 9,6 километра.",0,1
21669,"Освженный холоднымъ втромъ, я крпко уснулъ и проснулся только въ Варн.",0,1
21684,"Как важно иметь человека, которому можно все рассказать о себе.",0,1
21701,"О каком лечении может идти речь, когда в больнице полная антисанитария? – задаются вопросом местные жители.",0,1
21734,Я потерял свой зонт.,0,1
21847,Для гостей и сотрудников университета была подготовлена культурная программа.,0,1
21894,Улицы и входы метро закроют в четверг в Москве из-за репетиции парада.,0,1
21993,А под Сталинградом и Ленинградом идут жестокие бои.,0,1
22270,"В Mail.Ru Group назвали решение об ограничении работы в Украине ""политически мотивированным"", потому как они ""никогда не участвовали в политике и не нарушили ни одного закона"". Об этом говорится в заявлении компании.",0,1
22360,"Есть случаи, когда это правило не выполняется.",0,1
22458,В Нью-Йорке сотни человек протестуют против полицейского насилия.,0,1
22472,Отнял Бог разум у русских людей — в Москве идет бой большевиков с кадетами.,0,1
22579,"Кроме того, в Гайдаровском форуме приняли участие 18 руководителей российских регионов.",0,1
22696,Муж и жена обсуждают свой бюджет.,0,1
22735,"При пожаре используйте, пожалуйста, этот выход.",0,1
22737,"Истинно говорю вам — у вас есть права по отношению к вашим женщинам, и ваши женщины имеют права по отношению к вам.",0,1
22878,"KolibriOS - это бесплатная операционная система с открытым исходным кодом, написанная полностью на сборке.",0,1
22879,"В феврале 2014 года на территории космического центра Кеннеди купе достигло скорости 435 км/ч в единичном заезде. В книгу рекордов Гиннесса рекорд не попал, так как необходимо среднее значение двух заездов в противоположных направлениях, а также объём выпуска автомобиля должен быть от 30 экземпляров. Несмотря на это, компания планировала выпустить в честь рекорда спецверсию автомобиля ограниченную тремя экземплярами под названием Hennessey Venom GT «World’s Fastest Edition». Отличием от стандартной версии является окраска кузова, которая имеет красно-бело-синие полосы идущие по центру.",0,1
22955,Она пришла в себя в больнице.,0,1
23120,Второе магическое число (физика).,0,1
23152,Именно поэтому он свободно делится своими новаторскими идеями с другими часовщиками своего времени.,0,1
23388,На сайте Минобороны Азербайджана была размещена видеосъёмка города Физули и церемонии поднятия флага Азербайджана у здания местной администрации.,0,1
23438,"В свое время считали, что во всех смертных грехах виноват Чубайс.",0,1
23463,Некоторые из этих проектов были частью второй фазы ENCODE.,0,1
23491,"Родной Владик! Видишь, как редко пишу я теперь, все сын заполняет, и радости мои только с ним.",0,1
23551,Аршавин хотел вернуться в сборную России.,0,1
23629,Не желать обладать - всё равно что обладать.,0,1
23642,WSJ: встреча Путина и Эрдогана - признак ухудшения отношений США и Турции.,0,1
23707,"Он был в очках, с маленькими усиками, гладко прилизанными волосами.",0,1
23719,Было бы чудовищно пощадить собаку».,0,1
23897,"В Кировограде полицейский, который сегодня принял присягу, сбил ребенка.",0,1
23921,Работы по развитию СЭД направлены на расширение инфраструктурной и функциональной характеристик системы.,0,1
23951,"Но этого явно не достаточно для того, чтобы был создан коллективный иммунитет, который не даст заболеванию распространятся со страшной силой.",0,1
23979,Общая репетиция [балета].,0,1
24015,"В 2007 году был снят фильм под названием «Кадр 313», который рассказывает об истории его жизни.",0,1
24148,Солнце вместе с Солнечной системой совершает сложное движение относительно других тел Вселенной.,0,1
24179,"Таким людям Моссовет, конечно, не откажет.",0,1
24638,Бригада была срочно переброшена на фронт в регион Кольмар-Бельфор несколько дней спустя.,0,1
24677,«Современный танец постсоветского пространства».,0,1
24775,Япония со всех сторон окружена морем.,0,1
24799,"Медленно подними голову, опусти руки и глубоко вдохни.",0,1
24818,"По мнению историка Иэна Мортимера, «почти бесспорно», что Эдуард II не умер в 1327 году.",0,1
24856,"Достигнутые позитивные изменения в ходе реализации приоритетного национального проекта «Образование», комплексного проекта модернизации образования позволили существенно повысить потенциал муниципальной системы образования.",0,1
25057,"Книга заканчивается фразой Джона: «Хорошо, Адам, Вы поможете мне выиграть эту войну».",0,1
25088,Они постарались оградить местных жителей от шума – поставили специальные заборы.,0,1
25108,"Это одна из самых северных территорий России, чья пригодность для постоянного проживания и воспроизводства населения подтверждена более чем 400-летней историей.",0,1
25168,"(Насколько низко может упасть порядочная девушка, не теряя чувства самоуважения?) .",0,1
25268,Первую неделю поста служил в церкви до пятницы.,0,1
25359,А там что положено.,0,1
25524,"В Петербурге настоящая осень
ph: natalia_krasnova_",0,1
25575,"Зубная щетка очищает только открытые поверхности зубов, а ведь микробы разрушают эмаль и в зубных промежутках.",0,1
25587,Стрельба на выборах в Николаеве: людей обстреляли прямо возле участка (видео) События на ТК Украина.,0,1
25600,"Покупка внешней компанией – стратегическим инвестором предприятия, расположенного на территории района.",0,1
25609,В конце концов Колчак решил съездить в Японию для выяснения отношений с японским военным руководством.,0,1
25648,В Нью-Йорке встретятся министры иностранных дел РА и Азербайджана.,0,1
25691,"Когда его жена вошла в дом, она услышала четыре выстрела и крики о помощи.",0,1
25750,В Раде не зарегистрирован ни один законопроект о возвращении к Конституции 2004 года - Рыбак.,0,1
25753,На площади Советов прошел концерт и народные гуляния «Россия – коробейная».,0,1
25843,Евросоюз отменил саммит по вопросам Brexit.,0,1
25894,"Кроме того, Хэнкс согласился, что история может быть значительно расширена (оригинальная книга насчитывает всего 2000 слов).",0,1
25910,"Хинаяна считает, что самым эффективным методом достижения нирваны является медитация.",0,1
25950,"На сотрудников Дофин смотрит, как на грабителей.",0,1
26001,В частности в Красноярском крае по указу губернатора вход во многие общественные и развлекательные заведения будет возможен только при наличии QR-кода о вакцинации или перенесенном заболевании.,0,1
26141,Вместе с тем за 6 месяцев 2013 года в области возросло количество зарегистрированных коррупционных преступлений и составило,0,1
26203,Влагалищный кончик душа поврежден и Душ обвиняет Фрэнка в этом.,0,1
26290,"И назвал Бог сушу землею, а собрание вод назвал морями.",0,1
26336,"В голове моей, обращая мозги в кровавую кашу, беспорядочно метались пули со смещенным центром тяжести: Боженька, милый, ответь!",0,1
26564,По итогам работы за 2016 год вследствие снижения спроса на выпускаемую продукцию оказалось убыточным.,0,1
26637,"Если необходимо, я приду завтра в девять.",0,1
26729,"Впереди Рождество, которое Россия теперь будет отмечать официально. Как и предсказывали, произошел симбиоз большевизма с религией.",0,1
26731,С академической точки зрения Кембридж неизменно входит в пятерку лучших университетов мира.,0,1
26764,"Кроме того, до 50 человек были направлены на принудительные работы.",0,1
26772,"Покажите мне, как это работает.",0,1
26892,А к 2008 году разница показателей увеличилась в 4-5 раз.,0,1
26916,Такой подход к защите населения от опасных заболеваний одобрили на федеральном уровне.,0,1
26934,"После этого Зидан заявил, что созрел для того, чтобы самому возглавить какую-нибудь команду.",0,1
27012,Академическое образование состоит из курсов бакалавра и магистра.,0,1
27092,"Одни лишь слова не могут описать потерю человека, столь дорогого для сообщества AFI….",0,1
27129,"Человек он был активный, моторный, смелый.",0,1
27163,Секреты по телефону М. г. Позвольте при посредстве вашей уважаемой газеты сделать некоторое напоминание гг. офицерам.,0,1
27175,"Это было позже сделано Минковским, см.",0,1
27177,", которое совпадает с силой Лоренца.",0,1
27245,Старик сидел в кресле с закрытыми глазами.,0,1
27407,Он не хотел пугать ее да мужичков.,0,1
27431,Швейцария - нейтральная страна.,0,1
27436,Так один из самых важных писателей Золотого века станет личным секретарем графа.,0,1
27643,"Террористическая организация ""Хизбалла"" установила неподалеку от границы с Израилем пусковые установки реактивных систем залпового огня типа ""Катюша"". Об этом пишет израильская ежедневная газета Ha'aretz со ссылкой на ливанскую газету A Safir, которая, в свою очередь ссылается на показания очевидцев. По мнению Ha'aretz, боевики таким образом пытаются предупредить военную операцию ЦАХАЛ против ""Хизбаллы"", о которой довольно много говорилось в последнее время. По данным газеты, установки РСЗО появились у границы после того, как израильские войска стали размещаться в этом районе. Кроме того, израильские официальные лица заявляли, что организация может использовать войну в Ираке в качестве повода для нападения на Израиль. В ответ на это один из лидеров ""Хизбаллы"", генеральный секретарь шейх Хассан Насралла заявил, что его организация не собирается действовать против Израиля, и в последние месяцы ее активность была практически сведена к нулю. Ha'aretz отмечает, что ""Хизбалла"" активно сотрудничает с властями Ливана и Сирии, которые полностью контролируют ее деятельность. Как уже сообщалось, Ливан и Сирия усилили охрану границ с Израилем - было введено усиленное патрулирование прилегающей территории, отрыты траншеи и перекрыты дороги. Израильские власти расценивают этот шаг позитивно - по их мнению, усиление охраны границ означает, что сопредельные страны опасаются действий ""Хизбаллы"" и делают все, чтобы избежать конфликта с Израилем. По мнению Израиля, эти шаги означают, что Сирия и Ливан готовятся к обороне и не имеют агрессивных намерений. По мнению израильских аналитиков, Сирия является доминирующей страной в регионе и сама сдерживает ""Хизбаллу"", опасаясь, что США может провести операцию против Дамаска, если террористы нападут на израильтян. По данным сайта waronline.org,  реактивная артиллерия Хизбаллы включает в себя примерно 76 122-миллиметровых самоходных РСЗО на грузовиках, около 144 107-миллиметровых буксируемых РСЗО Тип-63 китайского производства, и несколько 240-миллиметровых РСЗО иранского производства ""Фаджр-3"". На вооружении боевиков имеются около 7500 ракет калибров 122 и 107 миллиметров (по другим данным - 8-10 тысяч), а также около 36 НУР ""Фаджр-3"". Кроме того, в течение 2002 года ""Хизбалла"" получала НУРы ""Фаджр-5"" иранского производства, калибра 333 миллиметра.",0,1
27818,"Россияне отправили 1,3 млн вопросов для ""Прямой линии"" с Путиным.",0,1
27833,"За именами стояли лица, подозреваемые в передаче информации в Германию через нейтральные страны.",0,1
27853,"Несмотря на то, что вопросам обеспечения пожарной безопасности уделяется большое внимание, положение в этой области остается сложным.",0,1
27909,"Аллея заканчивается небольшой площадкой для отдыха, украшенной урной на постаменте.",0,1
28077,"Наливай, чего Двадцать девятого будем, кстати, праздновать еще знаете что День Свободы женщин!",0,1
28130,"Зубами даже скрипнул Онисим Самойлыч, видя, что лакомой складчине в руки его не попасть.",0,1
28191,"Мутация, повышающая выработку окситоцина, вызывает склонность к романтике и общению, выяснили канадские ученые. Эти данные подчеркивают важность генетики в формировании отношений между людьми.",0,1
28224,Добров: Женевские договоренности по Украине не будут выполнены.,0,1
28546,"Успокоившись насчет лодки, я отправился обедать с тем, чтобы надолго распрощаться с русской кухней и вообще со всеми удобствами оседлой жизни.",0,1
28579,"Вот кто у нас больше пьет Кто совершает больше преступлений Кто в школе больше хулиганит А мы, женщины, с детства все же более ответственные.",0,1
28606,Деньги не были моей главной мотивацией.,0,1
28666,"Он говорил мне: «Подойди ближе, я скажу им, чтобы они не боялись тебя».",0,1
28705,"И приводит пример (вслед за Порфирием): ""статуя Ахилла создана из материи меди и из фигуры самого Ахилла"".",0,1
28869,"Я дал таксисту десять долларов чаевых за то, что он доставил меня в аэропорт вовремя.",0,1
28919,"Национальная разведывательная служба Турции следила в Германии за сотнями людей, которые подозреваются в причастности к движению Фетхуллы Гюлена - главного оппонента президента Эрдогана.",0,1
29037,Нестьев — приложение к журналу 3 детские пьесы (неопубликованные). Там же будет Шостакович и Мясковский. О своей книге.,0,1
29062,"пунктом 2.3, осуществляется в соответствии с правовым актом департамента по делам казачества и военным вопросам Краснодарского края;",0,1
29104,"Что на этот раз пошлет судьба Все, что там было стоящего, уже было у них.",0,1
29332,Дороги Москвы сильно подтоплены из-за осадков.,0,1
29337,Первое зарегистрированное использование розы в качестве названия цвета на английском языке было в 1382 году.,0,1
29366,"В историографии идут длительные, горячие споры, причём не по каким-либо частностям или деталям, а по главным, коренным вопросам.",0,1
29502,Развитие болезни Паркинсона приводит к их уходу из профессионального спорта.,0,1
29607,"Взять с собой разрешалось только то, что можно было унести на себе или довезти на тележке.",0,1
29645,"Не для школы, а для жизни учимся.",0,1
29657,"Данная программа позволит решить вопросы самозанятости молодежи, снижения роста преступности до 10%, социальной и материальной поддержки молодых лиц.",0,1
29673,Я больше месяца прожил в Нагои.,0,1
29680,"Он остался во Франции после того, как его два коллеги возвратились, за что федералисты обвиняли его в поддержке французов.",0,1
29691,"Я не знаю, есть ли у меня время.",0,1
29704,"Химическая пневмония (обычно называемая химическим пневмонитом) вызывается химическими токсинами, такими как пестициды, которые могут попадать в организм при вдыхании или контакте с кожей.",0,1
29776,Холодильник в моём доме не работает.,0,1
29867,Пока высылки из Болгарии продолжаются и опубликовано распоряжение о распылении армии.,0,1
29872,"Из-за его привычки тратить деньги, он не смог жениться.",0,1
29935,"У него были очки в золоченой оправе, и очень трудно было определить его возраст.",0,1
29962,"Существует начальный экран персонажа, где в качестве главного героя должен быть выбран один из трех братьев.",0,1
30024,Он написан на простом английском языке.,0,1
30055,Но Эскобар узнал о решении президента и сбежал.,0,1
30281,"В год столетия «МК» читатели выберут не только лучших, но и поделятся разочарованиями",0,1
30311,"Стремясь заставить страны решать проблемы без войны, Устав Организации Объединенных Наций попытался обязать государства-члены использовать войну только при ограниченных обстоятельствах, особенно только в оборонительных целях.",0,1
30323,"В онтологии, абстрактные объекты считаются проблематичными для физикализма и некоторых форм натурализма.",0,1
30400,Решение предусмотренных задач по развитию промышленности строительных материалов позволит:,0,1
30425,Он дал подробное описание происшествия.,0,1
30481,В 2017 году ремонт автомобильных дорог местного значения в границах населенных пунктов Болынеизыракского сельсовета продолжится.,0,1
30803,"Через два дня дети мои от нас проводили Михаила Никифоровича с женою на железную дорогу, которая находилась от нас в самом близком расстоянии.",0,1
30913,"Что это будут за города, к чему они будут привязаны с точки зрения производств, что там будет с трудовыми ресурсами.",0,1
30988,Геннадий Гатилов назначен постпредом России при ООН в Женеве.,0,1
31035,Случится она между твоими братцами и твоим богатеньким батюшкой».,0,1
31114,"Насколько я знаю, он всегда выполняет свои обещания.",0,1
31322,"Володя Бунин советовался со мной, что ему играть в Штутгарде.",0,1
31350,"Руководящий орган ""Справедливой России"" решил исключить из партии членов Координационного совета оппозиции Геннадия и Дмитрия Гудковых. Это предложил лидер партии Сергей Миронов.",0,1
31351,"Например, кто-то может помочь другой стране вести войну против его страны, рассказывая секреты.",0,1
31352,Но из-за очень суровой зимы Боснийские войска были вынуждены вернуться домой.,0,1
31428,"Что бы там ни было, он не изменит своего мнения.",0,1
31450,На последних выборах он был избран в сенат.,0,1
31535,"ойкава студент, который ненавидит своего преподавателя иваизуми. и однажды тоору....немного перепутал чаты",0,1
31591,Я успел заметить только белокурого полного пастора с женой и с детьми.,0,1
31755,"Значение предела зарплаты назначенных игроков также можно уменьшить, используя деньги распределения.",0,1
31875,"Некоторые теоретики пытались найти связь между различными параметрами, например между массами частиц в разных поколениях.",0,1
31912,Это так называемая имперская идеология».,0,1
32002,"Здесь то, что происходит на самом деле.",0,1
32097,"Когда я сразу же хотел сделать их обязательными, это вызвало энергичный отпор учениц, чуть не окончившийся скандалом.",0,1
32132,Сепаратисты в Йемене захватили Аден.,0,1
32340,"Мы гордимся этим, что также делает нас мишенью».",0,1
32389,Спортивный туризм является одним из наиболее доступных и здоровых круглогодичных видов досуга.,0,1
32477,Я просыпался три раза за ночь.,0,1
32506,"Торопитесь, иначе вы опоздаете на обед.",0,1
32557,Она предложила Вину Дизелю пройти прослушивание перед съёмками мультфильма.,0,1
32623,Главным теоретиком и разработчиком «Исправленного шотландского устава» был Жан-Батист Виллермоз.,0,1
32802,Приложение 5 регулярно обновляется в результате этих двух процессов.,0,1
32866,"Дамы и господа, мы начинаем показ фильма.",0,1
32911,"При общении с полицейскими мужчина заметно нервничал, поэтому сотрудники ГИБДД решили досмотреть салон авто и нашли 130 граммов наркотиков.",0,1
32917,"Кроме того, они могут стать резидентами «Жигулевской долины» и получить поддержку от команды технопарка, - рассказал глава Минэкономразвития региона Дмитрий Богданов.",0,1
33030,В Милане завершился рабочий завтрак с участием президентов Украины Петра Порошенко и России Владимира Путина.,0,1
33043,Acme также поддерживает командный язык редактора sam.,0,1
33059,Более 70 дел возбуждено после проверки Генпрокуратуры в Дагестане.,0,1
33067,"Возникла потасовка, пистолет выстрелил, но никто не был ранен.",0,1
33096,В английском языке Земля — Earth.,0,1
33273,"Все компьютеры LEO III позволяли одновременное выполнение до 16 программ посредством операционной системы, называвшейся Master program.",0,1
33357,"Лев Николаевич очень огорчен отлучением, по словам ее.",0,1
33400,Я часто занимаюсь под музыку.,0,1
33426,Портрет Надежды Николаевны Блек.,0,1
33566,Мы хотели бы остаться здесь на ночь.,0,1
33655,"Например, представитель Палестины участвует в заседаниях регионального бюро Восточного Средиземноморья.",0,1
33697,РФ передала Беларуси четыре дивизиона ЗРК С-300.,0,1
33710,Шаги все стучали сзади их.,0,1
33762,"Разогрела всех, конечно, только старка.",0,1
33846,В лагере русский доктор дал мне несколько таблеток.,0,1
33866,Строительство электрических сетей 110кВ кольца г.Благовещенска,0,1
33921,"Легко представить себе гнев и удивление бойцов, когда они узнали, что нас опять двое.",0,1
34015,"М., 1967 О времени и о себе.",0,1
34017,Несколько раз подвергался арестам в Киеве и Вильне.,0,1
34273,Начальник МУР Игорь Зиновьев покидает свой пост.,0,1
34338,"Этап 1 может либо загружать этап 2 напрямую, либо он может загружать этап 1.5: этап 1.5 GRUB расположен на первых 30 килобайтах жесткого диска сразу после MBR.",0,1
34456,Она мне так нравилась.,0,1
34512,Он брал пример с самых современных медицинских учреждений Западной Европы.,0,1
34599,"В результате ЧП пострадало 16 человек, детей среди них нет.",0,1
34610,Вверх на Бараний пик было так неинтересно лезть в тумане.,0,1
34612,Московская хроника Сегодня в Сокольниках совершено дерзкое покушении на вооруженный грабеж.,0,1
34632,Охлаждение : Стволы могут охлаждаться жидкостью (как радиатор в двигателе) или их необходимо периодически менять.,0,1
34700,"Маленький мальчик потерял деньги, которые ему дал отец.",0,1
34721,"У нее маленькие руки. Но не такие маленькие, чтобы она не могла играть на пианино.",0,1
34725,В производстве используются отходы производства и переработки мясокомбинатов и отходы переработки зерна.,0,1
34787,их доступность и сократить объем инвестиций в инфраструктуру спорта.,0,1
34908,"После полицейского расследования трое мужчин были осуждены за профессиональную халатность, приведшей к смерти мальчика.",0,1
34957,Айка (айкиты) (араб.,0,1
34975,"Пожалуйста найдите хотя бы пару денечков, я представляю какой щас график на декабрь и январь но ПОЖАЛУЙСТА они так скучают по дому",0,1
35050,2008 Медаль Президента Туркмении «За любовь к Отечеству».,0,1
35061,Это может также вызвать рак лёгких.,0,1
35095,"Пеньковский был заместителем председателя Комитета по науке и технике при Совете Министров, полковником КГБ.",0,1
35143,"Кроме того, за рулем автобусов поймали двух водителей-бесправников и двух водителей, работающих сверх нормы.",0,1
35179,"Всех, кому что-либо известно о местоположении девушки, просят сообщить эту информацию по телефону 8-930-179-00-69.",0,1
35196,"Александр оставил Пора царём и даже расширил его владения, чтобы не усиливать чрезмерно Таксила.",0,1
35238,"п - количество мероприятий, включенных в муниципальную программу (подпрограмму);",0,1
35253,"В реальности, есть две причины, по которым гравитационные поезда не существуют.",0,1
35289,"Сия-то есть оная сила, которая исходит из праведника и исцеляет всех, когда верою прикасаемся ему.",0,1
35499,"Во сне я кому-то говорю: «А я готовлюсь к смерти». И начинаю рассказывать о монастыре женском под Елгавой, о старце Таврионе.",0,1
35806,"«Когда его делали, нас, летчиков никто не спросил, что удобней: штурвал или джойстик»",0,1
35859,"Приезжие покупают за деньги, но спрос большой идет на тряпье: одежду, ситец и т.д.",0,1
35880,"Некрасов хотел было значительно понизить подписную годовую плату, но Белинский побоялся, что не хватит денег, и потому плата была назначена в 16 руб.",0,1
35946,Все больше людей переезжают в городские районы.,0,1
35947,Лица товарищей возбужденно счастливы.,0,1
35956,Он может использоваться любым из следующих способов: Ram put on the lights.,0,1
35976,"О стоимости обеда можно судить по одному тому, что за одни электрические эффекты для стола было уплачено 2000 руб.",0,1
36122,"Губернатор Санкт-Петербурга Георгий Полтавченко в эфире одного из телеканалов выразил свое возмущение поведением петербуржцев, показывавших неприличные жесты проезжавшему кортежу премьер-министра Дмитрия Медведева во время недавнего визита.",0,1
36220,"Jane’s сообщил, что YJ-12А была разработана предположительно в 2004 году.",0,1
36235,Рекорд Рикардо Майорга был неправильным в течение многих лет».,0,1
36338,В самое короткое время Хюррем привлекла внимание султана.,0,1
36542,"Цена нефти на азиатских рынках обвалилась более чем на 31% в начале торгов в понедельник. Это произошло после того, как в пятницу страны ОПЕК не смогли договориться с другими производителями нефти о сокращении добычи. На фоне падения котировок нефти начал падать курс рубля.",0,1
36552,"Немного занималась историей церкви. Очень интересное заседание творческого бюро имажинистов, доклад Клюевой о современной литературной Москве с интересными дополнениями московского литератора (Соболев) и Прыгунова, Ганина.",0,1
36565,"Куда ни пойдешь, везде одно и то же.",0,1
36649,Она состояла в Future Farmers of America и стала зарегистрированным резаком мяса в старшей школе.,0,1
36777,"я думаю о теплой погоде: 

я думаю о жуках, которые выползут, как только зима закончится:",0,1
36861,Вопрос на первый взгляд казался простым.,0,1
36901,А вот Курмышова нашего он вполне мог освободить.,0,1
37017,Архитектура становится гармоничнее и современнее.,0,1
37075,"В этом заинтересован только Сталин, так как архивы имеют для меня исключительную ценность в борьбе против московской олигархии.",0,1
37089,"-- Да как же я могу жениться, если они все.",0,1
37104,Сейчас идет государственная экспертиза проекта.,0,1
37121,Присоединенная нагрузка всех объектов составляет 9.12 Гкал/час.,0,1
37171,"Перед тем как выйти из дому, моя мама сделала макияж.",0,1
37217,"Весной 1978 года часть группы установила палатки на выбранном холме, в августе 1978 года там проживало в общей сложности около сорока семей.",0,1
37224,"Формы являются или параметрическими формами, или вопросами к другим байесовским программам.",0,1
37297,В библиотеке взял книгу «Король угля» и читал ее.,0,1
37517,"школа: перед важным экзаменом открываешь книжки
универ ответственная взрослая жизнь: перед важными экзаменами открываешь бутылку самогона потому что от водки уже не набухивает",0,1
37632,Игра сделана студией THQ Sandblast Games для Xbox 360 и PlayStation 3.,0,1
37668,"В политике южной Индии преобладают более мелкие региональные политические партии, чем национальные политические партии.",0,1
37677,"В 1981 году она сыграла вничью 8–8 против Наны Александрии в Тбилиси, но сохранила титул чемпиона.",0,1
37693,В Минске была дневка.,0,1
37723,Санкт-Петербург вошел в тройку городов России по наибольшему объему государственных закупок.,0,1
37825,С 1760 по 1765 год он работал секретарем генерала в Бреслау (сегодня: Вроцлав).,0,1
37956,С кем поговорить о Вивальди?,0,1
38009,Я умею играть в теннис.,0,1
38109,"в пределах своей компетенции организует торги по размещению заказов на поставку товаров, выполнение работ и оказание услуг для муниципальных нужд городского округа;",0,1
38309,"П. А. Сарапульцев является специалистом в области кардиологии, гастроэнтерологии и эндокринологии. В области кардиологи П. А. Сарапульцевым получены важнейшие результаты: установлены этиопатогенетические механизмы возникновения функциональной патологии сердца, механизмы возникновения и клинические проявления патологии сердечно-сосудистой системы при анкилозирующем спондилоартрите; в области гастроэнтерологии установлены клинико-патогенетические закономерности развития демпинг синдрома и особенности морфооптического состояния жидких сред организма при хронических вирусных гепатитах; в области эндокринологии разработана методика выявления генетической предрасположенности к различным формам сахарного диабета, выявлены особенности изменения сердечно-сосудистой системы при развитии диабетической кардиопатии и метаболическом синдроме.",0,1
38316,Контроль за сохранностью зеленых насаждений осуществляет управление по охране окружающей среды администрации города Владимира.,0,1
38422,от 19 декабря 2014 г. N 573,0,1
38426,"Для заключения соглашения органы местного самоуправления муниципальных образований представляют в администрацию Губернатора и Правительства в лице департамента по внутренней политике и местному самоуправлению заявку, включающую следующие документы:",0,1
38456,"Мужчина причинил материальный ущерб на общую сумму более 2,9 млн рублей.",0,1
38516,"Я не знаю, что теперь делать.",0,1
38518,Природно-климатические и экономические условия благоприятствуют интенсивному развитию в регионе мясного табунного коневодства.,0,1
38656,"С целью дальнейшего сокращения загрязнения окружающей среды отходами необходимо: проведение паспортизации площадок, создание необходимых условий для сокращения объемов образования отходов.",0,1
38894,будут созданы необходимые условия для деятельности не менее 2 специалистов органов опеки и попечительства;,0,1
38970,Однако есть способы повышения производительности.,0,1
39163,"По словам руководителя центра Елены Кореневской, в ближайшее время одна из ее сотрудниц пройдет вакцинацию и охват в компании будет 100%.",0,1
39279,До деревни не ездят автобусы.,0,1
39298,Заявление и прилагаемые к нему согласно перечню документы приняты,0,1
39303,"Если в доме есть гости, они будут иметь приоритет.",0,1
39309,Первая крепость была выстроена в Бэттери-парке для защиты Новой Голландии.,0,1
39412,"Что делают коты, когда им делать нечего, я с детства знал.
А теперь знаю, что в этом случае делают кошки...",0,1
39459,"И это не только в республике, но и в целом по России.",0,1
39465,существует ли необходимая техническая документация? да/нет;,0,1
39484,"Глава муниципального округа Красносельский города Москва Ильи Яшин сообщил в эфире «Эха Москвы», что избирательная комиссия не представила доказательств причастности политика к экстремистской деятельности",0,1
39491,Я выздоровел после сильной простуды.,0,1
39503,Инцидент произошел днем на пересечении улиц Данилы Зверева и Блюхера.,0,1
39610,Бобби Джон и Джеймс все еще хотели проголосовать за ленивую Ким.,0,1
39625,"— В странах Европы мы оцениваем свою долю в 13%, и Россию включаем в эту оценку.",0,1
39635,"Между тем на некоторых картинах можно было различить места, освещенные солнцем, и места, на которые падала тень.",0,1
39738,"Операция будет продолжаться до тех пор, пока не достигнет своего логического завершения.",0,1
39821,чисто теоретически может ли хольт заряжать смартфон от пупка,0,1
39829,"Некоторые источники утверждали, что 2000 испанцев служили во Второй французской дивизии генерала Леклерка, многие из них были из колонны Дуррути.",0,1
39835,"Было также заявлено, что он купил асьенду в Бразилии за 20 миллионов долларов, угольные шахты в Колумбии и журнал Vision.",0,1
39838,"Плаза - это испанское слово, связанное с «полем», которое описывает открытое общественное пространство в городе, например, городскую площадь.",0,1
39845,Адмирал Канарис вздохнул с облегчением.,0,1
39880,Поэтому инвестиции за пределами национальной валютной зоны становятся менее привлекательными.,0,1
39923,Реконструкция (уменьшение площадей) зданий образовательных учреждений.,0,1
39933,"Саша с шестилетнего возраста обнаруживает склонность к мечтательности, страстное влечение ко всему героическому, величавому и бурному.",0,1
40004,"Хотите, чтобы я вам помогла?",0,1
40013,"Мы должны решить, когда начать.",0,1
40029,"Было решено, что это историческая тропа и что она останется без изменений.",0,1
40040,"Инвесторы, разработчики и пользователи должны иметь возможность поддерживать постоянный ритм бесконечно.",0,1
40052,Либерализм провозглашает права и свободу каждого человека высшей ценностью и устанавливает их основой общественного и экономического порядка.,0,1
40101,"Габера, которого все знали, больше нет: он остался в прошлом.",0,1
40158,Внимание! Только для лиц старше 18 лет.,0,1
40162,Сохранять богатство и красоту Земли для настоящего и будущих поколений.,0,1
40240,"В декабре Дональд Трамп отрицательно высказался в отношении Тунберг после того, как она была названа «человеком года» по версии журнала Time.",0,1
40264,"Toshiba официально покинула рынок ПК и ноутбуков после 35 лет производства. Бизнес компании был продан бренду Sharp, который на его основе создал отдельное подразделение под названием Dynabook. Эксперты считают, что одной из причин продаж может быть низкий спрос на персональные компьютеры, который не смогла спасти даже пандемия коронавируса.",0,1
40299,"Утром Тревор отвез меня в парк к верблюдам и обещал привезти полдник, когда я буду в дороге.",0,1
40311,"Число членов определяется общим о судах учреждением, соразмерно населению округа.",0,1
40316,Партии ни разу не удалось избрать своего депутата в Квебекскую национальную ассамблею.,0,1
40376,"В декабре 2017 года индекс потребительских цен на товары и услуги по Магаданской области, по сравнению с декабрем 2016 года, составил 103,1% (в декабре прошлого периода – 103,7%), в том числе продовольственные товары на 100,7% (в январе-декабре прошлого периода – 102,4%), непродовольственные товары – на 105,2% (в январе-декабре прошлого периода – 106,2%), платные услуги – на 105,3% (в январе-декабре прошлого периода – 103,0%).",0,1
40518,"Он сказал, что не знает этого человека, но это была ложь.",0,1
40591,"Мы ехали со скоростью 120 км/ч, когда произошла авария.",0,1
40898,"Зюк читал когда-то номер «Пшеглёнд Тыгоднёвы» и оставил на окне, теперь его не могут найти.",0,1
40941,Я заказал эти книги в Германии.,0,1
40943,организацию оказания услуги по обеспечению социальной занятости инвалидов трудоспособного возраста;,0,1
41014,"Свой «кабинет» я убрал, получилось ничего, ха-ха!!!",0,1
41221,НА ПРИОБРЕТЕНИЕ ТРАМВАЙНЫХ ВАГОНОВ В РАМКАХ ПОДГОТОВКИ,0,1
41273,"Когда Марков ушел из министерства, государь сказал, что был только один честный инженер — Марков, и того сумели спустить.",0,1
41401,"Ранее международная аудиторско-консалтинговая сеть FinExpertiza опубликовала данные, согласно которым в России около 17,1 тыс. человек ежемесячно зарабатывают более 1 млн руб.",0,1
41461,Ни один человек не может пройти весь путь туда и обратно.,0,1
41463,"Он всегда знал, какие задачи являются важными, что показывает его выбор тем.",0,1
41562,Совбез: Наши позиции обстреляли вблизи 14 населенных пунктов.,0,1
41578,"Вкладывая собственные средства в развитие, сельхозпредприятия осуществляют реализацию крупных проектов.",0,1
41797,Преобладающим языком Интернета является английский язык.,0,1
41884,"Что я вам сказки, что ли, буду рассказывать Сказочницу Маланью берите с собой, коли сказки любите.",0,1
41952,"На Immunity Challenge игрокам нужно было выбирать между чизбургерами, картошкой фри и безалкогольными напитками или испытанием на иммунитет.",0,1
42009,Борис и Бегония в тот день находились в общежитии завода «Коммунар».,0,1
42015,У тебя есть бумага?,0,1
42074,"Значит, выходит если нет войны, то и смерти нет?",0,1
42113,"С поверхности Амальтеи Юпитер выглядел бы огромным: он выглядел бы в 92 раза больше, чем Полнолуние.",0,1
42176,"Затем Анна Страсберг подала в суд на детей четырех фотографов, чтобы определить права на публичность, что позволяет лицензировать изображения мертвых людей по коммерческим причинам.",0,1
42203,В результате пожара в цехе по производству пороха ПГУП «Эластик» в Шиловском районе Рязанской области погибли 16 человек.,0,1
42206,"Вернусь я домой, вероятно, дней через 5, но если напишете мне, то я успею получить.",0,1
42334,Еще один миллион ученые госуниверситета выиграли за проект автоматической биолаборатории.,0,1
42352,"Сида включили в новую комиссию, на этот раз по расследованию причин трагедии.",0,1
42437,"Солдаты СС приказали жителям немедленно спуститься во двор (команда была отдана на немецком, польском и «русском»).",0,1
42507,"Прошли Московскую область. На Варшавском шоссе стоит столб с надписью на одной стороне Московская область, на другой - Смоленская область.",0,1
42777,"Друщиц предложил переменить тему курсовой, взять какое-то семейство аммонитов Кавказа, определить которые нужно для кафедры.",0,1
42779,возраст до 50 лет;,0,1
42867,"Он был назван в августе 2003 года от одного из кельтских имен бога племенного единства, более известного как Тутатис.",0,1
42970,Успех - это плод твоих усилий.,0,1
43015,До 1949 судебные споры могли быть обжалованы в Судебном комитете Тайного совета в Соединённом королевстве.,0,1
43120,"Корнелия умерла при родах своего второго ребёнка, который, как и она, не выжил.",0,1
43248,низкая эффективность использования бюджетных средств;,0,1
43261,"На следующий день после взятия города, графиня де Монфор прибыла в город со всеми её капитанами.",0,1
43291,Почему в списке языков нет мальтийского?,0,1
43314,Публикация украинского портала ТСН об участии Незалежной в аукционах на закупку электроэнергии у России и Белоруссии вызвала шквал критических комментариев в социальной сети Facebook.,0,1
43325,в) Диспетчерский центр межмуниципальных сосудистых центров - ведение регистра инсульта в рамках реализации в республике сосудистой программы.,0,1
43335,"Господи, что это еще!",0,1
43410,Современная Япония является одним из мировых лидеров в разработке новых экологически чистых технологий.,0,1
43483,"Эксперты по кибербезопасности обнаружили, что в даркнете продаются 500 тысяч аккаунтов пользователей сервиса Zoom, который стал особенно популярным в условиях самоизоляции и работы из дома. Злоумышленники предлагают за сходную цену электронную почту юзера, его пароль, а также код администратора, с помощью которого управляется его персональный чат.",0,1
43545,Во время пребывания в Китае Кребс продолжал изучать иностранные языки.,0,1
43547,"Фельдмаршал Лист был в Хельсинки, Осло.",0,1
43576,"Два рассказа из этого сборника были всем, что осталось после потери чемодана, а третий был написан прошлой весной в Италии.",0,1
43577,У неё нет никаких отношений с другими французскими послушаниями.,0,1
43791,Наши усилия скоро принесут свои плоды.,0,1
43820,"В отличие от мечетей на Ближнем Востоке, она построена из древесины.",0,1
43843,"Справа лежит дважды сжатая степь, уходя к полотну железной дороги.",0,1
43850,"Турресурсом в селе Арефино может стать бывшее здание больницы, в настоящее время переоборудующееся под частную гостиницу, как гостиничный комплекс коллективных средств размещения.",0,1
44090,"Он не мог вспомнить даты релизов своих предыдущих альбомов или имена людей, с которыми он работал.",0,1
44127,Она смогла научиться водить машину.,0,1
44134,"Во второй половине дня был заслушан доклад Н.А. Тихонова по проекту плана развития народного хозяйства, затем продолжалось его обсуждение.",0,1
44140,У кролика длинные уши и короткий хвост.,0,1
44162,"Без такого пропуска жители не смогут посетить ТРЦ, а также различные культурные и спортивные массовые мероприятия.",0,1
44272,Она сыграла Катару в фильме «Последний маг воздуха».,0,1
44327,За последний месяц подопечные Роберто Бордина уступили Дании со счётом 04 и Израилю со счётом 12 в рамках отборочного цикла Чемпионата мира-2022.,0,1
44339,"Английский дипломатический корпус является единственным, в котором безумие является всеобщим.",0,1
44476,"Звезда ""Дом-2"" Катя Король застраховала силиконовую грудь на 10 миллионов.",0,1
44488,Август у родителей горячая пора - время собирать детей из Окрестина,0,1
44566,Я живу в Японии.,0,1
44660,На заседании Президиума Совета Министров СССР обсуждался вопрос о работе в праздничные дни и готовности отдельных отраслей промышленности к непрерывной работе в эти дни.,0,1
44676,У вас есть что-нибудь подешевле?,0,1
44724,"Объект должны были сдать в июле, но московский подрядчик заявил о финансовых проблемах и затянул работы на четыре месяца.",0,1
44726,"У меня сейчас 50 миллионов, но я чувствовал себя таким же счастливым, когда у меня было 48».",0,1
44754,Многие преступники продолжают иметь авторитет и влияние в ближайшем соседе Восточного Тимора.,0,1
44768,Заключил договор с Давидом Рахмановым  на написание им книги о истории Тобольска.,0,1
44928,Достигнутые результаты свидетельствуют о необходимости продолжать реализацию муниципальной программы «Здоровье» в Пластовском муниципальном районе.,0,1
45010,Они будут лечить пациентов в состоянии средней степени тяжести.,0,1
45062,"СБУ потребовала у ВСУ данные о военных - участниках ""блокады Крыма"".",0,1
45263,реализации персонифицированной модели повышения квалификации и профессиональной переподготовки работников образования;,0,1
45305,"Это связано с тем, что растения и животные готовились к зиме.",0,1
45420,"Прием длился минут пятнадцать--двадцать, а потом мы на лодочках вернулись домой.",0,1
45423,Порошенко уверен в обновлении парламента после выборов.,0,1
45590,Ели блины (306).,0,1
45643,Я тоже хочу знать!,0,1
45653,"В 1965 Рон продал мотоцикл, и друзья отправились в Англию, чтобы увидеть The Who и «попытаться найти The Beatles».",0,1
45731,В блоке проверки ТС по Vin-номеру «расчет ремонтных работ» продаваемого автомобиля указан на общую сумму от миллиона до полутора миллионов рублей.,0,1
45745,Титан взрывается из-за перегрузки реакторов.,0,1
45773,К 1786 году было известно уже 10 переменных звезд.,0,1
45835,к постановлению администрации города Зеи,0,1
45972,Я случайно встретил старого друга.,0,1
46023,"Производство начинается с изготовления каркаса, затем делают пол, который должен быть двойным и теплым, а завершают работу утеплением стен и потолка.",0,1
46038,"Вы когда-нибудь видели, чтобы они приходили вовремя?",0,1
46053,В это время он и создает большинство своих изобретений.,0,1
46101,Россия и Китай решили создать систему расчетов в рублях и юанях.,0,1
46108,Координатор общественного объединения «МойФасад» Геннадий Крольман предложил свой вариант развития рощи.,0,1
46117,Депутатам-единороссам поручается во взаимодействии с главами муниципалитетов уделять больше внимания этому вопросу в своих избирательных округах.,0,1
46173,"Надеюсь, что депутаты его одобрят"", - сказал глава региона.",0,1
46227,Он был объявлен Национальным историческим памятником 29 декабря 2000 года декретом 1296.,0,1
46228,"Они просто включили меня в песню в качестве одолжения Джею, потому что я был новый ниггер в его лагере.»",0,1
46248,"Я не верю, что 1200 миль обеспечат вам безопасность.",0,1
46285,Но в XXI веке это уже не так.,0,1
46336,Принес большой портрет Ленина и повесил как раз на то же самое место под иконами.,0,1
46354,"Активисты движения раздавали опрашиваемым бюллетени с вопросом, проголосовали бы они сейчас за Путина.",0,1
46380,"У моего друга Тома в два раза больше марок, чем у меня.",0,1
46382,"Российский Вагнер с российским железом уходит в утиль. Сирия весна 2020.
Уходящий 2020 год - год утилизации российской военной ""мощи"".",0,1
46532,В такой ситуации разглагольствования о власти народа — просто обман.,0,1
46630,Передо мной часто закрывались двери фешенебельных светских клубов.,0,1
46658,"Миллиардер Уоррен Баффет предрек криптовалютам ""плохой конец"".",0,1
46680,"Гомер сравнивает свой труп с «маленьким ангелом, который убил 50 миллионов человек».",0,1
46804,Ведущей силой производства выступают крупные хозяйства.,0,1
46873,"Многие пользователи потрясены тем, что рок-произведение так хорошо звучит на балалайке.",0,1
46875,"Программа «Осторожно, Собчак!».",0,1
46916,"Я люблю физику, а ещё больше - математику.",0,1
46927,"""Мы привыкли сидеть в течение многих часов в доме Джейми, петь, играть и хорошо проводить время … Поэтому, когда Джей, Джо и я написали эту песню, мы думали, что было бы здорово, если бы он принял участие. Я позвонил ему и сказал: ""Эй, парень, ты должен услышать эту песню. Я думаю, что ты мог бы действительно, действительно улучшить её. Он сказал: «Знаешь что. Я спою песню на вашем альбоме, если вы, ребята, споете на моем». Я сказал: «Хорошо».",0,1
46958,С 1992 по 2005 год президентом Курчатовского института был физик Евгений Велихов.,0,1
47027,"Думается, что нужно издать самому.",0,1
47122,"Это было осуществлено при помощи Закона о военных мерах и было конституционно обосновано положением о мире, порядке и добром управлении.",0,1
47219,"Предупредить - значить отвратить что-либо заранее принятыми мерами; опередить, сделать что-либо ранее, чем что-нибудь произошло.",0,1
47242,"Передача биткойнов на адрес происходит с контролем формальной корректности адреса получателя, но без контроля реального существования публичного и секретного ключей, которые бы ему соответствовали.",0,1
47246,Сирийская оппозиция сообщила о гибели российского пилота.,0,1
47325,"Еще 5 пунктов работает в «Сибэкспоцентре», - рассказали в администрации города.",0,1
47400,Сейчас Владимирская область занимает 53 место среди субъектов России.,0,1
47423,"На территории Павловского района совершено 69 дорожно-транспортных происшествий, погибло 11 человек, 94 получили телесные повреждения различной степени тяжести.",0,1
47589,Документы и крупная сумма денег так же остались на месте.,0,1
47723,В этой библиотеке читать запрещено.,0,1
47766,"Франки не рассматривали монголов как партнёров по новому крестовому походу, который так и не состоялся».",0,1
47799,Более 270 млрд предусмотрено на программу «Первичное звено для каждого».,0,1
47854,Он всегда был свой для себя.,0,1
47871,О Диане написано много книг на различных языках.,0,1
47932,Из 11 учреждений среднего профессионального образования только 2 учреждения приспособлены для обучения инвалидов и других МГН.,0,1
47966,Болгария и Молдавия заняли второе и третье места соответственно.,0,1
47975,В Сирии убит очередной иранский генерал.,0,1
47989,"Создание специализированных подразделений, наделенных полномочиями в области информатизации по координации и контролю, или наделение соответствующими полномочиями существующих органов власти.",0,1
48043,"Петр Петрович зажег примус, чтобы согреть воду для гидрологических работ.",0,1
48208,"У моей сестры в три раза больше книг, чем у меня.",0,1
48212,предотвратить загрязнение водных объектов за счет установления специального режима осуществления хозяйственной и иной деятельности в границах водоохранных зон и прибрежных защитных полос;,0,1
48236,"Это правда, что он молодой, но он мудрый.",0,1
48255,В близком будущем космическое путешествие больше не будет всего лишь мечтой.,0,1
48260,У него больное сердце.,0,1
48450,(Слева голоса: браво.),0,1
48501,"Тогда из-за заставленных во дворе машин пожарные не смогли проехать к возгоранию, на Нейбута погибли двое детей.",0,1
48534,"Нет, ничего этого в нем не было.",0,1
48544,"Что бы ты сделал, если бы у тебя был миллион долларов?",0,1
48563,"В первую очередь предусматривается разработать схемы комплексного использования и охраны водных объектов для тех бассейнов, которые имеют напряженный водохозяйственный баланс.",0,1
48586,Камера-обскура означает «затемненная камера» для описания ранних устройств для проецирования изображения на экран с помощью линзы или точечного отверстия.,0,1
48615,Он не может позаботиться о себе — как он может позаботиться обо мне?».,0,1
48644,Какие у тебя ассоциации с летом?,0,1
48866,"Он представил, как будет помогать Дине устанавливать разные приборы в кабинете, а потом возьмет ее за руки и посадит к себе на колени.",0,1
48890,В этом же году «Яндекс» обогнал «Рамблер» и с тех пор держит первое место в российском сегменте Интернета.,0,1
48894,"Особенно интересовали его лекции профессора Телицына (Сухомлинова), читавшего теорию языка и историю древней русской словесности.",0,1
48912,Адаптация европейского опыта в различных сферах общественно-политической жизни на Украине.,0,1
48915,Это эволюционировало в XAM!,0,1
48965,"Кроме того, Московский Кремль является официальной резиденцией Президента Российской Федерации. Рабочая резиденция президента в Кремле располагается в здании Сенатского дворца.",0,1
49011,И неспроста столица планеты называется городом Средоточия Мудрости.,0,1
49298,"Ишо ничем ничего, а уж... мысли бог знает какие.",0,1
49468,Мы должны принимать во внимание его молодость.,0,1
49523,Этот эпизод грешит против хорошего вкуса и противоречит всей стилистике фильма.,0,1
49544,"Истратив все деньги, мы начали искать работу.",0,1
49676,Как долго вы болели?,0,1
49711,"Британская газета The Sunday Times официально опровергла опубликованную ей в 2009 году информацию о том, что владельцем особняка Уитанхерст (Witanhurst) в Лондоне является супруга бывшего мэра Москвы Елена Батурина. Об этом говорится в сообщении пресс-службы предпринимательницы.Издание принесло свои извинения самой богатой женщине России и обязалось компенсировать причиненный ей моральный ущерб и судебные расходы. В иске против газеты Батурина требовала символическую компенсацию морального ущерба в размере одного фунта, однако после проигрыша The Sunday Times сама предложила увеличить эту сумму до 15 тысяч фунтов.""Очередная ложь, которая была растиражирована обо мне европейскими и российскими СМИ стала очевидной. Недоумение и сожаление вызывает то, что российские суды, рассматривая мои аналогичные иски к российским СМИ, опубликовавшим не менее очевидную ложь, под любым предлогом стараются игнорировать факты нарушения моих прав"", - отметила Батурина. Она также добавила, что полученную компенсацию направит ""на развитие программ толерантности в российских и британских школах"".Статья была опубликована 27 сентября 2009 года. По данным издания, Батурина приобрела особняк через оффшорную компанию за 50 миллионов фунтов стерлингов и планировала провести в нем масштабную реконструкцию, в частности, построить на его территории огромный подземный лабиринт. О том, что Высокий суд Лондона встал на сторону Батуриной сообщалось в марте текущего года.Уитэнхерст расположен в районе Хайгейт на севере Лондона и является одним из крупнейших частных домов в Великобритании. В трехэтажном доме площадью около 3700 квадратных метров насчитывается 90 комнат (из которых 25 - спальни, а 12 – ванные). К настоящему моменту имя реального покупателя Уитанхерст не сообщалось.",0,1
49751,Во многих частях страны произошли восстания против диктатуры.,0,1
49767,Другим моим развлечением служило упражнение в перевертывании слов.,0,1
49866,В Москве 80 человек эвакуированы из подтопленных машин и автобуса.,0,1
49974,Возьмем иной тип производителя.,0,1
50013,"— Третье место на Литейном — ваш первый опыт редевелопмента, и вы получаете его в знаменитом памятнике рядом с Невским проспектом.",0,1
50021,"Американские военные замерзли во время учений у границ России, узнали СМИ.",0,1
50048,"Первая версия Word для Windows, выпущенная в 1989 году, продавалась по цене $500. Она демонстрировала выбранный компанией «Microsoft» путь развития: как и сама Windows, она многое взяла от Macintosh и использовала стандартные клавиатурные сокращения (например, Ctrl+S для сохранения файла). После выпуска в следующем году Windows 3.0 продажи поползли вверх (Word 1.0 гораздо лучше работал с Windows 3.0, чем с предыдущими версиями Windows), главный конкурент — WordPerfect — не смог оперативно выпустить рабочую версию под Windows 3.0, что оказалось для него роковой ошибкой. Версия 2.0 утвердила WinWord на позиции лидера рынка.",0,1
50066,Я верю в него.,0,1
50088,Он перепрыгнул через неглубокий ров.,0,1
50133,Целью политики в области развития предпринимательства является создание благоприятных условий для экономической деятельности хозяйствующих субъектов.,0,1
50138,И разводиться на ближайшие два года запрещено.,0,1
50199,"Организация «RMS Titanic Inc», которой принадлежат права владения обломками затонувшего парохода и подъёма артефактов, имеет представительство в Лас-Вегасе.",0,1
50276,"«Конечно, мы как болельщики радовались победам российского футбола в 2008 году.",0,1
50297,Сбербанк нашел виновника утечки данных клиентов в сеть.,0,1
50311,"Названный Уран XXIV, он был назван в честь сына короля Неаполя в пьесе Уильяма Шекспира «Буря».",0,1
50312,Сегодня отправила заказным в Ленинград Вольфу «Пушкина» — под двумя фамилиями.,0,1
50319,"Новый Сухой Суперджет 100 для авиакомпании Red Wings и в ее раскраске. Это 203-й самолет, а всего создано 205 машин на январь 2021. Хорош!",0,1
50335,Критику современников и историков вызвали примеры неудачного «поведения» императора и его братьев (великих князей) на театре войны.,0,1
50393,Из скольких человек состоит команда этого корабля?,0,1
50575,В начале 1993 года онбыл переведен в другую тюрьму.,0,1
50615,Паспорт муниципальной программы «Пожарная безопасность на территории МО Мошокское сельское поселение на 2017 - 2019 годы»,0,1
50630,Конференция закончилась к пяти часам.,0,1
50631,"Но это уже венозная система, абстрактные понятия, область отрицательной философии.",0,1
50682,"""Надеюсь, что в части российско-израильских отношений ваше правительство будет проводить политику преемственности, - подчеркнул президент РФ.",0,1
50763,"Приобретя опыт во время первой чеченской кампании, в контртеррористической операции войска прежних ошибок уже не делают.",0,1
50887,Написал «Мамин сундук» и «По улице мостовой».,0,1
50902,"Это было травоядное животное, которое сдирало листья с деревьев с его направленными вниз, похожими на клыки верхними зубами, которые закрывали обращенные вперед нижние зубы.",0,1
50909,"Развалины этой крепости находятся на улице современного города Ван, где они поддерживают стены, построенные в средневековую эпоху.",0,1
51004,"Когда это слово было первоначально принято, оно относилось к плану чего-то, а не к действию фактического выполнения этого плана.",0,1
51007,"Разработчик Юлиен Лавергне писал, что, хотя 10.10 включил много изменений более 10.04, не все изменения были рассмотрены как улучшения.",0,1
51037,организует составление проекта бюджета и материалов к нему;,0,1
51044,И денег вдоволь — и все-таки голод.,0,1
51121,"Являясь универсальным игроком, он способен атаковать как на флангах, так в центре поля.",0,1
51192,В США все DVD-диски первого сезона были закодированы с использованием NTSC.,0,1
51265,Этот остров был однажды столицей могущественного местного королевства.,0,1
51322,В этих словах мне послышалось много горечи.,0,1
51355,Он был очень счастлив.,0,1
51393,"Работы было много: во-первых, нужно было осуществлять надзор за только что начавшимся строительством несвижского коллегиума.",0,1
51697,"Ладно, я передам товарищу Дегтярю.",0,1
51743,Что означают те слова на арабском флаге?,0,1
51994,Россия вводит войска в Украину.,0,1
52069,"Когда я подписал контракт, я просто хотел быть частью этого мира.",0,1
52159,"Ласкин размышлял, лёжа на спине.",0,1
52273,"В его пользовательском интерфейсе есть только панель задач и меню, которое можно использовать, щелкнув правой кнопкой мыши на рабочем столе.",0,1
52337,Не уходи с пустыми руками.,0,1
52353,"Павел Андреевич Федотов, 1815-1852 гг.",0,1
52380,"Мало того, что в тот день было холодно, так еще и дождь пошел.",0,1
52676,Президент Ассоциации педагогов семейных детских садов Наталья Польскова: «Я всегда с особым трепетом относилась к воспитанию своих детей»,0,1
52786,"Его работа была организована на высшем уровне: там был построен крупный причал, ряд бензозаправок и современная гостиница со всеми удобствами.",0,1
52930,"Один год мы с ним жили на квартире, около университета.",0,1
52997,Почти всех пригласили.,0,1
52998,"А Тургенев не хотел быть ничем иным, как западником и умеренным либералом.",0,1
53115,Он был бы рад услышать это.,0,1
53132,"- в 2004 году по заключительным итогам пятого Фестиваля малых городов России в городе Лысьва спектакль «Козий остров» по пьесе У. Бетти был показан в Москве на сцене Государственного театра наций;- спектакли «Гадкий утенок» и «Записки сумасшедшего» на Всероссийском театральном фестивале «ПоМост»: Провинциальные театры России»;- в 2008 году на четвёртом Международном фестивале «Гостиный двор» высокую оценку получил спектакль С. Лобозерова «Семейный портрет с посторонним», а в сентябре этого же года театр - участник седьмого фестиваля малых городов России в городе Лысьва со спектаклем «Женитьба» по пьесе Н.В. Гоголя.",0,1
53237,"Тренер ""Ливерпуля"" Клопп: ""Брайтон"" может удивить ""МанСити"".",0,1
53255,"Получена телеграмма о выступлении 228 сд в район Дубно, что было предвестником войны с Германией.",0,1
53262,"Результаты эстафеты пошли в зачет спартакиады группы ""ЛУКОЙЛ-Пермь"" и предприятий Полазны.",0,1
53467,Студенты с нетерпением ждут летних каникул.,0,1
53705,Некоторые общины применяют эти стандарты к девочкам в возрасте трех лет.,0,1
53927,На замечания других пассажиров и бортпроводников челябинка не отреагировала.,0,1
54217,"Данная Подпрограмма будет ориентирована преимущественно на жителей города в возрасте от 14 до 30 лет и будет осуществляться в отношении таких категорий граждан как: учащаяся и работающая молодежь; члены детских и молодёжных общественных объединений; военнослужащие в возрасте до 30 лет; безработная молодежь; молодые люди с ограниченными физическими возможностями; молодые семьи; подростки и молодежь, оказавшиеся в трудной жизненной ситуации; представители молодежных неформальных объединений; представители творческой молодежи; подростки «группы риска»; специалисты, работающие с детьми, подростками и молодежью.",0,1
54414,Даже я не могу в это поверить.,0,1
54420,Награжден Орденом Красной Звезды.,0,1
54526,"Чтобы идти дальше, необходимо подсчитать количество параметров в этой матрице V, которые проявляются в экспериментах и, следовательно, физически важны.",0,1
54586,"Можно выделить 2 сектора малых и средних предприятий: массовый сектор (предприятия, которые, как правило, специализируются на осуществлении торговых операций, предоставлении услуг гражданам, производстве продукции, и таким образом играют ключевую роль в обеспечении занятости, повышении качества и уровня комфорта среды проживания) и высокотехнологичный сектор (экспортно - ориентированные предприятия, предприятия в сферах обрабатывающего производства и предоставления услуг, предприятия, обеспечивающие внедрение инноваций и решающие задачи по диверсификации экономики и повышению ее конкурентоспособности).",0,1
54606,"Дания является мировым лидером в использовании природных источников энергии, в частности энергии ветра.",0,1
54617,«Премия стала новой площадкой для проверки экспортного потенциала компании.,0,1
54696,"Прежде чем приступить к докладу, президент извинился, сказал, что «немного загрипповал».",0,1
54756,Продолжал сухо расспрашивать о работе отдела.,0,1
54807,Призовые деньги позволили ему купить гитару.,0,1
54811,Почему Билл порвал письмо?,0,1
54856,Он посмотрел мне в лицо.,0,1
54864,Я пишу исследование о французской революции.,0,1
54989,Через четыре года я снова встретился с ним в Академии генерального штаба как своим профессором по истории русского военного искусства.,0,1
55022,"Испытывает симпатию к Самуэлю, но после встречи с его братом Нано оказывается в любовном треугольнике.",0,1
55028,Мы должны прийти к соглашению.,0,1
55042,Их дом далеко от станции.,0,1
55054,Использование ловушки Пеннинга имеет ряд преимуществ перед радиочастотной ловушкой Пауля.,0,1
55191,Порошенко сообщил о потерях ВСУ в декабре.,0,1
55316,"Июнь
Месяц гордости 
Они обязаны закончить это .",0,1
55505,"В 1996 году Брюс Шнайер писал об IDEA: «На мой взгляд, это лучший и самый безопасный алгоритм блокировки, доступный для общественности в настоящее время.",0,1
55572,Позже количество преступлений увеличилось до шести убийств и десяти нападений.,0,1
55648,"Когда Oдани был окружен, Нобунага потребовал, чтобы его сестра была возвращена ему до финальной атаки.",0,1
55679,В Дагестане мужчина с ножом напал на полицейского.,0,1
55703,"Если бы у меня было достаточно денег, я бы купил эту славную машину.",0,1
55764,"Наиболее значительная и быстрая генетическая реорганизация происходит в чрезвычайно малых популяциях, которые были изолированы.",0,1
55876,Что за предмет у тебя в правой руке?,0,1
55890,Современный джаз мне не по вкусу.,0,1
55934,Его работы оказали влияние на великих писателей второй половины XIX века — Генрика Ибсена и Бьёрнстьерне Бьёрнсона.,0,1
55999,Дороги регионального значения связывают основные промышленные центры области между собой и с областным центром.,0,1
56096,КС постановил пересмотреть дело Ильдара Дадина.,0,1
56131,«Амкар-Пермь» на выезде проиграл «Носте» Пермяки заработали два удаления и доигрывали матч вдевятером (Подробнее...).,0,1
56246,предельный дефицит бюджета области и его зависимость от финансовой помощи из федерального бюджета;,0,1
56472,"Маллетт работала на нескольких работах, чтобы прокормить семью.",0,1
56489,луи орущий спасибо москва на русском восьмого июня,0,1
56628,"На полуострове эту идею раскритиковали, указав на ее бессмысленность.",0,1
56663,"Если я делаю это, то это лучше работает без комитета».",0,1
56787,Чей это словарь на столе?,0,1
56940,"Следовательно, в качестве контроля необходимо использовать такой ряд тканей, который мог бы отражать широкий спектр патобиологии печени.",0,1
57001,В Мексике говорят на испанском?,0,1
57046,По зрелом размышлении я решил принять их предложение.,0,1
57160,"Инспектор Глебски приступает к расследованию, применяя все свои стандартные навыки.",0,1
57276,Huawei G9 Lite и MediaPad M2 7.0 представлены официально.,0,1
57324,Майа влюбляется в учёного и рожает от него мальчика по имени Кэнтаро.,0,1
57441,"С 1991 работает в Еврейском историческом институте, в котором в 2007—2011 годах была директором.",0,1
57452,"По всем установленным фактам комиссией составлены акты для принятия мер в соответствии с действующим законодательством, - подытожил Логвиненко.",0,1
57550,В Банке России не исключили еще одного раунда повышения ставки до конца года.,0,1
57659,Кто не хочет иметь хороших друзей!,0,1
57728,"Это относится к любой форме знаний, которая может быть использована для социальной и экономической выгоды.",0,1
57773,"Если бы у меня были крылья, я бы отправился спасать ее.",0,1
57787,Мой отец всегда слушал радио и регулярно занимался спортом.,0,1
57906,Необходимая длительность сна для человека во многом зависит от его возраста.,0,1
57941,"Имеется гриф: ""Допущено Министерством образования РФ"".",0,1
57997,"Когда они остались одни, она говорит Шону, что думает уехать с принцем в Африку.",0,1
58096,представляете сколько вони было бы ведь как так!! так далеко!! а как же наши незаменимые москва и питер!!,0,1
58163,В этой библиотеке более 50 000 томов.,0,1
58167,"""Прошу вас, защитите ""Беркут"" от произвола"".",0,1
58192,Positive Technologies ранее фиксировала рост числа кибератак на компании из сферы ретейла на 153% по сравнению с прошлым годом.,0,1
58306,Она подарила мне сегодня почтовую бумагу с цветочками.,0,1
58344,"В 2006 году IEEE сертифицировала более 575 специалистов в области программного обеспечения, как «Certified Software Development Professional»(CSDP).",0,1
58363,"Если ты сделаешь настолько глупую вещь, люди будут над тобой смеяться.",0,1
58365,программ городского поселения город Усмань Усманского муниципального,0,1
58366,Вы не можете жить без воды.,0,1
58523,"создание детских спортивных школ, а также секций и спортивных клубов для детей и взрослых, в том числе, например, конный спорт;",0,1
58595,Напряжённый ритм жизни и попытки создать удовлетворительные условия для творческой работы объясняют частые смены его предпочтений и географию московских адресов.,0,1
58636,Мы благодарны друг другу.,0,1
58798,"Легла в лечебницу, но благодаря Фрэнку сбежала снова.",0,1
58894,У меня нет с собой много денег.,0,1
59007,"Это правда, эта девочка стояла перед нашей армией, рискуя своей жизнью, чтобы ты и твоя сестра могли сбежать.",0,1
59082,Да как же все это случилось Неужто ради меня весна среди зимы наступила Глазам своим поверить не смею.,0,1
59358,Планировавший теракт в Москве выходец из Киргизии признал вину.,0,1
59364,Из вагонов и лимузинов получилась окрошка.,0,1
59397,"Разрешение на посадку должно быть получено от Debswana по крайней мере, за 48 часов до прибытия.",0,1
59425,"Он будет также определять путь, куда вы будете направленны на следующем этапе, если есть раскол маршрута.",0,1
59539,"проведение конкурса ""Лидеры туриндустрии Югры"" с целью выявления и поощрения субъектов туристской индустрии.",0,1
59733,"Наука как социальный институт возникла в России при Петре I, когда в Сибирь и Америку им было отправлено несколько экспедиций, в том числе Витуса Беринга и Василия Татищева, первого русского историографа.",0,1
59780,"Нет причин, по которым вы должны звучать как Led Zeppelin».",0,1
59832,"Группа отправилась в тур по Северной Америке с группами Suffocation, Despised Icon и Aborted.",0,1
60002,"Как полицейский он не может выдержать мир супергероев, которых любит девушка, и он безуспешно пытается удержать Кэсси и Скотта.",0,1
60019,Парк был учреждён более 30 лет назад и инфраструктура для водного туризма уже достаточно развита.,0,1
60028,В зале не было ни одного свободного места.,0,1
60064,В РПЦ избрали новых архиереев.,0,1
60088,"На сегодняшний день необходимо реконструировать сеть громкоговорящей связи, развернутую в местах массового пребывания людей.",0,1
60155,"По заявлениям крупнейшей израильской пекарни Angel Bakeries, на протяжении восьми дней Хануки они жарят более 250 000 суфганиёт каждый день.",0,1
60166,"Джошуа начинает думать, что он никогда не вернется в ХХ век.",0,1
60332,"Четыре ключевых члена конгресса США незаметно заморозили почти на два года все основные продажи американского оружия Турции. Таким образом американские депутаты пытаются надавить на Анкару, чтобы она отказалась от зенитной ракетной системы С-400 российского производства. Администрация Дональда Трампа, которая может как отменить решение конгресса, так и ухудшить ситуацию для Турции, пока хранит молчание.",0,1
60394,"Разработаны методы лечения этих болезней, однако они не всегда эффективны.",0,1
60438,Может длительное время обходиться без пищи.,0,1
60441,Он был другом Вагнера.,0,1
60500,Затем журнал Empire в своём октябрьском номере опубликовал несколько эксклюзивных изображений из фильма.,0,1
60533,"А так как я был самый маленький во дворе (и по возрасту и по росту), то и оказывался я в самом хвосте.",0,1
60620,В Реестр включаются объекты находящиеся на территории муниципального образования и оказывающие услуги населению.,0,1
60662,"Другой характерной чертой брежневской кадровой политики была несменяемость кадров: случаи, когда руководители занимали свои посты на протяжении нескольких десятилетий, стали обыденными.",0,1
60689,"Это крошечная страна, о которой большинство людей никогда не слышали.",0,1
60733,"По мнению Ллевеллина, проект должен был опираться на постулаты реалистической школы права, что означало уход от излишней детализации правил заключения торговых сделок и тем самым — либерализацию торгового законодательства. В процессе разработки проекта Ллевеллин исходил из того, что правовые нормы могут быть правильно истолкованы только с учетом и в соответствии с тем контекстом, в который эти нормы заключены. Взгляды Ллевеллина в значительной степени предопределили такие специфические черты ЕТК, как преобладание открытых стандартов над жесткими правилами и необходимость толкования его положений с точки зрения цели регулирования.",0,1
60780,"Со вчерашнего дня бесконечные распри со столовой: чувствуем, что они обжуливают детей, но нам их не поймать.",0,1
60801,"Это первая специальная цветовая схема Royal Jordanian, которая будет использоваться.",0,1
60860,На выставке приняли участие 280 компаний из 26 стран.,0,1
60886,"Один из героев Мопассана упрекал Господа Бога в натурализме.    
                 
Зеркала не хранят воспоминаний. Что видели они?    
                 
Русская история двух веков. Где памятники, как люди, прятались в бомбоубежища во время войны.    
                 
Мы всегда с побежденными, в этом наша сила.",0,1
61028,Церемония вручения премии «Аврора» проходит ежегодно в столице Армении Ереване.,0,1
61079,После провозглашения Демократической Республики Армения (ДРА) он организовал добровольческие отряды против Османской армии и сражался вместе с ними.,0,1
61173,"В силу того что прецессия медленно, но непрерывно смещает точку весеннего равноденствия, то есть начало тропического зодиака, в рамках движения Нью-эйдж возникла идея рассмотреть движение точки ♈ по сидерическому зодиаку. Поскольку полный круг прецессии совершается за 25 776 лет, 1/12 этого цикла равна 2148 годам. Значит, если считать, что 0°♈ двух зодиаков разошлись в конце I тысячелетия до н. э., получается, что два тысячелетия точка весеннего равноденствия перемещалась по сидерическому знаку Рыб и в начале III тысячелетия должна вступить в сидерический Водолей.",0,1
61197,Я чувствовал к нему симпатию.,0,1
61334,Однако это не помешало «Зениту» по итогам первого круга занимать первое место в турнирной таблице.,0,1
61387,Завонял весь двор: прокуратура оштрафовала бизнесмена за слив отходов в люк ливневки.,0,1
61471,Большое количество публикаций появилось в Болгарии.,0,1
61500,"В Одессе прошла серия ""минирований"": полицейские призвали граждан сохранять спокойствие.",0,1
61523,Премьер-министр Дании назвала идею Трампа о покупке Гренландии абсурдной.,0,1
61554,Подробнее о них читайте в нашем материале.,0,1
61599,"Отметим тенденцию превышения темпов роста сельскохозяйственного производства над темпами роста промышленного производства в 2013, 2014, 2016, 2017 гг. (по показателям: индекс промышленного производства по крупным и средним предприятиям по чистым видам экономической деятельности (ИПП); индекс производства продукции сельского хозяйства (в сопоставимых ценах, в процентах к предыдущему году) (ИППСХ); источник «База данных показателей муниципальных образований» http://www.gks.ru/dbscripts/munst/munst36/DBInet.cgi).",0,1
61629,"Одно из основных отличий и преимуществ, декларируемых самой GRI, заключается в том, что это руководство позволяет отчитывающейся организации использовать рекомендации поэтапно.",0,1
61643,26 (1868) - один из самых популярных романтических скрипичных концертов.,0,1
61650,"Таким образом, московский клуб, имея всего одно очко, остается на последнем месте в турнирной таблице.",0,1
61668,"Телеграмма от Оли, ответ Оле.",0,1
61676,"Кого изберут, с тем мы и будем работать.",0,1
61679,Коленопреклоненный Орлов поцеловал ее руку.,0,1
61807,"Депутат Госдумы от фракции КПРФ Валерий Рашкин попросил прокуратуру привлечь к ответственности московских чиновников, ненадлежащим образом следящих за городской инфраструктурой. Из-за этого, по мнению коммуниста, происходят техногенные аварии, например, пожары из-за утечек газа, случившиеся в Москве 16 ноября. Соответствующий запрос парламентарий отправил на имя генерального прокурора России Юрия Чайки, сообщает РИА Новости. «Прошу вас рассмотреть вопрос о привлечении к установленной законом ответственности соответствующих должностных лиц хозяйствующих субъектов и правительства Москвы, в чьей компетенции находится надзор за безаварийным функционированием вверенной им инфраструктуры и городского хозяйства, транспорта города Москвы», — говорится в запросе Рашкина. Депутат напомнил, что за последний год в Москве произошел ряд техногенных катастроф: аварии в метро, авиакатастрофа в аэропорту Внуково, ЧП на нефтеперерабатывающем заводе в Капотне. «Все это дает полное основание сделать вывод о системном характере происходящего и о неспособности или нежелании отдельных должностных лиц предпринимать предусмотренные законом меры для безопасности москвичей.  Все сводится к ответственности ""стрелочников"", а руководители, акционеры хозяйствующих субъектов, крупные чиновники выходят сухими из воды», — считает Рашкин. В Москве 16 ноября из-за выброса газа в 14 квартирах в 11 жилых домов произошли возгорания. С места происшествия были эвакуированы более 600 человек, 12 человек пострадали. Следственный комитет начал доследственную проверку произошедшего.",0,1
61860,"По итогам 2013-2014 учебного года качество знаний учащихся составило 42,5%.",0,1
61873,Оценка творчества русского писателя психоаналитиками не выдержала академической критики.,0,1
61916,Существующие стандартные протоколы IEEE не полностью удовлетворяют требованиям связи в реальном времени в этой среде.,0,1
62001,"Уровень радиации в воде второго энергоблока японской АЭС ""Фукусима-1"" превышает норму в сто тысяч раз. К таким выводам пришли сотрудники оператора станции, компании TEPCO, измерив уровень радиации на аварийном энергоблоке во второй раз, сообщает в воскресенье, 27 марта, ""Киодо"". Уровень радиации в воде во втором энергоблоке ""Фукусимы-1"" составляет более чем 1000 миллизивертов в час.
Если подвергаться действию излучения подобной интенсивности в течение четырех часов, то полученная доза (4000 миллизивертов) может привести к летальному исходу. По словам представителя агентства ядерной безопасности, это ""очень высокая цифра"" и, скорее всего, радиоактивная вода вытекла из реактора. Представитель агентства призвал власти страны найти такой способ откачать загрязненную воду, при котором не было бы необходимости подпускать работников АЭС слишком близко к опасной зоне. К данному моменту все работающие над восстановлением системы охлаждения реакторов были эвакуированы. Ранее сообщалось, что уровень радиоактивности воды во втором энергоблоке превысил норму в 10 миллионов раз. Однако позже представители компании TEPCO заявили, что была допущена ошибка. 11 марта 2011 года на севере Японии произошло девятибалльное землетрясение; за ним последовало цунами. Подземные толчки и вода привели к отключению реакторов АЭС ""Фукусима-1"" от электропитания и прекращению работы системы охлаждения. В четырех из шести энергоблоков произошли взрывы и пожары.",0,1
62011,"Он начнет меня искать, а я буду прятаться.",0,1
62087,"Ошибка в том, что эта функция также возникает, когда она выключена, поэтому при изменении часового пояса компьютера все события в iCal также смещаются.",0,1
62113,"Один из фильмов, продолжение которого мы можем увидеть в ближайшем будущем - ""Гладиатор"".",0,1
62124,Это делало его единственным посредником между рабочим обществом и администрацией.,0,1
62249,"Чужды были для них ее нравы, ее пища и даже ее климат.",0,1
62502,"Дым идет только из форточек жилых квартир, куда выведены трубы «буржуек», да и то не из всех.",0,1
62524,Роман был переведен на многие языки.,0,1
62558,"Я уж не говорю о том, что избавило бы нас от непрошеных благодетелей.",0,1
62736,Единственным противовесом Австрии могла бы быть союзная Наполеону Россия.,0,1
62863,В настоящее время в работе у судебных приставов находится около 40 тысяч исполнительных документов в отношении должников за тепло и ГВС.,0,1
62922,Как поддерживать в себе беспрерывно веру в торжество идеи и как жить без веры в это торжество!,0,1
63002,Единственным официальным языком на территории Фламандского региона является нидерландский.,0,1
63016,"После громкого инцидента в Турции, вследствие чего погиб Посол РФ, Сухарев предложил рассмотреть возможность обеспечения безопасности российских дипломатов силами специального назначения. Как вариант — это может быть спецназ Чечни. В 2017 году выступал с инициативами запрета скидок на алкогольную продукцию, назвать именем постпреда РФ при ООН Виталия Чуркина улицу в Москве, размещать на упаковках товаров предупреждение о возможном вреде от употребления того или иного продукта, содержащего добавку Е171. Иван Сухарев также заботится о здоровье школьников, он предложил ввести в российских школах курсы по гигиене. Парламентарий убежден, что таким образом возможно будет снизить процент заболеваемости школьников.",0,1
63025,"Я устал от того, что 50 % населения этой страны считает креационизм разумным и приемлемым.",0,1
63028,Наши инженеры сами должны справиться с проектом Канала.,0,1
63032,Поражение итальянской армии резко ухудшило положение в стране.,0,1
63088,"Согласно документу предусматривалось использование территории Италии американскими войсками в случае военных действий против третьей державы, предположительно — Советского Союза, который согласно натовским доктринам рассматривался как основной потенциальный противник Запада.",0,1
63099,"Победители международных и всероссийских конкурсов поощряются именными стипендиями: по итогам 2016/2017 учебного года 15 лучших учащихся детских музыкальных и художественных школ Управления культуры получили стипендии Мэра города Казани (ДМШ №1, 3, 4, 5, 8, 9, 10, 14, 18, ДХШ №1, 3, 4, 6), 2 – стали лауреатами III премии Общероссийского конкурса «Молодые дарования России», 1 - победителем Всероссийского фестиваля юных художников «Уникум» в категории Декоративно-прикладное искусство с работой «Материнство», 1 – стипендиатом фонда Дениса Мацуева.",0,1
63234,Философия Эмпедокла известна прежде всего как источник космогенной теории четырех классических элементов.,0,1
63276,"ГБУЗ ""Северодвинская городская детская клиническая больница"";",0,1
63496,Что привело тебя к этому выводу?,0,1
63525,"Как и в предыдущих играх Earthworm Jim, несмотря на многочисленные элементы платформера, основным боевым методом Джима является стрельба из своего бластера.",0,1
63543,"Статья президента России Владимира Путина обсуждается в различных немецких кругах, рассказал российский посол в Берлине Сергей Нечаев. Он отметил, что эту реакцию дипломаты фиксируют и будут анализировать. Ранее материал Путина о Второй мировой войне вызвал интерес и в Госдепе США. Там главным образом заинтересовались предложением провести саммит «ядерной пятерки».",0,1
63548,Сотрудники военной полиции из России провели с сирийскими коллегами учения на местности.,0,1
63555,"Однако операции 1 и 2 не зависят от любой другой операции, так что они могут быть вычислены одновременно.",0,1
63638,"Аналогичным образом, первые 300 были окрашены в красный цвет для специального предварительного заказа.",0,1
63866,"В конце концов, она находит Оуэна.",0,1
63868,"1 миллиард людей в данный момент страдает от голода, тогда как 2 миллиарда страдают ожирением либо диабетом.",0,1
63934,Завтрак в ВОКСе с бельгийскими учеными.,0,1
63979,"Третий транш МВФ - это не большая победа, а большое поражение.",0,1
64063,"Чтобы выиграть приз, успешный медицинский трикодер должен будет диагностировать эти состояния у «30 человек за 3 дня».",0,1
64121,Приоритетными направлениями политики города в области образования города Алейска являются:,0,1
64129,"Туман вокруг Toyota рассеется только весной, когда японская красавица TF102 впервые будет представлена ко двору гоночной ""королевы"".",0,1
64136,"Он может видеть на расстоянии до 300 метров (985 футов), но считается, что у него плохое ночное зрение.",0,1
64172,реализация проекта в рамках программы «80х80» «Строительство детского сада на 220 мест» на сумму 146 484 тыс. руб.;,0,1
64298,"«Когда выяснилось, что сын не мой, сразу сказал: «Хватит меня доить»",0,1
64307,"Не исключено, что погибший мог уснуть в пути движения.",0,1
64361,Средний рост девочек в классе больше ста пятидесяти пяти сантиметров.,0,1
64392,"В соответствии с шестым и седьмым сезонами, восьмой сезон основан на беседах сценаристов с Джорджем Мартином.",0,1
64478,"Мы верим, что их опыт и экспертиза обеспечат успешное развитие бизнеса, - говорит председатель совета директоров МегаФона Иван Стрешинский.",0,1
64659,"Вдоль южной стороны Иерусалима расположена долина Хинном — крутое ущелье, в библейской эсхатологии ассоциируемое с концептом Геенны или ада.",0,1
64838,"Его учителями были Георг Эггер и Бальтазар Сирилер, которые научили его играть на органе.",0,1
64882,"Немедленно после этого стало очевидно, что мы достигли своей цели.",0,1
64991,Я всегда хотел для Германии только лучшего!»,0,1
65116,В каждом из трех домов один человек выжил.,0,1
65183,"Эти конституционные изменения не были популярны среди гвианцев, которые рассматривали их как шаг назад.",0,1
65282,"Я хочу лишить себя жизни потому, что такая у меня мысль, потому что я не хочу страха смерти, потому...",0,1
65344,Он даже пешком пошел в университет.,0,1
65365,"Пожарные спасли четырех человек из горящего ТЦ ""РИО"" в Москве.",0,1
65394,"В прошлом показатели смертности были настолько высоки, что сдерживали рост населения Земли.",0,1
65493,Ей не может быть больше тридцати.,0,1
65606,Микробов можно увидеть только с помощью микроскопа.,0,1
65645,"Уходят деньги, уходит любовь.",0,1
65651,"Общее количество баллов, полученных за прыжок, составило 0.0, после того как французский судья поставил оценку −3.5.",0,1
65853,Вам до Москвы еще четыре дня ехать.,0,1
65855,"Начиная со второго раунда, все игры начинаются с 18-го уровня.",0,1
65901,"Борис всегда приносит нам небольшой подарок, когда нас навещает.",0,1
65918,"На развитие экономики и социальной сферы города в 2018 году прогнозируется направить инвестиций в основной капитал в сумме 691,00 млн.рублей.",0,1
65966,Министры правительства являются министрами Короны.,0,1
66186,"Поляризованный лунный свет не может быть увиден людьми, но считается, что он используется многими животными для навигации.",0,1
66398,"Бо́льшая часть препарата попадает в печень и превращается в дофамин, который не проникает через гемато-энцефалический барьер.",0,1
66428,В отношении одного субъекта малого предпринимательства общий срок проведения плановых выездных проверок не может превышать 50 часов для малого предприятия и 15 часов для микропредприятия в год.,0,1
66445,Выслал разведку под командой нач[альника] штаба Гущина на реку Припять с задачей форсирования реки соединением.,0,1
66475,Анализ потребления тепловой энергии за период с 2010 по 2016 год показывает на снижение объема покупки тепловой энергии.,0,1
66528,"В субботу, 15 декабря, британская пресса пишет о планах местной оппозиции обучать иммигрантов английскому языку, очередной стрельбе в американской школе, преследовании оппозиции в России и идеологии Путина.",0,1
66532,"Нью-Йорк называют ""Большим яблоком"".",0,1
66544,Башню можно увидеть отсюда.,0,1
66576,"Будучи поражёнными вирусом, растения часто начинают вырабатывать природные противовирусные вещества, такие как салициловая кислота, оксид азота NO и активные формы кислорода.",0,1
66592,Лукашенко на встрече с коллективом Лидской центральной районной больницы затронул тему продажи электроэнергии другим странам.,0,1
66610,Также является российским шпионом.,0,1
66862,"Тони говорит по-английски лучше, чем я.",0,1
66897,С целью организации более качественного их оздоровления создаются условия для загородного круглогодичного отдыха детей и молодежи.,0,1
67068,"Социальным институтом, обеспечивающим реализацию функции согласования целей индивидов и общества, является государство.",0,1
67130,"Golden Earring сосредоточили свое внимание на Европе, где они продолжают собирать толпы и продолжают выступать.",0,1
67145,Другие сочувствуют его идеологии или приветствуют его двусторонние торговые соглашения и соглашения о взаимной помощи.,0,1
67205,"-ты обещал жениться на мне этой зимой 
-давай будем откровенными... какая же это зима ?

...",0,1
67476,Нет толку спорить об этом.,0,1
67489,38 См.: Ренан Э. Аверроэс и аверроизм.,0,1
67562,"Когда она лежит в ванной можно увидеть красную нить на запястье: обычай, связанный с кабаллой.",0,1
67611,"Огромный дядя, красавец, богатырь, 29 лет.",0,1
67697,"В сущности, при всем принципиальном различии двух формул, это был, в тогдашних условиях, спор о словах.",0,1
67770,В своих воззваниях он призывал к самым крайним методам борьбы с самодержавием.,0,1
67920,От первого брака со Светланой Макеенко — дочь Екатерина.,0,1
68043,"Для ТВ-версии темы, которая длится 50 секунд, только первые две и последние две строфы были использованы.",0,1
68093,"В сельской местности бандитизм распространился настолько, что даже мобильные колонны Национальной гвардии и угроза смертной казни не привели к улучшению.",0,1
68132,Ваше платье очень симпатичное.,0,1
68168,"До принятия окончательного решения по этому поводу договорились, во-первых, не допустить опубликования акта отречения Николая II в пользу брата, а во-вторых, срочно организовать встречу с Михаилом Александровичем, чтобы узнать его мнение и по возможности убедить его отказаться от принятия престола, а уже после этого опубликовать оба акта одновременно.",0,1
68322,Касательно Западной Стены он сказал следующее: «Для них можно построить другую стену.,0,1
68343,Организация холдинга расположена в 15 регионах Российской Федерации.,0,1
68345,"Я сомневаюсь, что Боб придет вовремя.",0,1
68408,"Я не ем ужин, потому что хочу похудеть.",0,1
68429,Я не мог удержаться от смеха.,0,1
68454,"Меррифилд вызвал разногласия в ходе предвыборной кампании 2004, предлагая обязать женщин, намеревающихся совершить аборт, получать перед этим психологическую помощь.",0,1
68474,От тебя пахнет тухлым яйцом.,0,1
68484,"Поклонение, согласно Корану, возможно только Единому Богу — Аллаху.",0,1
68506,"Ровно до тех пор, пока мужчина не написал о проблеме через соцсеть в Центр управления регионом.",0,1
68522,Родная племянница актрисы Анны Старшенбаум.,0,1
68529,Папа на час В Москве можно купить воскресных отцов На эту рекламу я наткнулась в одном из дорогих глянцевых журналов для родителей.,0,1
68605,"В течение восьми недель их держали в Парк-Роу-Билдинг, ограничив связь с внешним миром.",0,1
68706,Такого рода виртуозность очень развлекает обоих.,0,1
68983,Прогнозируемый объем инвестиций за счет всех источников формируется в основном за счет:,0,1
68991,"2008 год отмечен соглашением с ЛУКОЙЛОМ, которое является одним из крупнейших соглашений, заключенных за всю историю Группы.",0,1
69002,Он поехал в Африку посмотреть на диких животных.,0,1
69168,Отношения между Пакистаном и Азербайджаном развиваются также в религиозной и культурной сферах.,0,1
69180,"Полная версия UPSA-2, содержащая дополнительные вопросы для повышения уровня сложности для каждой субшкалы.",0,1
69187,Я собираюсь поехать в Париж осенью.,0,1
69264,В следующем эпизоде Зуко предлагает научить Аанга магии огня.,0,1
69319,"Приглашение представителей радикальной группировки ХАМАС в Москву для переговоров, сделанное Владимиром Путиным в ходе его испанского визита, застало врасплох американское руководство, сообщает AFP. Пресс-секретарь Государственного департамента США Шон Маккормак признался: ""В связи с этим мы попросили русских прояснить их позицию и рассказать, каковы их планы и намерения"". Он подчеркнул, что Россия является участником международного ""квартета"" посредников по урегулированию ближневосточного конфликта, который потребовал у ХАМАС отказаться от насильственных методов борьбы и признать еврейское государство. Он также рассказал, что американский посол в Москве связался с МИДом России для получения более обстоятельных пояснений относительно приглашения руководства радикальной группировки в Москву. Официальный представитель МИД России Михаил Камынин заявил: ""Наше намерение о проведении контактов с представителями ХАМАС продиктовано, прежде всего, стремлением России не допустить серьезной деградации ситуации в палестино-израильском урегулировании, сохранить перспективу продвижения мирного процесса на основе ""дорожной карты"", продолжить поиск решений, приемлемых и для ПНА, и для Израиля, и для международного сообщества"". Кроме того, он подтвердил приверженность Москвы своим обязательствам, как участника ""квартета"": ""Цель у нас одна - довести до руководства ХАМАС четкий и недвусмысленный сигнал международного сообщества о необходимости принятия ответственных решений, отвечающих коренным интересам всего палестинского народа и способствующих созданию независимого и жизнеспособного палестинского государства, сосуществующего в мире и безопасности с Израилем"". Напомним, что заявление Владимира Путина о возможности проведения переговоров между руководством России и ХАМАС вызвало резко негативную реакцию в правительстве Израиля. ""Россия должна определиться, является ли она участником квартета или нет"", - заявил высокопоставленный израильский чиновник, попросивший не называть его имени. США, страны Евросоюза и Израиль внесли ХАМАС в список террористических организаций. Официальные представители этих государств отказались вступать в какие-либо переговоры с радикалами, победившими на парламентских выборах в Палестине, до тех пор, пока они не откажутся от террора.",0,1
69457,"Я не понимаю, почему она не согласна с моим мнением.",0,1
69565,"А писатели в Доме творчества крадут чайные ложки и стаканы, поскольку — дефицит.",0,1
69737,Возможны проблемы любого или всех внутренних органов.,0,1
69778,На английском говорят во многих странах.,0,1
69789,"Также в книге Майкл и Кей имеют двух сыновей, но в фильме у них сын и дочь.",0,1
69889,"Петербургская духовная академия заставила викария Сергия служить панихиду по казненному лейтенанту Шмидту. Не богу эти будущие отцы молились, а протестовали этим против правительства.",0,1
69911,"Они также утверждают, что Тамаз является политическим заключенным.",0,1
69943,"Это приведет к потере темпов роста добычи минеральных ресурсов, сохранению недозагруженности мощностей электроэнергетики.",0,1
69988,"Две тысячи страниц, из которых я пока не прочитал ни единой.",0,1
70100,В Казахстане резко континентальный климат с тёплым летом и очень холодной зимой.,0,1
70127,"Секс и отношения станут обязательными для изучения во всех школах Англии, заявили в правительстве.",0,1
70207,"Вошел Бугаевский, и мы отправились в парикмахерскую.",0,1
70268,"Обратная не квадратной матрицы, это опасная вещь.",0,1
70271,Этот уровень должен быть относительно низким для способствования средне- и долгосрочному инвестированию.,0,1
70289,"в наличии на его территории практически всех природных зон России: высокогорная, горная, предгорная (альпийская), лесная (таежная), степная и лесостепная;",0,1
70331,"и прогнозная оценка расходов федерального бюджета,",0,1
70569,"Добавим к этому живость, ум и образование молодой женщины.",0,1
70636,"Он продолжал играть в школьных постановках, включая мюзикл «Парни и куколки».",0,1
70731,"Когда блок впервые вышел в эфир, его вел Лицо Ника-младшего.",0,1
70748,"Каждый из нас должен быть осторожен, управляя автомобилем.",0,1
70849,Франция обвинила российского дипломата в шпионаже и выслала его. Москва ответила высылкой сотрудника французского посольства,0,1
70861,Стабильная работа производственных предприятий в свою очередь создает условия для развития все новых направлений в сфере услуг.,0,1
70876,Понравился вам Тан Минлун (если я не ошибаюсь в имени)? Студент МГУ.,0,1
70979,"Валерий Карпин: Удивило, что Рохо попал в створ - да и еще и правой!",0,1
71063,"В России обширная территория, а в Китае самый трудолюбивый в мире народ. ...",0,1
71139,"Нейрохирург Алексей Кащеев: ""Больше всего меня поразила история врача, который поставил рекорд смертности во время операции - 300 процентов""",0,1
71280,Через три месяца после смерти Распутина его могила была осквернена.,0,1
71313,В Китае в возрасте 103 лет скончался старейший олимпиец.,0,1
71360,"По его словам, пользователи начали активно выражать свое недовольство после записи основателя «Мужского государства» Владислава Позднякова.",0,1
71426,"Таким образом, вирусы гриппа птиц, как и вирусы гриппа человека, одинаково легко реплицируются на свиньях.",0,1
71465,"Верховная Рада приняла предложенный президентом Украины Петром Порошенко закон об амнистии сторонников самопровозглашенных ""народных республик Донбасса"".",0,1
71467,"По итогам обсуждения лидеры ЕС пришли к мнению, что строительство заграждений на границе Евросоюза с Беларусью не должно финансироваться из общего бюджета Евросоюза.",0,1
71479,"Ночные бабочки Ларисы, державшие в страхе всю Казань четыре года...",0,1
71516,Я поднял голову и посмотрел на дом.,0,1
71536,Это был злой кролик.,0,1
71619,"Надеюсь, ты весело проводишь время.",0,1
71647,Были изучены два основных аспекта взрослой привязанности.,0,1
71797,"Но подойти к нему, густо населенному японцами, означало верный плен.",0,1
71883,"Были в церкви старики: Кобчик, Евдоким и Баранов.",0,1
71940,"Ах, боже мой, тогда они пропали!..",0,1
71983,"Сидя на крыльце кухни, она кормила цыплят и вдруг, не охнув, упала мертвая.",0,1
72085,А в вашем детстве зима была такая?,0,1
72130,Я попросил друга отправить мне несколько монет его страны.,0,1
72223,Путин пообещал процветание петербургскому Балтийскому судостроительному заводу.,0,1
72227,"Как это ни неприятно, они будут вынуждены узнать себя.",0,1
72357,И РЕКОНСТРУКЦИИ В 2014 - 2020 ГОДАХ В РАМКАХ РЕАЛИЗАЦИИ,0,1
72361,Существуют ли исключения из принципа причинности?,0,1
72413,"В состав экспертной комиссии вошли представители фотомастерской «Лист» Андрей Мошков, Митя Ренуа и Александр Еманаков .",0,1
72541,В сентябре 2007 года Dr. Dre заявил о своем намерении посвятить два месяца производству Relapse.,0,1
72552,"Суд удовлетворил требования владельца ТЦ частично сумму долга взыскали полностью, а размер неустойки сократили до 5,8 тыс. долларов.",0,1
72578,"Он был применен к SAFER, IDEA, Skipjack, E2, Twofish, Camellia, CRYPTON, а также к потоковому шифру Salsa20.",0,1
72605,"MasterCard осенью текущего года начнет тестирование новой системы, которая позволит оплачивать покупки в интернете при помощи селфи. Об этом сообщает The New York Post. Программное обеспечение по распознаванию лица получило название ID Check. Оно было создано MasterCard в партнерстве с Google, Apple и Samsung. В первом тестировании примет участие 500 держателей карт. Для пользования услугой потребуется установка специального приложения, при помощи которого и будет осуществлен процесс считывания биометрических данных лица или отпечатка пальца. В случае с селфи для аутентификации пользователя также потребуется моргнуть перед камерой. Это нужно для того, чтобы никто не смог подставить вместо лица, например, фотографию. После сканирования система переводит изображение в машинный код, далее хэширует его и сравнивает полученные данные с тем, что хранится на серверах компании. MasterCard уверяет, что будет хранить не фотографии, сделанные пользователями, а только их алгоритмы. «Новое поколение очень увлекается селфи. Я думаю, что они посчитают эту идею классной. Они будут активно пользоваться такой услугой», — сказал в интервью CNN Аджей Балла, который ответственен за разработку инновационного решения. В MasterCard считают, что такая технология более безопасная: пароли нуждаются в запоминании, к тому же, их легко украсть. В настоящий момент владельцы карт используют код, который вводится при оплате покупок онлайн. При помощи такой защиты в 2014 году было проведено более трех миллиардов транзакций, отмечает компания. MasterCard планирует глобально расширить проект в следующем году. В планах также запуск авторизации платежей при помощи системы распознавания голоса и сердцебиения. Ранее в марте на конференции CeBit в Ганновере основатель Alibaba Джек Ма продемонстрировал принцип работы похожей платежной технологии. Тогда Ма с помощью селфи осуществил покупку товара в интернете прямо со сцены. Ожидается, что широкое распространение услуга компании получит в 2017 году. В этом тренде также заметную роль сыграла Apple. В 2013 году вышла модель iPhone 5S, оснащенная сканером отпечатков пальцев. Его можно использовать как для разблокировки устройства, так и для онлайн-шоппинга.",0,1
72622,"Многие природные явления на Земле связаны с возмущениями в солнечном ветре, в том числе геомагнитные бури и полярные сияния.",0,1
72696,"По словам очевидцев, Павел снимал происходящее на камеру.",0,1
72810,В твоих глазах отражаются отзвуки моего голоса.,0,1
72837,"По ее мнению, биткоин - это разработка американских спецслужб.",0,1
72885,Она была ошеломлена этой новостью.,0,1
72888,"Также артист отметил, что часто выходит на сцену не совсем здоровым.",0,1
72919,Он был часто папским легатом или действовал как таковой в Германии.,0,1
72967,У меня есть с собой немного денег.,0,1
73261,Мэри только что пришла домой.,0,1
73352,"Став одним из учеников старого волшебника, он становится практиком как мистических, так и боевых искусств.",0,1
73380,"Как самый старший в классе, Киаве очень серьезный человек.",0,1
73487,"В школе Корделия ломается, чувствуя себя бесполезной и ответственной за надвигающуюся войну.",0,1
73494,"Антецедент имеет особое значение в связи с относительными местоимениями. Местоимение обычно открывает относительное предложение, но антецедент находится в основном предложении.",0,1
73559,И только под конец раунда Флойду удалось оторваться от противника.,0,1
73799,"Немецкий художник-концептуалист Улай, известный благодаря совместным перформансам с Мариной Абрамович, скончался на 77-м году жизни. Причиной трагедии, произошедшей в Любляне, стало тяжелое заболевание.",0,1
73848,WIPO Lex охватывает также международные договоры относящиеся к интеллектуальной собственности.,0,1
73925,Его вычеркнули из списка.,0,1
73943,"Они также создали Light Gun, используемый в Duck Hunt.",0,1
73959,"Лирика счастлива и говорит о счастье от неидеальной жизни, хотя и сохраняет характерные для группы темы самоанализа и надежды.",0,1
73972,Три человека так и не были найдены.,0,1
74029,С лицом не русского типа.,0,1
74032,"Хватит ходить вокруг да около, скажите мне, кто виноват.",0,1
74057,"Пограничная охрана Финляндии входит в подчинение министерства внутренних дел, но может быть включена в вооружённые силы в случае необходимости.",0,1
74061,"Я видел, как однажды, когда он сидел на крыльце, какая-то женщина подошла и подала ему двадцать копеек.",0,1
74063,"Когда Ирод узнал, что его обманули, он приказал убить всех детей мужского пола в Вифлееме в возрасте двух лет и младше.",0,1
74123,Я вижу на столе книгу.,0,1
74208,Московский полумарафон может вновь стать самым массовым забегом в России — РИА новости Во Владивостоке состоялось главное беговое событие года Забег.,0,1
74324,"AT&T Wireless и Rogers Communications предложили 8390 в США и Канаде, соответственно.",0,1
74350,"Давайте мне о себе изредка знать, хорошо?",0,1
74402,"Первоначально он был полностью темным, но когда «Вояджер» подошел к планете, образовалось яркое ядро, которое видно на большинстве изображений с самым высоким разрешением.",0,1
74504,"Подпрограмма направлена на модернизацию и развитие инфраструктуры, ресурсного обеспечения системы образования:",0,1
74653,"Я надела матроску, которую сшила мне Ека.",0,1
74741,"Не так, как другие.",0,1
74759,Я хочу путешествовать вместе с тобой.,0,1
74790,"В настоящее время основное количество предприятий-переработчиков, специализирующихся на разных видах отходов, в принципе перерабатываемых в Краснодарском крае, располагаются вдоль двух главных экономических осей развития края – «Сочи – Новороссийск» и «Краснодар – Ростов», с незначительным отклонением от последней в сторону г. Ейска, объясняемым его пограничным положением с Украиной (в городе перерабатываются нефтесодержащие и льяльные воды с судов ОАО «Ейский морской порт», а также металлургический шлак ОАО «МК Азовсталь»).",0,1
74884,Уолпол отказался принять подарок для себя лично.,0,1
74908,"Его мать умерла, а квартира отошла государству.",0,1
74939,"В Польше в это время находят себе приют и убежище разного рода религиозные вольнодумцы, гонимые у себя на родине.",0,1
75030,Не входите ко мне в комнату!,0,1
75150,Он также исполнил песню несколько раз с Danity Kane.,0,1
75254,"Но трогать ""основной фонд"" в 2.500 р., который лежит в вещах у Асеева, пока не буду.",0,1
75298,В настоящее время максимум 8191 неглобальная зона может работать внутри одного экземпляра операционной системы.,0,1
75321,"Первым мохнатым другом Веры Емельяновой был пёс по кличке Тима, до сих пор он оставил несгладимый след в сердцах домочадцев.",0,1
75331,Система ЕРИП может быть недоступна 7 декабря.,0,1
75337,Заразившаяся Эболой медсестра в США находится в хорошем состоянии.,0,1
75368,Так только собак зовут.,0,1
75509,У меня есть список вопросов без ответов.,0,1
75621,"Подводятся итоги достигнутых значений по действующим инвестиционным проектам, а также обсуждаются задачи и проблемы по планируемым к реализации инвестиционным проектам.",0,1
75706,Бобиталь - это коммуна. Он находится в регионе Бретань в отделе брони Cé tes-d` на западе Франции.,0,1
75730,"До сих пор четыре человека умерли от осложнений, связанных с процедурой.",0,1
75819,"Даже если я это признаю, я не могу согласиться с тобой.",0,1
76002,"Я жив, даже если не подаю никаких признаков жизни.",0,1
76025,"Судья по банкротству заметил, что это «идеальная 11 глава».",0,1
76179,Издательство: New York.,0,1
76439,Человек может сдавать только один экзамен в год.,0,1
76701,Под номером 900 находится Университет Abierta Interamericana.,0,1
76974,Мы с Бобом большие друзья.,0,1
77142,"Петром I был основан Санкт-Петербург, ставший столицей государства.",0,1
77254,"В частности, он известен как создатель знаменитой библиотеки Rudolphina.",0,1
77260,"Это время, необходимое для размышлений, которое решает, когда реагировать: принять разумное решение.",0,1
77322,Создана интерактивная карта всех ядерных взрывов.,0,1
77352,"Мне кажется, при Щировском, который (был) палеонтолог, было это устроено.",0,1
77408,"Директор Государственного Эрмитажа Михаил Пиотровский заявил, что ЮНЕСКО должна требовать от Cовета безопасности ООН силовых мер по защите памятников культуры.",0,1
77542,"Уточняется, что предварительная причина возгорания - нарушение правил безопасности при эксплуатации печей.",0,1
77692,"По словам экспертов, все подготовительные работы будут завершены в мае 2022 года и только после этого реставраторы приступят к работе.",0,1
77717,"В церковном календаре день святой Мелании завершает годовой круг, а день святого Василия его начинает.",0,1
77759,"Начиная со второго фильма Гарри озвучивает Николай Быстров, а в первом его озвучивал Алексей Елистратов.",0,1
77809,"В результате GNE так никогда и не была разработана, и угроза конкуренции между проектами была предотвращена.",0,1
78068,"Единственное нужно будет учит особенности физ подготовки ЦСКА-на первом месте , 2005.11.27 18:47.",0,1
78076,"По итогам состязаний лучшие ставропольские тхэквондисты вошли в сборную команду России для участия в чемпионате и первенстве Европы, которые пройдут в Хорватии.",0,1
78193,На границе с Евросоюзом начались учения десантников из Беларуси и России.,0,1
78228,"Командующий объявил, что если не будет ожидавшегося наступления японцев, то мы сами перейдем в наступление 21 или 22 сентября.",0,1
78357,"Девочки в моем возрасте думают только об одном: «врубите отопление, собаки»",0,1
78377,Понравились также и выставленные рисунки.,0,1
78427,Он не сдержал своего слова.,0,1
78435,"Президент Ильхам Алиев принял делегацию во главе с главным исполнительным директором компании ""Леонардо"" ИталииОБНОВЛЕНО.",0,1
78486,Ассортимент вырабатываемой продукции формируется в соответствии со спросом населения.,0,1
78503,На кону титул временного чемпиона UFC в легчайшем весе.,0,1
78658,Они даже не знают почему.,0,1
78709,"Анджелина Джоли произвела фурор во время своего недавнего визита в Камбоджу, отведав насекомых вместе со своими детьми.",0,1
78775,Эдуард Стрельцов был награждён этой золотой медалью посмертно.,0,1
78795,"Единственный фоторепортёр, который фотографировал Второй съезд Советов.",0,1
78951,К 1988 году он открыл собственные бутики в этих двух городах и в Париже.,0,1
79017,Женщины от полученных ранений скончались.,0,1
79034,«INLA emerges again in Armagh» An Phoblacht.,0,1
79098,"Министр внутренних дел согласился на введение ускоренного процесса иммиграции: проездные документы должны были выдаваться на основании списков групп, а не отдельных ходатайств.",0,1
79208,Взята Керчь Красной армией и много других трофей.,0,1
79231,Важность возобновляемых источников энергии Возобновляемая энергия может быть особенно подходящей для развивающихся стран.,0,1
79288,Никто не был доволен.,0,1
79308,Вы когда-нибудь мечтали о полетах в небе?,0,1
79440,Что Вы думаете о его предложении?,0,1
79543,"Вопрос об экстрадиции в Россию группы чеченцев, задержанных с оружием в руках на российско-грузинской границе, остается открытым. Как заявил в четверг РИА ""Новости"" секретарь Совета безопасности Грузии Тедо Джапаридзе, ""Генпрокуратура Грузии не принимала решения о передаче чеченцев России"". Джапаридзе опроверг распространенное ранее сообщение адвоката одного из задержанных о том, что экстрадиция произойдет в течение ближайших двух суток. По словам секретаря Совета безопасности Грузии, решение об экстрадиции может быть принято ""после изучения всех документов о деятельности восьми задержанных чеченцев и их соответствия нормам международного права и законам Грузии"". Грузинская сторона утверждает, что не собирается выдавать боевиков России до тех пор, пока Москва не предоставит Тбилиси дополнительную информацию об их вине, а также пока в прокуратуру страны не поступит заключение Европейского суда по правам человека о правомерности экстрадиции. По данным генпрокурора Грузии Нугзара Габричидзе, этот документ поступит в Грузию в ближайшее время. Между тем, заместитель генпрокурора России Сергей Фридинский считает, что грузинская сторона намеренно затягивает выдачу чеченцев. По его словам, прокуратура Грузии потребовала уточнить мелкие анкетные несоответствия, которыми можно пренебречь. ""Нам говорят, что следует уточнить отдельные буквы в анкетных данных обвиняемых, хотя все это мы могли бы сделать уже после экстрадиции"", - заявил Фридинский. Однако родственники задержанных считают иначе - они утверждают, что вопрос об экстрадиции уже практически решен и она состоится в ближайшее время. Напомним, что в августе грузинские пограничники задержали 13 чеченских боевиков. 4 октября Тбилиси выдал России пятерых из них, но затем приостановил экстрадицию, сославшись на рекомендации Европейского суда по правам человека.",0,1
79576,Железнодорожная сеть Канады включает более 80 000 километров путей.,0,1
79585,"В одном доме, где хозяин отсутствовал, осталось три его дочери и зять.",0,1
79679,"Это первый трек на альбоме Black Ice, появившийся на радио.",0,1
79800,"Автомобильный мости до села Уйтаг открыт администрацией Кирейского сельского поселения под контролем судебных приставов, которые контролировали его возведение после того, как к ним поступил лист из суда.",0,1
79810,"Операция на горле помогла ему вылечиться от пневмонии, но оставила его без голоса.",0,1
79831,"Феномен The Beatles оказал большое влияние на поп- и рок-музыку XX века, выйдя за рамки жанра популярной музыки и изменив всю мировую культуру.",0,1
79871,Я хотел знать истинное мнение Коштоянца и попросил В. Н.,0,1
79970,"Я чувствую, что я свободен.",0,1
80053,Чаще всего используются кресты андреевского типа.,0,1
80137,"Так называлось непризнанное государство на территории Афганистана, которое в 1996–2001 годах находилось под контролем талибов.",0,1
80144,«Человек должен стремиться к знанию от рождения до смерти».,0,1
80204,"Вуду (арабский: al-wu, персидский: bdast, турецкий: abdest, урду: waz) - это исламский акт омовения частей тела водой.",0,1
80381,Брунгильда служила в этом качестве на протяжении столетий.,0,1
80441,Во все это время я не жил никакою человеческою жизнью кроме службы: я едва имел час-полтора на обед и не более четырех часов в ночь для сна.,0,1
80510,"В целом по городу индекс промышленного производства составил 100,3%.",0,1
80516,По совету врачей он надолго уединился в маленьком городке Хайлигенштадте.,0,1
80591,Вы неверно ответили на вопрос.,0,1
80688,"18 апреля был издан приказ, по которому все граждане Лондона были должны поклясться.",0,1
80714,"Давай-давай, гони, у меня нога больная.",0,1
80847,"Вот с этим вопросом я пролежал всю ночь, положив руку на голову спящей Наташи.",0,1
80862,К расчету налога на наследство это не имеет никакого отношения.,0,1
81025,"Мать Лайфа Жене была молодой проституткой, которая отдала его на усыновление.",0,1
81067,В 1990—1992 годах выпустила циклы ежемесячных программ «Госпожа Удача» и «Человек результата».,0,1
81132,"Почему тогда в разных странах к компании регулярно предъявляют претензии и регуляторы, и местные отельеры?",0,1
81133,"Примечание: В скобках указано, сколько голов из общего числа забито с пенальти.",0,1
81551,"Я решил не вести подробного дневника, так как пошел просто для отдыха и для случайных впечатлений.",0,1
81600,"В это время явился сын, и старуха скрылась.",0,1
81629,"По данным Международного энергетического агентства, с 1998 по 2004 в Альберте частными предприятиями было построено более 3000 МВт новых электростанций.",0,1
81750,Nevermind был полной противоположностью мейнстрима того времени.,0,1
81766,Там он был ранен и снова лежал больше месяца в госпитале.,0,1
81817,"Японское министерство экономики, торговли и промышленности (METI), подтвердило финансирование и страхование до 85 % от общей стоимости.",0,1
81820,"Сразу восемь сокращенных рабочих недель ждут россиян в этом году, заявили в Роструде. Меньше всего мы будем работать в январе, феврале, все весенние месяцы, а также в июне и ноябре — это связано с государственными праздниками.",0,1
81880,Наша команда на пять очков впереди.,0,1
81908,"Так, 9 июля талибы заявили, что получили контроль над 85% территории Афганистана.",0,1
82021,белая кошка вайбит под кэрри он май вэйворд сан из первого сезона спн,0,1
82047,Заново написано предисловие к запискам Пущина.,0,1
82050,Вы же умеете плавать?,0,1
82090,На Каспийской море идет операция по спасению четырех рыбаков.,0,1
82187,Советские и российские космонавты.,0,1
82459,"Знаете, я бы на вашем месте сбежал, честное слово!» — возмутился студент.",0,1
82516,Я поговорил с дядей по телефону.,0,1
82607,В довоенной Европе он считался одним из самых благоустроенных и озелененных городов.,0,1
82631,"Воскресенье. Получил вечером от министра внутренних дел любопытное письмо, которое может меня с ним поссорить... Нужно отвечать, и я намерен отвечать сильно.",0,1
82667,Для сокрытия преступления дом женщины он поджег и оставил место убийства.,0,1
82680,Трое из его сторонников были обезглавлены в Париже 3 апреля 1344 года.,0,1
82735,"В законы Республики Мордовия внесены изменения, касающиеся организации и прохождения муниципальной службы.",0,1
82771,Его отец умер в госпитале прошлой ночью.,0,1
82774,"В зоопарке аргентинского города Мендос умер последний в стране белый медведь - 31-летний Артуро, которого экологи несколько лет назад требовали переселить в более холодный климат.",0,1
82844,Отправляюсь дежурить на берег Днепра на промежуточную.,0,1
82878,Первое — это продажа права на аукционе.,0,1
82935,У вас руки чистые?,0,1
83083,"""Не герой и не идол"": сестра Сенцова рассказала о встрече с братом.",0,1
83223,В клубе великолепный обед с музыкою и повальная гомерическая попойка…,0,1
83279,"Он смотрел на книжный шкаф, сквозь стекла которого золоченые переплеты книг перекликались с золотыми лучами солнца.",0,1
83359,Беларусь получила от российской стороны предложения об углублении интеграционного сотрудничества - Макей.,0,1
83460,"При проведении скашивания следует учитывать, что в соке борщевика Сосновского содержатся биологически активные вещества – фурокумарины.",0,1
83568,"Внезапно появляются М’Баку и Джабари, чтобы помочь Т’Чалле.",0,1
83608,"Ты разве не слышал, как тебя назвали по имени?",0,1
83625,Ушакова хотят привлечь к уголовной ответственности.,0,1
83655,С супругой они воспитали двух сыновей.,0,1
83713,"Омбудсмен также рассказал, что в муниципальных районах края планируется создание приемных и назначение общественных помощников Уполномоченного.",0,1
83731,1606 - Пороховой заговор: начинается процесс над Гаем Фоксом и другими заговорщиками и заканчивается их казнью 31 января.,0,1
83780,"УМК – управление муниципального контроля администрации Ростовского муниципального района,",0,1
83887,"Этот договор, вместе с общим экономическим сотрудничеством с Индонезией, часто упоминается как решающий фактор для позиции австралийского правительства.",0,1
83904,В конце ролика Nemagia попросила подписчиков ставить лайки для появления матери Василия в следующем обзоре.,0,1
83977,"В области гражданской обороны - это обеспечение повседневной готовности системы гражданской обороны к переводу на условия военного времени на всей территории Российской Федерации или в отдельных ее местностях при возникновении войн и локальных вооруженных конфликтов, создания и применения группировки сил и средств гражданской обороны для решения задач по защите населения и территорий от опасностей, возникающих при ведении военных действий или вследствие этих действий, в том числе при крупномасштабных чрезвычайных ситуациях, вызванных террористическими актами, а также безусловного выполнения мероприятий по заблаговременной подготовке государства к ведению гражданской обороны.",0,1
84040,"Видела сегодня Женю Беляеву. С тех пор, как мы расстались, прошло четыре года! Сережа Мухин умер. Очень его жаль…",0,1
84057,"В числе родственников писателя были поэтесса Анна Бунина, литератор Василий Жуковский и другие деятели русской культуры и науки.",0,1
84083,До 1980-х годов почти весь набор для издателей и рекламодателей выполнялся специализированными наборными компаниями.,0,1
84090,"Удельное фактическое потребление воды по приборному учету не соответствует удельному потреблению воды определенному по расчетно-нормативной величине, что свидетельствует о необходимости внедрения приборного учета у каждого потребителя.",0,1
84155,Британского военного атташе вызвали в Минобороны России.,0,1
84190,"Вам лучше поторопиться, если вы хотите попасть домой до темноты.",0,1
84225,"В это время он привез свою сестру Ханну в Нью-Хейвен, чтобы управлять аптекарским бизнесом, когда он отсутствовал.",0,1
84293,"Тем не менее, он был изгнан из Амьена королевскими войсками в 944 году.",0,1
84428,"Не имеет значения, правилен твой ответ или нет.",0,1
84543,В то же время в Великобритании правительство разрешило одной фармацевтической фирме выращивать различные сорта конопли с целью клинических испытаний получаемой из неё марихуаны.,0,1
84732,В Китае запретили концерты Бибера.,0,1
84922,В итоге Калмыков теряет обеих своих любимых женщин.,0,1
84923,"Топ-менеджеры российских компаний часто просят не покупать им билеты на рейсы, которые выполняет российский самолет Sukhoi Superjet, когда летают в командировки, рассказали Би-би-си в нескольких компаниях, занимающихся организацией поездок. Насколько это массово? И как сказалась на отношении к самолету катастрофа в Шереметьево?",0,1
84985,В Молдове сегодня день тишины.,0,1
85009,"Стратегически важно уделять особое внимание экологическим проблемам, чтобы обеспечить населению комфортные условия проживания.",0,1
85089,"Мой отец позвонил мне после того, как выпил немного алкоголя и я не знала, что сказать.",0,1
85117,Во сколько открывается ресторан?,0,1
85289,Вопросы организации проверок наличия кодов «Лента» обсуждает с собственниками помещений.,0,1
85418,"Разделом IV Программы предусмотрено, что объем медицинской помощи оказываемой не застрахованным по обязательному медицинскому страхованию гражданам в экстренной форме при внезапных острых заболеваниях, состояниях, обострении хронических заболеваний, представляющих угрозу жизни пациента, входящих в базовую программу обязательного медицинского страхования, включается в средние нормативы объема медицинской помощи, оказываемой в амбулаторных и стационарных условиях, и обеспечивается за счет бюджетных ассигнований бюджета субъекта Российской Федерации и местных бюджетов (в случае передачи органам государственной власти субъектов Российской Федерации соответствующих полномочий в сфере охраны здоровья граждан для осуществления органами местного самоуправления).",0,1
85487,"обновление структуры, содержания и технологий реализации образовательных программ;",0,1
85509,СМИ узнали детали трехлетних прогнозов экономического развития России.,0,1
85617,Одновременно пришли вести о гибели адмирала Колчака.,0,1
85654,Этот господин очень известный пианист.,0,1
85698,"Она объясняет, что в то время как Гидра технологически продвинута, они борются с набором и разделенными интересами.",0,1
85770,Образование - это не только изучение множества фактов.,0,1
85923,Они несколько часов боролись с огнем.,0,1
85934,Я хочу спать с твоей женой.,0,1
85971,"Я знал, что это был пластик, но на вкус это было дерево.",0,1
86092,"Порой Арсению казалось, что женщины это делали даже легче, чем мужчины, и тогда он испытывал неловкость.",0,1
86106,Муниципальная программа «Развитие образования в городе Коряжме на 2018-2020 годы»,0,1
86130,В V и VI веках они разделились на вестготов и остготов.,0,1
86210,В ближайшее время в школе будут перекрыты зоны буфеты и мойки посуды.,0,1
86219,У меня с собой мало денег.,0,1
86261,"Я боялась, что позвонят в дверь и это будет означать ""с вещами"".",0,1
86283,"В 1968 году появился состав, который мог давать концерты.",0,1
86402,"Может быть непостоянным, грубым, легковерным, упрямым.",0,1
86466,"Компания имеет здесь два очень просторных, богатых и красивых сада.",0,1
86468,"Во взглядах на историю Древней Руси Задорнов был сторонником антинорманизма, который поддерживал как часть идеологии славянского неоязычества.",0,1
86519,"Пятница. Вчера я написала много горького о Борисе. Сегодня мне хочется несколько исправить это.    
От Бориса Юрий пришел ко мне в библиотеку страшно взволнованный. Подробно передал мне весь разговор. Сначала Борис пытался оправдываться, говоря, что был очень удивлен и озадачен, найдя на двери мою записку и т.д., но потом Юрий заставил его признаться во всем. В трусости и в малодушии и в том, что он сам пошел на мои встречи… И вот за эти-то признания, которые были для него страшно мучительны, но на которые у него хватило мужества, я ему прощаю все. Он поднял меня в моих глазах.    
Этот разговор принес удовлетворение всем троим. Не осталось ничего недоговоренного. Юрий говорит, что Борис был совершенно искренен. Между прочим, он сказал, что написал раньше другое письмо, в котором убеждал меня хорошенько подумать, что мне предстоит сделать выбор между ними двумя, что все преимущества и достоинства на стороне Юрия и т.д. Но послать это письмо не смог «из-за самолюбия».    
Юрию он сказал:    
— Конечно, мы с вами противники. Но я считаю для себя за честь иметь своим противником такого человека, как вы.    
Юрий тоже ему сказал:    
— Все это должно было случиться, и, в конце концов, я очень рад, что это были вы, а не какой-нибудь негодяй.    
На прощанье он подал ему руку. Борис очень благодарил его за то, что он пришел, и от всей души — Юрий говорит — искренно пожелал ему и мне счастья.    
Это лучший эпилог, который можно было бы придумать для такого романа.",0,1
86590,Много людей собралось на это празднование.,0,1
86671,"В голосе Итина слышалась легкая дрожь, и порой он отвечал невпопад.",0,1
86697,"Представленный в Чебоксарах комплекс инженерной защиты территории от затопления и подтопления затрагивает, помимо Республики Чувашия, также территории прилегающих Республики Марий Эл и Нижегородской области, которые также подвержены негативным процессам, связанным с поднятием уровня Чебоксарского водохранилища.",0,1
86722,Инфра структура школьного питания в районе представлена следующим образом:,0,1
86813,Из общей суммы денежных доходов населения за 2016 год:,0,1
86821,"Мне кажется, он человек слова.",0,1
86827,Номера социального обеспечения тоже могут рассматриваться как виды сервисных номеров.,0,1
87055,Это становится новым штампом.,0,1
87065,В доме вокалиста группы Linkin Park Честера Беннингтона полиция не нашла наркотиков.,0,1
87074,"В то же время, постепенный вывод греческой армии позволил бы албанским войскам взять под контроль регион.",0,1
87171,Для достижения заявленной цели и решения поставленных задач в рамках настоящей Программы предусмотрена реализация подпрограмм:,0,1
87182,Министерство в пределах лимита бюджетных обязательств,0,1
87251,Ни рыба ни мясо.,0,1
87281,Реализация Стратегии будет осуществляться на следующих принципах:,0,1
87298,"Эномото привез с собой различные документы и драгоценности на сумму 180,000 Рё.",0,1
87388,"Однако Министерство природных ресурсов РФ отказало ей в приеме заявки и, судя по сообщениям, китайская компания намерена опротестовать это решение в арбитражном суде.",0,1
87405,Доблестный офицер этот через два дня был убит.,0,1
87425,"18 декабря 2008 года было заявлено, что HBO выбрал темную комедию.",0,1
87496,"Без формирования и развития дорожной сети невозможно обеспечить экономический рост, решение социальных проблем.",0,1
87559,Слон - очень крупное животное.,0,1
87906,"Поскольку число сидений ограничено, только самые старшие кавалеры и дамы Большого Креста инсталлируются.",0,1
87925,Идущие на смерть приветствуют тебя.,0,1
87945,Бывшая нацистка и сторонница концепции превосходства белых.,0,1
88002,Впервые эта проблема была решена в системе «Биткойн» за счёт искусственного усложнения внесения изменений в реестр истории операций.,0,1
88140,Агушина Т. (2005) Теплица для самых сильных.,0,1
88143,"Основным его интересом была кровеносная система, но изучал он также эмбриональные патологии, инфекционные заболевания и т. д.",0,1
88312,"Он обслуживает такие объекты, как Дом контор, Радиус-1, новый музей, - сказал автор проекта Евгений Трубецков.",0,1
88439,Я признаю себя виновным.,0,1
88494,"Он даже не информировал меня, что собираются арестовать моего брата.",0,1
88608,Взаимоотношения в спектакле начисто неверные.,0,1
88613,"В Москве задержан специальный корреспондент «Новой газеты» Илья Азар. Об этом он сообщил в своем Telegram-канале. Журналист рассказал, что его отвели в машину прямо в домашней одежде и тапочках. По его словам, дома один остался 2-летний ребенок. Азар написал, что курил на балконе во время задержания. По его словам, с лестничной клетки вышли три полицейских и сообщили, что задерживают его «по 20.2» ( статья 20.2 Кодекса об административных правонарушениях «Нарушение установленного порядка организации либо проведения собрания, митинга, демонстрации, шествия или пикетирования»). Как написала «Новая газета» в Telegram, Азара доставили в Красносельский ОВД, где оставят на ночь. Илья Азар — муниципальный депутат, один из организаторов митингов в поддержку независимых кандидатов, которых не допустили на выборы в Мосгордуму. В июле сообщалось, что заявления о неучтенных подписях избирателей оказались неточными. Председатель Московской городской избирательной комиссии (Мосгоризбирком) Валентин Горбунов опроверг информацию о том, что подписи Ильи Азара и Михаила Ширвиндта не были учтены. В Москве с конца июля проходят массовые акции протеста, в том числе несанкционированные, из-за избирательной кампании перед выборами в Мосгордуму, которые состоятся 8 сентября. Столичный избирком отказал в регистрации ряду оппозиционных кандидатов, заявив, что они не смогли собрать необходимое количество подписей для выдвижения либо собрали их с нарушениями. В частности, некоторые кандидаты представили в избирком недействительные подписи — например, поддельные и от уже умерших людей. О том, что некоторые кандидаты оказались неспособны собрать необходимое количество верифицированных подписей, косвенно свидетельствует численность августовских акций оппозиции на проспекте Сахарова, которая, по другим подсчетам, была почти вдвое ниже, чем по «Белому счетчику».",0,1
88745,"Что же касается основных задач маленького фельетона в прошлом, то они в наше время стали ненужными.",0,1
88759,"Улыбнись сейчас, поплачешь после!",0,1
88905,Поэтому прокурор города обратился в суд с иском о признании указанной на сайтах информации запрещенной к распространению на территории Российской Федерации.,0,1
88978,"Но до того, как это произошло, новички должны были провести два сеанса военных учений и дать клятву верности своему Командующему и Императору.",0,1
89038,На уроках он всегда витал в облаках.,0,1
89040,"Через него лился неверный утренний свет, едва освещая просторную, с неровными стенами пещеру.",0,1
89072,"Эти рекомендации принимаются нормативными организациями, ответственными за различные виды транспорта.",0,1
89154,"Небольшие страны, такие, как Андорра, не включаются в доклад.",0,1
89530,Для этого пришлось составлять спектакль из нескольких одноактных пьес.,0,1
89540,"Немец пошел в наступление, мы стали готовиться к выезду.",0,1
89704,"«Все написанное бывшим президентом Ирана Мухаммедом Хатами о том, что Низами Гянджеви является иранским поэтом, истинная правда.",0,1
89732,Пострадавшие могут включать в себя писателей и актёров.,0,1
89784,"Британский экспорт в Египет вырос на 15 %, В то время как Египетский экспорт в Великобританию вырос более чем на 30 %.",0,1
89806,Культурная самобытность станции была построена со временем.,0,1
89815,Споры о земле между общиной и феодалом либо монастырем рассматривались только государственным судом.,0,1
89896,"Коррадини говорил об Италии как о «пролетарской нации», которой необходимо проводить политику империализма, чтобы бросить вызов плутократическим режимам Франции и Великобритании.",0,1
89927,"Он также попытался убедить французов восстановить демократически избранный Парламент 1936—1939 гг., но его усилия оказались тщетными.",0,1
89972,"Так вот, я задумала продать свой скелет, а...",0,1
90017,"International Lyme and Associated Diseases Society (ILADS), которая опубликовала руководство по диагностике и лечению хронической болезни Лайма.",0,1
90062,Taco Bell дважды неудачно пыталась выходить на мексиканский рынок.,0,1
90090,"Зарегистрированная в России первая в мире вакцина от коронавируса «Спутник V» вызвала во многих странах противоречивые отклики. Некоторые поздравили Москву с долгожданным достижением, а некоторые выступили с критикой. Негативные комментарии связаны со сроками создания: якобы Москва предпочла скорость качеству. По мнению эксперта, восторженные комментарии по поводу нового препарата действительно преждевременны.",0,1
90116,Белорус удержал два взлетающих самолета.,0,1
90174,В последние годы наблюдается снижение количества субъектов малого предпринимательства.,0,1
90228,"Благодаря этому, у Кабинета достаточное количество голосов, чтобы прибегнуть к 25-й поправке.",0,1
90253,"Легче сказать, чем сделать.",0,1
90282,"Российский президент Владимир Путин предупредил журналистов кремлевского пула о том, что они все являются объектами слежки спецслужб США. Об этом, как сообщает корреспондент «Ленты.ру», президент заявил в воскресенье, 16 октября, на пресс-конференции по итогам саммита БРИКС в Индии. «А вы зря смеетесь! На каждого из вас можно завести дело. Наверняка так и есть. И отслеживать ваши переговоры», — сказал он журналистам. «Потому что вы носители определенной информации. Вы ведь входите в президентский пул, можете что-то услышать, увидеть, с кем-то переговорить, вы свободно болтаете по телефонам, по открытой связи, и все несете в эфир что думаете или то, о чем предполагаете. Это представляет интерес», — пояснил президент. Путин отметил, что в России спецслужбы в отличие от США действуют только по решению судов. В этот момент свет в комнате погас. «Вот! Показали, что они слушают нас!» — пошутили присутствующие. Путин кивнул в ответ. 14 октября стало известно, что администрация президента США Барака Обамы рассматривает возможность проведения беспрецедентной тайной кибероперации против России в ответ на якобы российское вмешательство в ход американской выборной кампании. По данным источников в разведке, ЦРУ было предложено предоставить на рассмотрение в Белый дом варианты осуществления широкомасштабной операции, направленной на дискредитацию «кремлевского руководства». В тот же день вице-президент США Джо Байден заявил, что Вашингтон «отправит сигнал» Путину и что это «произойдет в тот момент, когда мы выберем, и при тех обстоятельствах, когда это даст наибольший эффект». В ответ представитель Кремля Дмитрий Песков пообещал, что в связи с этими угрозами будут приняты меры предосторожности.",0,1
90444,В ходе боёв обе стороны применяли запрещённую минскими соглашениями артиллерию крупных калибров.,0,1
90468,Фил страшно кричит в колодце.,0,1
90471,Человек с аутизмом неспособен к полноценному социальному общению и почувствовать состояние другого человека.,0,1
90518,В системах типа β Лиры с периодом больше чем 100 дней один из компонентов обычно сверхгигант.,0,1
90550,"""Манчестер Юнайтед"" включился в борьбу с ""Ювентусом"" за Роналду.",0,1
90699,"Ой, друзья, глянула в окно,..... у нас ЗИМА..., а час назад дождь фигачил...о, как...",0,1
90704,Он самый популярный певец католической церкви .,0,1
90775,Я живу рядом с магазином игрушек.,0,1
90912,"А она советский человек, у нее есть чувство достоинства, милостыни ей не нужно.",0,1
91084,"Действующие участники Queen, Брайан Мэй и Роджер Тейлор, приняли участие в создании фильма как исполнительные музыкальные продюсеры и творческие консультанты.",0,1
91176,"Чтобы в подлиннике изучить первоисточники христианского учения, изучал древнегреческий и древнееврейский языки (в изучении последнего ему помогал московский раввин Шломо Минор).",0,1
91246,Признаками начала и конца лета служат показатели средней суточной температуры +10°С в момент увеличения – начало лета и ее уменьшения конец лета – начало осени,0,1
91376,"Этот город будет страдать от острого недостатка воды, если в ближайшее время не пойдёт дождь.",0,1
91521,"Совет Безопасности тунисского правительства закрыл учётные записи Facebook и веб-сайты, связанные с террористическими группами.",0,1
91542,"С работы, так чтобы не видели полицаи, многие уходят в село просить у жителей хлеба. Я тоже хожу.",0,1
91667,В ноябре и декабре 1918 года принц Эрнст Генрих следил за возвращением саксонских частей в Германию.,0,1
91755,"Указанные выше поступки и поведение Жукова на комиссии характеризуют его как человека, опустившегося в политическом и моральном отношении.",0,1
91901,"В связи с этим, пассажиры вынуждены заходить в автобус только через переднюю дверь, чтобы сразу на входе оплатить проезд.",0,1
91962,В России даже собаки имеют своим медведей,0,1
92066,"В последнее время на основе принципа обобщенной неопределенности, предложенного некоторыми подходами к квантовой гравитации, такими как теория струн и двойная специальная теория относительности, было изучено влияние принципа обобщенной неопределенности на термодинамические свойства компактных звезд с двумя различными компонентами. A. Tawfik отметил, что существование квантовой гравитационной поправки имеет тенденцию противостоять коллапсу звезд, если параметр принципа обобщенной неопределенности принимает значения между масштабом Планка и масштабом электрослабого взаимодействия. По сравнению с другими подходами было обнаружено, что радиусы компактных звезд должны быть меньше, а увеличение энергии уменьшает радиусы компактных звезд.",0,1
92083,"Мы не позволим, чтобы Бог был униженным.",0,1
92262,Цель бюджетной политики состоит в повышении уровня и качества жизни населения в условиях сбалансированного бюджета.,0,1
92283,Ребенок пострадал при пожаре в многоэтажном жилом доме в Екатеринбурге.,0,1
92291,"За рассматриваемый период 2000-2005 гг., абсолютный прирост численности населения в трудоспособном возрасте составил 164,3 тыс. чел. или 105,6%.(таблица 1).",0,1
92371,Почему Вы ничего не сказали?,0,1
92385,Важна только их позиция в информационном пространстве.,0,1
92416,Британская система разрешения на работу в настоящее время заменяется новой системой Points-based immigration system.,0,1
92427,"Включение Кейбла в потенциальный сиквел подтвердил сам Дэдпул, сказав это в сцене после титров первого фильма.",0,1
92582,"Второй вопрос, который нужно было решить после получения земельного участка, – это возведение здания.",0,1
92746,"Рождение жены. Слухи ходят об опасном положении Варшавы, Риги, даже Петербурга.",0,1
92884,"Жительнице Тулуна притворилась потенциальной жертвой, чтобы записать разговор с аферистами и передать информацию полицейским.",0,1
92934,"По сути, это ничем не отличается от любой другой задачи дизайна.",0,1
93047,"Банк России снизил ключевую ставку до нового исторического минимума - 4,25%. Решение связано с низкой инфляцией и слабым потребительским спросом. Предыдущий минимум был 22 июня. Экономисты считают, что еще одного рекорда в этом году не будет - если не будет второй волны пандемии.",0,1
93105,Значения показателей (индикаторов) подпрограммы по годам реализации представлены в приложении к Программе (таблица 2).,0,1
93107,Полиция рассказала о краже двух электросамокатов в Саратове.,0,1
93190,Глава ВВС США: нас беспокоит возрождающаяся Россия и агрессивный Китай.,0,1
93266,"Почему о, почему никто не настоял, чтобы он пошел в актерскую школу?».",0,1
93359,"Первая часть проекта – берегоукрепление – причальные стенки набережной Корнилова и Клокачева – уже прошла экспертизу, обсуждения.",0,1
93494,В правительстве не смогли принять решение по петиции Навального.,0,1
93574,Однако по предложению коммунистов вопрос был снят с рассмотрения.,0,1
93721,В Хомсе продлено перемирие - для эвакуации жителей.,0,1
93881,Каких фруктов вам бы хотелось на десерт?,0,1
93907,Он оставил нас свой адрес и телефон.,0,1
94005,"к) о получении не позднее 15 марта текущего года (15 апреля - для территорий, указанных в подпункте 6 пункта 6 настоящих Правил) положительного заключения государственной экспертизы проектной документации или при отсутствии необходимости проведения государственной экспертизы проектной документации - получении положительного заключения о проверке достоверности определения сметной стоимости в отношении мероприятий по благоустройству дворовых территорий и мероприятий по благоустройству общественных территорий в текущем году, включенных в муниципальные программы и реализуемых с использованием средств субсидии (и для случаев отсутствия законодательно установленной обязанности ее проведения);",0,1
94027,Якэлене шатался от усталости и голода.,0,1
94083,"Погода всегда солнечная и приятная, за исключением облачных дней с дождем и лужами, а также снегом на Рождество.",0,1
94286,"Ты сказал, что мне ни за что не победить?",0,1
94422,Мне не нужно было красить забор.,0,1
94593,"Либо смерть, либо Бог.",0,1
94713,Над нашими головами глухо застучали по палубе тяжелые матросские ботинки.,0,1
94753,Этот телефон очень похож на Nokia 1100.,0,1
94860,"Тяжелый труд сделал Японию такой, какая она сегодня.",0,1
94916,В качестве приза он получит машину своего друга или же проиграет свою.,0,1
95198,Готовимся к экзамену по физике.,0,1
95373,"Звучит хорошо, а о чем он «томится», не знаю.",0,1
95401,"Первый в своей истории матч Лиги Европы ""Краснодар"" проведет против клуба из Эстонии.",0,1
95407,"Портал «Mkset.ru» сообщает, что неприятная история произошла на севере Уфы.",0,1
95455,"Она училась игре на трубе в Гилдхоллской школе музыки и драмы, Парижской консерватории, а также у Хокана Харденбергера.",0,1
95518,"Правда, говоря в целом о нашем городе, глава употреблял уже слова планетарного масштаба.",0,1
95536,"Российский боевой беспилотный летательный аппарат С-70 «Охотник» обладает широким набором возможностей и является одним из самых крупных в мире БПЛА, заявил военный обозреватель Брент Иствуд.",0,1
95571,Семимильными шагами марширую по полям истории.,0,1
95766,Только особо важные дела должны были решаться общим советом.,0,1
95844,Научный потенциал области имеет значительный вес.,0,1
95880,В торговом центре Индианаполиса неизвестный ранил трех человек.,0,1
96106,"В частности, до того, как стать рэпером, он хотел стать художником.",0,1
96133,Подвезли из полков раненых.,0,1
96164,"Главный недостаток столов Фарнера в глазах многих был тот, что учащиеся не могут свободно вставать с устроенных им скамеек.",0,1
96196,"Жалею, что не снял фильм о своем послевоенном детстве, о любимом Минске.",0,1
96499,"После задержания женщина созналась, что действительно украла деньги.",0,1
96551,строительство железнодорожного пути Шимановская - Гарь - Февральск;,0,1
96645,Екатеринбург! Сегодня довыборы  городской думы! Наши кандидаты - Владислав Постников или Дмитрий Трынов! Дойдите до своего участка!,0,1
96674,Является ли смерть единственно возможным освобождением?,0,1
96717,"Вы ищете меня Что ж, я дам вам о себе знать!",0,1
96730,"Утвердить прилагаемую государственную программу Новгородской области ""Развитие лесного хозяйства Новгородской области на 2014 - 2020 годы"".",0,1
96759,Одной из целей акции было вынудить крестьян перейти на контролируемую правительством Южного Вьетнама территорию.,0,1
96959,"Самостоятельная подготовка муниципальных служащих осуществляется без отрыва от муниципальной службы, за исключением получения профессионального образования в высших учебных заведениях.",0,1
97053,Ваш боец жив и принес вам сборку завершенных заказов за февраль (и одна работа за январь),0,1
97073,"Южный союз фермеров-арендаторов (STFU) был основан как профсоюз, чтобы помочь организовать фермеров на юге Соединенных Штатов.",0,1
97248,Иностранцам упростили получение гражданства РФ.,0,1
97346,Ленин при поддержке левых эсеров поставил Учредительное собрание перед выбором: ратифицировать власть Советов и декреты большевистского правительства или разойтись.,0,1
97403,Равнодействующая их равна нулю.,0,1
97441,Почему я должен перед тобой извиняться?,0,1
97446,Все восхищаются написанными им картинами.,0,1
97505,"Эта грамматика описывает тот же язык, что и регулярное выражение a*bc*.",0,1
97534,В состав территории Пореченского сельсовета входят десять населенных пунктов:,0,1
97613,"В Каталонии сошел с рельсов пассажирский поезд, есть погибшие.",0,1
97689,"Мама всегда плачет, когда слушает грустные песни.",0,1
97883,"Характеристика проблемы, включая анализ причин возникновения",0,1
97941,"- Я ухожу, - сказал Октябрь.                                                                                                                                                                                  - Пора, - ему  шепнул Ноябрь вслед...",0,1
98116,Иногда подобную орбиту называют орбитой C3 = 0 (см. Характеристическая энергия).,0,1
98117,"увеличение количества объектов социальной рекламы, размещенных на территории поселения;",0,1
98181,"Зоозащитниками велись долгие переговоры и поиски страны, которая могла бы принять животных и обеспечить им достойную жизнь.",0,1
98200,Заправка бака системы может производиться непосредственно в бак при открытой крышке или через заправочный клапан на корпусе.,0,1
98206,Не мог он такого сказать.,0,1
98209,"На территории города функционируют 3 детские музыкальные школы, 6 детских школ искусств и 1 детская художественная школа.",0,1
98263,Они сочетались браком во дворце Абдин в Каире 15 марта 1939 года.,0,1
98303,"Чтобы найти на руинах тело погибшего, пришлось использовать спецтехнику.",0,1
98319,Район был образован 1 апреля 1974 года в соответствии с Законом о местном самоуправлении 1972 года.,0,1
98499,Я обескуражена муками физического тела. Как это я хотела в юности умереть — это так страшно.,0,1
98586,"Она никогда не нападала на другие морские города, но всегда оборонялась.",0,1
98795,"Платье почти готово, осталось только пришить оборки.",0,1
98915,"Среди других приоритетов можно назвать развитие инфраструктуры и государственного сектора коммунальных услуг, поддержание высокого качества жизни.",0,1
99136,"Большинство церквей — это семейные центры, социальные центры, образовательные центры, а не только духовные центры».",0,1
99197,"Перед прощанием желающий попрощаться подводит логически собеседника к необходимости прощаться, ссылаясь на позднее время, усталость, недомогание и др. (Һуң булып киткән икән; ҡайтырға ла кәрәк; Мин ҡайтайымдыр ул). При этом выражаются сожаления, что надо прощаться: (Үкенескә ҡаршы, миңә ҡайтыр кәрәк, былай ҙа hyңғa ҡалып ултырам) или выражается благодарность: (һый-хөрмәтегеҙ өсөн рәхмәт, әммә миңә ҡайтыpғa кәрәк; Барыһы өсөн дә рәхмәт; Миңә ваҡытығыҙҙы бүлгәнегеҙ өсөн рәхмәт). В конце прощания прощающимися выражаются пожелания здоровья, всех благ и др.",0,1
99363,Оттуда они тоже могли бы заметить свет.,0,1
99419,На вершину поднялись Даг Скотт и Дугал Хэстон.,0,1
99485,Однако по прибытии в древний Абердиншир они находят угрозу пострашнее любого войска.,0,1
99487,По данным официального сайта «Ювентуса».,0,1
99585,Мы ждем твоего появления уже несколько часов.,0,1
99599,"В таком случае 100 евро, пожалуйста.",0,1
99659,"Погода как будто оживила надежды на ея улучшение; ясный день, но с тем же свежим ветром.",0,1
99713,"Заняв президентскую должность, он возьмет на себя всю власть и всю ответственность за экономику, межнациональные отношения и все прочее.",0,1
99797,Отряды были отозваны с передовой.,0,1
99880,Правительство предложило изменить законопроект о значимых сайтах.,0,1
99922,"Позднее он опубликовал заявление о том, что он использовал добавки, содержащие 7-Keto-DHEA.",0,1
100015,Я жду тебя уже больше часа.,0,1
100025,"Потом растения выбрасывают, а цветы и пыльцу собирают с ворсинок.",0,1
100045,"При необходимости, предусмотренные муниципальной программой лимиты финансирования могут быть направлены на оплату ранее выполненных объемов работ.",0,1
100061,"Проблема в том, что ты слишком молод.",0,1
100102,"…перед старостою поповским Успенским попом Филиппом Борисовым Рузския десятины вотчины Иосифова монастыря села Покровскаго церкви Покрова Пресвятыя Богородицы поп Иван Федотов да дьякон Михаил Семионов сказали посвященству: в том селе Покровском построена была церковь Покрова Богородицы издревле, а в котором году и при котором патриархе, того им попу и диакону сказать не почем, для того, что та церковь волею Божию от молнии сгорела, а на то погорелое место построена вновь церковь Покрова же Пресвятыя Богородицы и освящена в прошлом 711 году, по благословению преосвященнаго Стефана митрополита рязанскаго и муромскаго…",0,1
100208,"""Крылья Советов"" продали ""Зениту"" французского полузащитника Йоана Молло.",0,1
100224,А ведь в мире совсем немного мест мерзотнее чем Москва,0,1
100595,"Аф. пошел встречать Анну Ив., возвращавшуюся после того, как она проводила Софью Андреевну.",0,1
100629,Я весь вечер провел за чтением поэзии Кэндзи Миядзавы.,0,1
100699,Алексис Санчес - лучший игрок матча Чили - Австралия.,0,1
100724,"Подождите, пока хлеб совсем остынет, прежде чем есть его.",0,1
100773,"Я ужасно занят, потому что приближается последний срок сдачи реферата.",0,1
100794,"Купер был также не уверен, но назвал другие образцы, как если бы они принадлежали к Kangnasaurus.",0,1
100937,В саду пруд полон. В 9 ч. на солнце +22®.,0,1
100951,В сентябре 1943 года немецким военно-морским командованием было принято решение атаковать и уничтожить силы союзников.,0,1
101006,октябрь месяц чана каждый год день чана каждый день день чана каждая минута минута чана каждая секунда секунда чана,0,1
101139,Из Батайска автобус ехать по Ворошиловскому мосту до улицы Станиславского.,0,1
101271,"В Ясуре вокруг Ами сформировалась сильная клика, и женщины, которые не подошли, были выбиты.",0,1
101442,"Властная защита ""особы"" положила известный предел начинавшим разрастаться толкам.",0,1
101452,У них завтра будет вечеринка.,0,1
101453,"Биосенсоры используются для определения того, что пользователь хочет сделать, или его намерений и движений.",0,1
101462,"Женщина была в затруднении, принять его предложение или нет.",0,1
101493,"Airbus увеличила прибыль в III квартале втрое, но дала слабый прогноз на год.",0,1
101567,"Срок выполнения ремонта (включая подготовительный период, поставку материалов и оборудования) – 50 дней с даты заключения контракта.",0,1
101614,Описание его социальной жизни также варьируется.,0,1
101617,Реформа эстонской сельскохозяйственной системы началась в декабре 1989 года с принятием закона о фермерском хозяйстве.,0,1
101674,Она твоя единственная дочь?,0,1
101802,"Парацетамол может облегчить боль при лёгком артрите, но не влияет на основное воспаление, покраснение и отек сустава. Он обладает анальгетическими свойствами, сравнимыми с таковыми у аспирина, а его противовоспалительные эффекты слабее. Это лучше переносится, чем аспирин из-за проблем с кровотечением с аспирином.",0,1
101853,Образование на современном этапе является одним из главных приоритетов развития государства и общества.,0,1
101887,Я вижу огромную комнату со множеством окон.,0,1
101903,Я не согласен с тобой.,0,1
101935,"Новости российской армии, великой и могучей:",0,1
101998,сформировать условия для развития потребительского рынка и сферы услуг;,0,1
102048,"На скорой помощи отвозили маму в больницу на рентген, дали маме направление к онкологу, я была с ней. (ей осталось жить на свете месяц)",0,1
102100,"Договор также предусматривал сокращение французского вмешательства в сирийские внутренние дела, а также сокращение французских войск, и военных баз в Сирии.",0,1
102203,в уполномоченную организацию для оказания услуг по приобретению жилого помещения (жилых помещений) экономического класса,0,1
102209,"В июне Адвокат отказался от услуг Александра Спивака, и тот завершил карьеру.",0,1
102219,"Телеканал FOX вырезал из благодарственной речи актрисы Сэлли Филд (Sally Field) на церемонии награждения ""Эмми"" антивоенное высказывание, сообщает телеканал NBC. Актриса получила ""Эмми"" за лучшую женскую роль в драматическом сериале ""Братья и сестры"" (""Brothers & Sisters""), где играла мать солдата. ""Эта награда принадлежит всем матерям в мире... И особенно тем матерям, которые с открытым сердцам стоят и ждут... ждут своих детей домой... с войны"", - заявила Филд, - ""Я горда тем, что я одна из таких женщин"". После этого, несмотря на то, что актриса продолжала говорить, телеканал FOX, транслировавший церемонию в прямом эфире, выключил звук и вывел на экран аудиторию зала. Вырезанный фрагмент звучал следующим образом: ""Если бы матери правили миром, не было бы чертовых войн"". Когда после церемонии актрисе сказали, что часть ее речи была вырезана, она заявила, что ""ей безразлично"", и что ""никаких политических намерений"" у нее не было. The Post Chronicle пишет также, что Филд сочла, что ее речь ""порезали"" из-за использования неформатной лексики. Церемония вручения наград Американской телевизионной академии - ""Эмми"" - состоялась в Лос-Анджелесе вечером 16 сентября (утром 17 сентября по московскому времени). Лучшим драматическим сериалом года был признан ""Клан Сопрано"".",0,1
102242,"Пишет о работе в деревне, о кино и родителях.",0,1
102250,Прибежал Петя домой и позвонил три раза.,0,1
102418,"Это вопрос здоровья и безопасности людей, - рассказал глава муниципалитета Андрей Кугаевский.",0,1
102482,"Однако они считают, что приход компьютеризации означает, что теперь компенсирующие эффекты стали менее действенными.",0,1
102524,Количество туристов в Колумбии растет более чем на 12% в год.,0,1
102732,Все ответы должны быть написаны в соответствии с инструкциями.,0,1
102767,"Среда. В воскресенье «Кузбасс» в подборке «Слово об учителе» напечатал мои воспоминания «Он был волшебником» — о гурьевском учителе Владимире Павловиче Алентове, который писал стихи.",0,1
102816,"В понедельник в Киеве состоится главное футбольное противостояние Украины. ""Динамо"" примет ""Шахтер"" в заключительном матче года.",0,1
102856,"В настоящее время заявка находится на рассмотрении, - ответили из городской администрации.",0,1
102967,Районная котельная в северной части города производительностью 200 Гкал/час.,0,1
102981,"Например, они помогли нацистам в их попытке завоевать мир, предоставив им технологию создания ядерной бомбы, которую несет межконтинентальная баллистическая ракета.",0,1
102982,Пассажиры сообщили о сбое в системе выдачи багажа в Шереметьево.,0,1
102986,Мы работаем по сети №2 с 42 гсд.,0,1
103070,"Второй этап медицинской реабилитационной помощи будет осуществляться в стационарных условиях в ранний восстановительный период течения заболевания или травмы, поздний реабилитационный период, период остаточных явлений течения заболевания, при хроническом течении заболевания вне обострения пациентам, инвалидам, часто болеющим детям, нуждающимся в наблюдении специалистов по профилю оказываемой помощи, в проведении высокоинтенсивной реабилитации, а также нуждающимся в посторонней помощи для осуществления самообслуживания, перемещения и общения, при наличии подтвержденной результатами обследования перспективы восстановления функций (реабилитационного потенциала) в соответствии с группой преобладающих функциональных нарушений, с заболеваниями:",0,1
103087,Количество торговых точек характеризует развитие сферы торговли поселения.,0,1
103089,"Старо, как мир, и похоже на разногласия козла и волка по поводу наилучшей диэты.",0,1
103109,"В самом деле, толстые до невозможности: по тротуарам не могут ходить, а только по мостовой.",0,1
103141,"Конечно, будет день такой, когда к Большому театру уже ни один ветеран не придет и звон медалей наших, как звон бубенцов на тройках в прошлом, исчезнет.",0,1
103218,Продолжается работа по внедрению Всероссийского физкультурно-спортивного комплекса «Готов к труду и обороне» (ГТО).,0,1
103313,"Дружба дружбою, а служба службою"".",0,1
103371,Ни один из Ибелинов не уехал в это время в другие страны.,0,1
103430,"Опубликовал ряд книг, которые, по его словам, являются инструментами для пропаганды «классического христианства».",0,1
103513,Москва недовольна решением США отнести россиян к категории «бездомных» по визовым вопросам,0,1
103626,После захвата Иерусалима он распял около 2000 еврейских повстанцев.,0,1
103738,"СРм - степень реализации мероприятий, полностью или частично финансируемых из средств бюджета;",0,1
103749,"Балеарские острова были разорены, 4 000 человек было взято в плен.",0,1
103809,Совершенствование работы экспертного совета по улучшению инвестиционного климата в Алтайском крае.,0,1
103870,Мне ни один из этих дисков не нравится.,0,1
103904,"Чиаран - сын лорда Колума и леди Уны, сводный брат матери Ниам.",0,1
103959,Овладеть иностранным языком требует терпения.,0,1
103975,"Однако, как только один из их членов скончался в игре, Союз прекратил службу.",0,1
104130,Дерево выросло очень большим.,0,1
104372,ниже по течению на расстоянии в 3 км расположено село Губаревщина.,0,1
104514,Учредителем Центра является администрация муниципального образования – городской округ город Сасово.,0,1
104853,Татарский начал подниматься на этот своеобразный зиккурат.,0,1
104869,"Линина недопитая рюмка стояла на столе, и гвоздик, на котором висел вчера ее плащ, торчал на своем месте.",0,1
105004,"ТБИЛИСИ, 22 декабря. /Корр. ИТАР-ТАСС Тенгиз Пачкория/. Горсуд Тбилиси удовлетворил ходатайство Главной прокуратуры Грузии и отстранил Гиги Угулава от должности мэра Тбилиси ""до принятия судом итогового решения по расследуемому делу"" о растрате госсредств в крупных размерах. Об этом говорится в обнародованном в воскресенье решении суда.nВ документе сказано, что ""горсуд разделил мнение Главной прокуратуры о том, что предъявленное Гиги Угулаве обвинение напрямую связано с деятельностью мэрии и в случае дальнейшего его пребывания на посту следствию могли быть созданы определенные препятствия"". ""С целью предотвращения"" какого-либо влияния ""на расследование дела горсуд отстранил Угулава с поста до принятия судом итогового решения по расследуемому делу"", отмечено в решении.nВ то же время горсуд Тбилиси ""не удовлетворил ходатайство представителя Главной прокуратуры об избрании для Угулава ареста как меры пресечения"" и отпустил его из зала суда, обязав его выплатить залог в 50 тысяч лари (29,5 тыс. долларов).nВыступая сегодня перед руководителями служб мэрии, Угулава сказал, что ""не согласен с решением горсуда, но как законопослушный гражданин выполнит это решение после получения соответствующего документа"". Он напомнил, что по существующим законам, в случае приостановления полномочий мэра эти обязанности до новых выборов (в мае 2014 года) будет выполнять первый вице-мэр Севдия Угрехелидзе, которая присутствовала на сегодняшней встрече в мэрии.nГлавпрокуратура Грузии 18 декабря предъявила Угулава обвинение ""в растрате госсредств в крупных размерах"". Речь идет о растрате более 48 млн лари (28,2 млн долларов) из средств Фонда развития Тбилиси. По данным прокуратуры, эти средства были направлены на финансирование кампании по выборам в парламент Грузии 1 октября 2012 года партии ""Единое национальное движение"", а не на развитие Тбилиси.nПредставители правящей коалиции ""Грузинская мечта"" заявили, что дело в отношении Угулава ""не имеет ничего общего с политикой"", указывая на то, что ""лидеры партии ""Единое национальное движение"" пытаются искусственно политизировать этот вопрос"".",0,1
105027,Он не умеет водить машину.,0,1
105041,"После свадьбы они жили в поместье, принадлежащем принцессе, в Маади, Каир.",0,1
105082,"По его мнению, «политические думы царя вырабатывались тайком от окружающих», идея о венчании стала полной неожиданностью для боярства.",0,1
105094,У нас тоже яйца закончились.,0,1
105108,Здание было деревянным и вскоре сгорело (1381 год).,0,1
105185,"Решение было принято с учётом заявления российской делегации, в котором была дана оценка эффективности отравляющих веществ.",0,1
105270,"Влияние Винифред на Гитлера было настолько сильным, что Гитлер даже написал письмо антифашистскому итальянскому дирижеру Артуро Тосканини, умоляя его возглавить фестиваль.",0,1
105337,"Если ""социал-патриоты"" союзных стран говорили одним языком, то русские ""циммервальдцы"" говорили совсем другим, и научить их уму-разуму было невозможно.",0,1
105340,"Получаю телеграмму от вел. кн. Михаила Николаевича, извещающую, что государем подписан указ о назначении меня членом Государственного совета.",0,1
105364,Затворы Комплекса защитных сооружений Петербурга открыты после отмены угрозы наводнения.,0,1
105424,"Лучше всего он чувствует себя на широком, выровненном плацу.",0,1
105435,Он был парализован страхом.,0,1
105589,С гибельным чувством падения Рощапкин плеснул в стакан коньяка.,0,1
105668,Солдат дал мне воды.,0,1
105813,Наша компания не смогла выжить в жестокой конкуренции.,0,1
105874,При Трампе офис первой леди превратится в офис первой семьи.,0,1
105961,"Киев становится все более наглым по отношению к России, но Москва срываться не будет

Лавров",0,1
106156,Он является членом Совета управляющих Королевской школы Администрации и Национального банка Камбоджи.,0,1
106197,"Ришелье также известен под прозвищем l 'minence rouge («красное преосвященство»), от красного оттенка облачения кардинала и стиля «возвышение» кардинала.",0,1
106283,"Чувствуется, что она устала, но не хочет признаться в этом.",0,1
106381,"Вокруг саженца байкеры положили камни, привезённые из Керчи.",0,1
106485,Он обыкновенно один держит заклад против князя Владимира и всей его дружины в споре о состязании богатырей между собой.,0,1
106565,Это жительница Губкинского городского округа 1941 года рождения и житель 1938 года рождения.,0,1
106607,"Это была первая номинация Квок на «Золотую лошадь», в которой он победил ветеранов гонконгской звезды Тони Люна.",0,1
106612,Джим - человек слова.,0,1
106659,Она мой единственный источник вдохновения.,0,1
106714,Пошел лед на реке.,0,1
106771,Урочище это мне назвали Холт.,0,1
106780,Мой отец часто читает газету во время еды.,0,1
106828,"Fucking - австрийская деревня в муниципалитете Тарсдорф, в регионе Иннфиртель на западе Верхней Австрии.",0,1
106918,В российской литературе термин «фригидность» иногда употребляется в значении отсутствия или снижения сексуального влечения.,0,1
106923,"Но лодки, употребляемые тымовскими гиляками, заслуживают того, чтобы сказать о них два слова.",0,1
107004,Положительные последствия реализации программы укрепления здоровья на рабочем месте на производительность труда обсуждаются широко.,0,1
107055,"Размер частиц ила составляет от a до мм (от 3,9 до 62,5 1/4 м), они больше глины, но меньше песка.",0,1
107073,Это ярко выражено в древнем искусстве городов Прикамья.,0,1
107122,"Если бы не ваша помощь, я бы не смог этого сделать.",0,1
107123,"Состояние народной артистки РСФСР Надежды Бабкиной, которая ранее была подключена к аппарату ИВЛ, остается тяжелым, рассказала ее подруга. В свою очередь телеведущая Екатерина Гордон заявила о том, что у историка моды Александра Васильева — коллеги Бабкиной по шоу «Модный приговор» — также была обнаружена пневмония.",0,1
107135,"Поэтому, если физическое лицо является безумным, это не означает, что остальные члены общества также умалишённые.",0,1
107194,"Был у Е. С. Булгаковой. Говорил с ней о возможной публикации в «Новом мире» «Записок покойника». Она рассказала, как была задумана повесть, и возможное окончание ее.    
Аристарх Платонович (Немирович-Данченко) возвращается из Индии — читает в театре лекцию о своей поездке (эту лекцию сам Булгаков изображал в лицах). Максудов ждал Аристарха с таким нетерпением — и тут понимает, что напрасно. Герой встречается с женщиной из производственного цеха (художницей Госье?). У нее низкий грудной голос, она нравится ему. Бомбардов уговаривает жениться, она вскоре умирает от чахотки.    
Премьера пьесы тяжела Максудову, отзывы прессы оскорбительны и неприятны. Он чувствует, что накануне самоубийства. Едет в город юности — Киев. (Тут Булгаков руки потирал от удовольствия — хотелось еще раз написать о Киеве.) И герой бросается с Цепного моста в Днепр.    
Булгаков уверен был, что умрет в 1939 году, и спешил докончить «Мастера», а потом хотел вернуться к «Запискам покойника».    
«Булгаков не умел писать о том, что не пережил сам, — говорила Елена Сергеевна. — В молодости, когда мы познакомились и его ужасно ругали газеты за пьесы, я как-то сказала ему: “Ну что вам стоит написать пьесу о Красной Армии, и ваши дела поправятся”. Он посмотрел на меня страшными глазами и сказал со смертельной обидой в голосе: “Как вы не понимаете, может быть, я очень хотел бы написать о Красной Армии, но я не могу писать о том, чего не знаю”».",0,1
107228,"Танос начал охоту за камнями бесконечности, чтобы устроить геноцид во вселенной. В итоге он побеждает Мстителей и Стражей Галактики и собирает все Камни бесконечности в полную Перчатку, делая щелчок, в результате чего половина существ во Вселенной начинает исчезать и обращается в прах.",0,1
107321,Для устранения этого недостатка необходимо:,0,1
107359,Личные подсобные хозяйства являются хорошей базой для дальнейшего развития фермерства.,0,1
107405,Для улучшения качества воды необходимы фильтрующие установки на водо6напорных башнях перед подачей воды в сеть.,0,1
107493,"В течение всего дня работали в министерстве над перспективой развития энергетики Кубы, включая строительство атомной электростанции и создание единой энергетической системы страны.",0,1
107514,Первые мастер-планы будут представлены главе государства на VII Восточном экономическом форуме.,0,1
107561,Была сильная метель двое суток.,0,1
107646,Горы были сформированы 80—120 млн. лет назад как результате надвига.,0,1
107678,"Согласно фундаментальному исследованию Кеннета Довера «Греческая гомосексуальность», греческое искусство имело большой интерес к половым органам, но не было одержимо их размером.",0,1
107763,"Грустный приезд Синявских — у Андрея Донатовича рак, и они прощаются с Россией.",0,1
107926,Был с Дионисио в компании с Андреем Тарковским и Артуром Макаровым.,0,1
107937,Третье здание является приложением построенным самим казино.,0,1
108006,"Когда Лоис Лейн спросила его, откуда он, он ответил: «Ох… оттуда и отсюда.",0,1
108134,Девушка сделала себе ринопластику в московской клинике.,0,1
108260,"Я знаю, что она красивая.",0,1
108305,Слова с приставками и составные слова сохраняют /j/ в начале второго элемента слова: adiectīuum /adjekˈtiːwum/.,0,1
108320,"Жалованье росло медленнее, чем стоимость жизни; содержать семью в Петербурге на эти деньги было почти невозможно.",0,1
108491,"Думу имею перейти на Динамо или АМО, с Митей.",0,1
108510,"Я начал делать дело, как говорится «писать дневник».",0,1
108524,Я родилась в России.,0,1
108542,"доброе утро дорогие
весна прошла а не всех словили",0,1
108626,Полузащитник пропустил следующие встречи с «Олимпом-Долгопрудный» и хабаровским СКА.,0,1
108787,Блокчейн: Схема новой экономики.,0,1
108880,"Еще раз благодарю Вас, дорогая моя!",0,1
109008,Пейджу был нужен совет Джобса.,0,1
109014,"Эти конкретные модели также будут поставляться с играми, которые будут использовать преимущества этого оборудования.",0,1
109043,"Римский мир Римляне переняли греческую традицию, став первыми людьми, написавшими историю на негреческом языке.",0,1
109113,В последние годы в области получил развитие ряд новых производств:,0,1
109115,Он подходящий человек для этой работы.,0,1
109286,"В 1985 году Ронни Джеймс Дио возглавил движение Hear’n Aid в помощь голодающим Эфиопии. Участники группы Dio написали композицию «Stars», и 20 и 21 мая 1985 года 40 известных рок-музыкантов собрались на студии A&M в Голливуде и сделали совместную запись. В рамках проекта также были выпущены видео, атрибутика и одноименный диск Hear’n Aid, в который вошли композиции Accept, Motörhead, Rush, Kiss, Jimi Hendrix, Dio, Y&T, Scorpions и песня «Stars». В итоге удалось собрать $1 000 000, которые были направлены в помощь голодающим.",0,1
109429,Сравниваю любовь к машине с любовью к женщине.,0,1
109440,Красный Крест требует от РФ предоставить доступ к украинским морякам.,0,1
109497,"На данный момент только на школьных автобусах установлена спутниковая система ГЛОНАСС, позволяющая контролировать соблюдение графиков движения автобусов, маршрута, устанавливать местоположение транспортного средства.",0,1
109519,"Психолог убеждена, что таким поведением люди справляются с внутренней тревогой, игнорируя реальную угрозу.",0,1
109551,Я был приятно удивлён.,0,1
109691,"Я прочитал в газете, что его убили.",0,1
109720,Завидую вашему хорошему здоровью.,0,1
109732,Следствие по делу о покушении продлилось около года.,0,1
109883,"В 21:00 по сообщению «ОВД-Инфо», число задержанных возросло до 448 человек.",0,1
109908,Намёт золотой подбитый горностаем.,0,1
109940,"""Севилья"" в четвертый раз стала победителем Лиги Европы.",0,1
109948,"Это вызвало скандал и драку между Уилсоном и Мэнсоном, Мэнсон достал нож, Уилсон отступил.",0,1
109957,Статуя высечена из камня.,0,1
109966,"Если завтра будет дождь, я не пойду на пикник.",0,1
110048,У меня под кроватью монстр.,0,1
110079,"Ни с экспертами, ни внутри команды, мы не пришли к единому мнению.",0,1
110145,Заседание соединенных департаментов по вопросу о штатах и классах судебного ведомства.,0,1
110209,Их имена незнакомы или давно забыты; их судьба занимала только их близких.,0,1
110267,В 1993 году она была награждена золотым диском за свой альбом 14 Grootste Hits Van Conny Vandenbos.,0,1
110375,"Он восхищается его знаниями о кино и благодарит за навыки, которые он приобрел благодаря ему.",0,1
110396,Тошно от какого-то неприятного предчувствия.,0,1
110398,Там Нико начала развивать отношения любви и ненависти с Чейзом.,0,1
110507,"Я жалею, что сказал ему это.",0,1
110567,"Сразу после рождения Павел был отселён от матери. Его мать Екатерина могла видеть его очень редко и только с разрешения императрицы. Когда Павлу было восемь лет, его мать, опираясь на гвардию, осуществила переворот, в ходе которого отец Павла при не вполне выясненных обстоятельствах умер.",0,1
110613,"20 мая советское правительство ясно дало понять, что оно думает о Фленсбургском правительстве.",0,1
110882,"Он также является основателем и лидером Tribe of Gypsies, хард-рок группы с латинскими влияниями.",0,1
111006,Они нашли медвежьи следы на снегу.,0,1
111028,Купанье ночью Ha нескольких пляжах Англии входит в моду купанье по ночам.,0,1
111111,Как ты смеешь это говорить?,0,1
111154,Лайон был впечатлен и сказал: «Это снова Джин Харлоу.,0,1
111161,"До настоящего времени предприятие не получало финансовой поддержки федерального Правительства, кроме обеспечения части работников предприятия общественными работами во время вынужденного простоя производства.",0,1
111169,"Продюсер Мелисса Кобб сказала, что первоначально По был более «глупым», «дурачливым» (англ. more of a jerk), однако после того как создатели услышали голос Джека Блэка, было решено полностью изменить характер персонажа. По словам Блэка, он в основном работал в полной изоляции. Но однажды он и Дастин Хоффман провели один день вместе, что, по словам Кобб, помогло лучше озвучить сцену, когда По и Мастер Шифу встречаются лицом к лицу в первый раз. Люси Лью сказала, что фильм был «немного иным, поскольку это был такой долгий процесс» (англ. was quite different because it was such a long process).",0,1
111281,Сами вакцины доказали свою безопасность и эффективность.,0,1
111303,Игрушка-бомба убила шесть детей в Пакистане.,0,1
111423,Франция перехватила бомбардировщики России над Ла-Маншем.,0,1
111530,"Во время переливания крови, которое пришлось сделать актрисе Екатерине Волковой после искусственных родов, ее заразили смертельным вирусом. Болезнь стала причиной отстранения ее супруга, боявшегося, что Волкова может передать ему заболевание через средства личной гигиены или столовые приборы. По словам самой артистки, речь идет о гепатите С.",0,1
111556,Я хочу выпить чашку чая.,0,1
111724,"Она также говорит Петиру, что она знает чего он хочет.",0,1
111735,"У меня есть друзья, которые нам помогут.",0,1
111758,Что это вы ему дали?,0,1
111831,"Во-первых, не исключено, что на решение правительства РТ повлияла недавняя серия крупных аварий на российских трубопроводах, в частности в соседней Башкирии.",0,1
111938,Три пары черных аистов в разное время в августе видел Ал[ександр] Ив[анович] в районе Михайловки (Диканьский р[айо]н).,0,1
112029,В ноябре объект может получить заключение о соответствии от госстройнадзора.,0,1
112084,"Я не вижу того, что внутри, потому что занавески закрыты.",0,1
112092,Он был награжден Падма Шри правительством Индии в 1960-х за его работу в кино на телугу.,0,1
112108,"Сам князь Владимир обычно именовался «просветителем», как он именуется и в составленном в конце XIX века акафисте ему.",0,1
112124,"В воскресенье рекордными оказались 600 заболевших, а сегодня зафиксировано уже 606 новых случаев в регионе.",0,1
112180,Он уже доделал уроки?,0,1
112225,"В Курске завершился матч ""Динамо"" против оренбургской ""Надежды"".",0,1
112231,"Не перебивай, когда я говорю.",0,1
112406,"Если нагреть гексаметиленамин с йодистым этилом или йодистым метилом, то получаются кристаллические, содержащие иод, продукты.",0,1
112527,С дурака что возьмёшь.,0,1
112723,"Он использует скалистые утесы, где живет, чтобы укрыться и спрятаться от опасности.",0,1
112836,"Можем ли мы определить элементы исторического или политического контекста, которые сценаристы пытались сатиризировать?",0,1
112937,Он очень боится своей матери.,0,1
112977,Релизы до 28 мая 2008 года не считались свободным программным обеспечением в связи с определенными ошибками в проекте старой лицензии Panda3D.,0,1
113008,"Смарагдова (1941) скрестила московских парамеций между собой, московских с южными, московских с северными и северных с южными.",0,1
113019,"В первую очередь она чистит заезды к соцучреждениям, а также спуски и подъемы на дорогах.",0,1
113027,Мой отец работает на заводе.,0,1
113134,"После того, как пассажир не смог оплатить проезд банковской картой, кондуктор предложила ей покинуть салон.",0,1
113159,Индексы физического объема производства продукции сельского хозяйства,0,1
113177,"Неважно с какой стороны к нему стремишься, неважно какими тропами к нему идёшь.",0,1
113190,"Я сделаю это при условии, что вы мне поможете.",0,1
113300,Я пошел на работу в артель и отвел коня и ход и отвез на посев кукурузы 25 фунтов и проса 15 фунтов.,0,1
113310,"Уходы ""зигзагом"" строятся на основе более простых уходов, которые уже были описаны выше.",0,1
113319,У него аллергия на домашнюю пыль.,0,1
113360,"В США 34 офицера военно-воздушных сил, отвечающие за запуск ядерных ракет, были отстранены от должностей в связи с обвинениями в списывании во время прохождения квалификационных экзаменов.",0,1
113435,"Однако, еще некоторые трудности могут возникать при попытке решить уравнение и интерпретировать решение.",0,1
113484,В то же время дефицит инвестиционных ресурсов остается одной из главных проблем муниципалитета.,0,1
113512,"KБ: Да-да, большой сюрприз.",0,1
113527,"Муниципальная система образования города Рубцовска представляет собой развитую сеть организаций, которые предоставляют широкий спектр образовательных услуг.",0,1
113706,"После долгого изгнания семья поселилась в Париже в 1920 году, где юный Троят получил образование, а затем получил диплом юриста.",0,1
113738,"Президенты обеих стран подписали несколько соглашений об экономическом, научном и культурном сотрудничестве.",0,1
113968,"Было адски лихо, ваше превосходительство, я... пулемет.",0,1
113988,"Россия заблокировала принятие Советом Безопасности ООН документа в связи с ""ракетным инцидентом"" в Грузии, сообщил журналистам постоянный представитель РФ в ООН Виталий Чуркин после закрытых консультаций СБ ООН в четверг. ""Мы объяснили своим коллегам, что любое заявление сейчас будет преждевременным. Только сегодня в Грузию прибыли российские эксперты, и сейчас расследование должно идти на уровне российских и грузинских экспертов"", - цитирует Чуркина РИА Новости. США в четверг внесли проекты сначала заявления председателя СБ ООН, а затем заявления для прессы, однако они не были поставлены на голосование после выступления российского постпреда. Как заявил Чуркин, попытка принять некий документ СБ ООН по горячим следам ""ракетного инцидента"" преследовала политические цели. По его словам, в ходе обсуждения ""некоторые делегации ссылались на односторонние оценки, однако такого рода подход не получил поддержки"". ""Грузия пытается создать шум, в то время когда нужна профессиональная дискуссия между грузинскими и российскими экспертами"", - сказал Чуркин. В четверг в Тбилиси для расследования инцидента, произошедшего 6 августа в районе грузинской деревни Цителубани, прибыла группа российских экспертов. В ее состав вошли начальник главного штаба ВВС России генерал-лейтенант Игорь Хворов, спецпредставитель по вопросам отношений со странами СНГ, посол по особым поручениям Валерий Кеняйкин, а также группа специалистов Минобороны и МИД. Глава внешнеполитического ведомства Сергей Лавров высказал предположение, что российские эксперты ""поставят точку в ракетном инциденте"". Уже отработавшая на месте происшествия группа международных экспертов в целом подтвердила грузинскую версию событий, в соответствии с которой сбросивший ракету в окрестностях Цитебулани самолет прилетел из России. Согласно опубликованному экспертной группой отчету, 6 августа неподалеку от города Степанцминда самолет неустановленного типа трижды вторгался в воздушное пространство Грузии с российской территории. В третий раз, пролетая над деревней Цителубани, которая находится в нескольких километрах от административной границы непризнанной республики Южная Осетия, он сбросил ракету. Эксперты идентифицировали снаряд как антирадарную ракету российского производства ""Радуга Х-58"", отметив, что ее нет на вооружении ВВС Грузии. Аналогичные данные ранее предоставила грузинская сторона. Со своей стороны, Россия категорически отрицает факт нарушения своими самолетами грузинского воздушного пространства.",0,1
114019,Он чемпион GP2 2010 года и бывший чемпион итальянской Формулы Renault.,0,1
114042,В конце 2005 Pixomatic была приобретена Intel.,0,1
114194,Объемы производства основных видов продукции по виду экономической деятельности «производство пищевых продуктов» в I квартале 2015 -2016 г. характеризуется следующей таблицей 7:,0,1
114217,"Через несколько часов он уже был в поезде, направлявшемся в Калькутту.",0,1
114224,Личный самолет Дональда Трампа совершил экстренную посадку в аэропорту Нэшвилла из-за неисправности двигателя.,0,1
114316,"Рив умер 10 октября 2004 года в возрасте 52 лет от сердечных заболеваний, вызванных инфекцией.",0,1
114341,"Было также доставленно больше оружия, для защиты города.",0,1
114472,"И тем лучше, потому что я, оставшись в покое, уже не лицезрел его особу.",0,1
114520,"Несмотря на сохранение зарплаты, у людей есть свои причины для выхода на работу.",0,1
114522,На груди Маяковского было небольшое кровавое пятно.,0,1
114654,Показатель характеризует количество обучившихся по вопросам развития сельского хозяйства из числа работающих в сельском хозяйстве.,0,1
114809,Затем начались работы по очистке территории и захоронению разрушенного реактора.,0,1
114856,"Директор отказывается, и отец Мохаммеда в конечном итоге отвозит его домой в деревню.",0,1
114885,"В странах Западной Европы, беженцы и иммигранты интегрируются в общество, где это возможно.",0,1
114957,"Необходимо предусмотреть финансирование за счет бюджетных средств мероприятий, направленных на развитие малого бизнеса на селе, по следующим направлениям:",0,1
114991,"По немецкому языку получил «хорошо». Читал книгу «Охотники за растениями». Майн-Рид оказывается, хорошо знал ботанику.",0,1
115076,"Если собеседник умный и уважаемый человек, даже неудобно думать, что он переменит все свое миросозерцание после вашей пятой фразы.",0,1
115138,"Татьяна Алексеевна выбирала рядом стоящие шары и, не пытаясь сделать результативный удар, просто отыгрывалась.",0,1
115163,"Одна из них имела характер озорства и скандала, хотя ей была придана нарочитая форма ученого филологического исследования.",0,1
115176,Цветы в саду очень красивые.,0,1
115300,"Вот когда прошло все совершенно, и даже было бы неприятно встретиться.",0,1
115324,Белл сделал несколько воплощений близнеца своей успешной версии серии Белл 206.,0,1
115401,"Он был назван в честь бригадного генерала Фрэнсиса Нэша, который был ранен в том году в битве при Джермантауне.",0,1
115480,Tenex представляет 35-50 % мирового рынка ядерных материалов.,0,1
115565,"Солнышку-то, вишь, не по нраву суд их неправедный, не хочет солнышко такой жертвы.",0,1
115650,"Азиатская пыль (также желтая пыль, желтый песок, желтый ветер или китайские пыльные бури) - это погодное явление, которое случается каждый год.",0,1
115669,Органы территориального общественного самоуправления являются проводником обратной связи между населением и органами местного самоуправления поселения.,0,1
115728,"Однако остается ряд проблем, которые не могут быть решены учреждениями культуры района за счет текущих бюджетных расходов.",0,1
115838,"Россия предложила себя на роль честного посредника между Израилем и ""государством Палестина"".",0,1
115853,"Несмотря на то, что новый президент хотел сделать его своим выдвиженцем, Дарио предпочёл покинуть страну.",0,1
115910,В результате многолетней работы в городе сформирована система по духовно-нравственному и патриотическому воспитанию детей и подростков.,0,1
115934,"Как и во многих других городах по всей стране в это время, многие белые жители принимали меры против законов десегрегации.",0,1
116070,"Земля является центральным балансом элементов и, следовательно, дает качества для всех 12 животных.",0,1
116163,"Позже Бэрд сделал стеклянную бритву, которая не заржавела, но разбилась.",0,1
116285,Джокович одержал победу над Иснером на старте итогового турнира ATP.,0,1
116300,"Речь идет о столичном театре Geneza Art, на счет которого поступит сумма в 100 тысяч леев, что станет основой для долгосрочного партнерства, считают представители Victoriabank.",0,1
116350,Она также каталась на коньках с другими компаниями: Hollywood Ice Revues ...,0,1
116412,"Основная причина, по которой приходится выполнять коррекцию цвета, следующая: человеческий глаз имеет способность адаптироваться к силе и спектральным характеристикам освещения таким образом, что сохраняется восприятие цвета предметов в большинстве случаев независимо от спектрального состава освещения, камера же фиксирует световое излучение без адаптации и, при просмотре в других условиях, фотографии иногда сильно отличаются от того, что мы видели, когда фотографировали. Для устранения этой проблемы в фотографии используются алгоритмы выбора и настройки белого цвета. Эти алгоритмы уже можно назвать цветокоррекцией.",0,1
116610,"Развиваются отношения между туристическими ведомствами двух стран, рассматривается программа сотрудничества.",0,1
116632,"В этих общих воспоминаниях звучала скрытая надежда, что все еще может повернуться к нормальной жизни, то есть к довоенной, к дореволюционной.",0,1
116710,В церкви я молилась о Косте.,0,1
116713,Заработок варьируется в зависимости от возраста работника.,0,1
116716,"Не хотелось бы также думать, что даже и величание Гитлера ""богоданным вождём народов"" не является в глазах Церкви чистейшим богохульством.",0,1
116763,"Можно ли назвать такой подход государственным, судите сами.",0,1
116842,Война - это преступление против человечества.,0,1
116866,"Все документы, предоставленные для участия в отборе, должны быть составлены на русском языке, формы бланков заполнены печатным текстом.",0,1
116916,"Он был одинаково прекрасным и братом, и отцом, и сыном, другом.",0,1
117035,"В рамках проекта «Тургеневская осень» в музее ежегодно проходят тургеневские чтения, в которых принимают участие исследователи творчества писателя из России и из-за рубежа.",0,1
117077,Вы хорошо провели выходные?,0,1
117090,"Кто-то заражается после введения первого компонента, не соблюдая правил предосторожности.",0,1
117115,Он рассматривает использование компьютерного программного обеспечения для перевода текста или речи с одного естественного языка на другой.,0,1
117126,В России зафиксировали максимальное число случаев коррупции за последние 8 лет. Больше всего — в Пермском крае (в прошлом году лидировала Москва),0,1
117176,Спасение было по меньшей мере чудом.,0,1
117415,"Потребности в финансовых средствах, необходимых для реализации проекта с указанием источников финансирования:",0,1
117550,"Власть королевы и генерал-губернатора ограничена конституцией, и обычно требует санкции кабинета министров страны.",0,1
117576,"Она договорилась с ними о том, что новое правительство будет приведено к присяге на следующий день.",0,1
117594,"Приданое (также известное как приданое или тостер) - это деньги, товары или имущество, которые женщина приносит своему новому мужу.",0,1
117946,"Карл Лагерфельд написал несколько книг, каждая из которых так или иначе относилась к миру искусства и высокой моды.",0,1
118169,Корабль исчез за горизонтом.,0,1
118233,"Я держу большой словарь под рукой, когда читаю английские журналы.",0,1
118466,Однажды жил старик в деревне.,0,1
118509,управления Программой и контроль за ходом ее реализации,0,1
118602,"И заключила рецензию: «Всё в фильме по-артуриански: герой-рыцарь с его духовным подвигом, с насыщенной атмосферой, которая кажется танцует с прошлыми и будущими правдами». Джанет Маслин в «The New York Times» сказала, что О’Коннор вложил сюда «„сильное чувство тоски, а также духовность, более очевидную в облике фильма, чем в диалогах“». Десмонд Райан из «The Philadelphia Inquirer» отметил, что «редко где невозможность любви была так мучительно представлена, как в сценах исчезающей надежды между Фертом и Ричардсон».",0,1
118634,Томас Холланд рассказал о долгосрочном планировании своего актёрского пути.,0,1
118778,Меня устраивает моя зарплата.,0,1
118799,"Любовь нелегко описать, потому что это смесь эмоций, люди могут любить и быть любимыми по-разному.",0,1
118853,"Zentyal (ранее eBox Platform) - это сервер с открытым исходным кодом, предназначенный для малых и средних предприятий (МСП).",0,1
118883,"Свой первый профессиональный сезон (1974–75) Фоголин провел в «Баффало», но в следующем сезоне сыграл за «Сэйбрз» и «Херши Беарз» АХЛ.",0,1
118949,"В российских вузах и школах запретили Facebook, Twitter и Google.",0,1
118998,"В 1664 году Маргарет Фелл была арестована за отказ давать клятву, а также за проведение собраний у себя дома.",0,1
119067,"Пресс-секретарь президента России Дмитрий Песков заявил, что не может оценить достоверность сообщений о проекте указа Дональда Трампа, предусматривающего отмену санкций против России.",0,1
119072,"Китайских женщин некому было защитить, мужчины или отсутствовали, или были бессильны.",0,1
119074,Вы ему ничего не сказали?,0,1
119118,"Как правило, кампании за лидерство той или иной политической партии в Британии проходят без особого внимания со стороны СМИ.",0,1
119125,Сегодня даю некоторые мои стихотворения Рыбчинскому. Он их напечатает на ремингтоне и принесет завтра мне.,0,1
119561,"Попытки руководства страны провести новые реформы, которые позволили бы преодолеть отставание Афганистана, натолкнулись на сопротивление исламской оппозиции.",0,1
119566,"Создать условия для обеспечения защиты прав детей, их социальной реабилитации и адаптации в обществе.",0,1
119619,"Но только об этом, как и о дачах Лопахина, слушать никто не хочет.",0,1
119685,В 1996 году он вместе с тремя другими художниками основал компанию под названием Tridente Animation.,0,1
119729,Я плакал всю ночь.,0,1
119926,"Когда ты говоришь о повышении зарплаты до оценки твоих способностей, я склонен думать, что ты бежишь впереди паровоза.",0,1
120195,я не могу я щас кони двину это теперь мой любимый видик во всем интернете особенно момент с СЭНК Ю ФОР КАМИНГ ТУ МАЙ ТЕД ТОК,0,1
120204,"Мбаппе не хочет, чтобы Неймар уходил из ""ПСЖ"".",0,1
120227,"Министерство культуры России опубликовало законопроект об ограничении показа одного зарубежного фильма до 35% от общего числа сеансов за день. В ведомстве утверждают, что такая мера обеспечит ""многообразие релизов"" в репертуаре, но киносети предупреждают о дефиците интересного для зрителей кино.",0,1
120423,"Еще одна подобная баня в Петербурге есть на улице Шелгунова, дом.",0,1
120499,"Я была рада: я люблю, когда к нам приходят родные.",0,1
120572,"Главное не победа, а участие.",0,1
120582,"Местные врачи осматривали больных. Я по-прежнему остаюсь в «доме отдыха». Умер Штейнберг, директор колбасной фабрики в Тукумсе.",0,1
120664,"Вулкан Шивелуч на Камчатке выбросил пепел на высоту 4,5 км.",0,1
120703,"Но самый образ у нее так ярок, что подробности возникают как будто без ее стараний.",0,1
120725,"Они находились под сильным влиянием таких групп, как AC/DC и Creedence Clearwater Revival.",0,1
120731,"Примечание: показатели основного мероприятия полностью дублируют входящие в него показатели мероприятий, поэтому показатели в таблице отражаются только на уровне мероприятий.",0,1
120750,"Наибольшая часть деятельности АМТИС (а также своя страница в интернете), предоставляются на трех официальных языках ВТО.",0,1
120825,"(На поле боя увидимся, ублюдки!)",0,1
120863,Он был соавтором «Списка японских птиц» и автором «Птиц Японии» (1961).,0,1
120995,"3, #17 и был создан Кристофером Пристом и Кенни Мартинесом.",0,1
121061,"Заявления прокуратуры Черногории о планах убийства премьер-министра и причастности к ним ""русских националистов"" пока настолько расплывчаты, что и в самой Черногории независимые от власти комментаторы лишь гадают, о чем именно речь - а многие и просто не верят.",0,1
121094,Не все из этих книг полезны.,0,1
121132,"Позднее, 1 апреля 2006 г., Хадер объявил, что возвращается в политику.",0,1
121166,Вам не стоит идти.,0,1
121208,Бесконтрольный прием даже самых обычных витаминов может привести к изменению формулы крови и проблемам с иммунитетом,0,1
121222,"В первую очередь, позаботься о себе.",0,1
121268,В ходе конфликта 1999 года Реджепи присоединился к Освободительной армии Косово и в течение трёх месяцев был полевым врачом.,0,1
121369,"Как сообщило агентство ""Интерфакс"" со ссылкой на информированный источник в российском внешнеполитическом ведомстве, МИД собирается предпринять ""адекватные ответные шаги"".",0,1
121377,"Спикер Палаты представителей в Конгрессе США Нэнси Пилози встретилась с Далай-ламой и призвала мировое сообщество осудить политику Китая в отношении Тибета. Об этом в пятницу сообщило агентство Associated Press. Пилози прибыла в Индию, где проживает Далай-лама, в качестве главы делегации членов Конгресса. Это первая встреча Далай-ламы с официальным лицом высокого ранга с тех пор, как неделю назад мирные демонстрации за независимость Тибета от Китая переросли в уличные беспорядки. После встречи Пилози выступила перед толпой тибетцев, в частности, заявив: ""Если любящие свободу люди во всем мире промолчат о поведении китайцев в Тибете, мы просто-напросто потеряем моральное право разговаривать о правах человека"". Далай-лама оказал Пилози теплый прием. Кроме того, сотни проживающих в Индии тибетцев встретили спикера Палаты представителей овациями, приветственными плакатами, а также тибетскими, индийскими и американскими флагами. Агентство AFP утверждает, что спикера приветствовали тысячи людей. Нэнси Пилози - известный критик китайского отношения к правам человека. Что касается ситуации с Тибетом, то за последние полгода Пилози встречается с Далай-ламой уже второй раз. Напомним, что беспорядки в столице Тибета Лхасе вспыхнули в середине марта. Им предшествовали мирные акции за независимость Тибета, проводившиеся тибетцами в различных странах. Волна беспорядков приурочена к 49-й годовщине изгнания из Тибета Далай-ламы, который пытался добиться независимости региона от Китая. Кроме того, протестующие надеются привлечь внимание мировой общественности к проблемам Тибета накануне пекинской Олимпиады-2008. Китай считает людей, которые добиваются независимости Тибета, сепаратистами. В настоящее время китайские власти подавляют беспорядки в Тибете и стараются, чтобы за границу просачивалось поменьше информации обо всем, что там происходит. Интересно, что Далай-лама уже призывал тибетцев прекратить беспорядки и пообещал отойти от дел, если его сторонники будут использовать в борьбе насилие.",0,1
121389,"Это заболевание провоцирует боль в мышцах, связках и сухожилиях.",0,1
121401,Мне нужно немного сахара.,0,1
121429,Ньют уговаривает Якоба помочь найти пропавших существ.,0,1
121515,"На заседании обсуждаются вопросы деятельности прокуратуры, борьбы с преступностью, проекты актов и приказов, а также других важных документов.",0,1
121527,Мы встретились в аэропорту.,0,1
121535,Роли Провайдер Поставщик облачных вычислений или поставщик услуг облачных вычислений владеет и управляет системами облачных вычислений для предоставления услуг третьим сторонам.,0,1
121561,Сразу с подушек поднимаются несколько голов.,0,1
121607,"Химическая пневмония Химическая пневмония (обычно называемая химическим пневмонитом) вызывается химическими токсинами, такими как пестициды, которые могут попасть в организм при вдыхании или контакте с кожей.",0,1
121682,"Валерий Лимаренко поблагодарил студентов за то, что они выбрали самую благородную профессию на Земле.",0,1
121808,Где находится ближайший полицейский участок?,0,1
121816,"Совсем стемнело, в просветы между ветвями проглядывало пепельное от луны небо, и Кандид снова подумал, что все это жутко похоже на декорации в хорошем театре.",0,1
121818,Я бы хотел поговорить с менеджером.,0,1
121946,Но откуда я И кто мне дал здесь место Для разрешения сего вопроса принужден был я вытти из самого себя и вопросить природу.,0,1
122008,"После этого она улетела со всеми своими утятами, кроме одного, который остался в церкви.",0,1
122017,"Когда Союз Гана-Гвинея был сформирован, флаг его был как флаг Ганы, только с двумя чёрными звездами.",0,1
122020,В Красноярском институте железнодорожного транспорта преподаватель напал на студента 2-го курса.,0,1
122089,"Если бы он знал эти факты, аварии можно было бы избежать.",0,1
122097,Я не читаю книг.,0,1
122202,"В описание закупки указывается, что гробы должны быть «новыми и неиспользованными».",0,1
122234,Тебе не стоит ни на что жаловаться.,0,1
122286,Длинная шерсть персидской кошки также пользовалась успехом у художников.,0,1
122403,"Пограничники показали, как выглядят янтарные ""плантации"" с высоты птичьего полета [видео].",0,1
122409,Крысы бегут с тонущего корабля.,0,1
122480,Важной задачей в процессе социализации молодого поколения является формирование поведенческих и духовных императивов казачьей культуры.,0,1
122593,При этом мы не собираемся сокращать средства по ключевым направлениям.,0,1
122640,В рамках новой программы МАП РФ также призывает глав регионов выработать механизм встречных гарантий по кредитам для малого бизнеса и начать широко применять субсидирование процентной ставки по таким кредитам.,0,1
122682,Через три года после его смерти стоимость акционерного капитала его компании превысила 250 миллионов долларов.,0,1
122705,Тюменская область впервые попала в пятерку субъектов РФ по уровню научно-технического потенциала.,0,1
122739,"Но вскоре он отметал, деловито сдувал их, как столяр сметает стружки с верстака, чтобы не мешали разметке.",0,1
122780,Я хотел бы уехать из этого города и никогда больше не возвращаться.,0,1
122833,В конце войны осталось от 33 до 40 человек; большинство из них были найдены в районе Луцка.,0,1
122905,"""Прекратить вооружение террористов"": в Конгресс США внесены новые законопроекты.",0,1
122918,Прибор рассматривает около 10 звезд за ночь.,0,1
122966,В борьбе за трон.,0,1
123097,Депрессия немножко пошла на спад.,0,1
123275,"Группа приняла решение отдохнуть от записи в середине 2009 года, чтобы выступить на различных турах, в том числе 2009 Mayhem Festival.",0,1
123325,"Однако, как утверждают представители CNN, это невозможно, так как их журналисты были задержаны вскоре после начала инцидента.",0,1
123341,"Мать Ривза работала в Бейруте, когда познакомилась с его отцом.",0,1
123357,"30 апреля 2019 года вышло бесплатное DLC «Old-timers», включающая две ретро-машины General Motors 1950-х годов и одну новую карту.",0,1
123382,"Пентагон заявил о ""возросшей"" угрозе со стороны России.",0,1
123492,Я поблагодарил его от всего сердца.,0,1
123538,Я купил шоколад для Джима.,0,1
123545,"Мы вышли в рейд, приняли массу народа, как военных так и гражданских, и около 10 часов вечера вышли в море.",0,1
123552,"Если ангел всегда увеличивает расстояние от центральной клетки, то дьявол имеет выигрышную стратегию (Conway, 1996).",0,1
123567,Более 70 лет здание синагоги было в собственности государства.,0,1
123734,Брак длился полтора года.,0,1
123813,"Темпы восстановления алтайской экономики оказались значительно выше, чем в Российской Федерации и СФО.",0,1
123820,Лишь в очень немногих российских городах существует практика заключения письменных договоров между нанимателем (или собственником) жилья и жилконторами.,0,1
123865,Средний размер пособия по безработице увеличился в мае на 26 грн.,0,1
123871,"- Холодает. Уже зима.
- Зима - это не так важно.
- А что важно?
- Важно с кем...
.",0,1
123947,"Горы я люблю больше, чем море.",0,1
124007,"На этом уровне Банк Канады и должен действовать для предохранения ценности денег, но на деле этого не происходит.",0,1
124049,В Киеве открылся Конгресс «Россия — Украина: диалог».,0,1
124051,"Он считает, что подборка не отражает объективные предпочтения россиян.",0,1
124167,Я встретил его в толпе.,0,1
124301,В некоторых романских или готических монастырях вход в дом капитула представляет собой миниатюрную версию входа в собор.,0,1
124416,В настоящее время предприятие реализует инвестиционный проект «Переработка полипропилена» с общим объемом капитальных вложений 145 млн рублей.,0,1
124475,Агентство Reuters сообщило об участии Алишера Усманова в управлении Узбекистаном.,0,1
124515,"Климатические условия в целом благоприятны для развития сельского хозяйства, выращивания зерновых культур, овощей, фруктов и ягод, особенно в средне- и низкогорье.",0,1
124609,"""АвтоВАЗ"" в августе увеличил продажи на 3,6% год к году, к июлю показатель упал.",0,1
124637,Для развития животноводства главным является: обеспечение поголовья в полной потребности качественными кормами и качественное воспроизводство основного стада.,0,1
124649,"Внешностью, характером, привычками и самим складом ума Александр III мало походил на своего отца.",0,1
124702,"Другими словами, H. floresiensis имеет общего предка с современными людьми, но отделилась от современной человеческой линии и пошла по другому эволюционному пути.",0,1
124717,"Это популярное место отдыха, известное своими озерами и горами, а также своими ассоциациями с поэзией начала 19 века и произведениями Уильяма Вордсворта и Озера Поэтов.",0,1
124850,"Утром (в 12) у Николадзе, а дома портрет.",0,1
124968,"Это немедикаментозная терапия, применяемая на ранних этапах заболевания, медикаментозная, применяемая при декомпенсации углеводного обмена, и профилактика осложнений, осуществляемая во время всего течения заболевания.",0,1
125020,"Министр промышленности и энергетики Виктор Христенко заявил в четверг на заседании Правительства РФ, что, уже к 2008 году ЖКХ может перейти на рыночные отношения, передает РИА ""Новости"". ""Согласно оптимистичному прогнозу, в случае принятия пакета законов, регулирующих вовлечение ЖКХ в рыночные условия работы, в 2004 году, а также принятия дополнительного пакета законов в первой половине 2005 года к 2008 году ЖКХ полностью перейдет на рыночные условия работы"", - сообщил министр. Он подчеркнул, что его прогноз основывается ""на безусловном выполнении всех предусмотренных решений, включая вопросы разграничения полномочий в финансировании объектов ЖКХ"". Между тем, как сказал корреспонденту Ленты.Ру источник в Федеральном агентстве по строительству и ЖКХ, ""обещание Христенко выглядит очень сомнительно, хотя глава агентства Владимир Аверченко действительно делает для реализации реформы все возможное"". По его словам, положить начало переходу на новые стандарты должно введение 100-процентной оплаты коммунальных услуг. Однако уже сейчас эксперимент по добровольной оплате коммунальных услуг по полному тарифу показывает, что люди не хотят платить все 100 процентов. Между тем, как сообщает РБК, Христенко заявил во время своего выступления, что население в России никогда не будет оплачивать 100 процентов услуг ЖКХ. Он отметил, что государство всегда будет субсидировать граждан, и объем этих средств не будет менее 35-40 процентов. Другая сторона перевода предприятий ЖКХ на рыночные отношения касается сотрудничества с частными фирмами. По словам Христенко, местные органы власти должны ликвидировать дотационность предприятий ЖКХ, чтобы способствовать формированию договорных отношений. В частности, на муниципальном уровне необходимо активизировать правовое оформление объединений собственников жилья, а также реализовывать долгосрочные проекты по восстановлению инфраструктуры жилья. Как сообщил тот же источник в Федеральном агентстве по ЖКХ, ""на данный момент около 17 процентов предприятий ЖКХ уже обслуживают частные фирмы. Большая часть объектов, с которыми работают эти предприятия - элитные дома, а не муниципальное жилье. В любом случае, пока эта практика существует только на экспериментальном уровне"".",0,1
125021,В Воронежской области за три недели октября количество вакансий для курьеров выросло на 29% по отношению к сентябрю.,0,1
125059,Радость была смешана с горем.,0,1
125202,Он описал её как один из самых красивых цветков в мире и выбрал Cattleya trianae в качестве Национального символа.,0,1
125309,"Это второй фильм, который я хочу всегда иметь под рукой.",0,1
125447,Вы должны научить свой язык отличать хороший кофе от плохого.,0,1
125471,"Сэндфорд также выступал в Way Out West, но эпизод с его участием был вырезан при монтаже.",0,1
125478,Он стремился к постепенному увеличению использования нидерландского языка во Фландрии.,0,1
125485,"Он встречается с Ву и борется с ним, только чтобы оказаться в клетке, побежденным.",0,1
125580,"Сегодня больше облаков, чем вчера.",0,1
125608,На ранчо держат около пятисот голов крупного рогатого скота.,0,1
125625,"Это профессия, в которой при нашей советской власти художники добились очень серьезного качества, потому что это опять была отдушина.",0,1
125709,Продажи нового дома ведутся в рамках 214-ФЗ с использованием эскроу-счетов.,0,1
125837,"Поучаствовать в кастинге может любой житель Уфы, который готов в течение нескольких месяцев посещать репетиции под руководством опытных педагогов и посвятить себя творчеству.",0,1
125841,"Присвоение телеканалу ""Спорт"" статуса общефедерального обойдется бюджету в 5 миллионов долларов. Именно такую сумму называет ""Коммерсант"" со ссылкой на экспертов. В 2001 году Владимир Путин поручил правительству разработать комплекс мер по компенсации распространения сигнала в городах с населением меньше 200 тысяч человек (телевизионщики называют этот указ ""200 минус"") для трех телекомпаний – ""Первого канала"", ""России"" и НТВ. Теперь расходы этих каналов по распространению сигнала в городах ""200 минус"" полностью покрываются из бюджета. По данным ""Коммерсанта"", сумма, которую компенсируют ""Первому каналу"" (он покрывает 98 процентов страны), составляет около 35 миллионов. ""Спорт"" смотрит гораздо меньше зрителей. Как признался на встрече с президентом в среду генеральный директор телеканала Василий Кикнадзе, ""Спорт"" практически не представлен в городах с населением менее 200 тысяч человек. Напомним, что именно на этом заседании Владимир Путин попросил правительство выделить телеканалу госсубсидии, которые, по мысли президента, позволят ""кнопке"" значительно увеличить свой охват. В то же время глава Росохранкультуры Борис Боярсков говорит, что у канала достаточно широкая сеть распространения вещания, в частности, в регионах ""Спорт"" вещает еще и через кабельные сети, и поэтому такая озабоченность проблемой распространения ""не совсем понятна"".",0,1
126029,Опрошенные РБК эксперты оценили возможность использовать трубопровод «Северный поток-2» для транспортировки водорода.,0,1
126044,Но Дунька отвечала невежеством.,0,1
126057,"Подводя итоги, рациональное число прекрасно приближается им самим, но плохо приближается любым другим рациональным числом.",0,1
126072,"Задачи по этому направлению связаны с созданием благоприятных условий для развития предпринимательской деятельности и включают в себя совершенствование общих условий ведения предпринимательской деятельности, включая упорядочение контроля хозяйственной деятельности.",0,1
126206,"Президент России Владимир Путин объявил благодарность председателю комитета Государственной думы по безопасности и противодействию коррупции Ирине Яровой, прославившейся в том числе благодаря очень спорному пакету антитеррористических законов.",0,1
126221,Определение углерода и водорода в этих фракциях (качественная реакция показала отсутствие следов иода) дало следующие числа.,0,1
126299,Я кормлю золотую рыбку.,0,1
126317,"Бабушки и дедушка (Юрий Анатольевич Ковалёв умер три года назад с момента действия фильма от сердечного приступа) с нетерпением ждали встречи со своими внуками, но никто из них не ожидал увидеть весёлую, задорную и милую Женечку в новом облике гота с кучей проблем и конфликтов.",0,1
126342,"Тем не менее, даже с переводами, программа по-прежнему требует поддержку японского текста.",0,1
126399,б) подпрограмма 2 «Повышение безопасности дорожного движения на территории Краснохолмского района»;,0,1
126594,Билл Брэдли победит на президентских выборах в 2000 году.,0,1
126649,и создание межрайонных управлений социальной защиты населения при сохранении качества и доступности государственных услуг» в 2013 –,0,1
126754,Туризм на Адриатике начал развиваться в XIX веке; в XX веке хорватское побережье было одним из самых развитых туристических направлений в социалистическом мире.,0,1
126848,"В Лос-Анджелесе пройдет очередная церемония вручения премии ""Грэмми"".",0,1
126850,Кто сказал что коты не любят мыться? Вы просто неправильно их моете.,0,1
126851,Под столом лежит яблоко.,0,1
126852,"К моему удивлению, она не смогла ответить на вопрос.",0,1
126945,"Не случайно почти половина из них (46%) попала в категорию ""требующие оптимизации"".",0,1
126966,Нам нужен нож для масла.,0,1
127256,"В Соединенном Королевстве «унитарные органы власти» - это английские советы, которые несут ответственность почти за все функции местного самоуправления в пределах своих территорий.",0,1
127259,"Говорят о том, каким хотят видеть свой двор.",0,1
127302,С этим связаны и противопоставление интересов личности интересам общества и требование защиты отдельных личностей от общества и государства.,0,1
127369,"Твой доход практически вдвое больше, чем мой.",0,1
127389,"Предусмотренные Программой мероприятия направлены на достижение заявленной цели, реализацию поставленных задач и включают в себя:",0,1
127754,Сраж[ение] в дефил[е] за рекою … позади города.,0,1
127816,"Хоккеисты играли в основном в горных районах, где и проводились в течение 4-5 дней чемпионата страны (однокруговые турниры).",0,1
127860,"Я сама вакцинировалась, чтобы избежать тяжелых последствий заболевания.",0,1
127888,"Закревский Здоров ли Граф Федор Васильевич и где теперь находится, ибо збирался ехать в деревню.",0,1
128024,"Начались Карамазовы, и так я узнаю при этом чтении Достоевского — какая остается Россия после бесов.",0,1
128059,Реформа привела к прорыву в сельском хозяйстве.,0,1
128097,Корабль был построен за солидные деньги.,0,1
128416,Таких людей у нас не так уж много.,0,1
128470,Он является обладателем двух премий «Ника» и лауреатом премии «Золотой орел».,0,1
128658,Как ты себя сегодня чувствуешь?,0,1
128664,"Игрок, которому это не удастся сделать, признается «дураком» (проигравшим).",0,1
128750,Так и с мыслями добрыми...,0,1
129034,"Медведчук рассказал о стратегических целях ""Оппозиционной платформы - За жизнь"".",0,1
129060,Хоккайдо находится к северу от Хонсю.,0,1
129147,Жали пшеницу и ячмень.,0,1
129246,Я хочу купить новый велосипед.,0,1
129279,Ответственным исполнителем основного мероприятия является управление по экономике и инвестициям администрации города-курорта Кисловодска.,0,1
129346,"Open Source версия все еще доступна, даже если только для исторического интереса.",0,1
129416,Работы пройдут за счет разных источников финансирования - регионального и местного бюджетов.,0,1
129534,"До начала событий манги Итати уничтожил весь клан Утиха за исключением Саскэ, для которого месть превратилась в смысл жизни.",0,1
129562,"Луи Куай, маркиз Цзузян, нападает на герцогство Фучун под руководством своего брата Лю Ин.",0,1
129656,Но есть тут что-то от ума.,0,1
129661,"Субъект государственной поддержки в течение пяти рабочих дней после получения подписанного соглашения подписывает и возвращает либо направляет в министерство почтовым отправлением с уведомлением о вручении или иным способом, свидетельствующим о его получении адресатом, один экземпляр соглашения.",0,1
129702,"Темп танца квикстеп довольно динамичен, поскольку он был разработан для джазовой музыки эпохи рэгтайм, которая была динамичной по сравнению с другой танцевальной музыкой.",0,1
129829,"Не прощаться ты ходила, а посмотреть в последний раз, убедиться, что все кончено!",0,1
129964,Футболист вложил в это дело 330 миллионов рублей.,0,1
129976,"Отвечая на вопрос учеников, Господь показывает вместо причины цель, для которой этот человек родился слепым: ""Не согрешили ни он, ни родители его"", хотя, конечно, как люди, они не безгрешны вообще, ""но это для того, чтобы на нем явились дела Божии"", то есть, чтобы через его исцеление открылось, что Христос есть ""Свет мира"", что Он пришел в мир для просвещения человечества, пребывающего в слепоте духовной, образом которой является слепота телесная.",0,1
129978,"На какие мысли может набрести девушка, захворав болезнью неясной и сложной На нее напал страх, и она не могла более овладеть собой.",0,1
129998,"Ксеркс был сыном Дария I и Атоссы, дочери Кира Великого.",0,1
130017,"До женитьбы у него была только одна любовница — Барсина, дочь перса Артабаза.",0,1
130124,"Данный титул применяется для подчёркивания исторического старшинства Москвы как города, в котором впервые появился престол русского царя.",0,1
130313,"Назначения терапий должны основываться не на гипотезах, а на клинических исследованиях, подтверждающих эффективность.",0,1
130324,"Мальчик упал на выходе из подъезда дома, прохожие вызвали «скорую помощь», но спасти врачам его не удалось - он скончался в реанимации.",0,1
130391,"RO культура должна быть перекодирована для того, чтобы конкурировать с «свободным» распределением, которое стало возможным благодаря Интернету.",0,1
130561,В общей сложности будет использоваться более 60 дополнительных машин из автопарка администрации.,0,1
130615,"Индекс промышленного производства по итогам 2017 года составил 118,1%.",0,1
130643,Заявление и прилагаемые к нему документы и копии документов должны быть заверены печатью индивидуального предпринимателя либо юридического лица и подписями уполномоченных лиц.,0,1
130666,"По мнению Айхенвальда, Тургенева легко читать, с ним легко жить, но он не хочет волноваться сам и не хочет, чтобы беспокоились его читатели.",0,1
130693,"Он пытается убедить группу в том, что он всего лишь пытался «спасти ребёнка».",0,1
130714,Отделение было основано 15 марта 1947 года путем объединения отделения Эбара и старого отделения Синагава.,0,1
130840,Идеология и кампания партии являются основными направлениями его деятельности.,0,1
130850,"Немощь Клавдия, возможно, спасла его от чисток во времена правления Тиберия и Калигулы; враги не видели в нем серьезной угрозы.",0,1
130963,Он очень заинтересован в японском языке.,0,1
131017,Во время еды не читают.,0,1
131021,Прогноз развития системы социального обслуживания населения в рамках Подпрограммы N 2 сформирован с учетом:,0,1
131048,Porteus можно даже установить в другую систему без необходимости создания нового раздела.,0,1
131138,"На улицах её города не было ни цветов, ни деревьев.",0,1
131219,"Сделал мне скрытый упрек — в связи с тем, что я до сих пор не перевел его для «Universal-Bibliothek».",0,1
131336,"Это масштабное событие во многом определяет будущее России, каждого из нас.",0,1
131576,Вместе с рациональным подходом к банковской и финансовой политике это позволило вывести банковскую систему Казахстана на более высокий уровень развития.,0,1
131701,Сцена представляет очень бедную комнату.,0,1
131876,"Тренер ""Тоттенхэма"": ""Все игроки - герои, но Моура был супергероем"".",0,1
131937,Или вместо действующего павильона появится новый?,0,1
131960,"Тем более по камышам противник стрелял из миномета поблизости (на левой дороге), были слышны крики, стоны.",0,1
131967,почему у них такие гей вайбы я второе лето жду когда они начнут встречаться,0,1
132096,Комодо - один из 17 508 островов в Республике Индонезия.,0,1
132244,Вы были хорошими солдатами.,0,1
132247,Что может со мной случиться из-за наших больных белых братьев?,0,1
132320,Никто еще не видел ни в один телескоп планет в других солнечных системах.,0,1
132406,"Мы должны урезать наши расходы, чтобы сэкономить деньги.",0,1
132578,Ты можешь это сделать.,0,1
132606,У власти находились испанские Керенские и Милюковы.,0,1
132631,"Он считал, что всё это служит рождению новаторских исследований и продолжению развития науки в будущем.",0,1
132654,В ночь с 28 на 29 января 2014 года Россия усилила процедуру таможенного контроля.,0,1
132842,В течение 2017-2019 годов необходимо организовать и провести:,0,1
132898,Количество выявленных эпизоотических очагов определяется по данным мониторинга Главного управления ветеринарии в соответствии с полученными положительными результатами (экспертиза или протокол испытания) лабораторных исследований на АЧС в ИЦ;,0,1
132942,Я схватил со стола план и тряс ему перед носом.,0,1
132948,"Кажется, будто все эти семейные драмы написаны не о русском народе.",0,1
132980,"В свою очередь он не считался с чувствительностью своих коллег, что могло показаться расчётом или властолюбием.",0,1
132985,"Вы знаете, что означает ЮНЕСКО?",0,1
132989,Приказываю сегодня ночью ворваться в Берлин первыми.,0,1
133009,Никто не любит войну.,0,1
133075,"СМИ: Смерть Джорджа Майкла ""необъяснимая"", но не вызывает подозрений.",0,1
133120,"Согласно классификации ГГО им.Воейкова на территории области можно выделить три зоны потенциала загрязнения (IV, V, Vа).",0,1
133149,"В МВФ назвали ""стабильной"" российскую банковскую систему.",0,1
133155,Это ясно как дважды два.,0,1
133245,Мои оценки улучшились по сравнению с первым семестром.,0,1
133339,"Пьер де Ферма утверждает, что у него есть доказательство того, что впоследствии стало известно как последняя теорема Ферма.",0,1
133413,"Знаете вы этих забитых трудом и бедностью старушек, которые встречаются иногда на улицах, в кухмистерских и присутственных местах в дни выдачи пенсий Почему-то все они маленького роста, ходят в стареньких бурнусах и убогих шляпках, смотрят на все робкими, недоумевающими глазами и возбуждают мучительную жалость своим покорным видом.",0,1
133457,кошмар минхо так часто отправляет фоточки и видео сундундори что у меня уже такое ощущение как будто это мои собственные коты которые за тысячи километров от меня,0,1
133492,Эффективные доли UCP и Trafigura в EOL равны 24 % каждая.,0,1
133723,Слух о смерти Франца Иосифа и германского посланника неверен.,0,1
133769,"Было только шесть предыдущих случаев, когда президент Германии отклонял законопроекты. В большинстве случаев речь шла о менее важном законодательстве.",0,1
133800,"С 1863 года это движение организует временные выставки по всей России, развивая независимое русское искусство и противопоставляя его академической живописи.",0,1
133806,"Джон слишком толстый, чтобы быстро бегать.",0,1
133838,По итогам проведения анализа индекса эффективности дается качественная оценка эффективности реализации подпрограммы:,0,1
133847,Не менее девяти человек погибли и 67 ранены при столкновении поездов в Пакистане.,0,1
133914,"В целом же на охрану лесов от огня в дальневосточных регионах выделяется почти 5,8 млрд рублей – в 1,7 раза больше, чем в этом году.",0,1
134051,"Barrett, Paul M.; Butler, Richard J.; Mundil, Roland; Scheyer, Torsten M.; Irmis, Randall B.; Sánchez-Villagra, Marcelo R. A palaeoequatorial ornithischian and new constraints on early dinosaur diversification (англ.) // Proceedings of the Royal Society B : journal. — Лондонское королевское общество, 2014. — 6 August (vol. 281, no. 1791). — P. 1—7. — doi:10.1098/rspb.2014.1147.",0,1
134053,"Структура ДПМ включает в себя Женскую организацию, Демократическую Молодежь, Организацию пожилых людей «Сокровище Нации» и местных избирателей.",0,1
134084,Le sentiment de securite est perdu.,0,1
134132,Мне нравится это синее платье.,0,1
134298,Что ты будешь делать в следующем году?,0,1
134333,"Если не выполнять своевременно или не выполнять вообще комплекса по содержанию дорог, то результат будет стоить существенных экономических и временных затрат.",0,1
134335,организация строительства и содержания муниципального жилищного фонда;,0,1
134595,"Он был в полном уме, затмений и головокружений уже не было, но руки все еще дрожали.",0,1
134658,В январе у меня экзамен.,0,1
134661,б) свидетельство о браке (на неполную семью не распространяется);,0,1
134680,"Хьюитт стал очень известен после главной роли в фильме ужасов «Я знаю, что вы сделали прошлым летом» (/ O1997 / O).",0,1
134690,Агентство отвечает за алжирскую космическую программу.,0,1
134757,Она также поддерживает право на возвращение или компенсацию для палестинских беженцев.,0,1
134892,"Я не мог вспомнить ни одного человека похожего калибра, обладающего таким же радостным темпераментом.",0,1
134958,"Что касается меня, то мне пока сказать нечего.",0,1
134982,"В Серпухове будущего царя уже ждал пышный шатёр, который мог вместить в себя несколько сот человек, царская кухня и челядь.",0,1
135005,"И, честно говоря, в этом трейлере имеется тонна потрясающего здорового дерьма.",0,1
135363,В ПАСЕ приняли историческое решение относительно России.,0,1
135371,Мы худший кошмар для всех в хип-хопе.,0,1
135635,Генеральный директор ПАО «КАМАЗ» Сергей Когогин и руководство компании выражают глубокие соболезнования родным и близким погибшей.,0,1
135711,"После потери отца, Диб в 15 лет начал писать стихи.",0,1
135757,Около трети добываемого угля отправляется на экспорт.,0,1
135763,"Они были включены, чтобы высмеять страх британской и американской публики перед подсознательными сообщениями на телевидении и в музыке.",0,1
135786,Сам же Таран вскоре сошёлся с другой женщиной из своего села.,0,1
135873,Не все студенты против этого плана.,0,1
135881,Выбрызнул меду 1 пуд 25 фунтов из разных магазинов.,0,1
135895,"До сих пор кажется, что у каждого барона их сын.",0,1
135945,В США при крушении легкомоторного самолета погибли четыре человека.,0,1
136086,Российские власти отрицают вмешательство.,0,1
136181,"Комментаторы больше обращали внимание на слабость соперников и удачу, сопутствовавшую французам на турнире, нежели на какие-либо выдающиеся достоинства команды Жаке.",0,1
136250,Эту историю мне один друг рассказал.,0,1
136282,"Президенты России и Белоруссии Владимир Путин и Александр Лукашенко приняли участие в открытии памятника Советскому солдату под Ржевом. В 1942-1943 годах на этой территории велись ожесточенные бои, в ходе которых, как подчеркнул российский лидер, погибли, получили ранения и пропали без вести более 1 млн 300 тыс. человек.",0,1
136343,"Кроме того, могут возникнуть сложности при уведомлении акционеров о проведении ежегодного собрания.",0,1
136360,Испанка в Советской России // Российский музей медицины.,0,1
136421,Он получил 8 из 15 голосов совета.,0,1
136444,"Первым заявление на него написала сожительница побои, оскорбления, конфликты – все это девушка подробно описала.",0,1
136540,"Смирение не мой удел.    
              
Пронзительные Витины стихи: «Нам не знать своего птицелова».",0,1
136599,"Великое княжество - это страна, главой государства которой является великий герцог или великая княгиня.",0,1
136622,Никогда не путайте искусство с жизнью.,0,1
136845,"Японка в Москве На днях на Московских улицах появилась настоящая Японка, одетая в свой национальный костюм с непокрытой головой, украшенная причудливой пышной прической.",0,1
136864,В 2014 году вручены премии победителям районного конкурса профессионального мастерства «Лучший работник культуры».,0,1
136872,Попытайся быть более рациональным потребителем.,0,1
136944,"""Нравится"" - не совсем подходящее слово.",0,1
137115,В Петербурге обращено особое внимание на расширение мастерских.,0,1
137148,Abandoned & Little-Known Airfields: Nebraska,0,1
137157,Есть много определений устойчивого транспорта и связанных с ним терминов устойчивых перевозок и устойчивой мобильности.,0,1
137214,Трансляцию вел «Россия 24».,0,1
137225,"Позже левая часть тела растет за счет правой, которая в конечном итоге поглощается.",0,1
137281,"В 1964 году Фичтер опубликовал книгу, в которой предложил концепцию автоматического транспорта для районов с низкой и средней плотностью населения.",0,1
137318,Зачем голову вопросами забивать!,0,1
137358,"Что бы ни случилось, к девяти ты должен быть здесь.",0,1
137410,Сборная Азербайджана по футболу является национальной сборной Азербайджана по футболу.,0,1
137569,"Хеллоуинские зверята пришли скрасить унылую осень 
Дальше расскажу про каждого подробнее:",0,1
137619,НА РЕАЛИЗАЦИЮ ЦЕЛЕЙ ГОСУДАРСТВЕННОЙ ПРОГРАММЫ КРАСНОЯРСКОГО,0,1
137672,не удержалась и отвлеклась от пары чтобы прочитать свежие новости с гражданской войны,0,1
137687,"Когда это происходит, для них тема, можно считать, успешно завершена.",0,1
137789,Природно-климатические условия Камлакского сельского поселения способствовали развитию сельского хозяйства.,0,1
137793,"Reception Foreman заработал более 150 миллионов долларов на продаже своих грилей, и это больше, чем он заработал как боксер.",0,1
137810,Мое чувство самосохранения велит мне бежать от людей.,0,1
137822,В начале верхнего мела жили теризинозавр Nothronychus и цератопс Zuniceratops.,0,1
137864,"В Нацгвардии заявили, что военные во время столкновений со сторонниками ""торнадовцев"" не пострадали.",0,1
137893,ответственность Получателя в случае невыполнения установленных значений показателей результативности.,0,1
137906,Паводок на юге Италии унес жизни более десяти человек.,0,1
137919,Как дела на рыбном рынке?,0,1
137938,Каменистая (приток Лидовки),0,1
137974,Версия для iOS была выпущена 7 декабря.,0,1
138011,"В ходе июльского опроса населения исследовательский холдинг ROMIR Monitoring попросил россиян дать оценку работе депутатов. Респондентам был задан вопрос: ""Как бы Вы оценили работу Государственной Думы РФ в течение последней сессии?"" Респондентам был задан вопрос: ""Как бы Вы оценили работу Государственной Думы РФ в течение последней сессии?"" ""Скорее отрицательной"" или ""отрицательной"" работу думцев назвали 61 процент опрошенных. Каждый пятый респондент (21 процент) оценил работу Думы в той или иной степени положительно. Еще 18 процентов участников опроса затруднились ответить. Выше, чем в среднем по выборке, работу Думы в течение последней сессии оценили жители Приволжского и Уральского федеральных округов - 29-30 процентов. А наибольшее число негативных оценок было получено среди жителей Южного округа - 68 процентов. Несколько выше, чем в среднем по выборке, был процент недовольных деятельностью народных избранников среди пенсионеров - 66 процентов. Как свидетельствуют результаты опроса, с ростом уровня образования и дохода россияне чаще дают положительные оценки работе депутатов Госдумы. ROMIR Monitoring задавал своим респондентам аналогичный вопрос чуть больше полугода назад - в декабре прошлого года. За прошедшие семь месяцев число тех, кто оценивает работу депутатов положительно значительно  сократилось - с 35 до 21 процента. С 53 до 61 процента увеличилась доля тех, кто оценивает работу народных избранников отрицательно. В ходе июльского опроса населения ROMIR Monitoring перед тем, как предложить россиянам выставить депутатам оценки за их работу, попросил респондентов указать уровень своей информированности о работе Госдумы. Выяснилось, что хорошо информированы о работе Думы 4 процента россиян, еще 18 процентов сказали, что информированы довольно хорошо. 45 процентов ответили, что информированы не очень хорошо, и 32 процента признались, что информированы о работе Думы плохо. 1 процент участников опроса затруднился ответить. В опросе приняли участие 1600 респондентов в возрасте от 18 лет и старше, в более чем 100 городах и населенных пунктах России, во всех федеральных округах. Выборка репрезентативна для взрослого населения России. Статистическая ошибка не превышает 3 процента.",0,1
138207,Фред оставил своей жене большое состояние.,0,1
138445,Выходные в Москве оказались рекордно теплыми В среду ожидается похолодание.,0,1
138456,Розенберг говорила: «Мне нравится этот персонаж.,0,1
138494,"В послезвонковой эйфории Москва сливает своего ценнейшего агента влияния :            « Если на Россию поставят Роджанского , нам будет с кем разговаривать»",0,1
138633,"Его же нигде не находили, значит, он либо утонул, либо был убит и ограблен, либо съеден лютыми зверями.",0,1
138694,"В ней ученик разоблачает своего учителя-космополита и друг, не колеблясь, с гневом праведным исключает из жизни друга: ""...ты не можешь понять сущности литературы нашей, социалистической, не видишь ее превосходства перед литературой буржуазного Запада.",0,1
138704,Своим крепким здоровьем я обязан родителям.,0,1
138755,"Ряд ведущих игроков различных сборных получили травмы, которые не позволили им принять активное участие в чемпионате мира.",0,1
138957,"Компании, работающие в потребительской сфере, и в дальнейшем будут оптимизировать свой ассортимент в соответствии со спросом населения.",0,1
139043,Милан - Павия (отдельная тетрадь).,0,1
139112,Штаб-квартира команды была перенесена в офис Grupo Hispania в Мерсии.,0,1
139140,"В любом случае, мы должны закончить эту главу, прежде чем начинать следующую.",0,1
139153,"На этой странице указано время от 116 дней до 1157 дней или 3,2 года (107 секунд и 108 секунд).",0,1
139170,То же относится к автомобилям на водороде.,0,1
139174,Мой день рождения совпадает с твоим.,0,1
139216,"Но не так худо бились козаки, чтобы можно было заглушить их удары.",0,1
139295,"Он рано почувствовал влечение к физике, однако из-за отсутствия гимназического диплома не мог поступить в русский университет, поэтому образование добывал, полагаясь лишь на собственные силы.",0,1
139387,Вы приняли правильное решение.,0,1
139397,"В рождественские дни по всей Грузии прокатился слух о том, что в городке Мцхета, недалеко от Тбилиси, можно загадать желание, которое непременно сбудется.",0,1
139408,"Если это EU, то что тут делает Лондон, а если нет, то где Москва)",0,1
139591,"Головкин трижды отправлял американца в нокдаун, и после третьего раза Монро поднялся на ноги, но не захотел продолжать поединок.",0,1
139695,"А прикиньте, прикол, если в России действительно есть люди, которые весь апрель сидели дома, а работодатель им платил за это полную заработную плату.",0,1
139811,Таблица 14 – Основные показатели развития здравоохранения,0,1
139910,"Третье заседание — это публичное слушание, на котором обычно обсуждаются вопросы планировки.",0,1
139929,"Сторонники «Тоттенхэм Хотспур» (и самого клуба) провели кампанию за открытие наземной станции рядом со станцией Нортумберленд-Парк, рядом с депо линии.",0,1
139970,В приведенном выше уравнении используется информация о составе родительских и дочерних изотопов в момент затвердевания материала.,0,1
139986,Продмаги почти ничего не отоваривают до сих пор.,0,1
140042,"Папа Урбан II созвал совет, чтобы обсудить отправку Первого крестового похода на Святую Землю.",0,1
140315,Дождь заставил нас вернуться через час.,0,1
140453,"В этой суре рассказывается о рождении Яхьи (Иоанна), сына Закарии. Закария просил Аллаха даровать ему сына, несмотря на то, что он стар, а жена его бесплодна. Затем в суре рассказывается о благочестивой Марьям и о том, как она родила Ису (Иисуса). В суре приводится история Ибрахима (Авраама) призывавшего своего отца к единобожию и отречению от идолопоклонства, а также рассказывается о беседах между ними об идолах и искушениях шайтана. В этой суре указывается на пророков из потомства Ибрахима, то есть на Исмаила и Исхака (Исаака), а также на пророков из потомства Исхака (Исаака). Далее приводится история Идриса.",0,1
140483,"Глава VIII На другой день, едва Андрей проснулся, вошел к нему Николай Федоров с извещением о прибытии гонца из Евсеевского.",0,1
140521,Указания этих двух генералов состояли в запрете кому бы то ни было снова нарушать границу.,0,1
140556,"Во всех известных случаях N ≡ 2 (mod 8), то есть N-2 делится на 8.",0,1
140704,"Приятно, что оба игрока – воспитанники воронежского футбола.",0,1
140791,Федерация фристайла России объявила сбор средств на лечение Комиссаровой.,0,1
140912,"Как беден идеалами наш век — есть ли настоящие, умные идейные люди?",0,1
141076,«Тоттенхэм» под руководством Жозе Моуринью проиграл «Челси» в матче 27-го тура АПЛ. Бывшая команда португальца во главе с Фрэнком Лэмпардом огорчила Особенного уже второй раз за сезон.,0,1
141084,"После войны Раби продолжает исследовательскую работу, которая внесла вклад в изобретение лазера и атомных часов.",0,1
141093,http://www.doctorwhotv.co.uk/mummy-on-the-orient-express-advance-review-67357.htm,0,1
141203,Несколько монстров и синий человек также делают то же самое.,0,1
141265,Они будто считали меня своим.,0,1
141301,Фондовый рынок упал на 17 % во время кризиса.,0,1
141311,В целях обеспечения безопасности в ОМВД России по Томаринскому городскому округу направлено письмо об согласовании установки знаков на ограничение тоннажа и скоростного режима для транспорта.,0,1
141365,"Топ-100 лучших сериалов мира возглавил проект ""Друзья"".",0,1
141579,"При составлении избирательного списка ""ВР"" Гайдар включил Головкова в головную часть списка.",0,1
141605,"В Петербурге веломаршрут пройдет мимо Павловска, Пушкина, вдоль Московского проспекта с выходом на набережную реки Фонтанки и Невский проспект.",0,1
141644,Настоящая подпрограмма содержит 6 основных мероприятий.,0,1
141726,"Неудивительно, что с моим отъездом все пошло прахом.",0,1
141806,"Указ о сохранении заработной платы распространяется на всех, и каждое предприятие руководствуется им самостоятельно.",0,1
142113,"Премьер Мали заявил РИА Новости, что за подготовкой террористических группировок, которые действуют в его стране, стоит Франция",0,1
142115,Вы не любите истории о любви.,0,1
142180,"Он взял несколько призов, один из которых, Asphalon, был захвачен Indefatigable 1 января 1799 года.",0,1
142208,"Я думаю, что привидения существуют.",0,1
142336,"Розенко рассказал, когда повысят пенсии.",0,1
142345,К моему Семен привел машины [зачеркнуто: немного] другой до маяками пришлось посылать Федю.,0,1
142418,"Когда Кэрри прибывает к входной двери, никто не отвечает.",0,1
142748,"Более 150-ти граждан были убиты без суда и следствия, в том числе на глазах у детей.",0,1
142757,"К счастью, это не мешает другим чувствам, а, современем, может быть, и изменится.",0,1
142794,Причиной этого решения стало желание саморазвития.,0,1
142863,Четвёртое лейбористское правительство также начало процесс реформы избирательной системы.,0,1
142885,Карр удивил большинство людей своей отставкой в 2005 году.,0,1
142956,Основной причиной стало строительство ЗДС.,0,1
142969,"""Писать о том, как я хотела, чтобы не было войны, чтобы все люди были счастливы и были братьями, по-моему, не стоит, ведь я не исключение из правил и хочу того, чего хотят все мои товарищи.",0,1
143054,"Свяжите меня с вашим начальником, пожалуйста.",0,1
143191,"Президент Франции Эммануэль Макрон назвал справедливыми меры правительства республики, направленные на поддержку покупательской способности граждан на фоне подорожания электричества.",0,1
143245,Больше я ничего не знаю.,0,1
143259,"Зюзин покупал активы даже тогда, когда просил банкиров реструктуризировать долги в 2009 году.",0,1
143408,В ряде государств региона пособие не меняется уже много лет при росте стоимости жизни.,0,1
143529,"По информации Крымского управления по гидрометеорологии и мониторингу окружающей среды, в пятницу на полуострове будет облачно.",0,1
143643,"Это касается, в первую очередь финансовых ресурсов - сложности в получении кредита на данной стадии.",0,1
143779,Затем он получил звание майора и получил приказал разработать полуавтоматический пистолет для японских военных.,0,1
143902,Можно пойти пешком?,0,1
144021,Что сейчас делает Кен?,0,1
144054,"Район обладает хорошим потенциалом по наращиванию производства сельскохозяйственной и продовольственной продукции, который в настоящее время недоиспользуется прежде всего, в вопросах развития животноводства.",0,1
144055,"Вдруг оглушительный выстрел раздался в карете, и Белка как подстреленная упала ничком к нашим ногам.",0,1
144090,Рим депортирует 40 000 лигурийцев в другие районы республики.,0,1
144169,"Спорил с Т.М., она: первое – человеконенавистница, второе – горой за немец[кую] власть.",0,1
144201,"Должно быть, мальчишка был негодяй, потому что убежал из дома своего дяди, чему тот от души был рад.",0,1
144273,Требования к отчету об исполнении мероприятий определяются методическими рекомендациями.,0,1
144324,"В 2003 году сеть GATSwatch опубликовала доклад с критикой, которая была поддержана более чем 500 организациями в 60 странах.",0,1
144409,Усыновление – это по-прежнему самая невостребованная из форм семейного жизнеустройства детей.,0,1
144463,Амбициозной цели ежегодно принимать 1 % от населения в качестве иммигрантов мешали финансовые трудности.,0,1
144576,"НОВОСИБИРСК, 21 ноября. /ТАСС/. Фотовыставка #СеверныйКавказ_7историй, на которой представлены работы молодых фотохудожников регионов СКФО, открылась во вторник в Новосибирске. По словам заместителя генерального директора информационного агентства ТАСС Андрея Соколова, главная цель передвижной экспозиции - изменить мнение россиян о Северно-Кавказском федеральном округе и показать жителям России настоящий Кавказ.n""Эта выставка посвящена красотам, культуре, а главное - людям Северного Кавказа. Мы надеемся, что эта выставка позволит сломать сложившиеся стереотипы относительно Северного Кавказа и будет способствовать тому, чтобы сибиряки в том числе захотели туда съездить и посмотреть, какой это удивительный и красивый край"", - отметил Соколов.nОткрытие выставки в центре Новосибирска прошло при поддержке министерства культуры региона. Как отметил министр культуры Новосибирской области Игорь Решетников, экспозиция дает возможность заочно увидеть самые красивые места Кавказа.n""У нас есть уникальная возможность посмотреть своими глазами, какой красивый Северный Кавказ. Я там был неоднократно и представляю, какие люди там замечательные. Они гостеприимные, добрые и очень любят, когда к ним приезжают в гости. И это все можно почувствовать, если поехать туда отдыхать"", - сказал он.nЭкспозиция будет работать на площади Ленина по 10 декабря 2017 года. На выставке представлены работы молодых фотографов из семи регионов Северного Кавказа, в том числе из Чечни, Дагестана, Ингушетии и Северной Осетии. Все художники постарались с помощью фотографий показать красоту и разнообразие родного региона. Среди работ - пейзажные зарисовки, портреты, виды исторических памятников и современных архитектурных объектов.nВыставочный проект #СеверныйКавказ_7историй стартовал в Москве, всего его увидят в 15 больших городах России. Серию работ уже оценили жители Омска, Екатеринбурга, Волгограда и Нижнего Новгорода. Фотовыставка проходит при поддержке Министерства РФ по делам Северного Кавказа и информационного агентства ТАСС.",0,1
144626,"Книга была переиздана в 1572, переведена на французский язык (Eustace Vignon, 1579).",0,1
144815,"Того, кто сначала наливает чай, а потом молоко, англичане попросту сочтут невеждой в кулинарии.",0,1
144891,Все общеобразовательные учреждения области получили доступ к образовательным ресурсам сети Интернет.,0,1
145142,Школа с избирательным участком сгорела на Камчатке.,0,1
145198,"второе – болезни органов пищеварения (9,0%), третье место – болезни глаза и его придаточного аппарата (5,3%).",0,1
145265,Ястремская установила личный рекорд в рейтинге WTA.,0,1
145327,Все водители прошли инструктаж по правилам вождения в осенне-зимний период.,0,1
145380,"Вы сейчас увидите, что это за место!",0,1
145419,Целью плана было стимулирование более чем 5 млн фермеров бросить фермерство.,0,1
145488,"Юсупов, Харис Мунасипович — мастер спорта РСФСР по национальной борьбе куреш (1960), первый чемпион РСФСР по борьбе куреш.",0,1
145494,"Как это вписывается в то, что нашли другие исследователи?",0,1
145499,"По словам собеседницы, юристы уже признали, сумму, названную строительной компанией завышенной, однако шансов выиграть суд у ответчиков немного.",0,1
145548,Мы боимся опоздать на поезд.,0,1
145663,"Одной из важнейших составляющих бетонной смеси является песок. Для приготовления бетона можно использовать практически любой природный песок. Важнейшим ограничением при использовании природного песка является ограничение на наличие в составе песка глины или глинистых частиц. На прочность бетона мелкие (глинистые) частицы влияют очень сильно. Даже незначительное их количество приводит к существенному снижению прочности бетона. Поэтому при отсутствии природного песка без глинистых частиц имеющийся в наличии песок улучшается (обогащается) с помощью следующих процедур: промывки песка; разделения песка на фракции в потоке воды; выделения из песка нужной фракции; смешивания песка, имеющегося в зоне выполнения работ, с привозным высококачественным песком.",0,1
145667,В то же время негативное воздействие на экономический рост в консервативном сценарии будет оказывать слабый внешний спрос на товары российского экспорта.,0,1
145682,Украина пообещала компенсировать Крым российской собственностью.,0,1
145685,"Как мечта школьника об учебном дне, состоящем из одних перемен.",0,1
145773,Причиной стало плохое техническое состояние и отсутствие средств на ремонт.,0,1
145883,Он покидает Осмонда и присоединяется к Мерлину.,0,1
146030,(И какое нам до этого дело?)).,0,1
146118,Все идут войска Красной Армии на фронт под Екатеринослав.,0,1
146150,"Гкал за счет снижения потребительского спроса на теплоэнергию, отказ индивидуальных потребителей от отопления.",0,1
146180,Разве мало зла на земле и без этого?,0,1
146186,"Мистер Митчел потребовал, чтобы я заплатил оставшиеся деньги к концу недели.",0,1
146402,у кого есть собака срочно скиньте в реплаи фотку своей собаки я умру если не увижу собаку прямо сейчас,0,1
146472,"Понимая, что транспорты не имеют достаточно времени до рассвета, Танака запросил разрешения выбросить их на берег.",0,1
146518,Они начали изучать этот вопрос.,0,1
146729,"В 1993-94 был членом Госкомитета РФ по делам гражданской обороны, чрезвычайным ситуациям и ликвидации последствий стихийных бедствий.",0,1
146787,"Это несерьёзно, я не в обиде на него.",0,1
146810,В последнем арбитр принял решение остановить поединок. Головкин в очередной раз защитил титул чемпиона мира и нанёс Адаме первое досрочное поражение в его карьере.,0,1
146850,"По мнению политика, в Кремле это тоже понимают.",0,1
146853,"Одна из них – демографическая структура, которая представляет собой распределение населения по полу, возрасту, брачному и семейному состоянию.",0,1
147070,"Его обыкновенно за такие ответы считали полубезумным; он это знал, но мало беспокоился.",0,1
147107,Памфлет: Народ — соборная личность или правовая машина государства?,0,1
147168,Во время немецкой оккупации в Эстонии Кивикас с 1941 по 1944 год работал в газете «Eesti Sõna».,0,1
147169,Пьеса стала сенсацией на Бродвее.,0,1
147173,"Криптонцам пришлось использовать свои передовые технологии, чтобы выжить.",0,1
147209,вот именно у меня в студаке написано студент хотя существует такой слово как студентка,0,1
147234,Песков: опыт комсомола и пионерии пригодится Движению школьников.,0,1
147340,"Посредством данной системы мы предоставим гражданам современные услуги, как и в странах ЕС».",0,1
147350,"""Ведомости"": экономика войны - если начнется стрельба, то будет обвал и акций, и рубля.",0,1
147386,"По показаниям организатора ""БОРН""а Тихонова он познакомился с Александром Париновым по прозвищу «Румын» в конце девяностых, когда они входили в группировку наци-скинхедов «Объединённые бригады 88», которая занималась нападениями на мигрантов и погромам на рынках в Ясеневе и в Царицыне. В 2005—2006 годах Тихонов и Паринов участвовали в нападениях на антифашистов. 16 апреля 2006 года компания решила напасть на посетителей антифашистского панк-концерта, Тихонов и другие соучастники били Егора Томского, которому удалось убежать, а Паринов напал на Александра Рюхина, который был убит несколькими ударами ножа в голову и сердце. После задержания нескольких нападавших Паринов и Тихонов скрывались. Тихонов уже тогда планировал создание ультраправой боевой организации.",0,1
147394,1939 — Приключения Шерлока Холмса,0,1
147524,"Статья 28 Хартии выполняет похожую функцию, что и поправка о равных правах (Equal Rights Amendment) в США.",0,1
147636,"Компания Apple начала презентацию нового смартфона iPhone 4S в своей штаб-квартире в калифорнийском городе Купертино.nМероприятие ведет новый гендиректор Apple Тим Кук, который стал преемником тяжело больного Стива Джобса, ушедшего в отставку в августе.nДо начала презентации Apple сохраняла интригу: станет ли новинка долгожданным смартфоном пятого поколения или же просто дешевым вариантом iPhone 4.nДизайн устройства практически не изменился, однако «начинка» включает в себя ряд новинок, в том числе последнюю версию программного обеспечения iOS 5, более быстрый процессор Apple A5, улучшенные фото- и видеокамеру с матрицей на 8 мегапикселей, более удобные настройки для работы с интернетом.nМобильная платформа iOS 5, предназначенная для смартфонов iPhone и планшетников iPad, станет доступна для пользователей уже 12 октября. По словам разработчиков, она включает в себя более 200 новых функций.nГлавные из них — полностью переделанная система оповещений, программа для обмена мгновенными сообщениями и медиаконтентом через интернет-iMessage, а также — для любителей пользоваться социальными сетями — популярный микроблог Twitter, интегрированный на уровне операционной системы.n«Мощность нового iPhone 4S в два раза выше, чем у iPhone 4, производительность графической системы в семь раз выше, чем у предыдущей модели», — охарактеризовал продукт старший вице-президент компании по маркетингу Филипп Шиллер.",0,1
147647,В 2011 году с приходом в клуб Вальтера Эрвити у Хуана появилось мало возможностей играть в команде.,0,1
147710,В минувшие выходные в Керченскую городскую больницу №3 завезли еще две тысячи доз.,0,1
147741,"""Крым"" наградили на культурном форуме в Петербурге как лучший военно-исторический фильм.",0,1
147811,Слово и общее значение происходят от средневекового турнира или «турнира».,0,1
147832,Количество погибших от обвала моста в Генуе возросло до 38.,0,1
147977,В Германии назвали новую главную угрозу для НАТО.,0,1
147995,завершить подготовку документов территориального планирования всех муниципальных образований Емельяновского района;,0,1
148133,"Правительство Елизаветы было более мирным, за исключением восстания северных графов в 1569 году, и она смогла уменьшить власть старого дворянства и расширить власть своего правительства.",0,1
148147,Президент Венесуэлы Николас Мадуро призвал армию поддержать его и не допустить государственного переворота.,0,1
148162,Ожидаемые изменения затронут следующие направления:,0,1
148358,"Вопреки преданию, он не был убит в Монако в 1278 году.",0,1
148398,"Однако длительное действие ультрафиолета способствует развитию меланомы, различных видов рака кожи, ускоряет старение и появление морщин.",0,1
148420,"Нужно не только перед людьми быть чистой, праведной, но и сердце свое содержать в чистоте и праведности перед своей совестью.",0,1
148457,Он также является базисом для WSIT.,0,1
148476,"Он заявил, что попросил вернуться, из-за Второй Ливанской войны и хотел быть ближе к своей семье.",0,1
148514,"Около 20 пассажиров стояли на левом крыле, которое было над водой.",0,1
148574,Киев заплатит за газ лишь после согласования цены.,0,1
148774,"Новак Джокович впервые одержал победу в финале ""Ролан Гаррос"".",0,1
148827,Книга для всех и ни для кого.,0,1
148913,"Категория ""собственность"" замещается ""принадлежностью"".",0,1
149099,"С учетом возможностей местного бюджета, администрацией МО ЗАТО город Заозерск выбрана стратегия перехода от светильников с лампами ДРЛ и ДНАТ к светильникам со светодиодными лампами.",0,1
149104,«What’s up with popup ads?».,0,1
149298,"С тех пор я ее люблю и ловлю каждое ее движение и нарочно задерживаюсь в госпитале, чтобы задать ей какой-нибудь пустой вопрос, чтоб просто видеть ее и слышать.",0,1
149308,Сведения о распределении объемов финансирования Программы,0,1
149360,"детишки во дворе играли 
уткнувшись каждый в свой смартфон 

© bazzlan",0,1
149368,"Таким был участковый, каким давно не видели его в деревне, и учитель Владимир Викторович покосился на него.",0,1
149530,"Гольдберг, С. «Act to Action in Plautus 'Bacchides,' Classical Philology 85.3 (1990), стр.",0,1
149593,Антонов: Система защиты прав человека в РФ соответствует современным реалиям.,0,1
149648,Координация деятельности министерств происходила в рамках Комитета министров на заседаниях которого часто присутствовал сам император.,0,1
149657,"В программе обучения не было ничего, имеющего отношения к военному делу, что не помешало Павлу им увлечься.",0,1
149681,"В обоих случаях забастовки закончились с выгодой для рабочих, администрация должна была пойти на уступки.",0,1
149689,"Акционерное общество «Российские железные дороги» впервые обнародовало данные о доходах своего президента. В 2015 году руководитель компании Олег Белозеров заработал 86,2 миллиона рублей, сообщается в пресс-релизе РЖД. Отмечается, что эта сумма складывается из дохода по основному месту работы (в том числе за период работы в Минтрансе), дохода от вкладов в банках, а также доходов от продаж квартиры в Санкт-Петербурге, земельного участка и жилого дома в Ленинградской области. Последняя сделка составила почти половину от общей суммы годового дохода Белозерова. Также приводятся данные о доходах супруги Олега Белозерова. В 2015 году они составили 19,443 миллиона рублей. Эта сумма включает в себя как доход по основному месту работы, так и доходы от ценных бумаг, вкладов в банках и продажи автомобиля Lexus RX350. В собственности супруги президента РЖД находятся три автомобиля, а также квартира в Москве площадью 193 квадратных метра, а также машино-место 14,4 квадратного метра. Несовершеннолетняя дочь Олега Белозерова не имеет дохода и какого-либо имущества. В ее безвозмездном и бессрочном пользовании находится квартира в Москве площадью 193 квадратных метров. Олег Белозеров был назначен главой РЖД 20 августа 2015 года. До этого он занимал должность первого замминистра транспорта. В 2014 году премьер-министр России Дмитрий Медведев обязал работников государственных органов, отчитывающихся о семейных доходах и имуществе, размещать эти данные на официальных сайтах компании.",0,1
149690,"Французский банк Societe Generale подал в суд на британскую еженедельную газету Mail On Sunday за статью, якобы нанесшую вред его репутации. Об этом сообщает The Guardian. В статье, опубликованной в августе 2011 года в газете и на сайте издания, утверждалось, что банк находится ""на грани катастрофы"". Автор статьи отмечал, что банк оказался в ""тяжелом финансовом положении"", из которого он не сможет выйти без помощи французского правительства. В Societe Generale назвали эти сообщения клеветой и заявили, что статья нанесла ""существенный урон"" репутации банка. Вскоре после публикации Mail on Sunday удалила статью с сайта и опубликовала опровержение. Однако представители Societe Generale отметили, что не были удовлетворены извинениями британской газеты, поскольку текст опровержения было сложно найти на сайте, а в самом издании он так и не был опубликован. Банк потребовал от издании компенсации ущерба, нанесенного статьей. В газете отметили, что все извинения уже были принесены, и что издание не собирается выплачивать никакую компенсацию. Группа банков Societe Generale, основанная в 1864 году, является одной из крупнейших в Европе. Несколько месяцев назад ряд СМИ действительно сообщал о затруднительном положении, в котором оказался банк. В частности, в сентябре этого года стало известно, что Societe Generale сократит 2 тысячи своих сотрудников в России в связи с ухудшившимся финансовым положением.",0,1
149698,"Убивают там, где я бывал до или после.",0,1
149708,"Кроме того, MC Rage & Andy Gangadeen также участвуют в жизни группы.",0,1
149709,Он этого не знает.,0,1
149743,"Цена акций ""Интер РАО"" на Московской бирже выросла на 14%.",0,1
149822,Юми очень хорошо говорит по-английски.,0,1
149846,Финансовые и имущественные ресурсы составляют экономическую основу деятельности органов государственной власти области.,0,1
149875,"Белорусские власти намерены обсудить проект изменения государственного герба. Так, чиновники предлагают подкорректировать размеры его деталей, а также цвет элементов, сделав его менее «кислотным». Кроме того, Россия на изображении внизу герба будет заменена на Европу.",0,1
149893,Ничего особенного праздничного не было за исключением улучшенного 2-го блюда в обед.,0,1
149923,Регулярные физические упражнения полезны для здоровья.,0,1
150018,БЕЗ ОБИД! но я не доверяю людям которые не любят май тайм,0,1
150047,Я с трудом в это верю.,0,1
150099,"Я не собираюсь рассказывать личные истории, когда пишу музыку.",0,1
150118,"Схоластический спор между реализмом и номинализмом был такого же содержания"".",0,1
150209,"И я мог бы попросить корреспондента Елену Малик написать репортаж о том, как появился на свет ее сын Данила.",0,1
150254,"Он сказал, что это не шлягер, а «непонятная лирика», и она не пойдёт во времена диско.",0,1
150328,Акира хорошо играет в теннис.,0,1
150374,"Около 400 протестантских конгрегаций проводят службы на всей территории страны для сообщества, которое быстро растет в последние десятилетия.",0,1
150441,На Гайдаровском форуме – 2013 выступило свыше 250 экспертов из 38 стран мира.,0,1
150492,"Во сне вижу Арсения Тарковского, я прохожу через комнату, где он сидит и из шерсти вишнёвого цвета что-то вяжет.",0,1
150517,"Ломаченко и Линарес устроили ""битву взглядов"".",0,1
150615,"Президент Азербайджана хорошо осознает, что новая авантюра приведет к новому поражению.",0,1
150624,"Я знаю, что Вы богаты.",0,1
150688,"Ни одна из фракций или закрытых заседаний никогда не существовали вне общей дискуссии"".",0,1
150929,"Как продолжают настаивать учёные, в любом научном открытии нет ничего ни хорошего, ни плохого.",0,1
150985,"В основном публикует переиздания, книги, которые больше не публикуются их оригинальными издателями, часто — находящиеся в общественном достоянии.",0,1
151003,"По результатам проведенных аукционов было заключено 63 договора, выданы разрешения на установку и эксплуатацию рекламных конструкций на 861 рекламное место.",0,1
151022,Аналогичная немецкая программа была начата в 2004 году.,0,1
151057,Пьяный помощник депутата изнасиловал женщину в здании парламента.,0,1
151072,Он всегда теряет свой сотовый.,0,1
151173,Они чем-то кормились на земле и только в случае тревоги взлетали на деревья.,0,1
151263,Примите мои соболезнования в связи со смертью вашего отца.,0,1
151348,Неудачным побочным эффектом была потеря способности к выживанию в неводной среде.,0,1
151400,нет я не собиралась с утра выть с того что мой кейпоп челик подарил своей семье свою игрушечную версию в виде кролика и теперь с ней играются его коты,0,1
151507,В то время он знакомится и оказывает влияние на Ангелуса Силезиуса.,0,1
151643,"А Гораций пел: «Carpe vitam, береги ее как плод».",0,1
151686,12 апреля 1915 года М-5 совершил первый боевой вылет.,0,1
151804,Он ушел из своего дома в Лысьве и о его местонахождении не было известно почти год.,0,1
151821,Социальная стабильность в сельском поселении в настоящее время могут быть обеспечены только с помощью продуманной целенаправленной социально- экономической политики.,0,1
151843,"Глава ""Почты России"" назвал настоящую стоимость своей квартиры.",0,1
151922,Картинка моя изображает дворик в Москве в начале лета».,0,1
152037,Президент Индии является верховным главнокомандующим вооружённых сил.,0,1
152088,Материалы для болгарских древностей.,0,1
152336,В разрушенных мастерских нельзя проводить провод.,0,1
152598,По итогам расследований несчастных случаев и проведенных внеплановых проверок ответственные лица привлечены к административной ответственности в виде штрафа на общую сумму 2961 тысяч рублей.,0,1
152629,"Эти права могут быть важным механизмом, с помощью которого архитекторы могут защитить свои работы.",0,1
152696,Предоставление платных услуг – одна из основных задач МАУ «Спортивный парк «Алексеевский».,0,1
152738,"Робертсон, Монтгомери и Пауэлл отрицали, что были знакомы друг с другом и с другими подсудимыми до этого дня.",0,1
152773,"зима по-итальянски будет inverno.
а ад – inferno.

я чувствую этот язык душой и сердцем.",0,1
153067,Отец мой происходил из семьи московских фабрикантов.,0,1
153166,"В большинстве случаев конфликты произошли потому, что в Сенате господствовали члены, назначенные предыдущими правительствами.",0,1
153203,"Бостонская резня, Бостонское чаепитие и несколько ранних сражений произошли в городе или рядом с ним.",0,1
153269,После войны все попытки увековечить память погибших евреев с использованием национальной религиозной символики жёстко пресекались.,0,1
153275,"1960 - Сенегал выходит из федерации Мали, провозглашая независимость.",0,1
153424,"Ученики средней школы Палмерстон Норт Бойз в Новой Зеландии исполняют традиционный танец хака на траурной церемонии в память об умершем учителе, апрель 2016 г.",0,1
153529,Даже мы - люди.,0,1
153611,Российский историк не собирается извиняться за высказывания о Беларуси.,0,1
153736,"Тем самым, в действительности, был создан первый Парламент Азербайджана и заложена основа первой парламентской республики.",0,1
153758,Мне очень нравится эта фотография.,0,1
153792,"Важно!

Козы привязываются к людям также, как собаки и кошки.",0,1
153848,"Сегодня я получил от Николая Ивановича Александрова письмо из Тулы, он пишет, что шапку из Москвы приказал мне выслать. Шейблер заболел желчною горячкою.",0,1
153850,"Он сказал, что если бы у него было много денег, он бы купил словарь.",0,1
153855,какие коты какие волки я вас умоляю Чангюн ГАЛКА,0,1
153903,"Премьер-министр Британии Тереза Мэй заявила, что правительство опубликует ""белую книгу"" с окончательным вариантом плана по выходу Британии из Евросоюза.",0,1
154003,"Россия - самое большое государство в мире, а Ватикан - самое маленькое государство в мире.",0,1
154118,Все ученики должны уйти из школы к шести.,0,1
154168,"Одно из самых печальных недоразумений жизни заключается в том, что человеку очень редко удается жить подле близких и родных ему по духу людей.",0,1
154193,"Я обжёг язык, когда пил чай.",0,1
154227,"Многие христиане и евреи подвергались преследованиям, потому что поклоняться императору было против их веры.",0,1
154229,Он также начинает узнавать правду о своих новых способностях.,0,1
154256,Мбаппе был признан лучшим игроком этого матча.,0,1
154305,"Он расположен недалеко от Денс-Парка, дома соперников Данди ФК. ; эти два стадиона являются ближайшими футбольными площадками для пожилых людей в Соединенном Королевстве.",0,1
154444,В Москве баррикады возобновляют.,0,1
154481,"Саудовская Аравия является почти полностью бессточной областью, временные водотоки образуются после интенсивных дождей.",0,1
154530,Впечатления от пребывания в остроге нашли потом отражение в повести «Записки из Мёртвого дома».,0,1
154690,"Эвакуация безработных матерей проводится без какой либо планомерности. Много женщин остается в городе, но зато из города уезжают целые семьи ([нрзб] с женою, дочерью и внучкой)",0,1
154698,Вы не хотели бы пойти выпить?,0,1
154782,"Движение «Талибан» (запрещенная в России террористическая организация) в течение недели озвучит полный состав правительства, которое будет руководить Афганистаном.",0,1
154918,Спикер парламента Ирана считает слова Трампа о ядерной сделке неуважением США к ООН.,0,1
154958,В комнате находились различные предметы.,0,1
154980,"В его чертах соединялось выражение добродушия и хитрости; можно было поручиться, что этот человек никогда не проговорится.",0,1
154997,Еду в Елгаву на станцию для подготовки материала к погрузке в эшелон.,0,1
155041,Начальный очерк истории Азербайджана (Северного): При первых кесранидах персидская литература в Ширване достигла блестящего развития.,0,1
155071,"В Китае доход на душу населения в 2016 вырос до $3,47 тысяч.",0,1
155098,"Эти требования касаются любых непродовольственных магазинов независимо от их площади и месторасположения как в торговых центрах и комплексах, так и формата «у дома».",0,1
155191,"С наших фронтов абсолютно никаких известий! В России, по-видимому, полная разруха — и политическая, и экономическая, и общественная. Что-то будет?",0,1
155333,Apple уточнила цены на iPhone SE в России.,0,1
155511,Последняя поставка самолета -400 произошла 25 февраля 2000 года для CSA Czech Airlines.,0,1
155558,Везде был хороший ассортимент продуктов и товаров.,0,1
155836,Вы планируете участвовать в собрании?,0,1
155867,Скоро он сможет хорошо плавать.,0,1
155928,"Существуют утверждения о том, что Советский Союз был вовлечён во Вьетнамскую войну гораздо глубже, чем принято считать.",0,1
155933,Его площадь составляет 8329 квадратных метров.,0,1
156424,Космические лучи происходят извне Солнечной системы.,0,1
156554,У тебя есть собственная комната?,0,1
156590,"Иностранцы обычно не нуждаются в таком обилии комплиментов, которыми японцам необходимо обмениваться между собой, и это полезно иметь в виду.",0,1
156677,от « » сентября 2019 №____,0,1
156750,"Петр Положевец, главный редактор ""Учительской газеты"".",0,1
156825,"У нас в классе все собирались либо в технические, либо в медицинский.",0,1
156879,"На этом общем понимании смысла войны, ее значения для России, ее связи с русскими интересами предстояло объединить русское общество.",0,1
156994,"А сегодня их нет, потому что мы решили вопросы импортозамещения.",0,1
157016,"Помимо этого, сегодня банк предлагает большой выбор ипотечных кредитов, где каждый заемщик может подобрать для себя оптимальный вариант.",0,1
157031,"Он также сообщил о том, что американские ученые, сотрудничающие с иранскими учеными будут привлечены к ответственности.",0,1
157100,"Китаянка, чей ребенок в минувшую субботу был найден в канализационной трубе, утверждает, что он упал туда случайно.",0,1
157285,"Приемная дочь певицы Ирины Понаровской Анастасия Кармышева рассказала, как ей жилось в детском доме, куда она попала после рождения у артистки сына. Кроме того, женщина вспомнила о воссоединении со знаменитой исполнительницей, которое вскоре обернулось окончательным расставанием.",0,1
157518,"По ее словам, местные власти собираются заводить уголовное дело в связи с антисанитарными условиями в отеле.",0,1
157567,Эти события были позже названы болгарскими историками «первой торговой войной в средневековой Европе».,0,1
157682,"В Санкт-Петербурге во второй раз будет вручена Национальная оперная премия ""Онегин"".",0,1
157708,"Рекордно жаркого или очень холодного лета в этом году ждать не стоит, заявил климатолог Андрей Киселев. По его словам, температура в летний период будет «средней или чуть ниже средней». Специалист также отметил, что природа постарается выровнять ситуацию, чтобы не было слишком большого скачка температур после экстремально жаркой зимы.",0,1
157851,Протороман Рабле «Гаргантюа и Пантагрюэль» обозначил во французской литературе водораздел между Средневековьем и эпохой Возрождения.,0,1
157938,На лестнице его догнал Лагунов.,0,1
158044,"В русских летописях бубонную форму заболевания называют «мором железою», а лёгочную — «мором каркотою».",0,1
158080,"Дни сентября Ночной стакан воды Каждый немного растерян, когда проснется ночью внезапно и за окном идет мелкий дождь.",0,1
158146,необходимо привести данные о современной телефонной плотности по области (в т. ч. в городах и в сельской местности);,0,1
158333,Брессан собрался в казахстанский клуб.,0,1
158414,Картина получила отрицательные отзывы и плохо проявила себя в прокате.,0,1
158418,"Личинки иглокожих (младенцы) - это реснитчатые свободно плавающие организмы, которые организуются билатерально симметричным образом, что делает их похожими на эмбриональные хордовые.",0,1
158450,Минимальный размер депозита 3 000 рублей при открытии дистанционно и 10 000 рублей при обращении в офис банка.,0,1
158469,"Весна-2019: Дейнерис сожгла столицу Вестероса

Весна-2020: Игорь Иванович Сечин снова сжег российский бюджет",0,1
158484,"Когда эта космополитическая кампания только-только разворачивалась, он был в Москве.",0,1
158541,"В Аргентине семьи экипажа подлодки ""Сан-Хуан"" устроили марш.",0,1
158595,"Искусство создано, чтобы заполнить пустоту между жизнью и смертью...",0,1
158610,Значения данных показателей представляют краткую обобщенную характеристику состояния условий и охраны труда и являются значимыми.,0,1
158715,В ближайшее время внедорожник вернут владельцу.,0,1
158736,Они устраивают вечеринку послезавтра.,0,1
158749,"Юрисдикция судов распространяется на все правоотношения, которые возникают в государстве.",0,1
158787,"Принцесса Елизавета Александра Мария, будущая Королева Великобритании и Северной Ирландии Елизавета II. Июнь 1940 г.",0,1
158847,"Тем не менее, отношение к евреям в США лучше чем в Германии и России "" .",0,1
158920,"В книжных лавках объявляют, что последняя книга Шедо-Ферроти запрещена!!!?",0,1
158985,Она также выполняет обязанности по расследованию преступлений провинциального масштаба.,0,1
158994,Коровы снабжают нас молоком.,0,1
159042,Признание также не обязательно означает стремление к установлению или поддержанию дипломатических отношений.,0,1
159065,"По словам местных жителей неудобства также доставляет ремонт подъездов к больнице и старое ограждение, которое начали менять.",0,1
159139,В 2009 он был назначен компаньоном ордена Канады за свой вклад и приверженность франкоязычным и акадийским общинам Канады.,0,1
159196,В Белом доме назвали позитивной встречу Путина и Обамы.,0,1
159279,Сегодня утром позвонил Ханс-Георг фон Штудниц.,0,1
159349,"Может быть, и поэтому в нашей стране возникли определенные трудности при попытках перехода к рыночной экономике и резкой демократизации общества.",0,1
159527,С ними Лиля Брик до конца своих дней сохранила дружеские отношения.,0,1
159611,"Когда уже было точно известно, когда выйдет боевик, было объявлено, что фильм будет полностью связан с расширенной вселенной DC Comics.",0,1
159627,"Краткое изложение в ""Lotos'e"" и в ""Z[eitschrift] (fur) angew[andte] Chemie"".",0,1
159765,В какой папке ты сохранил файл?,0,1
159830,"По возвращении домой скорбящие снимают обувь и садятся на пол или на низенькую скамеечку. Образцом этого обычая служат друзья Иова: про них сказано, что когда они пришли утешить его, они «сидели с ним на земле семь дней и семь ночей»(Книга Иова, 2:13). Сидение на низенькой скамеечке вполне равносильно сидению на самой земле. Родственники и соседи приносят скорбящим их первую после похорон трапезу, сеуда́т гавраа́ — «трапеза выздоровления». Название это взято из рассказа о том, как народ пришел утешить царя Давида, скорбящего о смерти сына.",0,1
159845,"Она вспоминает о событиях, которые произошли в оригинальной трилогии.",0,1
159871,Охлаждение между этапами старения проводится плавно в течение 2 часов.,0,1
159959,В том же году он был переименован в Aldwych.,0,1
159970,"Большинство систем управления базами данных построены вокруг одной конкретной модели данных, хотя продукты могут предлагать поддержку более чем одной модели.",0,1
160115,"Что вы не написали, что с Ал-дром Федоровичем?",0,1
160137,Керри: Россия лжет об отсутствии своих войск на Украине.,0,1
160230,"Вот с этим самым портфельчиком, уже в конце осени, я зашел к Дмитрию Сергеевичу на 2-й Муринский, чтобы обсудить какое-то письмо.",0,1
160251,"Низкая энергоэффективность во всех сферах экономики города, особенно в жилищно-коммунальном хозяйстве, является одной из значимых проблем экономики города.",0,1
160284,"В недалёком прошлом эти холмы были покрыты сосновым лесом, который вырубили во время постройки совхоза.",0,1
160298,"Это человек как раз по времени, по сезону.",0,1
160357,"После президентских выборов 1996 года политическое влияние предпринимателя Бориса Березовского настолько усилилось, что в его покровительстве стал нуждаться весь крупный бизнес в России. Такие показания дал Высокому суду Лондона председатель Чукотской окружной думы и миллиардер Роман Абрамович, сообщает РАПСИ. Объясняя свою позицию, Абрамович утверждает, что Березовский в конце 1990-х годов превратился в ""политическую корпорацию"", оказывал влияние на ближайшее окружение тогдашнего президента России Бориса Ельцина, и его услуги оплачивал весь большой российский бизнес. Адвокат Березовского Лоуренс Рабиновитц усомнился в том, что российский миллиардер выплачивал десятки миллионов долларов за эфемерное политическое покровительство. В ходе углубленного обсуждения понятия ""крыши"" спикер Чукотской думы пояснил адвокату Березовского, что ""это длительные отношения с более-менее регулярными платежами"". При этом Абрамович отметил, что ""концепция 'крыши' не предполагала расторжение договоренностей в одностороннем порядке"". Сторона Березовского в ходе гражданского процесса пытается доказать, что Абрамович имел партнерские отношения с его клиентом, что позволяет последнему требовать доли от совместного бизнеса. По итогам процесса Березовский надеется получить компенсацию в размере примерно 5,5 миллиарда долларов, которая, по его мнению, причитается ему за то, что его вынудили продать доли в ""Сибнефти"" и ""Русале"" по заниженной стоимости. Позиция команды юристов Абрамовича состоит в том, что Березовский лишь оказывал покровительство Абрамовичу, а не был деловым партнером. Ответчики настаивают, что истец уже получил достаточно отступных в размере 1,3 миллиарда долларов.",0,1
160479,Что это Так обрадовался взор!..,0,1
160509,"Бумеранг, который не был уверен, что бомбы сработают, думает «лучше уж он, чем я».",0,1
160536,"За инвестициями Мильнер обратился к Григорию Фингеру, возглавлявшему российское отделение американского инвестиционного фонда New Century Holdings .",0,1
160557,"Кроме нее, Яков Петрович держит еще работника, заменяющего кухарку: кухарки не живут в Лучезаровке больше двух-трех недель.",0,1
160569,"Для этого нужно спокойствие, а мы устраиваем бедлам.",0,1
160591,Я посадил в своем саду яблоню.,0,1
160613,"Туда трое присланы, и он между ними.",0,1
160665,"Еще одно предложение, которое сделал Владимир Путин – расширение программы обучения эпидемиологов из стран АСЕАН во Владивостоке.",0,1
160679,"Документ по санкциям по ""делу Скрипалей"" появился в Федеральном регистре США.",0,1
160842,"Так что все, что к нам полетит, будет сбито, причем еще до того, как бомбардировщики выйдут на свои позиции, - сообщил эксперт.",0,1
160918,СРОЧНО: Армия ДНР уничтожает позиции ВСУ | Русская весна,0,1
160951,"В 1170 году из-за своего военного значения Рабат получил название Рибату ль-Фатх, что означает «оплот победы», от которого он получил свое нынешнее название.",0,1
161003,"Есть что-то, чего у тебя нет, но что ты хотел бы иметь?",0,1
161137,"Его работы выставлялись в московском Манеже и Центральном доме художников, в художественных галереях России и Германии.",0,1
161154,Несколько дней спустя его цель стала более конкретной: он должен был занять территорию Парагвая.,0,1
161265,"Мне больше нравятся поезда, чем автобусы.",0,1
161272,"Сейчас мы целенаправленно делаем ставку на их развитие, как на отрасли экономики».",0,1
161356,"Но я не отказываюсь от них, ибо написаны они в конкретных обстоятельствах того времени.",0,1
161483,Load profile запись для управления потреблением энергии.,0,1
161544,"Тот карандаш, который пишет хорошо, мой.",0,1
161561,"Бежавшие во время голода закреплялись за новым помещиком, кормившим их в трудное время.",0,1
161572,Она одна из самых известных спортсменок в Южной Корее.,0,1
161581,"Я верю, что ты мой лучший друг.",0,1
161618,"Все говорят, что он хороший человек.",0,1
161771,"Ролик был встречен холодно, и проект Macintosh Office не состоялся.",0,1
161805,Это приводит к деградации водных ресурсов и невозможности их использования в качестве источников водоснабжения.,0,1
161831,Они должны проходить физический тест каждые три месяца.,0,1
161899,В 1991 они сыграли несколько песен на праздновании сорокалетия жены Дэвида Джексона.,0,1
161921,разработка и осуществление приоритетных инновационных проектов развития в рассматриваемой сфере.,0,1
162047,Из Каргаска прибыла лодка с продуктами. Дождь и слякоть.,0,1
162089,Пикассо - известный художник.,0,1
162113,"Находясь на излечении в госпитале, узнал о капитуляции Германии и свержении кайзера, что стало для него большим потрясением.",0,1
162144,Твоему поведению не может быть никаких оправданий.,0,1
162314,Сергей Нарышкин: люди на юго-востоке Украины пытаются защитить свои права.,0,1
162340,К Рождеству все зимовавшие в Шведском доме люди были больны.,0,1
162455,И всем казалось — какой большой оклад.,0,1
162553,"Говорили о нашем гнилом строе, но я нарисовал ему перспективу, в которой возможно, что мы по совести будем стоять за большевиков.",0,1
162612,"Кроме того, в ряде коммун действуют местные радиостанции со смешанным капиталом.",0,1
162624,Установление точного диагноза необходимо осуществить с помощью бактериологических исследований.,0,1
162627,Бежевый костюм Обамы стал поводом для насмешек.,0,1
162639,"Вот об этом-то Господь и молился: ""Не о всем мире молю, но о тех, которых Ты дал Мне"".",0,1
162697,стимулирование развития коммерческой индустрии массового спорта;,0,1
162814,Тростенцов хотел получить компенсацию из федерального бюджета за эти поставки и продлить договоры поставок на следующий год.,0,1
162987,"Государственные светские школы, самая большая группа школ, посещаются большинством еврейских и других неарабских учеников в Израиле.",0,1
163050,Можете идти куда угодно.,0,1
163055,Дина Аверина завоевала золото чемпионата мира по художественной гимнастике.,0,1
163073,"И если он отражение или еще какая-нибудь сволочь, то...""",0,1
163140,Вот как это случилось.,0,1
163181,"Например, в сети «Клаустрофобия» уточняют, что в столице средняя стоимость игры с участием актеров 8,6 тыс. руб.",0,1
163269,На заседании Президиума Совмина было принято постановление по строительству города Тольятти.,0,1
163316,Многие люди также узнают о новостях по телевидению или радио.,0,1
163368,Российский военный самолет залетел на территорию Финляндии.,0,1
163379,"Успехи французов развиваются: число пленных превышает 8000 человек, взято орудий 70, около 30 минометов и 80 пулеметов.",0,1
163467,"Традиция отмечать день звонком церковных колоколов и кострами началась вскоре после того, как Сюжет, и фейерверки также были включены в некоторые из самых ранних торжеств.",0,1
163525,В большинстве стран Европы автомобили ездят по правой стороне дороги.,0,1
163682,Вместе с конём он возвращается на землю и освобождает свой народ от рабства хана Масима.,0,1
163683,Тасунке Витко III был сыном женщины с гремучим одеялом и Тасунке Витко II.,0,1
163849,"Факт заключается в том, что он на 15% нарастил поставки по сравнению с прошлым годом"".",0,1
163887,Порошенко и Меркель обсудили сценарий давления на РФ с целью выполнения ею минских соглашений.,0,1
163888,Некоторые люди на бывшей территории территории сова рассматривают язык как часть своего культурного наследия и оплакивают свою потерю.,0,1
163985,Встреча с Смитом разрушила эту надежду.,0,1
163994,"Он пришёл, несмотря на плохую погоду.",0,1
164033,Он его зубами схватил и полез из воды.,0,1
164057,Грэм Грин - мой любимый писатель.,0,1
164065,"Это могут быть выпадающие доходы бюджета, необходимость финансирования ликвидации последствий стихийных бедствий, софинансирования расходных обязательств и другие факторы, которые невозможно предусмотреть заранее.",0,1
164140,"Анализ показал, что республика обладает реальными возможностями для осуществления научных исследований и использования их результатов для целей социально-экономического развития.В этом направлении в течение предыдущих лет в республике сложились признанные в стране и за рубежом научные школы, были созданы научные коллективы по разным отраслям современного научного знания: математике и механике, физике, химии, новых материалов и технологий, биологии, сельскохозяйственных наук и технологий живых систем, по науке о Земле, экологии и рациональному природопользованию; медицине; техническим и инженерным наукам; информационно-телекоммуникационным системам и технологиям; общественным и гуманитарным наукам.",0,1
164175,Меркель: США и Германия являются важными партнерами.,0,1
164203,У вас есть японские журналы?,0,1
164400,Вознаградит меня лишь Господь миров.,0,1
164533,Рост объемов продукции деревообработки прогнозируется в связи с развитием в Вельском районе группы компаний «Вельский лес».,0,1
164609,В июле 2008 года Squidoo был одним из 500 самых посещаемых сайтов в мире.,0,1
164621,Мэри хочет стать учителем.,0,1
164642,После присоединения Карабахского ханства к России многие местные мусульмане эмигрировали в Персию.,0,1
164655,Объясните это простыми словами.,0,1
164711,"Мы выступаем против использования бомб, пуль и всех методов насилия.",0,1
164747,"Наибольшее количество посягательств совершено в виде тайного хищения чужого имущества, из которых 178 или 84,8 % приходится на кражи всех форм собственности.",0,1
164832,"Я рассеянный человек, я мог забыть бумаги... и это дало мне нечаянную радость.",0,1
164941,В то же время остается ряд проблем:,0,1
165022,18 декабря Министерство юстиции дало ответ на запрос по поводу Приказа 15/4-3612 от 21.09.99 г.,0,1
165026,Труман провел в Малом Белом Доме 175 дней своего президентства.,0,1
165059,"Мне не нравятся такие виды спорта, как бокс и хоккей.",0,1
165099,"У него больше денег, чем нужно.",0,1
165206,Такое сочетание либеральной и социальной политики привело к реализации либерально-демократической политической системы с высоким уровнем социальной защиты.,0,1
165284,"В 10 час. утра отправился с Военной пристани на ""Бунчуке"" на крейсер таможенной флотилии ""Кондор"".",0,1
165339,Но возможность реального взаимопроникновения наших культур мы уже прохлопали.,0,1
165463,В целом количество мест единовременного размещения в коллективных и индивидуальных учреждениях составляет 10122 места.,0,1
165524,После этой свадьбы Ирина не выдержала тайны и рассказала мне о своей попытке.,0,1
165662,Во всех республиках заявили о себе свежие и яркие литературные дарования.,0,1
165684,"Последнее время, когда я людям читаю стихи, голос мой звучит богатыми красками, при этом сильно и свободно.",0,1
165727,"Кроме того, более 40% бабушек и дедушек в 11 европейских странах заботятся о своих внуках в отсутствие родителей.",0,1
165749,"Кроме того, остается актуальным решение проблемы с оснащением учреждений здравоохранения реабилитационным оборудованием, адаптированным для инвалидов с целью повышения доступности и качества предоставления услуг.",0,1
165945,Я бы дважды подумал об этом.,0,1
165954,"В Кремле огласили список мировых лидеров, которые собираются приехать в Москву на парад Победы. По словам пресс-секретаря президента России Дмитрия Пескова, Владимир Путин 24 июня даст прием для приглашенных глав государств и правительств. Некоторые страны на параде Победы будут представлены послами.",0,1
165978,Оно выглядит как яйцо.,0,1
166024,"""Так пахнет нафталин"" 6 мая 1978 года мне позвонила поздно вечером сестра Анна, которая жила с бабушкой в квартире родителей на Фрунзенской набережной.",0,1
166064,Строительство сооружений инженерных защит пгт.,0,1
166102,"«Министерство просвещения не планирует переводить школы на дистанционное обучение», – сказал он журналистам.",0,1
166105,"Таким образом, бороться нужно не только с ""внешними"" канцерогенами, устраняя их с пути человека, из его жизненной среды.",0,1
166146,"Пушки 107-мм обр. 1877 г., благодаря имеющимся у них уменьшенным боевым зарядам, были более выносливы; полным зарядом пользовались лишь при стрельбе на большие дистанции.",0,1
166238,Всемирный банк в четыре раза ухудшил экономический прогноз России в 2015 году.,0,1
166256,В ДНР заявили об обнаружении захоронения военных ВСУ в районе Дебальцево.,0,1
166276,Придирчивые люди находят удовольствие в поиске виновных.,0,1
166371,"Сколько у Вас будет заместителей Сейчас у Вас, кажется, 15 или 16.",0,1
166509,"Сотрудники Скорой помощи узнают диагноз пациента еще до того, как довезут его до больницы",0,1
166670,"Туча черной, пыльной материи вырвалась вместе с нами из того же отверстия.",0,1
166715,В Кривом Роге гражданин РФ взял в заложники свою сожительницу и требовал присоединить пятиэтажный дом к России.,0,1
166802,Я прочел только что процитированное стихотворение.,0,1
166835,Оценка населением деятельности органов местного самоуправления муниципального района.,0,1
166959,"Он гордится тем, что он врач.",0,1
167023,"Ну и спонтанно переехать можно ради людей, которых очень любишь и хочешь быть рядом».",0,1
167135,No Indian entry this year for Oscars (англ.).,0,1
167136,До 2025 года запланирована поставка восьми самолетов SSJ100.,0,1
167293,"В 111/2 в Университет; по дороге встретился с Грушкой, и беседовали о газетных известиях.",0,1
167494,Токарева начала работать с различными советскими кинорежиссёрами с конца 1960-х годов.,0,1
167590,"Как вам угодно, мисс).",0,1
167602,"Эти единицы были произвольными, но каждый регион всегда соответствовал размерам.",0,1
167604,Кисет висит на его пальце.,0,1
167610,"Поскольку нацистская партия монополизировала политическую власть в Германии, ключевые правительственные функции, такие как правоохранительные органы, были просто переданы СС.",0,1
167616,Дома стояли в ряд вдоль дороги.,0,1
167659,"Я хотела писать здесь каждый день, но эту книжку потеряла и только сегодня нашла.",0,1
167753,Джефф из The Jaded Viewer дал свой окончательный прогноз: «…Посмотрите этот фильм.,0,1
167801,"Основными расходными статьями бюджета на протяжении ряда лет остается финансирование социально-культурной сферы (образование, ЖКХ, социальная политика).",0,1
167864,Назвавший мифом подвиг 28 панфиловцев глава Госархива ушел с должности.,0,1
167923,"Очевидно, желая избежать такой опасности, русское правительство и приняло решение перебросить войска, временно отказавшись от наступления на Швецию.",0,1
167924,"Надеюсь, никто не услышал ругательство, которое я только что прошептал.",0,1
167983,Объем финансирования будет уточняться при формировании бюджета города Зеи на соответствующий год исходя из возможностей бюджета города на соответствующий год с внесением изменений в соответствующие разделы программы.,0,1
167995,"Как только я доеду обратно до Москвы/СПб, я с КАЖДЫМ своим другом выпью пива",0,1
168070,"Они будут проводить мониторинг реконструкции дорог, качества воздуха, отслеживать зарастание муниципальных земель, а также выполнять другие важные социальные задачи.",0,1
168083,Муюн Чуй отправил против него наследника Муюна Бао с 80.000 войска.,0,1
168105,Биржевой курс доллара впервые за год превысил 73 рубля.,0,1
168200,"Когда альбом был выпущен, Хендрикс был разочарован тем, что альбом был закончен так быстро, и подумал, что его можно было бы сделать лучше.",0,1
168459,"Я знал, что сегодня будет весело.",0,1
168493,"В 1995 году он участвовал в записи альбома The Craving сольной группы Дэйва Мастейна MD.45. В 1998 году Мастейн предложил Деграссо вступить в его основную группу Megadeth за пять дней до следующего шоу в рамках тура в поддержку альбома Cryptic Writings. Чтобы запомнить свои партии в песнях, Джимми ходил повсюду с плеером фирмы Sony Walkman и слушал треки, которые нужно будет играть на концерте. Он был в составе группы во времена записи двух студийных (Risk и The World Needs a Hero) и одного концертного (Rude Awakening) альбомов.",0,1
168544,реализацию государственной программы и ее подпрограмм,0,1
168566,Я предупредил его об опасности.,0,1
168579,Вы есть не хотите?,0,1
168694,"Это позволит увеличить пропускную способность Транссибирской магистрали, повысить скорость и безопасность движения поездов.",0,1
168741,В большинстве случаев мы были вынуждены уступить их требованиям.,0,1
168752,"Если бы они пошли в банк, они получили бы лучший обменный курс.",0,1
168787,Biological Journal Linnean Society Vol.,0,1
168793,В 1935 году он стал одним из высших должностных лиц участвующих в промышленной разработке Маньчжоу-Го.,0,1
168900,Пройдите по улице примерно 50 метров и вы увидите почту.,0,1
168935,"Для гнездования можно использовать любое красивое дерево или большой куст, но предпочтительнее вечнозеленое растение.",0,1
168971,Через 11 дней эскадрилья уничтожила 43 цели вокруг южной Басры без потерь.,0,1
169000,В этот же период несколько еврейских студентов подверглись словесным оскорблениям и физическим нападениям.,0,1
169022,Прежде всего он стал известен своими многочисленными портретами Джорджа Вашингтона.,0,1
169129,"Хочется встретиться с Серёжкой, только не сейчас, а то ведь я сегодня настоящий скелет.",0,1
169147,число участников клубных формирований увеличится с 685 в 2013 году до 750 в 2020 году;,0,1
169155,"Церковь кричала много раз относительно потребности прибыть на помощь тем, кто вынужден жить на наших улицах, без защиты.",0,1
169250,"В противоположность этому, только 41 129 жили в регионе Северный Квебек, на долю которого приходится 43 % территории.",0,1
169576,"Лучше не ходи к нему, право, не стоит!",0,1
169617,"Не думаю, что ты встречал его.",0,1
169620,"Почему в других городах власти заботятся об окружающей среде, а у нас нет?, — пишет от лица митингующих Ольга Белая.",0,1
169814,"Мы видели, как изумил он бедного Антона Пафнутьича неожиданным своим превращением из учителей в разбойники.",0,1
169932,"С Иванова посещения новгородский край упал, обезлюдел: недобитые им, ограбленные, новгородцы стали нищими и осуждены были плодить нищие поколения.",0,1
169942,Имеется 9 классов смежности максимальных подгрупп группы J2.,0,1
169978,Андрей Аршавин обратился в Савеловский суд Москвы с иском к своей бывшей гражданской жене Юлии Барановской. Экс-капитан сборной России по футболу требует уменьшить размер алиментов на содержание их троих детей.,0,1
169981,"Они мне не поверят, даже если я поклянусь, что это правда.",0,1
169985,Тропический шторм прошел через юго-западную Атлантику между Вест-Индией и Бермудскими островами с 29 августа по 8 сентября.,0,1
170030,"Июль этого года стал самым жарким месяцем в мире за всю историю. Предыдущие рекорды были в 2016-м, 2019-м и 2020-",0,1
170220,"В Москве будет дождливо, воздух прогреется до плюс 18-ти градусов.",0,1
170487,Не надо беспокоиться о таких вещах.,0,1
170625,Я не согласен с ним.,0,1
170653,"обезвреживание и стопроцентная утилизация ртутьсодержащих отходов, химических источников тока, и энергосберегающих ламп;",0,1
170685,Каждая федерация PSOE организуется автономно.,0,1
170765,Рим находится в Италии.,0,1
170939,При династии Ягеллонов Польша заключила союз со своей соседкой Литвой.,0,1
171019,"Я скоро пошел в церковь, где читал и пел (иногда по нотам, которые захватил).",0,1
171036,"Узнала от Виталия Ак., что недавно у него был третий инфаркт.",0,1
171073,"В приказе Министра обороны есть примеры разжалования и увольнения за грубость, чванство, нечистоплотность.",0,1
171083,"В области науки и литературы должна царствовать *терпимость,* которой может недоставать в политическом мире.",0,1
171123,Министерства и дипломатические представительства Великобритании присылают ей регулярные отчёты.,0,1
171132,Он тоже едва был в силах скрыть свою радость и свое волнение.,0,1
171253,Муниципальная программа базируется на положениях:,0,1
171396,"Хотя Франко, это и трудно признать, но дочь очень повзрослела за последние месяцы в Нью-Йорке.",0,1
171398,"разработка предложений по совершенствованию бюджетного законодательства Российской Федерации, нормативных правовых актов в части условий предоставления межбюджетных трансфертов из федерального бюджета бюджетам субъектов Российской Федерации;",0,1
171400,"А мне он говорил неоднократно, что в русском государстве править должны русские.",0,1
171581,Давай пожмём руки и будем друзьями.,0,1
171636,"Ты никогда не был в Париже, правда?",0,1
171702,Propellerhead Software — A Company on a Mission.,0,1
171758,"И он смело отклоняет всякое участие в управлении представителей народа и говорит: ""Нет, я сам"".",0,1
171762,"Вследствие этого данные зоны становятся доступными для стимуляции при вагинальном сексе, рукой или фаллоимитатором.",0,1
171764,"Некоторые читают книги только для того, чтобы убить время.",0,1
171845,"Колониальная архитектура — старые колониальные дома вдоль реки с французскими пекарнями и кафе вдоль улиц 1, 2 и 3.",0,1
171881,Аф. еще хуже будет себя чувствовать?,0,1
171890,"Российские ученые изобрели ""коктейль"" для восстановления после инсульта",0,1
171901,Тяжелая простуда не давала мне учиться эту неделю.,0,1
171930,"Это оставило Федерацию только с одним участником, Сальвадором.",0,1
171989,У Сатурна найдено 20 новых лун: ученые просят придумать им названия.,0,1
172320,"Я верю, что я могу установить рекорд, или приблизиться к нему, или выиграть медаль.»",0,1
172458,"лето закончилось и самое время показать вам это -  нарисовала самую крутую тусу в мире - нашу московскую компанию которая сделала мое лето особенно незабываемым!
на фотке из Зеленограда",0,1
172510,Почему ты так сердишься?,0,1
172545,"По последним данным, было уничтожено 3 миллиона 300 тысяч птиц.",0,1
172724,"Волков отметил, что сайт «Умного голосования» «оставался последним из незаблокированных в России сайтов команды Навального».",0,1
172764,"~ Лучший подарок что может быть к 20 летию это путёвка на полное психо и физо обследование 

Ченьж май маинд!!",0,1
172775,"В пятницу, 12 декабря, украинская пресса пишет о критике правительственной программы действий, успешном визите Петра Порошенко в Австралию, о том, что следует знать иностранцам об Украине, и о депутатских заработках.",0,1
172804,В последнее десятилетие дорожные коммуникации были улучшены за счет строительства нескольких мостов.,0,1
172891,"Пресс-служба вуза информирует о том, что в конференции очно и дистанционно принимают участие почти 200 экспертов из России, Бельгии, Германии, ЮАР и Индии.",0,1
172892,"Наоборот, он умело использовал в своих целях незавершенность теории построения социалистического государства.",0,1
172912,Для пассажиров это означает более длительный интервал движения и меньше транспорта на маршрутах.,0,1
172929,На снегу белого кролика не было видно.,0,1
172973,В 2002 году в Дубае было создано российское генеральное консульство.,0,1
172995,"По данным сайта eqalert.ru, землетрясение произошло в 1040 и имело магнитуду 4.8.",0,1
173046,"Спасательные отряды на севере Италии продолжают искать людей, которые могут находиться под завалами после сильного землетрясения, в результате которого погибли по меньшей мере 16 человек.",0,1
173051,На письменном столе была книга?,0,1
173052,Не учи рыбу плавать.,0,1
173086,Я попал под дождь и промок.,0,1
173110,"Позже, после того, как они переехали, дом подвергся атаке динамитом 12 июня 1951 года.",0,1
173370,Ежедневно в стране производятся тонны мусора.,0,1
173499,районная комиссия по обеспечению безопасности дорожного движения осуществляет:,0,1
173720,Глубины сознания исходят из глубин истории.,0,1
173747,"По результатам проверки составляется акт, в случае необходимости - предписание об устранении выявленных нарушений законодательства о градостроительной деятельности, которые направляются в органы местного самоуправления, в отношении которых проводилась проверка.",0,1
173753,"Во Владивостоке торжественно подняли Андреевский флаг на новом корвете ""Совершенный"".",0,1
173784,"Все компоненты судна, включая рамы и сферы персонала, были заменены по крайней мере один раз.",0,1
173807,По гумкоридору из Восточной Гуты вышли 13 разоружившихся боевиков.,0,1
174078,"Через культуру, ее виды, формы, проявления идет процесс осознания человеком и обществом всего многообразия и ценностей окружающего мира, осуществляется процесс познания человеком самого себя.",0,1
174181,"Недавно воры забрались на территорию Института теоретической и экспериментальной физики, но хорошо, что взяли только деньги.",0,1
174257,Почти половина 126 запатентованных изобретений компании были сделаны первым и вторым поколениями семьи Стейнвей.,0,1
174268,Позже она подписала контракт с Jill Kelly Productions.,0,1
174336,"Авторы сказали, что они не собираются вводить в сериал вампиров, хотя появление других мистических существ возможно.",0,1
174434,Станет ли валлийский кач новым хюгге? Поможет ли его растущая популярность привнести в нашу жизнь больше тепла и утешения?,0,1
174548,"Плотность Меркурия является второй по величине в Солнечной системе и составляет 5,427 г / см ³, что лишь немного меньше плотности Земли.",0,1
174684,В Деяниях рассказывается история раннехристианской церкви с особым интересом к служению Двенадцати Апостолов и Павла из Тарса.,0,1
174908,"Панчен-ламе был всего 24 года, когда он осмелился выступить против Коммунистической партии Китая.",0,1
175009,"Позвольте поблагодарить за Кромина, он доволен и щастлив.",0,1
175135,Клиенты получили возможность смотреть лучшие фильмы в кинотеатре Wink в обмен на неизрасходованные минуты на своем тарифе.,0,1
175167,"Роберт Требор часто вращается с Иолаем в качестве другого помощника Геракла, Салмонея.",0,1
175263,"Просто после сорока лет начинаешь задумываться над некоторыми вещами, которые в тридцать лет казались простыми, как апельсин.",0,1
175287,Снижение энергопотребления позволяет обеспечить подключение новых потребителей при минимальных затратах на развитие инфраструктуры.,0,1
175426,"В случае если индикатор подразумевает только однозначные противолежащие значения, например ""нет/да"", индикатору присваивается значение 0 или 1 соответственно.",0,1
175482,Россия мало что может предложить региону.,0,1
175546,Складчатые сооружения Альпийского пояса находятся на полуострове Мангыстау.,0,1
175607,"При прогнозе доходов на 2018 год необходимо учитывать снижение ФОТ, в результате оптимизации сети учреждений образования и культуры.",0,1
175657,Они также используются в отношении такой тематики как «Круги благополучия детей» (с World Vision).,0,1
175659,Прошу прощения за задержку с ответом.,0,1
175704,"Была провозглашена «буферная» Дальневосточная республика, полностью подконтрольная Москве.",0,1
175711,В своей речи Елизавета назвала принца Филиппа своей «скалой и опорой».,0,1
175778,Я не буду принимать советы от Генри Киссинджера.,0,1
175826,"Буквально за 15 минут после публикации в комментариях появилось больше двух десятков предложений помощи, и они продолжают публиковаться.",0,1
175841,"Я думаю, что Китай будет играть активную роль.",0,1
175919,"Близ канопского устья Нила царь основал город Александрия Египетская, который вскоре стал одним из главных культурных центров древнего мира и крупнейшим городом Египта.",0,1
175941,Вся тайна знаний и могущества заключается в развитии воли (образ Божьей воли!).,0,1
175970,"Правительство увидит, что паршивая овца стада не испортила, и потому можно к этой овце крайних мер не применять.",0,1
176021,твой освобожденный от физры одноклассник/студент во время зачета по предмету:,0,1
176026,"Нижний Египет был представлен Низкой красной короной Дешрет, а ее символом был папирус.",0,1
176035,"В романе описаны показания жены русского заключенного, которая присоединяется к мужу в тюремной больнице Мацуями.",0,1
176065,"МОСКВА, ЭТО ВАЖНО!",0,1
176120,Бабье лето закончилось! А вы утеплились к зиме?,0,1
176241,В прошлом году было много дождей.,0,1
176288,"Это противоречило интересам Голландской республики, которая предпочитала иметь слабое государство в качестве своего соседа.",0,1
176327,К этому времени полицейские и журналисты искали убийцу по всему городу.,0,1
176435,"Не может быть, чтобы даже небо было несправедливо.",0,1
176581,"Наконец, если линия Елизаветы исчезла, тогда корона должна была быть унаследована потомками покойной младшей сестры Генриха VIII, Мэри.",0,1
176648,повышение качества муниципального финансового контроля.,0,1
176716,The Financial Times предрекла Украине дефолт.,0,1
176766,Она вышла замуж в подростковом возрасте.,0,1
176819,"Однажды, в январе, что ли, к нам подкралась разбойничьего вида фигура, которая оказалась нашим бывшим шофером Цыгановым: он не задумался проехать от самого Петербурга на буфере, по всему пространству ледяной и звериной России, только для того, чтобы доставить нам деньги, посланные друзьями.",0,1
176837,Просто я была достаточно нишевой певицей.,0,1
176840,Создательница Ждуна показала прообраз его женской версии - Ждуни.,0,1
176908,Он стоял у входа.,0,1
176942,Преобразование или упразднение округов осуществляется решением Краснодарской городской думы по представлению мэра Краснодара.,0,1
176955,Пить чистое вино здесь считалось предосудительным.,0,1
177035,"Праздничными огнями Кировка, как ожидается, засияет уже после наступления календарной зимы.",0,1
177448,"Как и в случае с некоторыми другими клубами Первого дивизиона Аргентины, фанаты празднуют большой праздник и собирают «Всемирный день фанатов Гимназии» 10 декабря.",0,1
177450,В 2002 году правительства двух стран заключили официальное соглашение о строительстве нового 600-метрового моста через реку.,0,1
177512,Процесс обслуживания упрощается и экономит время клиентов благодаря бесконтактному способу подписания документов.,0,1
177730,Одной из особенностей творчества зрелого Бунина было его умение организовывать в произведениях внезапные финалы.,0,1
177952,"В районе действуют 2 телекомпании «Катран» и «Орбита», информационные программы которых принимаются как на большей части территории района, так и его пределами.",0,1
178051,Силы АТО взяли в кольцо Горловку - Тымчук.,0,1
178064,"Пока в рядах российских войск есть такие бойцы, мы можем уверенно строить мирное будущее, – отметил Вениамин Кондратьев.",0,1
178109,Различные элементы церемонии проводятся в соответствии с Олимпийской хартией и не могут быть изменена принимающей страной.,0,1
178131,"Знаешь, я все более не люблю природу, -- заключила она свой отчет, улыбаясь и подчеркнув слово ""природа"" брезгливой гримасой.",0,1
178135,"По лицам присутствующих было видно, что они настроены точно так же.",0,1
178155,Манифест вызвал полярные реакции среди российской общественности.,0,1
178201,Долгие стоны скрипок осенних ранят мне сердце тоской монотонной.,0,1
178242,Монастырь ни в коем случае не должен быть местом труда или религиозной деятельности.,0,1
178315,Это действие заставляет ее войти в транс.,0,1
178323,Сегодня — оскомина после вчерашних лжей и смута на сердце.,0,1
178364,Украина ведет активные переговоры с МВФ о новой программе.,0,1
178502,До Рождества осталось четыре дня!,0,1
178542,"Ленинградцы выражают протест против переименования города в Санкт-Петербург, Июль, 1991 г.",0,1
178636,Что случилось с твоей собакой?,0,1
178738,"Когда мэр Москвы Юрий Лужков объявил в конце 1998 года о создании своего движения ""Отечество"", уже на первых совещаниях по правую руку от него сидел Кокошин.",0,1
178760,"Ди Ди в своих книгах выразил негодование по отношению к Томми за то, что был «цельным» больше, чем кто-либо в группе, будучи в состоянии приготовить себе ужин и организовывать свою жизнь в гораздо более функциональной манере, без психоза или проблем с наркотиками, которые были у самого Ди Ди. В отличие от всех остальных в группе, Томми был, казалось бы, «нормальным», несмотря на счета за вечеринки с группой и вождения их вокруг в своем автомобиле в первые дни.",0,1
178864,"Я не люблю испуганных людей, но еще меньше мне нравятся люди нерешительные.",0,1
178926,В КОАП РФ предусмотрена ответственность за невыполнение правил поведения при введении режима повышенной готовности на территории региона.,0,1
178970,В мире больше двух с половиной тысяч видов змей.,0,1
179010,У некоторых людей аллергия на пшеницу.,0,1
179054,"Он стал президентом Американского математического общества в 1894 году, и был им на протяжении 2 лет.",0,1
179093,"Кроме того, некоторые документы попали от Пушешниковых в частные собрания.",0,1
179139,Дин становится демоном и сбегает с Кроули.,0,1
179229,О внесении изменений в муниципальную программу «Устойчивое развитие сельского поселения Боринский сельсовет на 2014-2020 годы»,0,1
179331,"В растениеводстве район специализируется на производстве зерновых культур, подсолнечника, площадь посева которого увеличивается с каждым годом, а также сои.",0,1
179357,Читал книгу «Жизнь Матвея Кожемякина».,0,1
179395,"Достоверно известно только свойство этого моноклонального антитела уничтожать «бляшки» бета-амилоида, которые считаются одной из возможных причин заболевания.",0,1
179459,"В когтях это приводит к образованию старого слоя, и он отламывается.",0,1
179520,"Лидер самопровозглашенной ""Донецкой народной республики"" Александр Захарченко в интервью ВВС заявил, что договоренность о прекращении огня, достигнутая с правительством Украины при посредничестве Запада, скорее всего сорвется.",0,1
179531,"Почему я стреляю в тех парней, скажи мне, что они сделали?",0,1
179565,Я уверен в его победе.,0,1
179756,"Католическая церковь Филиппин назвала кампанию по борьбе с наркотиками, развернутую президентом Родриго Дутерте, террором против бедных.",0,1
179802,"Но или нет (яп. È 1 \ / 2 NÅ) - основная форма классической японской музыкальной драмы, которая разыгрывается с 14 века.",0,1
179803,"""Как это мило с вашей стороны"", — ответил Вилли.",0,1
179882,"Уварова рассказала перед репетицией о том, что ее приятельница пишет из Л-да о разрушениях в нашем доме: разбомблены квартиры Петрова-Водкина и Трауберга. Наша половина дома уцелела.",0,1
179946,Муниципальная целевая программа «Развитие туризма,0,1
180001,"Российский военно-морской флот очень гордится своим новым шпионским кораблем ""Янтарь"", который сейчас помогает Аргентине найти пропавшую подводную лодку.",0,1
180058,"Он отстаивал реализм, критиковал теорию «чистого» искусства.",0,1
180114,"The best plays of the old dramatists: R. Steele; ed. by G. A. Aitken, L., 1894; Selections from the Tatler, Spectator, Guardian, ed. by A. Dobson, Oxford, 1896; The Spectator, ed. by G. G. Smith, with an introd essay by A. Dobson, 8 vls, L., 1897—98; Tatler ed. by G. A. Aitken, 4 vls., L., 1898—99; Letters, ed. by R. B. Johnson, L., 1928.",0,1
180144,"Плательщиками платы за негативное воздействие на окружающую среду (далее – НВОС) являются предприятия, учреждения, организации независимо от их организационно - правовой формы и формы собственности, а также осуществляющие предпринимательскую деятельность граждане (в том числе иностранные) и лица без гражданства, которые при осуществлении хозяйственной, управленческой или иной деятельности оказывают негативное воздействие на окружающую среду (производят выбросы в атмосферный воздух загрязняющих веществ, сброс загрязняющих веществ в водные объекты и на водосборные площади, размещают отходы и т.д.).",0,1
180274,К реализации проекта Дуров приступил сразу по окончании вуза.,0,1
180289,Минутку! Не кладите трубку!,0,1
180354,Также мы всегда были зачарованы идеей придания нашей музыке театрального контекста».,0,1
180363,"Культура может быть приобретена различными путями, например, через образование.",0,1
180424,Как долго вас не будет?,0,1
180448,"Через несколько дней еще одна бомба появилась у другого поста, только в этот раз взрыв все же произошел.",0,1
180619,В Челябинской области расследуют смерть 24-летней роженицы.,0,1
180621,"Приложение, которое уже заблокировал Google Play, уже успели скачать около пяти тысяч пользователей.",0,1
180661,Потепление придет в Нижегородскую область 1 мая.,0,1
180802,На островах по сей день содержится значительный военный контингент.,0,1
180889,"Модель Лилия Судакова Что известно про девушку, зарезавшую своего мужа В Санкт-Петербурге модель Лилия Судакова зарезала своего мужа.",0,1
180902,Решением возникших у жителей региона проблем занимается управление госконтроля.,0,1
180960,В IV веке такое назначение было возможным.,0,1
180965,Путешествие отнимает много денег.,0,1
181084,Мы будем применять ваш метод в нашей школе.,0,1
181114,"Впервые он был назван «Марио» в аркадной игре Donkey Kong Junior в 1982 году, единственной игре, где он был злодеем.",0,1
181165,"Экономика Это также важные факторы, которые необходимо учитывать во время фазы архитектуры данных.",0,1
181196,Для модернизации рынка жилья в России и более адресной помощи льготным категориям населения ВТБ и ДОМ.РФ выступили с инициативой направить господдержку на развитие региональных ипотечных программ.,0,1
181203,Поддержка проекта на региональном уровне в виде предоставления льгот по инвестиционным проектам по налогам и субсидированию процентной ставки по инвестиционному кредиту.,0,1
181368,"Он пережил Мэтта Мёрдока, который был убит (однако его душа осталась в Даркдевиле).",0,1
181403,Нынешняя небывалая война должна быть доведена до полного поражения врагов.,0,1
181439,"Но если это репрессия, то почему точно 26го она прекращается 26го будет месяц со времени последней передачи.",0,1
181451,"Регион, где говорят на баскском языке, меньше, чем то, что известно как Страна Басков или Euskal Herria на баскском языке.",0,1
181557,"Будучи материнским соусом, голландский соус является основой для многих других, приготовленных путем добавления или изменения ингредиентов.",0,1
181625,Я никогда с ним не соглашаюсь.,0,1
181626,"Из-за этого, у него есть желание стать сильным.",0,1
181636,В 2012 году он открыл собственные сайты и впоследствии прекратил выступать для других компаний.,0,1
181647,Это очень удобно жить рядом с вокзалом.,0,1
181657,"Слышала, что школы будут эвакуироваться.",0,1
181661,"В начале 1990-х годов она встречает своего будущего компаньона, Яна Скотта / Яника Шафта (Yanick Shaft).",0,1
181759,Все мои друзья любят компьютерные игры.,0,1
181822,моё лето длится до тех пор пока я потею во время поедания супа,0,1
181882,"Они отползли, а чума осталась.",0,1
181939,В июне очень дождливо.,0,1
181974,"Почвы - выщелоченные, среднегумусные черноземы.",0,1
182182,"Школа Западного стиля была введена как агент, чтобы достигнуть той цели.",0,1
182218,"Там, конечно, много спорного, но полезного гораздо больше,и, главное есть над чем поразмышлять.",0,1
182229,Музыканты встали перед публикой лицом к дверям и приготовились.,0,1
182238,Однако умные кошки умеют спускаться с любого дерева самостоятельно.,0,1
182307,"Руки на передней двери представляют собой путь, с которым благословляли древние священники Иерусалима.",0,1
182369,"Нетаньяху осудил Эрдогана за критику ""самой высокоморальной армии мира"".",0,1
182398,Бог дал мне это отличие.,0,1
182416,"А также руководители АТП отметили и нехватку персонала, как минимум половины.",0,1
182539,Одним из основных направлений функционирования жилого фонда является внедрение системы ресурсо- и энергосбережения.,0,1
182552,"Она имеет ряд других полномочий, некоторые из которых она продемонстрировала.",0,1
182834,"С 1988 года активно выставляется как художник по всему миру, в том числе в России и во многих европейских странах.",0,1
182846,"Комсомолец Байков, студент башкирской национальной студии, приводил примеры того, как студентам пытаются привить чуждые воззрения на музыкальную культуру прошлого.",0,1
182868,"Трилогия Фарсала - это серия из трех фэнтезийных книг, написанных Хилари Белл.",0,1
182881,Сама ведущая информацию о размерах своих заработков не подтвердила.,0,1
182900,"Каждый человек имеет право покидать любую страну, включая свою собственную, и возвращаться в свою страну.",0,1
183046,В Киото много чего посмотреть.,0,1
183198,Самолюбие во всех своих предприятиях имей основанием.,0,1
183208,"в) процентная ставка не превышает размер ключевой ставки Центрального банка Российской Федерации на дату заключения кредитного договора увеличенной на 2,5 процентного пункта;",0,1
183308,"Единственной слабостью Мрака (если это можно назвать слабостью) является то, что, если он потеряет свою тень, он становится уязвим.",0,1
183419,В январе 1978 года Sex Pistols отправились в гастроли по США.,0,1
183454,"Во многих странах мира используется французская система построения особенной части уголовного законодательства. Она основывается на уголовных кодексах Франции 1791 года и 1810 года, которые вобрали в себя идеи «естественного права» и теории «общественного договора». Для данных актов характерно разграничение политической и общегражданской жизни людей, что нашло отражение в выделении двух крупных разделов: «Преступления и проступки против публичных интересов» и «Преступления и проступки против частных лиц». В УК Франции 1810 года эти разделы, в свою очередь делились на главы. Первый раздел включал в себя четыре главы:",0,1
183483,Вы проделали отличную работу.,0,1
183490,В 2013/14 учебном году по ФГОС обучаются все учащиеся начальных классов с 1 по 3 класс.,0,1
183491,"Мы поможем ему, если он нас попросит.",0,1
183566,Они помогают поработить небольшой город Аляски в попытке сделать достойное пространство для корабля.,0,1
183582,Моя бабушка говорит медленно.,0,1
183584,Я жду уже почти полчаса.,0,1
183668,Под этим именем он через несколько недель был представлен Real-Time Linux Workshop.,0,1
184054,"Подход к сопротивлению в гештальт-терапии коренным образом отличается от подхода аналитических направлений. Гештальт рассматривает сопротивления как способы взаимодействия организма со средой, некогда имевшие высокую эффективность для взаимодействия, но здесь и сейчас либо неуместные, либо вообще единственно доступные клиенту как способы взаимодействия (например, для клиента-наркомана самым характерным способом взаимодействия будет конфлюэнция второго типа, вполне органичная при взаимодействии матери и младенца). В связи с этим сопротивления клиента, естественно демонстрируемые им в ходе взаимодействия с терапевтом, используются как основа эффективного поиска неосознаваемых клиентом потребностей.",0,1
184154,Ян чувствует себя убийственно.,0,1
184342,Он также является мужем другого члена группы Проксимы Полночной.,0,1
184359,На дорогах сохранится гололедица ее появлению будут способствовать перепады температуры между минусовыми и плюсовыми значениями.,0,1
184523,"С 2013 года университет столкнулся с критическим состоянием из-за дефицита бюджета в размере $6,5 млн до 2015 года.",0,1
184724,В большинстве анимационных фильмов и мультсериалов Джокера озвучивал Марк Хэмилл.,0,1
184861,Крестьянам было запрещено вести денежные операции без разрешения помещика.,0,1
184879,"Несмотря на кошмар бытия, у меня ощущение уверенности.",0,1
185060,Подвижки в прошлом могут быть реконструированы по петлям срединных морен.,0,1
185087,"В конце концов ядро сжимается достаточно, чтобы начать синтез гелия, а звезда нагревается и сжимается.",0,1
185089,Он уступил свое место Джо Хендрону из Социал-демократической и рабочей партии (СДЛП) на всеобщих выборах 1992 года.,0,1
185203,В настоящее время приоритет в сотрудничестве отводится северной столице.,0,1
185228,Встреча была отменена из-за дождя.,0,1
185536,«With or Without You» была хорошо принята критиками после выхода The Joshua Tree.,0,1
185563,Эффективность реализации государственной программы – средняя.,0,1
185631,"Самые распространенные овощи, которые можно есть с дважды приготовленной свининой, - это капуста и перец.",0,1
185692,Нельсон использовал аналоговую кассету для записи большинства треков в альбоме.,0,1
185776,Он отрезал ветку дерева.,0,1
185821,Он также работал в вышеупомянутом Доме духовных произведений Буэнос-Айреса.,0,1
185853,"Зайцев в Москве можно найти в Измайловском лесу, Кузьминском лесопарке, в Битцевском лесу и Серебряном Бору.",0,1
185879,"Как следствие, ни один из европейских чемпионов не играл за Советский Союз после окончания войны.",0,1
186043,Шурочка все время пытливо смотрела мне в глаза.,0,1
186048,"В канаве, вдоль шоссе, росли шампиньоны.",0,1
186139,"Я ж тебя люблю, вот и подумай, что могла о тебе говорить любящая сестрица"".",0,1
186200,"В английском языке слово Sol также иногда (преимущественно в научном контексте) используется для обозначения Солнца, однако главным значением этого слова является имя римского бога.",0,1
186206,НИЖНИЙ ТАГИЛ 2020 – город с развитой социальной инфраструктурой.,0,1
186255,V век - это век с 401 по 500 год.,0,1
186442,"В городском округе Ивантеевка – 4 муниципальных маршрута регулярного сообщения, к которым относятся:",0,1
186455,"Да, маска не гарантирует стопроцентной защиты, но в ней шансов больше остаться здоровым.",0,1
186601,"Это больше, чем я могу вытерпеть.",0,1
186711,"С тех пор я очень избирательно отношусь к визуальному контенту, который исходит из меня.",0,1
186737,Человек любящий имеет в себе Христа.,0,1
186827,На Чукотке началось строительство дороги от Колымы до Анадыря // РИА Дейта.,0,1
186847,Номинация «E=mc2 – за создание мощных приложений и технологий».,0,1
186848,подпрограммы будет осуществляться в рамках реализации следующих основных мероприятий:,0,1
186870,Боец UFC использовал ингалятор во время поединка и был лишен победы.,0,1
186960,Это стоило ему работы.,0,1
187359,Читала Мамина-Сибиряка «Золото».,0,1
187471,У Сергея в Мячковском приюте родилась дочь.,0,1
187665,Алло. Это Джо Карлтон. Я могу поговорить с Майклом?,0,1
187795,"Покупатель понял, что его обманывают и обратился в полицию.",0,1
187816,На потолке ответа написано не было.,0,1
187867,"Digiday сообщил, что агентства также могут начать рекламу на TikTok, учитывая его взрывную популярность.",0,1
187877,"Он обладает волшебной лампой, которая может вызвать четырёхголового джинна с мистическими силами.",0,1
187881,"Под лозунгом «Вперёд, к берегам Рижского залива!» мы ломаем сопротивление врага и с тяжёлыми боями – вперёд!",0,1
188081,Я прошу имейте гражданскую совесть.,0,1
188099,"Деньги в Советской стране могут быть прекрасным воспитателем, прекрасным педагогом.",0,1
188106,"Я его даже часто смотреть не могу, потому что всегда плачу.",0,1
188195,Житель Кандалакши предстанет перед судом за стрельбу из травматического пистолета.,0,1
188265,"В 1926 г. колония состояла из 16 деревень, которые населяли около 3 000 сомалийцев и 200 итальянцев.",0,1
188287,"Я молилась Тому Богу, Который покоится выше всех религий.",0,1
188300,Воскресенье 2 августа проходит без значимых событий.,0,1
188324,"Я тебя слышу, но не могу видеть.",0,1
188330,"Русские князья как представители власти хана пользовались в своих уделах правами, какие имел хан на всем подвластном ему пространстве.",0,1
188342,"Минуя эдилитет, Флакк добился своего избрания претором на 63 год до н. э. В этом качестве он участвовал в процессе Гая Рабирия, а позже поддержал консула Марка Туллия Цицерона в его борьбе с заговором Катилины. В частности, в ночь на 3 декабря именно он вместе со своим коллегой Гаем Помптином арестовал на Мульвийском мосту послов аллоброгов, при которых была найдена важнейшая улика — письмо катилинариев, раскрывавшее их замыслы. Благодаря этому Цицерон смог добиться от сената решения о немедленной казни заговорщиков.",0,1
188386,Это новые реорганизованные воздушные силы с августа 2011 года под командованием офицера ВВС в ранге полковника.,0,1
188404,"Используя декартову систему координат, геометрические формы (например, кривые) можно описать алгебраическими уравнениями. Таким уравнениям удовлетворяют координаты точек, лежащих на фигуре.",0,1
188504,Мой офис находится на пятом этаже.,0,1
188722,"Он считал, что его призвание — проповедовать «правду и свет» среди Друзей и других людей.",0,1
188745,В фильме же наоборот.,0,1
188828,"Всякий раз, когда я иду на автобусную остановку, я боюсь, что повстречаю ту русскую, которая давала мне леденцы.",0,1
189084,"Все, что вам нужно сделать, - это помыть посуду.",0,1
189105,Это зависит от контекста.,0,1
189114,Цели Программы отражают конечные планируемые результаты решения транспортных проблем социально-экономического развития городского поселения Снегири на период до 2017 года.,0,1
189209,"Естественно, вы ожидаете, что он упадет на пол.",0,1
189300,Число жертв исчисляется десятками с обеих сторон.,0,1
189338,"Кандидат в президенты Франции от правоцентристской партии ""Республиканцы"" Франсуа Фийон заявил, что ему и его жене Пенелоп пришла повестка на допрос в связи со скандалом о фиктивных рабочих местах.",0,1
189432,В небольшой деревне Читари бесследно пропадают дети разных возрастов.,0,1
189460,"Объем утилизируемых фракций, который может быть после сортировки использован в качестве вторичного сырья, составляет до 50% от общего количества отходов, в том числе: бумага, картон - 26 - 35%; дерево - 2 - 5%; металл цветной - 0,5 - 1,5%; металл черный - 3 - 4%; текстиль - 4 - 6%; кости - 1 - 2%; стекло - 4 - 6%; кожа, резина - 2 - 3%; пластмасса - 3 - 4%, пищевые отходы - 32 - 39%.",0,1
189462,Вы моете руки перед едой?,0,1
189487,"В конце сезона он заявил, что покинет свою команду Omega Pharma-Lotto.",0,1
189518,Решил раздобыть трофеи и обшаривал землянки вдоль реки Царицы.,0,1
189569,"Microsoft Research Cambridge было создано в 1997 году Роджером Нидхемом, и на данный момент там насчитывается более 100 работников.",0,1
189599,"Тем не менее, Уолтер предложил научить меня танцевать должным образом, так как он считал, что у меня есть потенциал.",0,1
189683,Свое мнение Захарова выразила в Telegram.,0,1
189730,"Вопреки мнению большинства своих современных коллег, французский физик Андре Мари Ампер считал, что свидетельства о дождях из животных были истинными.",0,1
189732,"Для сравнения, два объекта в области кольца F (и), которые впервые были замечены месяцами ранее, не были обнаружены снова с какой-либо уверенностью.",0,1
189909,Исполнительным органом департамента является председатель генерального совета.,0,1
189960,Это заняло весь вечер.,0,1
190000,"Или начнёт говорить тихо, чтобы вынудить меня, хочу я того или нет, отстраниться.",0,1
190010,Мой девиз с ноября по март.,0,1
190112,-- А если б кто из рыбников предложил вам купить весь караван дочиста.,0,1
190221,Мы увидели слабый свет далёкого маяка.,0,1
190232,Все равны перед законом.,0,1
190395,"Ирак совершил ошибку, когда не согласился оставить у себя войска США - Хиллари Клинтон.",0,1
190397,Мужик ведь без бабы дуреть начинает.,0,1
190859,"В случае с эфиром, мы, возможно, это и наблюдаем.",0,1
190888,Недолго осталось до прихода теплой весны.,0,1
190929,Планируется информирование инвалидов и членов их семей о возможностях профессиональной реабилитации.,0,1
191076,Я должен чувствовать сопротивление твердой поверхности.,0,1
191154,"Размещение в Единой информационной системе планов закупок на трехлетний период, составление и размещение детальных планов-графиков закупок с подробным описанием характеристик товаров, работ, услуг, необходимых муниципальному образованию город Абакан на текущий календарный год, с обоснованием объектов закупки исходя из необходимости реализации конкретной цели осуществления закупки, размещение полной и достоверной информации о закупках, начиная с момента опубликования информации об объявлении закупки (извещение, документация, сведения об обосновании начальной цены), заканчивая информацией об исполнении контракта, заключенного по результатам закупки, и сведений о достижении целей закупки.",0,1
191163,Его целями являются повышение среднего IQ детей от 94 до 100 и увеличение среднего роста детей.,0,1
191178,ухудшение контроля за состоянием условий и охраны труда на производстве;,0,1
191432,При разминировании подорвались двое - средние ранения.,0,1
191506,Как и Саддам...  как наше состояние.,0,1
191564,Теперь все экзамены позади.,0,1
191565,"Алешка усердно заколыхал головою и размашисто сделал земной поклон, потом второй и третий.",0,1
191578,"В конце года аналогичный отчет нами будет представлен"".",0,1
191581,Большой успех дуэта привел к записи целого альбома с номерами из мюзиклов и фильмов: The Oscar Album (1992).,0,1
191606,"Реалити «Опасные связи» для тех, кто догадывается об измене партнера, но не может этого доказать.",0,1
191625,"Ему сказали, что у него в рабочем состоянии осталось только восемь процентов его сердечных функций и он не мог рассчитывать на выживание.",0,1
191636,Оценка эффективности реализации программы производится путем сравнения фактически достигнутых показателей за соответствующий год с утвержденными на год значениями целевых индикаторов.,0,1
191801,Они изучают современную литературу.,0,1
191936,Предотвращение загрязнения морской среды с судов и морских сооружений.,0,1
191995,Впоследствии она была спасена и позже она помогла победить Кибериада.,0,1
192095,В течение года проводится анализ информации о ходе выполнения постановлений Комиссии органами исполнительной власти автономного округа и органами и учреждениями системы профилактики в муниципальных образованиях в автономном округе.,0,1
192268,"Между тем, Бобби случайно заражается от Джоди, пытаясь помочь ей.",0,1
192492,"внедрение интегрированного набора продуктов, решений и систем, повышающих эффективность систем тепло- и водоснабжения за счет определения утечек в сетях еще на ранней стадии;",0,1
192509,Но на этот раз маневры Василия Ивановича не удаются.,0,1
192517,"С наступлением рассвета в пятницу в южной части Индийского океана возобновились поиски неопознанных объектов, которые могут быть обломками пропавшего самолета Malaysia Airlines.",0,1
192662,"К числу других легенд относится случай, когда на раздаче автографов поклонница разделась и спросила: «Хочешь прокачать это тело?».",0,1
192705,"Но все-таки обещайте, что вы будете помогать колхозу.",0,1
192758,Объем средств долевого финансирования рассчитывается:,0,1
192869,У меня дома нет компьютера.,0,1
193161,"В течение следующих нескольких лет он и Каролина спокойно жили, избегая явной политической деятельности.",0,1
193168,"В бюджетах отдельных государств такого рода вопросы в слабом развитии могут подыматься и подымаются в государственных ассигнованиях на потребности академий, где такие ассигнования есть, и в государственных фондах помощи научной работе, где такие фонды существуют.",0,1
193275,"Аналитики ранее прокомментировали, что программа приносит пользу владельцам строительных компаний, что гарантирует больше клиентов.",0,1
193467,Хотел бы он перенести орловский опыт на всю территорию России Вряд ли это сможет сделать Строев в ранге председателя Совета федерации.,0,1
193469,"""Фенербахче"" готов заплатить ""Локомотиву"" 3 млн евро за Виталия Денисова.",0,1
193673,Необходимо продолжать и совершенствовать развитие нормативной и методической базы проведения мониторинга качества финансового менеджмента в соответствии с изменениями бюджетного законодательства и правовыми актами Министерства финансов Российской Федерации.,0,1
193681,Общая вина — это ничья вина.,0,1
193686,"По умолчанию, сайт забирает 10 % от каждой продажи, но разработчик может выбрать, сколько денег сайт получит за каждую покупку.",0,1
193687,"Гаучо используют болеадора, чтобы поймать бегущий скот или дичь.",0,1
193745,25 из них были демонтированы самими собственниками после разъяснений администрации.,0,1
193839,На стуле сидела кошка.,0,1
193902,Лето - это маленькая жизнь),0,1
193905,"Стратегия развития города только тогда содержит стратегическую цель и задачи, когда она заявляет о новом качестве жизни населения.",0,1
193952,"Что будет с нами, если разгорится война?",0,1
194025,"Законодательная власть принадлежит Скупщине — парламенту страны, а исполнительная власть — президенту и правительству Черногории — Владе.",0,1
194159,"У него был длинный низкий череп без рога, длинные лобные и носовые кости.",0,1
194185,Можете помочь мне с переездом?,0,1
194221,Я последую вашему совету.,0,1
194249,У меня был Слава Старков.,0,1
194265,"13.Землетрясение может произойти в любое время, поэтому заранее найдите безопасные места из дома и здания где вы живете.",0,1
194355,"В Incredibox есть шесть версий (или музыкальных стилей), из которых игроки могут выбирать.",0,1
194524,"Будучи ветеранами Голливуда, четыре звезды фильма заговорили о создании фирмы, чтобы усилить свой собственный контроль за своими собственными работами.",0,1
194548,Он сел передо мной.,0,1
194569,С таким выступлением она появилась на заседании оперштаба.,0,1
194654,"Быстрый, решительный, энергичный, он поражал своей огромной эрудицией и умел крепко держать внимание своих слушателей на необходимой высоте.",0,1
194698,Мероприятие включает: приобретение детских памперсов для детей от рождения до 3 лет.,0,1
194777,"В северных районах наступает на 1-1,5 месяца позже.",0,1
194854,В середине дня были выпущены листовки.,0,1
194995,"Итоги выборов президента Белоруссии, госдеп рассылает СМС гражданам России и что будет с TikTok — все это интересовало телеграм-каналы на прошлой неделе.",0,1
195025,Я так благодарен вам за эту возможность.,0,1
195061,"Мы жили в штольнях, которые немцы выдолбили в известковых берегах речки Назии.",0,1
195066,Весной 1918 года она и другие члены ее семьи поставили пьесы для своих родителей и других людей.,0,1
195118,хочу лето ездить на тренинги и знакомиться с интересными людьми но уже не стесняться как раньше,0,1
195299,К вопросу о безналичном денежном обращении в России // Банковское дело.,0,1
195378,"Казалось, все птицы столицы слетелись к нему и покрывали его плечи, руки и голову.",0,1
195409,Его домашний паук не ел с момента переезда семьи.,0,1
195515,"Том не лентяй. На самом деле, он много работает.",0,1
195528,"Зато у красноярского герба геральдическая история богаче, чем у герба Москвы, — отмечают геральдисты.",0,1
195542,"Здесь появятся гостиница, а также комната матери и ребенка.",0,1
195625,Он был среди этих избранных.,0,1
195745,"В настоящий момент на территории сельского поселения имеется 2 детских площадки, которые необходимо оборудовать современным спортивным и игровым оборудованием.",0,1
195855,"количество молодых людей, состоящих на учете за употребление алкоголя;",0,1
195906,Он не понял шутки.,0,1
195947,"Кто ищет неба, пусть поднимет голову вверх.",0,1
195978,Я несколько раз повторил одно и то же.,0,1
196051,Продолжал писать рассказ «Новая жизнь».,0,1
196061,Я жажду возвращения тех славных дней!).,0,1
196155,К рождеству Боуэн и Говард решили объединить свои силы.,0,1
196156,Головкин хочет завоевать все чемпионские пояса в среднем весе.,0,1
196162,"""Большая потеря для культуры"": Мединский о смерти Дмитрия Брусникина.",0,1
196241,Поверхность Земли на 70% покрыта водой.,0,1
196277,"Роджер Миллер начал писать песни, потому что ему нравилась музыка, которую он слышал по радио.",0,1
196328,"Французский журналист: Парижу придется устроить распродажу ""Мистралей"".",0,1
196338,Но в прошении было отказано.,0,1
196343,"Территория эффективного взаимодействия членов местного сообщества, на которой действует разветвленная сеть общественных советов во всех сферах жизнедеятельности территории, клубов по интересам, других общественных образований.",0,1
196363,«No Brakes» сертифицирован как золотой 4 сентября 1984 года.,0,1
196477,реализацию регионального проекта «Системные меры по повышению производительности труда»;,0,1
196647,Англичане хотели большего — они хотели контроля над их землёй.,0,1
196750,Можно я его померю?,0,1
196751,В настоящее время сайт получает более 100 миллионов просмотров в месяц и «создал совершенно новую форму интернет-высказывания».,0,1
196854,"Он спросил меня о здоровьи, его все стали спрашивать о его даме, он спокойно отвечал, что ей лучше.",0,1
196856,"Судьба 28 горняков после взрывов на шахте ""Северной"" в Воркуте до сих пор остается неизвестной.",0,1
196908,Британец случайно заплатил миллион за ужин.,0,1
196927,При встрече он пожаловался на Евдокию Маше и Феде.,0,1
197019,"Воздух загрязняют образующие при разложении отходов углекислый газ, метан, сероводород, аммиак и бензол.",0,1
197040,Никто никогда ничего подобного не видел.,0,1
197067,"Вы правда считаете, что «Кока-кола» использует для своего производства листья коки?",0,1
197080,"В течение мая на площади угля проводится Месяц Науки, дни, которые объединяют разные виды деятельности.",0,1
197167,"КПП GT-A не появилась в Evolution VIII, но была установлена в версию Evolution IX Wagon.",0,1
197173,В период «большого скачка» и «культурной революции» большинство университетов было закрыто.,0,1
197289,Неужели до конца дней своих я не буду иметь покоя от этой постной твари?,0,1
197325,"Мне кажется, что он имеет какое-то отношение к этому делу.",0,1
197439,"Его посадили в тюрьму за все преступления, которые он совершил.",0,1
197504,Затем она вела в 2005 году на «TF1» короткую программу о безопасности на дороге «La Bonne Conduite».,0,1
197510,"Основные мероприятия по усовершенствованию и развитию транспортной инфраструктуры области приводится по видам транспорта с учетом федеральных интересов, сосредоточенных на ее территории.",0,1
197547,В Южном военном округе стартовали учения с участием свыше десяти тысяч солдат,0,1
197678,Отель Fairmont Vancouver использовался в качестве отеля Heathman.,0,1
197733,Это было абсолютно новаторское издание.,0,1
197752,Это чуть более 10% от общего количества.,0,1
197777,"Известно, что инцидент произошел 15 августа этого года.",0,1
197780,Древние математики делали множество предположений об идеальных числах на основе четырех известных им четырех.,0,1
197784,"Корона также назначает других деятелей, часто по рекомендации Премьер-министра.",0,1
197815,"Власти были обеспокоены молодёжными волнениями, начавшимися накануне эпохи реформ; в Петербургском университете произошли беспорядки; среди студентов распространялись листовки и прокламации с призывами к бунтам.",0,1
197821,"Наверно, ничего плохого в ее пожеланиях нет, а потому я благодарю, крепко пожимая руку.",0,1
197969,"В Красноярске студент заявил, что его отчисляют за диплом, посвященный госдолгу региона",0,1
198060,Все книги на столе?,0,1
198138,"Если вы заняты, я вам помогу.",0,1
198159,"Обычны тяжёлые и частые вспышки гнева, которые могут быть вызваны тем, что ребёнок не способен сообщить о своих нуждах, или вмешательством кого-то в его ритуалы и обычный распорядок.",0,1
198229,"«Если бы зрители Майли были страной, то они были бы пятым наибольшим населением в мире — даже больше Бразилии».",0,1
198255,"«Преступник хватает руками спецсредство, причиняя сотруднику моральный вред». Акварель, Москва 2019г.",0,1
198275,"Илья Михеев - о 21 матче без голов: ""Немного переживал, но сейчас чувствую, что в голове порядок"".",0,1
198307,"Никто из охотников не желает вступать в бой с киборгом, который для демонстрации своего апгрейда немедленно убивает одного из их соратников, а затем — залаявшую на него собачку, которую Алита спасла от шагающего робота — центуриона в начале фильма.",0,1
198371,"Он был среди тех, кто продал свою душу демону Нерону в ходе Underworld Unleashed.",0,1
198381,"Сокото - город на северо-западе Нигерии, недалеко от места слияния рек Сокото и Рима.",0,1
198456,6 февраля 2009 года он был подтвержден пилотом Toro Rosso на второй год.,0,1
198769,Благоустройством занимается администрация поселка Архара.,0,1
198789,и районах за счет средств консолидированного бюджета области построено,0,1
198803,"Врачи сказали, что он уже никогда не сможет ходить без посторонней помощи.",0,1
198828,"Оральный секс, помимо человека, обнаруживается у других приматов, а также у рукокрылых.",0,1
198912,Вы не будете делать ошибок.,0,1
198914,"В Швейцарии, чтобы «сконцентрировать движение», большинство активистов согласились организовать одну единственную демонстрацию для всей страны в Берне.",0,1
199071,"«Итак, общество считает меня фанатиком подводного плавания. Почему? Потому, что я говорю, что подводная лодка есть могущественное, хотя и неуниверсальное оружие… Я оптимист и потому считаю, что все улучшается на этом свете, все идет вперед. Фантазия моя дает мне картину будущего; имею ли я основания ей не доверять? Нет, так как в мой короткий век я видел то, что раньше было для меня „фантазией“… Сегодня фантазия, а завтра факт. Быть может, скоро появятся подводные крейсера, которые сделают морскую настоящую войну невозможной. „Dum spiro, spero“",0,1
199187,Авиакомпания «Победа» представила новый ультра-эконом класс на рейсах Москва-Анталия,0,1
199286,"Это состояние обновляется двумя способами: если состояние изменяется независимо от сообщений открытого текста или зашифрованного текста, шифр классифицируется как шифр синхронного потока.",0,1
199377,"Два или три мужчины, или убийцы или солдаты, должно быть, окружили его и умертвили прежде, чем подоспела помощь.",0,1
199403,Казанский Кремль расположился в самом центре Казани в начале улицы Кремлёвской у берегов реки Казанки.,0,1
199466,На рынке появилась колба (черемша) нового урожая.,0,1
199479,Потом стала душиться: прыснула из флакона вверх и встала под это облако.,0,1
199488,Мы всегда должны держать наше обещание.,0,1
199668,"В течение этого периода, большинство современной музыки не могли быть воспроизведены на крупных радиостанциях из-за спора по поводу лицензионных сборов.",0,1
199755,"Очевидно, что цель этого проекта – получить доступ к бюджетным средствам.",0,1
199849,"Российский истребитель-невидимка Су-57 может скоро иметь робота в кабине вместо пилота. Или, по крайней мере, Россия «хочет, чтобы так думали» на Западе, пишет издание Popular Mechanics. Сообщения о беспилотных истребителях пятого поколения провоцирует дискуссию о будущем воздушных боев, однако пока эра классических истребителей далека от завершения.",0,1
199892,Я не знаю. Это зависит от цены.,0,1
199897,Наша команда проиграла все игры.,0,1
199903,Первое пребывание Лермонтова на Кавказе длилось всего несколько месяцев.,0,1
199984,"Мне жена сказала, что я ничего не найду, мол поздно уже.",0,1
200080,"что у нас общего? 

 месяц : октябрь 
 страна : латвия
 год : 2001
 рост : 162
 знак зодиака : весы
 тип личности : посредник",0,1
200095,Размещение объектов регионального значения в области отдыха и туризма на территории Чайковского промышленного узла не планируется,0,1
200189,Он пообещал мне вернуть деньги.,0,1
200275,"Сегодня было солнечное затмение, которое я частично видела.",0,1
200303,Лидеры G7 рассмотрят санкции против России при отсутствии улучшения ситуации на Украине.,0,1
200361,Меня тошнит от ладана и голова болит.,0,1
200364,С сестер Хачатурян сняли электронные браслеты.,0,1
200366,Белый цвет – проблема не является значимой.,0,1
200416,"Таким образом, совместные партнёры могут получить наследство друг от друга только тогда, когда есть последняя воля или завещание.",0,1
200456,"Полиция Москвы объяснила давку в ""Лужниках"".",0,1
200541,Анализ развития субъектов малого и среднего бизнеса проведен на основе данных из налоговых органов за 2018 год.,0,1
200543,Темы в научной интерпретации включают научное моделирование.,0,1
200574,Он имеет более ощутимое влияние как символ национального единства.,0,1
200673,"Похоже, будет снег.",0,1
200809,Сирийский бурый медведь (Ursus arctos syriacus) - самый маленький подвид бурого медведя.,0,1
200853,Нет причитанья против вдовьего.,0,1
200858,Об игре этих двух футболистов красноречиво говорит статистика.,0,1
200972,Он доступен из всех других компонентов Creative Suite (кроме отдельной от Creative Suite версии Adobe Acrobat).,0,1
200978,Лондон известен своими туманами.,0,1
200988,"Но иногда мне доставалось всё внимание, потому что я была душой и сердцем каждой вечеринки.",0,1
201005,"Одна из основных проблем Бурейского района - низкая энергоэффективность во всех сферах экономики, особенно в бюджетном секторе и жилищно-коммунальном хозяйстве.",0,1
201059,"Большая часть находок крестовидных привесок на Руси и в Скандинавии идентична, что может говорить об участии Руси в христианизации Северной Европы.",0,1
201085,Майк не мог такого сделать.,0,1
201129,"Наследственных врагов, тысячу лет вредивших России и разрушавших ее, мы уравняли в царственных правах с строителями государства и его защитниками.",0,1
201158,В Донецкой области падение показателя не зафиксировано ни по одному приграничному муниципальному образованию.,0,1
201182,Как министр внутренних дел Непала он организовал первые демократические выборы в Непале.,0,1
201202,"Согласно Закону ""О гражданстве"" 1998 года, все они также имеют право на получение гражданства.",0,1
201236,В петербургском ОВД умер задержанный. Это второй случай за март,0,1
201279,"Его площадь составляет 1399 квадратных километров (540 квадратных миль), и здесь нет крупных озер или рек.",0,1
201326,"Но рассказывал он обо всем этом таким тоном, каким говорят о некоторых странностях, потому что они знамениты.",0,1
201376,Отсюда легко дойти до этого места.,0,1
201475,Близ деревни М. Ключево и затем домой.,0,1
201523,Кампания собрала более 2 миллионов в поддержку проекта менее чем за 29 дней.,0,1
201634,Компания также опубликовала «Infestation 2».,0,1
201635,Самолёт приземлился в аэропорту Нарита.,0,1
201658,"Сегодня получил ключи, посмотрели квартиру.",0,1
201743,ненавижу универ из за того что после него мне хочется кого то побить наорать и расплакаться,0,1
201943,"Мне кажется когда я закончу универ, я все равно иногда буду ездить в столовку",0,1
201968,Я как будто со стеной разговариваю.,0,1
202063,"Ирод назвал самую высокую башню высотой 145 футов — «Фасаил», в память о своем брате, который покончил жизнь самоубийством.",0,1
202106,Современные программы по профилактике и интервенции оказались успешными.,0,1
202245,Они спросили: «Неужели они все умрут в конце?»,0,1
202366,"Хотя коммерческое использование было запрещено, точное определение коммерческого использования было неясным и субъективным.",0,1
202394,"Если по первому обвинению злоумышленнику грозило до 15 лет лишения свободы, то по второму - до восьми и двух соответственно.",0,1
202413,"Но Еропкин не мог, очевидно, простить мне своего поражения по смете Департамента Государственного Казначейства.",0,1
202454,"Алмаз настолько твёрд, что может резать стекло.",0,1
202591,От мордовского языческого имени первого поселенца Калась (Колась).,0,1
202596,"Отца, вероятно взяли... судя по адресу, который он сообщил нам.",0,1
202967,И до сих пор слишком многим некое народничество представляется необходимым стилем истового православия.,0,1
203012,Поезд был переполнен людьми.,0,1
203109,В 1967 году испанские и советские представители договорились открыть порты своих стран для судов под флагом другой стороны.,0,1
203172,"Еще в давние, молодые мои годы, мне пришлось встретиться с ним в доме Графа Делянова и быть свидетелем оклеветания им одного из лучших государственных людей России -- Статс-Секретаря Грота, которому я был многим обязан всею моею карьерою в начале моей службы, и я решился заступиться за него совершенно открыто.",0,1
203264,"В центре Киева проходит марш ""КиевПрайд"" в поддержку ЛГБТ-сообщества. Еще до начала мероприятия произошли столкновения и задержания противников акции.",0,1
203275,Сколько лет Вам исполнится в следующем году?,0,1
203276,"расходимся, батя сказал что это Март",0,1
203393,Я не могу избавиться от этой простуды.,0,1
203475,"Он был ведущей фигурой в Партии зеленых Германии и, согласно опросам общественного мнения, был самым популярным политиком в Германии на протяжении большей части пребывания в правительстве.",0,1
203528,"Но… если я уйду, то разочарую всех.)",0,1
203597,"Канадский певец Джастин Бибер опубликовал в Instagram снимок, на котором крупными буквами написано русское матерное слово. Пост музыканта должен был поддержать движение против насилия над афроамериканцами, но вместе с тем он возбудил русскоязычных пользователей соцсети.",0,1
203685,"Май ака мой месяц, поэтому девочки ловите самую лучшую оформу всех времен",0,1
203697,"В болгарских женщинах есть, бесспорно, какая-то чувственность во всем их образе, меня очень привлекающая.",0,1
203790,Я живу в маленьком городке.,0,1
203840,"По его мнению, здоровье индивидуума не может быть отделено от здоровья семьи, общины и мирового здоровья.",0,1
204008,На курсах повышения квалификации за последние три года прошли обучение 2 муниципальных служащих.,0,1
204013,Штейнгель был переброшен к Витгенштейну в Полоцк на театр основных боевых действий.,0,1
204145,Влажный климат характерен для полуострова.,0,1
204196,Она достала деньги на короткий срок.,0,1
204217,"Михаил Михайлович — коллекционер живописи, он собирает работы исключительно современного искусства: от художников эпохи «оттепели» и предперестроечного московского андеграунда до Олега Кулика и Владислава Мамышева-Монро. В 2008 в Музее частных коллекций прошла совместная выставка из собраний Михаила  Алшибая и Марка Курцера  ""50 на 50"". Коллекция Михаила Алшибая на 2014 год насчитывала порядка 6 тысяч произведений. В сентябре 2014 года в Музейном центре Российского государственного гуманитарного университета (РГГУ) в рамках проекта «Другое искусство» открылась выставка Новая жизнь «Другого искусства», составленная из работ коллекции Алшибая.",0,1
204254,Старое здание было в значительной степени разрушено пожаром в феврале 1939 года.,0,1
204337,С учетом изложенных приоритетных направлений реализации Программы целями Программы являются:,0,1
204349,Сколько учеников в вашей школе?,0,1
204356,Вышли некоторые «буржуазные» газеты.,0,1
204568,Это такая печальная история.,0,1
204620,"Если лампочка горячая, то чтобы не обжечься, подождите около 45 минут, пока она не остынет.",0,1
204635,"Три четверти украинцев считают, что в их стране Евро-2012 было организовано на высоком уровне, и только 12 процентов полагают иначе.",0,1
204708,В 5 часов поехали к деревне Ваганово.,0,1
204709,В эпоху промышленной революции люди работали по 16 часов подряд.,0,1
204843,ВОЗМЕЩЕНИЯ ЧАСТИ ЗАТРАТ НА СТРОИТЕЛЬСТВО ТЕПЛИЦ ДЛЯ ВЕДЕНИЯ,0,1
205009,"У «Сервис-Телекома», например, TR равен двум, а в некоторых регионах 2,5–3,5, рассказал представитель компании.",0,1
205066,Из-за вулканической активности в прошлом в этой части Африки находятся одни из лучших пастбищ в мире.,0,1
205074,Он не любил детей.,0,1
205114,У человека две ноги.,0,1
205122,"Соболезнования выразили многие друзья и коллеги Джобса, в частности Стив Возняк и Джордж Лукас.",0,1
205244,В таких тяжелых условиях проходит жизнь.,0,1
205283,"В течение нескольких дней мы читали в уборной надпись химическим карандашом: ""Ленинцы!",0,1
205439,Я тебя больше не люблю.,0,1
205476,"Горбачев призвал МОК допустить на Олимпиаду ""чистых"" спортсменов.",0,1
205546,Отвезти тебя домой?,0,1
205626,"После голосования Джонс объявил, что будет иметь дело только с теми, кто голосовал в пользу торговли.",0,1
205754,"Индийская рок-группа Agnee выпустила сингл «Hello Andheron», который был включён в индийскую версию фильма.",0,1
205912,Я больше не хочу слушать твои жалобы.,0,1
205918,"Режиссёр же беседует со своим актёром о книгах, о спасении человечества и о том, как за хлебом можно спрятать нож.",0,1
205963,"В результате уменьшения транспортных расходов повысится конкурентоспособность продукции отраслей экономики, что окажет положительное воздействие на рост объемов производства и уровня занятости.",0,1
205970,"Они имели право, согласно Швейцарской Конституции, построить свою собственную железную дорогу через Альпы.",0,1
206057,"Не знаю, как тебя и благодарить.",0,1
206106,Бывший наготове кузнец начал разбивать цепь на ноге Тугана.,0,1
206124,"районный военно- спортивный фестиваль, посвящённый Дню защитника Отечества;",0,1
206164,Значительным препятствием для оперативного внедрения фандоматов в регионах является отсутствие алгоритмов финансовой мотивации населения.,0,1
206165,Мне никогда не приходят в голову блестящие идеи.,0,1
206186,"Практически вокруг всех крупных городов России элитные и не очень поселки растут, как грибы после дождя.",0,1
206218,В затопленной шахте в Якутии продолжаются поиски горняков.,0,1
206255,Азиатская иммиграция также способствовала развитию прибрежного сельского хозяйства.,0,1
206294,Я считаю его невиновным.,0,1
206332,Свой дневник не считаю нужным продолжать. Он получится слишком страшным...,0,1
206394,Расчет результативности по каждому показателю программы проводится по формуле:,0,1
206501,"Он обвинил меня в том, что я лгун.",0,1
206596,"Представитель талибов уклонился от ответа, заметив лишь, что они «не могут выполнять эту работу».",0,1
206627,При прорыве дамбы в Бразилии погибли почти 100 человек.,0,1
206657,"Конечно, они по-русски не поймут, но ведь можно же перевести.",0,1
206715,"Средства инвестора с возможностью получения государственной поддержку в виде единоразового денежного гранта, беспроцентного кредита на покупку оборудования или использование льготного налогового периода.",0,1
206764,Он толщиной четыре сантиметра.,0,1
206781,Он участвовал в захвате Фогги Нельсона.,0,1
206834,"Глава Ставрополья Владимир Владимиров сообщил, что в скором времени в регионе создадут специальные бригады ""Скорой помощи"", которые будут работать только с ковид-пациентами.",0,1
206838,"Приглашение здесь такое: «Пожалуйте, только со своим хлебом».",0,1
206889,"Не так трудно, как вы думаете.",0,1
206948,"Хорошо, я приду как можно скорее.",0,1
207142,"Тайвань, который обязан своим существованием тектонике плит, остается местом регулярной сейсмической активности.",0,1
207212,Кому принадлежит эта земля?,0,1
207216,Модернизированный Ми-26Т2В совершил первый полет.,0,1
207245,Программное обеспечение было впервые продемонстрировано на QuakeCon 2018 как часть объявления id Software о Doom Eternal.,0,1
207326,"На деньги ""Руссо-Балта"" был построен гигантский четырехмоторный биплан ""Гранд"", который в мае 1913 года пролетел над Петербургом, изрядно напугав горожан.",0,1
207435,"Зарезал свинью, был очень хороший, жирный.",0,1
207581,Эффективность инвестиций в государственную программу обеспечивается прямым и косвенным эффектом.,0,1
207626,Их сын недавно вернулся домой.,0,1
207649,"У меня нет времени на то, чтобы смотреть телевизор.",0,1
207659,все мои рекомендации ютуба забиты йонекавой май и у меня прям рука дрогнула,0,1
207666,Большой полк и весь двор московского князя встали в центре.,0,1
207685,Счастья за деньги не купишь.,0,1
207701,"Посмотрите в глаза этого котейки, когда он понимает, что его друзья-собаки рвут на части игрушку. Похожую на него точь в точь",0,1
207747,"1 марта 1931 года основатель Сёдзиро Исибаши сделал шинное подразделение Tabi Socks независимым и основал компанию Bridgestone Tire Co., Ltd. в городе Куруме, префектура Фукуока.",0,1
207791,Трудно для иностранцев учить японский язык.,0,1
207820,Победа спортсменов на международных соревнованиях и Олимпийских играх - важнейшее событие общенационального значения.,0,1
207828,"Другая просительница пришла, прося долг Алексея Савича перевести на себя, не доводя до полиции.",0,1
207883,"Я не знаю, почему его сегодня нет.",0,1
207946,"При этом подполковник Альберт Букер, на котором лежало командование канадскими добровольцами, был признан виновным в плохом управлении своими людьми.",0,1
207976,"Мой прощальный вечер в Союзе писателей был хорош, тепел, как сегодняшний день.",0,1
207996,Больницы и поликлиники области будут функционировать в соответствии с обычными графиками.,0,1
208027,"КИШИНЕВ, 17 июн — РИА Новости.nНовый министр внутренних дел Молдавии Андрей Нэстасе в понедельник был представлен своим подчиненным, он сообщил, что планирует полностью реформировать систему и пообещал не допустить политизации ведомства.n""Я вместе с коллегами обещаю, что не позволю собой манипулировать, мы будем следовать закону, чтобы не допустить событий, которые поставят под угрозу стабильность в стране... с сегодняшнего дня прекращается политизация министерства. МВД входит в период восстановления репутации профессии полицейского, нам придется реформировать и модернизировать всю систему"", - сказал Нэстасе, выступая перед коллегами.nОн сообщил, что собирается бороться против давления государства на граждан и рассчитывает МВД сделать более активным. Нэстасе сообщил, что планирует в ближайшее время посетить территориальные подразделения МВД. Кроме того, в понедельник у министра состоится встреча с послом США Дереком Хоганом и главой Делегации миссии ЕС в Молдавии Петером Михалко.n""Мы хотим начать все с чистого листа, нам очень нужна ваша поддержка. Вы знаете Андрея Нэстасе — он борец и сейчас будет бороться за проведение реформ, чтобы никто и никогда не планировал нарушать закон"", - заявила премьер Майя Санду сотрудникам МВД.nВ Молдавии в начале июня вновь обострилась политическая ситуация. Пророссийская Партия социалистов Молдавии и проевропейский блок ACUM 8 июня сформировали парламентское большинство, и страна после трех месяцев ожидания получила новое правительство. Однако Конституционный суд объявил эти решения незаконными, парламент в ответ заявил о попытке находившейся у власти Демократической партии через судей узурпировать власть. На следующий день Конституционный суд Молдавии назначил вице-председателя Демпартии Павла Филипа врио президента, чтобы он подписал указ о роспуске парламента и назначил досрочные выборы на 6 сентября. Президент Молдавии Игорь Додон назвал решение КС по его отстранению отчаянным шагом для узурпации власти. Демпартия 14 июня объявила, что правительство Филипа добровольно уходит в отставку. КС 15 июня пересмотрел и отменил свои решения о роспуске парламента, проведении досрочных выборов и признании незаконным правительства Санду.",0,1
208038,Через сколько времени мы приедем?,0,1
208055,Хорошие новости я кажется смогла заказать все что хотела плохие новости я успела заказать все что хотела,0,1
208069,Без значительной государственной поддержки в современных условиях субъекты АПК Ленинградского района не в состоянии эффективно участвовать в социальных реформах и удовлетворении основных жизненных потребностей проживающего на территории Ленинградского района населения.,0,1
208089,Э. Рахмон направил телеграмму соболезнования новому Королю Саудовской Аравии.,0,1
208140,"Он говорит Тони, что Фил Леотардо сделает это ""по-своему"".",0,1
208142,Первый сингл альбома является «Whip Appeal» с P2theLA.,0,1
208278,В связи с кризисом в Школе Магии взяла на себя управление ею.,0,1
208547,Эрриапо имеет диаметр около 10 км и обращается вокруг Сатурна на среднем расстоянии 17 300 000 км за 871 день.,0,1
208624,"Я рано стал самостоятельным, и теперь видел по сыну, что он повторяет меня.",0,1
208642,Индикаторами выполнения подпрограммы являются следующие показатели:,0,1
208659,русские собаки не гавкают а шепчут молитвы,0,1
208763,А на крыше сидел человек в котелке и играл на скрипке.,0,1
208811,Странная и тяжелая судьба выпала на долю этой несчастной женщины.,0,1
208870,"Их пребывание на Земле причиняло неудобство, поэтому они создали себе планету, Новый Криптон.",0,1
208887,Я только что прочитал эту книгу.,0,1
208961,В Брюсселе двое неизвестных устроили стрельбу возле Еврейского музея.,0,1
208974,"Блэк объяснил: «Кто был бы настолько глуп, чтобы заявить, что это международный террорист?",0,1
208984,Мьянма и Куба также используют аналогичные системы.,0,1
209017,У Дуси нет обеих почек.,0,1
209112,"Италия, стоявшая тогда на высоте просвещения, где было много таких политических благородных идей, не могла представить даже слабого сопротивления врагам внешним.",0,1
209368,"Самолет Solar Impulse, работающий на солнечных батареях, стартовал из Вашингтона и направился к финишу своего трансамериканского перелета - в аэропорт Джона Кеннеди в Нью-Йорке.",0,1
209432,Президент РК: Необходимо создать Евразийский транспортный хаб.,0,1
209433,"Власти Индии перекрыли дороги в центре столицы Нью-Дели, чтобы предотвратить шествие демонстрантов за права женщин к резиденции главы государства, передает Associated Press. Из-за этого протестующие в понедельник, 24 декабря, собрались у обсерватории Джантар-Мантар. Многие работники центральных офисов, а также студенты испытывают огромные трудности из-за блокировки дорог, а также закрытия девяти станций метро в районе дворца, пишет The Times of India. Тем временем, премьер-министр Индии Манмохан Сингх в телевизионном обращении призвал протестующих к порядку, сообщает BBC News. Он пообещал, что его правительство предпримет ""все возможные меры"" для того, чтобы обеспечить безопасность женщин. Волнения в Индии стали реакцией на изнасилование 23-летней студентки, произошедшее 16 декабря. Тогда компания из шести пьяных мужчин напала на девушку, которая вместе со своим 28-летним другом ехала в автобусе. Их обоих избили, студентку изнасиловали и выбросили вместе с другом на ходу из автобуса. Девушка до сих пор находится в критическом состоянии. Инцидент вызвал большой общественный резонанс, люди начали выходить на улицы, требуя обеспечения безопасности женщин и более жесткого наказания для лиц, задержанных в связи с этим преступлением. За изнасилование в Индии преступников ожидает до 10 лет тюрьмы, протестующие же требуют ужесточить наказание вплоть до смертной казни. В субботу, 22 декабря, полиции пришлось применить водометы и слезоточивый газ для разгона демонстраций. В ходе протестов 23 декабря пострадали более 140 человек, больше половины из которых - полицейские. Нью-Дели называют ""столицей насилия"" в Индии, поскольку в городе фиксируется больше всего изнасилований в стране. В среднем изнасилование происходит в городе каждые 18 часов.",0,1
209479,"2010 год — Создание специальных серий Nabucco Va, Pensiero и Freelancer Summertime.",0,1
209532,"Неужели это доказывает недостаток умственных способностей Последствия были скоры и благодетельны, и с ума от них, да еще несколько раз, нечего было сходить.",0,1
209583,"В Якутии впервые за полвека обнаружили следы амурского тигра — это говорит о том, что популяция хищников растет:",0,1
209674,"По сравнению с 2010 годом расходы бюджета уменьшились на 25,5%.",0,1
209685,"Вакцина производится в виде порошка, который необходимо смешивать непосредственно перед введением подкожно или внутримышечно.",0,1
209691,"Либерализация розничных продаж была завершена в мае 2002, и весной цены ненадолго упали.",0,1
209912,"Новости: с первого сентября в универ будем ходить в масках
Я которая не может дышать в маске больше 15 минут будучи астматиком:",0,1
209954,Формирование системы эффективного управления отходами:,0,1
210014,отсутствие в селах района специалистов по физкультуре и спорту для работы с молодежью и взрослым населением;,0,1
210085,Он тренировал «Нью-Йорк Никс» и «Бостон Селтикс».,0,1
210138,Сера королевы Александры имеет более желтый цвет на нижней стороне переднего крыла. У него беловатое пятно в центре заднего крыла.,0,1
210143,Это вопрос жизни и смерти.,0,1
210166,Вы его вообще читали?,0,1
210188,В Татарстане Большой этнографический диктант пройдет на 20 площадках.,0,1
210246,"Команды получили кейсы, связанные с различными аспектами Тюмени и Тюменской области.",0,1
210287,Капитальный ремонт был проделан в рамках нацпроекта по благоустройству.,0,1
210551,"У меня нет времени, чтобы видеться с тобой.",0,1
210588,"Конечно, получив такое письмо, наш Леня раздевается и бежит искать прорубь, чтобы дать чеху несколько очков вперед.",0,1
210671,Apple снова стала лидером рейтинга 50 самых инновационных компаний мира.,0,1
210702,"Средняя заработная плата по годам, 2005-2014",0,1
210732,Ресурсное обеспечение Программы определяется условиями ее реализации в течение 2014 - 2016 годов.,0,1
210734,"Например, сервиз, посвященный китобойной флотилии «Советская Россия».",0,1
210878,Российский военнослужащий осужден за потерянный в Сирии автомат.,0,1
210886,"«Нью-Йорк Айлендерс» выиграли свой третий подряд Кубок Стэнли, победив «Ванкувер Кэнакс» в четырех играх.",0,1
210894,"Осенью 1701 года Брюйн направился на паруснике в Архангельск. Познакомившись с городом и коренными жителями севера самоедами, он отправился на санях через города Вологда и Ярославль до Москвы. Это был единственный путь, которым добирались многочисленные ремесленники, строители, архитекторы, дипломаты Западной Европы до столицы. Во время пребывания в Москве де Брюйн, воспользовавшись случаем и рекомендательными письмами Николааса Витсена, познакомился с русским царем Петром I. Общение шло на голландском языке, который знал царь. Корнелис рассказывал о собственных путешествиях, о пребывании в Венеции, где не пришлось побывать Петру. Как художник, он выполнил по заказу царя портреты русских царевен, племянниц Петра I. Эти портреты были разосланы потенциальным женихам.",0,1
210910,Городские коммуны начали формировать федеральные объединения.,0,1
211142,В течение лета 1992 года в Риме было организовано пять подобных встреч – однако без существенного результата.,0,1
211185,"Хет-трик Дадонова принес ""Флориде"" победу в игре с ""Питтсбургом"".",0,1
211234,"В конце июня в составе своей команды Мохаммед Салах стал победителем английской Премьер-лиги, это произошло после поражения «Манчестер Сити» в матче с «Челси», из-за чего «Ливерпуль» досрочно стал победителем чемпионата.",0,1
211242,"Таро, ты можешь мне помочь?",0,1
211335,Суд арестовал квартиры гражданской жены и дочери полковника Захарченко.,0,1
211450,"Это не значит однако, что следует разом поставить вопрос об отделении Польши.",0,1
211517,"Именно в этой сфере создаются те условия для населения, которые обеспечивают здоровую, комфортную, удобную жизнь каждому человеку по месту проживания.",0,1
211550,Пазбирали докладную зав[едующего] ферм[ы] Шамедько о работе доярки Белявской Марии.,0,1
211724,"В применении к одному нехорошему мальчику это нужно понимать так: если Вадим до сих пор не написал мне, то приходится написать ему.",0,1
211766,Меня пригласили на ужин.,0,1
211810,В 2000 году Польша и Венгрия заявили о выходе из состава Банка (Венгрия возобновила членство в МИБ в мае 2015 года).,0,1
211826,"Прости, что я это говорю.",0,1
211873,Я устала от себя.,0,1
211904,"Каждый пациент с активным прогрессирующим заболеванием, приближающийся к смертельному исходу, имеет право на паллиативную помощь.",0,1
211914,"Кроме того, это означает, что все клиенты WAMP равны в том, что они могут предлагать процедуры для вызова.",0,1
211931,"В 2007 году учёные из исследовательской группы под руководством Уве Вольтера (Uwe Wolter), астронома из обсерватории Гамбурга (Hamburger Sternwarte), впервые смогли реконструировать место вспышки на поверхности похожей на Солнце звезды — HD 197890. Звезда делает один оборот менее чем за семь минут.",0,1
211970,Посол США рассказал о сверхдержавах в связи с ударами по Сирии.,0,1
212504,В общеобразовательных школах введен третий час физической культуры.,0,1
212583,"Это также связано с вопросом о том, какие цели мы преследуем.",0,1
212794,"Милгром высказал идею о том, что второй закон Ньютона должен быть модифицирован для малых ускорений.",0,1
212885,На протяжении 2-х лет функционирует рабочая группа по созданию инвестиционного климата в Калманском районе.,0,1
212905,"Нечего не записывала и вообще решила было прекратить это дело, как никому не нужное, но после разговора с Витюшкой в Москве пробую продолжать.",0,1
212968,"Прошел месяц, вынесли новое постановление: впредь до особого распоряжения министра внутренних дел.",0,1
212985,"Политика и культура в Европе, 2.",0,1
212997,То есть ваши инвестиции покажут себя лучше на горизонте 10-20 лет.,0,1
213020,"Кроме того, румынское министерство окружающей среды и водного хозяйства прилагает усилия для приведения румынских экологических стандартов в соответствие с европейскими стандартами.",0,1
213199,"Москва. 11 мая. INTERFAX.RU - США пока не собираются наращивать военное сотрудничество с Грузией и поставлять ей вооружения, заявил заместитель помощника госсекретаря США по делам Европы и Евразии, американский сопредседатель Минской группы ОБСЕ Мэтью Брайза.n""Мы об этом думали, мы не готовы это сделать сейчас. Сейчас мы помогаем Грузии восстановить стратегический способ мышлений, - сказал он в понедельник в интервью радиостанции ""Эхо Москвы"". - Мы должны по-другому думать"".nМ.Брайза высказал мнение, что Грузия должна ""думать о том, что надо защищать свою оставшуюся территорию"". ""Я не имею в виду Абхазию и Южную Осетию"", - подчеркнул М.Брайза.nКроме того, по его словам, Грузии необходимо приготовиться к тому, ""чтобы делать свой вклад в международные операции в других странах, в том числе, и в рамках НАТО, в будущем"".nГоворя о поставках вооружения в Грузию, М.Брайза сказал: ""Мы всегда осторожно относились к этому"".nПо его словам, США ""никогда не поставляли"" в Грузию наступательное вооружение - ""другие страны это делали"". Что касается поставок противотанкового вооружения и оружия ПВО, то ""они только для защиты"".n""Если мы помогаем грузинской армии быть профессиональной, это хорошо и для России, и для Грузии"", - заключил М.Брайза.",0,1
213283,"Они также известны как отемото. Это то, что обычно печатают на одноразовых палочках для еды.",0,1
213364,"Она также научилась петь, играть на лютне и полюбила поэзию и охоту.",0,1
213373,В настоящее время судьба этого семейства не вполне ясна.,0,1
213395,Муниципалитет состоит из нескольких деревень и множества разрозненных ферм.,0,1
213512,"ФРГ: встреча ""нормандской четверки"" состоится в январе.",0,1
213618,"Среди них, LRGT является наиболее полным.",0,1
213649,Приступил к выполнению своих обязанностей.,0,1
213667,"Говорил со Сталиным, просил разрешения сделать паузу в действиях на пять дней, он разрешил.",0,1
213778,"Российское командование задолго до начала войны предвидело возможность длительного организованного отступления с тем, чтобы избежать риска потери армии в решительном сражении.",0,1
213784,"Вполне возможно, что это не имеет никакого отношения к нашей проблеме.",0,1
213787,После обеда играла в Пчельне до чая.,0,1
213818,"Заявления принимаются в МУ ""БГАЖЦ"".",0,1
213842,Премьер-министр поблагодарил сборную России за игру.,0,1
213994,Я не хотел бы там жить.,0,1
213998,Резко возросла доля грузин (особенно мингрелов) в Абхазии.,0,1
214044,Это для одного моего друга.,0,1
214067,"Это стихотворение Олега Чухонцева мне очень нравилось, и я дома читала его вслух на разные лады.",0,1
214077,"У каждого советника есть календарь, и каждый, кто утром, кто вечером, зачеркивает дни.",0,1
214186,Мне удалось добраться туда вовремя.,0,1
214316,Премьер-министр Михаил Мишустин постановил направить в российские регионы до 2023 года более 100 млрд руб. на организацию горячего питания в школах.,0,1
214359,"На данный момент, в Азербайджане существует три отдельных налоговых режима.",0,1
214389,"Она обычно не поёт, но думаю, что она споёт сегодня ночью.",0,1
214546,Перевели во вторую смену с 12 ч. 30 м.,0,1
214559,Финикс - столица Аризоны.,0,1
214656,Первое появление группы было на фестивале «Iceland Airwaves Music Festival» в ноябре 2012 года.,0,1
214845,Российские власти ранее неоднократно отрицали причастность к кибератакам на какие-либо зарубежные ресурсы.,0,1
214849,"В большинстве сельских клубов отсутствуют аккомпаниаторы, работают не специалисты.",0,1
214907,"Когда стало известно, что главную роль в «Человеке на Луне» будет играть Керри, большинство поклонников Кауфмана были категорически против этого.",0,1
214920,Примерно на 20 минут Фанни Брайс прекращает существовать».,0,1
214950,"Окончательно невеста прибыла в Фамагусту в октябре или ноябре 1472 года, где произошла церемония.",0,1
215037,"Нет, не я, а ты!",0,1
